parameter,cal_AD,cal_BP,density,cum_older
Start Yarinacocha,-1745,3695,0,0
Start Yarinacocha,-1740,3690,0,0
Start Yarinacocha,-1735,3685,0,0
Start Yarinacocha,-1730,3680,3.13672e-07,1.56836e-07
Start Yarinacocha,-1725,3675,0,3.13672e-07
Start Yarinacocha,-1720,3670,0,3.13672e-07
Start Yarinacocha,-1715,3665,3.13672e-07,4.70509e-07
Start Yarinacocha,-1710,3660,0,6.27345e-07
Start Yarinacocha,-1705,3655,9.41017e-07,1.09785e-06
Start Yarinacocha,-1700,3650,0,1.56836e-06
Start Yarinacocha,-1695,3645,0,1.56836e-06
Start Yarinacocha,-1690,3640,0,1.56836e-06
Start Yarinacocha,-1685,3635,0,1.56836e-06
Start Yarinacocha,-1680,3630,0,1.56836e-06
Start Yarinacocha,-1675,3625,0,1.56836e-06
Start Yarinacocha,-1670,3620,0,1.56836e-06
Start Yarinacocha,-1665,3615,0,1.56836e-06
Start Yarinacocha,-1660,3610,0,1.56836e-06
Start Yarinacocha,-1655,3605,0,1.56836e-06
Start Yarinacocha,-1650,3600,0,1.56836e-06
Start Yarinacocha,-1645,3595,3.13672e-07,1.7252e-06
Start Yarinacocha,-1640,3590,0,1.88203e-06
Start Yarinacocha,-1635,3585,3.13672e-07,2.03887e-06
Start Yarinacocha,-1630,3580,0,2.19571e-06
Start Yarinacocha,-1625,3575,0,2.19571e-06
Start Yarinacocha,-1620,3570,3.13672e-07,2.35254e-06
Start Yarinacocha,-1615,3565,3.13672e-07,2.66622e-06
Start Yarinacocha,-1610,3560,0,2.82305e-06
Start Yarinacocha,-1605,3555,0,2.82305e-06
Start Yarinacocha,-1600,3550,6.27345e-07,3.13672e-06
Start Yarinacocha,-1595,3545,6.27345e-07,3.76407e-06
Start Yarinacocha,-1590,3540,0,4.07774e-06
Start Yarinacocha,-1585,3535,6.27345e-07,4.39141e-06
Start Yarinacocha,-1580,3530,3.13672e-07,4.86192e-06
Start Yarinacocha,-1575,3525,3.13672e-07,5.1756e-06
Start Yarinacocha,-1570,3520,0,5.33243e-06
Start Yarinacocha,-1565,3515,3.13672e-07,5.48927e-06
Start Yarinacocha,-1560,3510,0,5.6461e-06
Start Yarinacocha,-1555,3505,3.13672e-07,5.80294e-06
Start Yarinacocha,-1550,3500,3.13672e-07,6.11661e-06
Start Yarinacocha,-1545,3495,9.41017e-07,6.74396e-06
Start Yarinacocha,-1540,3490,3.13672e-07,7.3713e-06
Start Yarinacocha,-1535,3485,0,7.52814e-06
Start Yarinacocha,-1530,3480,0,7.52814e-06
Start Yarinacocha,-1525,3475,3.13672e-07,7.68498e-06
Start Yarinacocha,-1520,3470,3.13672e-07,7.99865e-06
Start Yarinacocha,-1515,3465,6.27345e-07,8.46916e-06
Start Yarinacocha,-1510,3460,0,8.78283e-06
Start Yarinacocha,-1505,3455,9.41017e-07,9.25334e-06
Start Yarinacocha,-1500,3450,3.13672e-07,9.88068e-06
Start Yarinacocha,-1495,3445,3.13672e-07,1.01944e-05
Start Yarinacocha,-1490,3440,3.13672e-07,1.0508e-05
Start Yarinacocha,-1485,3435,3.13672e-07,1.08217e-05
Start Yarinacocha,-1480,3430,3.13672e-07,1.11354e-05
Start Yarinacocha,-1475,3425,1.24598e-06,1.19152e-05
Start Yarinacocha,-1470,3420,0,1.25382e-05
Start Yarinacocha,-1465,3415,3.13672e-07,1.2695e-05
Start Yarinacocha,-1460,3410,3.13672e-07,1.30087e-05
Start Yarinacocha,-1455,3405,6.27345e-07,1.34792e-05
Start Yarinacocha,-1450,3400,3.13672e-07,1.39497e-05
Start Yarinacocha,-1445,3395,6.27345e-07,1.44202e-05
Start Yarinacocha,-1440,3390,3.13672e-07,1.48907e-05
Start Yarinacocha,-1435,3385,9.41017e-07,1.55181e-05
Start Yarinacocha,-1430,3380,9.41017e-07,1.64591e-05
Start Yarinacocha,-1425,3375,0,1.69296e-05
Start Yarinacocha,-1420,3370,3.13672e-07,1.70864e-05
Start Yarinacocha,-1415,3365,3.13672e-07,1.74001e-05
Start Yarinacocha,-1410,3360,3.13672e-07,1.77138e-05
Start Yarinacocha,-1405,3355,3.13672e-07,1.80275e-05
Start Yarinacocha,-1400,3350,3.13672e-07,1.83411e-05
Start Yarinacocha,-1395,3345,3.13672e-07,1.86548e-05
Start Yarinacocha,-1390,3340,3.13672e-07,1.89685e-05
Start Yarinacocha,-1385,3335,3.13672e-07,1.92821e-05
Start Yarinacocha,-1380,3330,0,1.9439e-05
Start Yarinacocha,-1375,3325,3.13672e-07,1.95958e-05
Start Yarinacocha,-1370,3320,3.13672e-07,1.99095e-05
Start Yarinacocha,-1365,3315,6.27345e-07,2.038e-05
Start Yarinacocha,-1360,3310,3.13672e-07,2.08505e-05
Start Yarinacocha,-1355,3305,9.41017e-07,2.14779e-05
Start Yarinacocha,-1350,3300,3.13672e-07,2.21052e-05
Start Yarinacocha,-1345,3295,3.13672e-07,2.24189e-05
Start Yarinacocha,-1340,3290,1.55965e-06,2.33555e-05
Start Yarinacocha,-1335,3285,3.13672e-07,2.42922e-05
Start Yarinacocha,-1330,3280,3.13672e-07,2.46059e-05
Start Yarinacocha,-1325,3275,6.27345e-07,2.50764e-05
Start Yarinacocha,-1320,3270,1.24598e-06,2.6013e-05
Start Yarinacocha,-1315,3265,6.27345e-07,2.69497e-05
Start Yarinacocha,-1310,3260,3.13672e-07,2.74202e-05
Start Yarinacocha,-1305,3255,3.13672e-07,2.77339e-05
Start Yarinacocha,-1300,3250,1.24598e-06,2.85137e-05
Start Yarinacocha,-1295,3245,6.27345e-07,2.94504e-05
Start Yarinacocha,-1290,3240,1.55965e-06,3.05439e-05
Start Yarinacocha,-1285,3235,9.41017e-07,3.17942e-05
Start Yarinacocha,-1280,3230,6.27345e-07,3.25784e-05
Start Yarinacocha,-1275,3225,6.27345e-07,3.32057e-05
Start Yarinacocha,-1270,3220,9.41017e-07,3.39899e-05
Start Yarinacocha,-1265,3215,9.41017e-07,3.49309e-05
Start Yarinacocha,-1260,3210,1.87332e-06,3.63381e-05
Start Yarinacocha,-1255,3205,1.24598e-06,3.78977e-05
Start Yarinacocha,-1250,3200,3.13672e-07,3.86776e-05
Start Yarinacocha,-1245,3195,6.27345e-07,3.91481e-05
Start Yarinacocha,-1240,3190,3.13672e-07,3.96186e-05
Start Yarinacocha,-1235,3185,1.87332e-06,4.07121e-05
Start Yarinacocha,-1230,3180,1.24598e-06,4.22717e-05
Start Yarinacocha,-1225,3175,1.24598e-06,4.35177e-05
Start Yarinacocha,-1220,3170,2.18699e-06,4.52342e-05
Start Yarinacocha,-1215,3165,9.41017e-07,4.67982e-05
Start Yarinacocha,-1210,3160,1.87332e-06,4.82054e-05
Start Yarinacocha,-1205,3155,1.55965e-06,4.99218e-05
Start Yarinacocha,-1200,3150,1.24598e-06,5.13247e-05
Start Yarinacocha,-1195,3145,3.13672e-07,5.21045e-05
Start Yarinacocha,-1190,3140,6.27345e-07,5.2575e-05
Start Yarinacocha,-1185,3135,1.24598e-06,5.35117e-05
Start Yarinacocha,-1180,3130,3.12801e-06,5.56986e-05
Start Yarinacocha,-1175,3125,1.24598e-06,5.78856e-05
Start Yarinacocha,-1170,3120,1.55965e-06,5.92885e-05
Start Yarinacocha,-1165,3115,2.50067e-06,6.13186e-05
Start Yarinacocha,-1160,3110,6.27345e-07,6.28826e-05
Start Yarinacocha,-1155,3105,6.27345e-07,6.351e-05
Start Yarinacocha,-1150,3100,1.55965e-06,6.46035e-05
Start Yarinacocha,-1145,3095,3.12801e-06,6.69473e-05
Start Yarinacocha,-1140,3090,1.87332e-06,6.9448e-05
Start Yarinacocha,-1135,3085,9.41017e-07,7.08551e-05
Start Yarinacocha,-1130,3080,9.41017e-07,7.17961e-05
Start Yarinacocha,-1125,3075,3.44168e-06,7.39875e-05
Start Yarinacocha,-1120,3070,1.87332e-06,7.6645e-05
Start Yarinacocha,-1115,3065,1.55965e-06,7.83615e-05
Start Yarinacocha,-1110,3060,2.18699e-06,8.02348e-05
Start Yarinacocha,-1105,3055,2.18699e-06,8.24218e-05
Start Yarinacocha,-1100,3050,3.12801e-06,8.50793e-05
Start Yarinacocha,-1095,3045,2.50067e-06,8.78936e-05
Start Yarinacocha,-1090,3040,2.81434e-06,9.05511e-05
Start Yarinacocha,-1085,3035,3.74664e-06,9.38316e-05
Start Yarinacocha,-1080,3030,2.50067e-06,9.69553e-05
Start Yarinacocha,-1075,3025,3.44168e-06,9.99265e-05
Start Yarinacocha,-1070,3020,3.12801e-06,0.000103211
Start Yarinacocha,-1065,3015,2.81434e-06,0.000106182
Start Yarinacocha,-1060,3010,2.81434e-06,0.000108997
Start Yarinacocha,-1055,3005,5.93364e-06,0.000113371
Start Yarinacocha,-1050,3000,4.06032e-06,0.000118368
Start Yarinacocha,-1045,2995,3.44168e-06,0.000122119
Start Yarinacocha,-1040,2990,5.00133e-06,0.00012634
Start Yarinacocha,-1035,2985,2.81434e-06,0.000130248
Start Yarinacocha,-1030,2980,4.68766e-06,0.000133999
Start Yarinacocha,-1025,2975,2.50067e-06,0.000137593
Start Yarinacocha,-1020,2970,3.74664e-06,0.000140717
Start Yarinacocha,-1015,2965,3.12801e-06,0.000144154
Start Yarinacocha,-1010,2960,6.24731e-06,0.000148842
Start Yarinacocha,-1005,2955,7.18833e-06,0.00015556
Start Yarinacocha,-1000,2950,7.502e-06,0.000162905
Start Yarinacocha,-995,2945,6.87466e-06,0.000170093
Start Yarinacocha,-990,2940,7.502e-06,0.000177282
Start Yarinacocha,-985,2935,6.56098e-06,0.000184313
Start Yarinacocha,-980,2930,7.502e-06,0.000191345
Start Yarinacocha,-975,2925,9.37532e-06,0.000199783
Start Yarinacocha,-970,2920,1.1876e-05,0.000210409
Start Yarinacocha,-965,2915,6.87466e-06,0.000219784
Start Yarinacocha,-960,2910,7.502e-06,0.000226973
Start Yarinacocha,-955,2905,1.0935e-05,0.000236191
Start Yarinacocha,-950,2900,9.06165e-06,0.000246189
Start Yarinacocha,-945,2895,1.43767e-05,0.000257908
Start Yarinacocha,-940,2890,1.37493e-05,0.000271971
Start Yarinacocha,-935,2885,1.37493e-05,0.000285721
Start Yarinacocha,-930,2880,1.625e-05,0.00030072
Start Yarinacocha,-925,2875,1.87506e-05,0.000318221
Start Yarinacocha,-920,2870,1.5004e-05,0.000335098
Start Yarinacocha,-915,2865,1.06213e-05,0.000347911
Start Yarinacocha,-910,2860,2.31246e-05,0.000364784
Start Yarinacocha,-905,2855,2.12513e-05,0.000386972
Start Yarinacocha,-900,2850,2.3752e-05,0.000409473
Start Yarinacocha,-895,2845,2.3752e-05,0.000433225
Start Yarinacocha,-890,2840,2.31246e-05,0.000456664
Start Yarinacocha,-885,2835,3.3441e-05,0.000484946
Start Yarinacocha,-880,2830,3.68739e-05,0.000520104
Start Yarinacocha,-875,2825,4.03156e-05,0.000558699
Start Yarinacocha,-870,2820,4.12479e-05,0.00059948
Start Yarinacocha,-865,2815,4.09343e-05,0.000640571
Start Yarinacocha,-860,2810,4.84363e-05,0.000685257
Start Yarinacocha,-855,2805,5.31239e-05,0.000736037
Start Yarinacocha,-850,2800,5.96849e-05,0.000792441
Start Yarinacocha,-845,2795,6.24992e-05,0.000853533
Start Yarinacocha,-840,2790,6.24992e-05,0.000916033
Start Yarinacocha,-835,2785,6.81279e-05,0.000981346
Start Yarinacocha,-830,2780,7.34342e-05,0.00105213
Start Yarinacocha,-825,2775,7.93766e-05,0.00112853
Start Yarinacocha,-820,2770,8.87519e-05,0.0012126
Start Yarinacocha,-815,2765,9.31259e-05,0.00130354
Start Yarinacocha,-810,2760,0.000102188,0.00140119
Start Yarinacocha,-805,2755,0.000112504,0.00150854
Start Yarinacocha,-800,2750,0.000121566,0.00162557
Start Yarinacocha,-795,2745,0.000131559,0.00175214
Start Yarinacocha,-790,2740,0.000141248,0.00188854
Start Yarinacocha,-785,2735,0.000157812,0.00203807
Start Yarinacocha,-780,2730,0.000170002,0.00220198
Start Yarinacocha,-775,2725,0.000157812,0.00236588
Start Yarinacocha,-770,2720,0.000187184,0.00253838
Start Yarinacocha,-765,2715,0.000203434,0.00273369
Start Yarinacocha,-760,2710,0.000220625,0.00294572
Start Yarinacocha,-755,2705,0.000234374,0.00317322
Start Yarinacocha,-750,2700,0.000237816,0.00340931
Start Yarinacocha,-745,2695,0.000260627,0.00365854
Start Yarinacocha,-740,2690,0.000264687,0.00392119
Start Yarinacocha,-735,2685,0.000321567,0.00421432
Start Yarinacocha,-730,2680,0.000324372,0.00453729
Start Yarinacocha,-725,2675,0.000352184,0.00487557
Start Yarinacocha,-720,2670,0.000355626,0.00522947
Start Yarinacocha,-715,2665,0.000381565,0.00559807
Start Yarinacocha,-710,2660,0.000400002,0.00598885
Start Yarinacocha,-705,2655,0.000409996,0.00639385
Start Yarinacocha,-700,2650,0.000441564,0.00681963
Start Yarinacocha,-695,2645,0.000454686,0.00726776
Start Yarinacocha,-690,2640,0.000464688,0.00772744
Start Yarinacocha,-685,2635,0.000505004,0.00821229
Start Yarinacocha,-680,2630,0.00051844,0.00872401
Start Yarinacocha,-675,2625,0.000528434,0.00924745
Start Yarinacocha,-670,2620,0.000565003,0.00979417
Start Yarinacocha,-665,2615,0.000571877,0.0103626
Start Yarinacocha,-660,2610,0.000589687,0.0109434
Start Yarinacocha,-655,2605,0.000626247,0.0115514
Start Yarinacocha,-650,2600,0.000645311,0.0121871
Start Yarinacocha,-645,2595,0.000675938,0.0128478
Start Yarinacocha,-640,2590,0.000684372,0.0135279
Start Yarinacocha,-635,2585,0.000717813,0.014229
Start Yarinacocha,-630,2580,0.000746872,0.0149613
Start Yarinacocha,-625,2575,0.000796563,0.0157331
Start Yarinacocha,-620,2570,0.000805624,0.0165342
Start Yarinacocha,-615,2565,0.000830622,0.0173523
Start Yarinacocha,-610,2560,0.000887501,0.0182113
Start Yarinacocha,-605,2555,0.000904379,0.0191073
Start Yarinacocha,-600,2550,0.000915627,0.0200173
Start Yarinacocha,-595,2545,0.000937811,0.020944
Start Yarinacocha,-590,2540,0.000991876,0.0219089
Start Yarinacocha,-585,2535,0.00102719,0.0229184
Start Yarinacocha,-580,2530,0.00107157,0.0239678
Start Yarinacocha,-575,2525,0.00107,0.0250385
Start Yarinacocha,-570,2520,0.00108875,0.0261179
Start Yarinacocha,-565,2515,0.00118812,0.0272564
Start Yarinacocha,-560,2510,0.00122062,0.0284607
Start Yarinacocha,-555,2505,0.00125844,0.0297003
Start Yarinacocha,-550,2500,0.00128125,0.0309701
Start Yarinacocha,-545,2495,0.0013375,0.0322795
Start Yarinacocha,-540,2490,0.00134343,0.0336199
Start Yarinacocha,-535,2485,0.00142344,0.0350034
Start Yarinacocha,-530,2480,0.0014575,0.0364438
Start Yarinacocha,-525,2475,0.00148906,0.0379171
Start Yarinacocha,-520,2470,0.00148812,0.0394057
Start Yarinacocha,-515,2465,0.00159031,0.0409449
Start Yarinacocha,-510,2460,0.00155968,0.0425199
Start Yarinacocha,-505,2455,0.00164562,0.0441226
Start Yarinacocha,-500,2450,0.00167313,0.045782
Start Yarinacocha,-495,2445,0.00170125,0.0474691
Start Yarinacocha,-490,2440,0.00175438,0.049197
Start Yarinacocha,-485,2435,0.00180875,0.0509785
Start Yarinacocha,-480,2430,0.00186593,0.0528159
Start Yarinacocha,-475,2425,0.00193562,0.0547166
Start Yarinacocha,-470,2420,0.00198031,0.0566746
Start Yarinacocha,-465,2415,0.00202375,0.0586766
Start Yarinacocha,-460,2410,0.00203938,0.0607082
Start Yarinacocha,-455,2405,0.00207812,0.0627669
Start Yarinacocha,-450,2400,0.00217312,0.0648926
Start Yarinacocha,-445,2395,0.00215531,0.0670568
Start Yarinacocha,-440,2390,0.0022075,0.0692382
Start Yarinacocha,-435,2385,0.0023175,0.0715007
Start Yarinacocha,-430,2380,0.0023525,0.0738357
Start Yarinacocha,-425,2375,0.00241531,0.0762196
Start Yarinacocha,-420,2370,0.00241063,0.0786326
Start Yarinacocha,-415,2365,0.00249656,0.0810862
Start Yarinacocha,-410,2360,0.00252438,0.0835966
Start Yarinacocha,-405,2355,0.00258531,0.0861515
Start Yarinacocha,-400,2350,0.00258969,0.088739
Start Yarinacocha,-395,2345,0.00266312,0.0913654
Start Yarinacocha,-390,2340,0.00275469,0.0940743
Start Yarinacocha,-385,2335,0.00274781,0.0968255
Start Yarinacocha,-380,2330,0.00285,0.0996245
Start Yarinacocha,-375,2325,0.00292656,0.102513
Start Yarinacocha,-370,2320,0.00298969,0.105471
Start Yarinacocha,-365,2315,0.00305188,0.108492
Start Yarinacocha,-360,2310,0.00306625,0.111551
Start Yarinacocha,-355,2305,0.00310406,0.114636
Start Yarinacocha,-350,2300,0.00313187,0.117754
Start Yarinacocha,-345,2295,0.00315188,0.120896
Start Yarinacocha,-340,2290,0.00329687,0.12412
Start Yarinacocha,-335,2285,0.00327406,0.127406
Start Yarinacocha,-330,2280,0.00339,0.130738
Start Yarinacocha,-325,2275,0.00335562,0.13411
Start Yarinacocha,-320,2270,0.00347562,0.137526
Start Yarinacocha,-315,2265,0.00351562,0.141022
Start Yarinacocha,-310,2260,0.00356313,0.144561
Start Yarinacocha,-305,2255,0.00358844,0.148137
Start Yarinacocha,-300,2250,0.00368937,0.151776
Start Yarinacocha,-295,2245,0.00377688,0.155509
Start Yarinacocha,-290,2240,0.00382813,0.159311
Start Yarinacocha,-285,2235,0.00386093,0.163156
Start Yarinacocha,-280,2230,0.0038975,0.167035
Start Yarinacocha,-275,2225,0.00390625,0.170937
Start Yarinacocha,-270,2220,0.00399063,0.174885
Start Yarinacocha,-265,2215,0.00402343,0.178892
Start Yarinacocha,-260,2210,0.00414906,0.182979
Start Yarinacocha,-255,2205,0.00415094,0.187129
Start Yarinacocha,-250,2200,0.00430719,0.191358
Start Yarinacocha,-245,2195,0.0042625,0.195643
Start Yarinacocha,-240,2190,0.00440719,0.199977
Start Yarinacocha,-235,2185,0.0044575,0.20441
Start Yarinacocha,-230,2180,0.00451,0.208894
Start Yarinacocha,-225,2175,0.00458656,0.213442
Start Yarinacocha,-220,2170,0.00466281,0.218066
Start Yarinacocha,-215,2165,0.00465,0.222723
Start Yarinacocha,-210,2160,0.00478719,0.227441
Start Yarinacocha,-205,2155,0.00482344,0.232247
Start Yarinacocha,-200,2150,0.00494282,0.23713
Start Yarinacocha,-195,2145,0.00498938,0.242096
Start Yarinacocha,-190,2140,0.00500031,0.247091
Start Yarinacocha,-185,2135,0.00513094,0.252157
Start Yarinacocha,-180,2130,0.00517719,0.257311
Start Yarinacocha,-175,2125,0.00529313,0.262546
Start Yarinacocha,-170,2120,0.00530625,0.267845
Start Yarinacocha,-165,2115,0.00539094,0.273194
Start Yarinacocha,-160,2110,0.00551031,0.278645
Start Yarinacocha,-155,2105,0.005545,0.284172
Start Yarinacocha,-150,2100,0.00561687,0.289753
Start Yarinacocha,-145,2095,0.00575406,0.295439
Start Yarinacocha,-140,2090,0.00584281,0.301237
Start Yarinacocha,-135,2085,0.00582063,0.307069
Start Yarinacocha,-130,2080,0.00596062,0.312959
Start Yarinacocha,-125,2075,0.005895,0.318887
Start Yarinacocha,-120,2070,0.006195,0.324932
Start Yarinacocha,-115,2065,0.00614,0.3311
Start Yarinacocha,-110,2060,0.00625125,0.337295
Start Yarinacocha,-105,2055,0.00629281,0.343567
Start Yarinacocha,-100,2050,0.00628188,0.349855
Start Yarinacocha,-95,2045,0.00637375,0.356183
Start Yarinacocha,-90,2040,0.00659906,0.362669
Start Yarinacocha,-85,2035,0.00663813,0.369288
Start Yarinacocha,-80,2030,0.00670844,0.375961
Start Yarinacocha,-75,2025,0.00678,0.382705
Start Yarinacocha,-70,2020,0.00686469,0.389527
Start Yarinacocha,-65,2015,0.0070275,0.396474
Start Yarinacocha,-60,2010,0.00708656,0.403531
Start Yarinacocha,-55,2005,0.00716312,0.410655
Start Yarinacocha,-50,2000,0.00719406,0.417834
Start Yarinacocha,-45,1995,0.0072925,0.425077
Start Yarinacocha,-40,1990,0.00741375,0.43243
Start Yarinacocha,-35,1985,0.00757187,0.439923
Start Yarinacocha,-30,1980,0.00761406,0.447516
Start Yarinacocha,-25,1975,0.00752875,0.455088
Start Yarinacocha,-20,1970,0.00750312,0.462604
Start Yarinacocha,-15,1965,0.00772781,0.470219
Start Yarinacocha,-10,1960,0.00770969,0.477938
Start Yarinacocha,-5,1955,0.00780187,0.485694
Start Yarinacocha,0,1950,0.0079725,0.493581
Start Yarinacocha,5,1945,0.00788343,0.501509
Start Yarinacocha,10,1940,0.0080025,0.509452
Start Yarinacocha,15,1935,0.00816281,0.517534
Start Yarinacocha,20,1930,0.00813656,0.525684
Start Yarinacocha,25,1925,0.00817906,0.533842
Start Yarinacocha,30,1920,0.00831312,0.542088
Start Yarinacocha,35,1915,0.00840219,0.550446
Start Yarinacocha,40,1910,0.00841281,0.558853
Start Yarinacocha,45,1905,0.00832375,0.567221
Start Yarinacocha,50,1900,0.00840562,0.575586
Start Yarinacocha,55,1895,0.008425,0.584001
Start Yarinacocha,60,1890,0.00848438,0.592456
Start Yarinacocha,65,1885,0.00870438,0.60105
Start Yarinacocha,70,1880,0.00856532,0.609685
Start Yarinacocha,75,1875,0.00871312,0.618324
Start Yarinacocha,80,1870,0.00853688,0.626949
Start Yarinacocha,85,1865,0.00850125,0.635469
Start Yarinacocha,90,1860,0.00852906,0.643984
Start Yarinacocha,95,1855,0.00848531,0.652491
Start Yarinacocha,100,1850,0.00850438,0.660986
Start Yarinacocha,105,1845,0.00851968,0.669498
Start Yarinacocha,110,1840,0.00846437,0.67799
Start Yarinacocha,115,1835,0.00838844,0.686416
Start Yarinacocha,120,1830,0.00845125,0.694836
Start Yarinacocha,125,1825,0.00852656,0.703325
Start Yarinacocha,130,1820,0.00832844,0.711752
Start Yarinacocha,135,1815,0.00840438,0.720119
Start Yarinacocha,140,1810,0.0082525,0.728447
Start Yarinacocha,145,1805,0.00822281,0.736685
Start Yarinacocha,150,1800,0.00815594,0.744874
Start Yarinacocha,155,1795,0.00799344,0.752949
Start Yarinacocha,160,1790,0.0079275,0.760909
Start Yarinacocha,165,1785,0.00778343,0.768765
Start Yarinacocha,170,1780,0.00766281,0.776488
Start Yarinacocha,175,1775,0.00759,0.784114
Start Yarinacocha,180,1770,0.00739781,0.791608
Start Yarinacocha,185,1765,0.00728875,0.798952
Start Yarinacocha,190,1760,0.00727438,0.806233
Start Yarinacocha,195,1755,0.00712687,0.813434
Start Yarinacocha,200,1750,0.00701407,0.820504
Start Yarinacocha,205,1745,0.00699219,0.827507
Start Yarinacocha,210,1740,0.00685062,0.834429
Start Yarinacocha,215,1735,0.00664469,0.841176
Start Yarinacocha,220,1730,0.00636344,0.847681
Start Yarinacocha,225,1725,0.00625844,0.853991
Start Yarinacocha,230,1720,0.00605312,0.860147
Start Yarinacocha,235,1715,0.00584469,0.866096
Start Yarinacocha,240,1710,0.00589,0.871963
Start Yarinacocha,245,1705,0.00561344,0.877715
Start Yarinacocha,250,1700,0.00529313,0.883168
Start Yarinacocha,255,1695,0.00523093,0.888431
Start Yarinacocha,260,1690,0.00523875,0.893665
Start Yarinacocha,265,1685,0.00505657,0.898813
Start Yarinacocha,270,1680,0.00498531,0.903834
Start Yarinacocha,275,1675,0.00500375,0.908828
Start Yarinacocha,280,1670,0.0048375,0.913749
Start Yarinacocha,285,1665,0.00476875,0.918552
Start Yarinacocha,290,1660,0.00464156,0.923257
Start Yarinacocha,295,1655,0.00449781,0.927827
Start Yarinacocha,300,1650,0.00433062,0.932241
Start Yarinacocha,305,1645,0.004125,0.936469
Start Yarinacocha,310,1640,0.00403312,0.940548
Start Yarinacocha,315,1635,0.00380094,0.944465
Start Yarinacocha,320,1630,0.00360312,0.948167
Start Yarinacocha,325,1625,0.00344156,0.95169
Start Yarinacocha,330,1620,0.00322718,0.955024
Start Yarinacocha,335,1615,0.00293,0.958103
Start Yarinacocha,340,1610,0.00283687,0.960986
Start Yarinacocha,345,1605,0.00260937,0.963709
Start Yarinacocha,350,1600,0.00247687,0.966252
Start Yarinacocha,355,1595,0.0023425,0.968662
Start Yarinacocha,360,1590,0.00228094,0.970974
Start Yarinacocha,365,1585,0.00205937,0.973144
Start Yarinacocha,370,1580,0.00190469,0.975126
Start Yarinacocha,375,1575,0.00184188,0.976999
Start Yarinacocha,380,1570,0.0016875,0.978764
Start Yarinacocha,385,1565,0.00155281,0.980384
Start Yarinacocha,390,1560,0.001435,0.981878
Start Yarinacocha,395,1555,0.00139468,0.983293
Start Yarinacocha,400,1550,0.001175,0.984578
Start Yarinacocha,405,1545,0.000985001,0.985658
Start Yarinacocha,410,1540,0.000958749,0.986629
Start Yarinacocha,415,1535,0.000776871,0.987497
Start Yarinacocha,420,1530,0.00069969,0.988235
Start Yarinacocha,425,1525,0.000678439,0.988925
Start Yarinacocha,430,1520,0.000664689,0.989596
Start Yarinacocha,435,1515,0.000630621,0.990244
Start Yarinacocha,440,1510,0.0005875,0.990853
Start Yarinacocha,445,1505,0.000578125,0.991436
Start Yarinacocha,450,1500,0.00056969,0.99201
Start Yarinacocha,455,1495,0.000554373,0.992572
Start Yarinacocha,460,1490,0.000549371,0.993123
Start Yarinacocha,465,1485,0.000505623,0.993651
Start Yarinacocha,470,1480,0.000507191,0.994157
Start Yarinacocha,475,1475,0.000446565,0.994634
Start Yarinacocha,480,1470,0.000482498,0.995099
Start Yarinacocha,485,1465,0.000378437,0.995529
Start Yarinacocha,490,1460,0.000396874,0.995917
Start Yarinacocha,495,1455,0.000403121,0.996317
Start Yarinacocha,500,1450,0.000381251,0.996709
Start Yarinacocha,505,1445,0.000330001,0.997065
Start Yarinacocha,510,1440,0.000288439,0.997374
Start Yarinacocha,515,1435,0.000290626,0.997663
Start Yarinacocha,520,1430,0.000248124,0.997933
Start Yarinacocha,525,1425,0.000218752,0.998166
Start Yarinacocha,530,1420,0.000171561,0.998361
Start Yarinacocha,535,1415,0.000146877,0.998521
Start Yarinacocha,540,1410,0.000121879,0.998655
Start Yarinacocha,545,1405,0.000101247,0.998767
Start Yarinacocha,550,1400,8.87519e-05,0.998862
Start Yarinacocha,555,1395,9.43719e-05,0.998953
Start Yarinacocha,560,1390,8.84382e-05,0.999045
Start Yarinacocha,565,1385,7.68759e-05,0.999127
Start Yarinacocha,570,1380,5.65656e-05,0.999194
Start Yarinacocha,575,1375,6.81279e-05,0.999256
Start Yarinacocha,580,1370,4.84363e-05,0.999315
Start Yarinacocha,585,1365,4.93773e-05,0.999363
Start Yarinacocha,590,1360,3.3441e-05,0.999405
Start Yarinacocha,595,1355,3.84336e-05,0.999441
Start Yarinacocha,600,1350,2.78123e-05,0.999474
Start Yarinacocha,605,1345,2.90583e-05,0.999502
Start Yarinacocha,610,1340,2.21836e-05,0.999528
Start Yarinacocha,615,1335,3.31273e-05,0.999556
Start Yarinacocha,620,1330,2.87533e-05,0.999587
Start Yarinacocha,625,1325,2.31246e-05,0.999613
Start Yarinacocha,630,1320,1.34356e-05,0.999631
Start Yarinacocha,635,1315,1.90643e-05,0.999647
Start Yarinacocha,640,1310,1.5309e-05,0.999664
Start Yarinacocha,645,1305,1.625e-05,0.99968
Start Yarinacocha,650,1300,1.7191e-05,0.999697
Start Yarinacocha,655,1295,1.90643e-05,0.999715
Start Yarinacocha,660,1290,2.18787e-05,0.999735
Start Yarinacocha,665,1285,1.625e-05,0.999754
Start Yarinacocha,670,1280,1.9378e-05,0.999772
Start Yarinacocha,675,1275,1.28083e-05,0.999788
Start Yarinacocha,680,1270,1.1876e-05,0.999801
Start Yarinacocha,685,1265,1.06213e-05,0.999812
Start Yarinacocha,690,1260,3.74664e-06,0.999819
Start Yarinacocha,695,1255,1.34356e-05,0.999828
Start Yarinacocha,700,1250,1.15623e-05,0.99984
Start Yarinacocha,705,1245,5.62868e-06,0.999849
Start Yarinacocha,710,1240,3.74664e-06,0.999853
Start Yarinacocha,715,1235,3.74664e-06,0.999857
Start Yarinacocha,720,1230,1.4063e-05,0.999866
Start Yarinacocha,725,1225,6.56098e-06,0.999876
Start Yarinacocha,730,1220,6.56098e-06,0.999883
Start Yarinacocha,735,1215,6.56098e-06,0.99989
Start Yarinacocha,740,1210,8.4343e-06,0.999897
Start Yarinacocha,745,1205,7.18833e-06,0.999905
Start Yarinacocha,750,1200,9.68899e-06,0.999913
Start Yarinacocha,755,1195,4.37399e-06,0.99992
Start Yarinacocha,760,1190,8.74798e-06,0.999927
Start Yarinacocha,765,1185,4.06032e-06,0.999933
Start Yarinacocha,770,1180,5.62868e-06,0.999938
Start Yarinacocha,775,1175,3.44168e-06,0.999943
Start Yarinacocha,780,1170,5.31501e-06,0.999947
Start Yarinacocha,785,1165,4.68766e-06,0.999952
Start Yarinacocha,790,1160,7.81567e-06,0.999958
Start Yarinacocha,795,1155,4.06032e-06,0.999964
Start Yarinacocha,800,1150,2.18699e-06,0.999967
Start Yarinacocha,805,1145,7.81567e-06,0.999972
Start Yarinacocha,810,1140,6.24731e-06,0.999979
Start Yarinacocha,815,1135,3.13672e-07,0.999983
Start Yarinacocha,820,1130,6.27345e-07,0.999983
Start Yarinacocha,825,1125,4.06032e-06,0.999985
Start Yarinacocha,830,1120,1.12486e-05,0.999993
Start Yarinacocha,835,1115,1.24598e-06,0.999999
Start Yarinacocha,840,1110,0,1
Start Yarinacocha,845,1105,0,1
Start of post-Yarinacocha period,-395,2345,0,0
Start of post-Yarinacocha period,-390,2340,0,0
Start of post-Yarinacocha period,-385,2335,3.14691e-07,1.57346e-07
Start of post-Yarinacocha period,-380,2330,6.29382e-07,6.29382e-07
Start of post-Yarinacocha period,-375,2325,3.14691e-07,1.10142e-06
Start of post-Yarinacocha period,-370,2320,6.29382e-07,1.57346e-06
Start of post-Yarinacocha period,-365,2315,1.5642e-06,2.67025e-06
Start of post-Yarinacocha period,-360,2310,3.14691e-07,3.60969e-06
Start of post-Yarinacocha period,-355,2305,0,3.76704e-06
Start of post-Yarinacocha period,-350,2300,3.14691e-07,3.92438e-06
Start of post-Yarinacocha period,-345,2295,9.34818e-07,4.54914e-06
Start of post-Yarinacocha period,-340,2290,1.5642e-06,5.79865e-06
Start of post-Yarinacocha period,-335,2285,2.18433e-06,7.67291e-06
Start of post-Yarinacocha period,-330,2280,2.18433e-06,9.85724e-06
Start of post-Yarinacocha period,-325,2275,9.34818e-07,1.14168e-05
Start of post-Yarinacocha period,-320,2270,9.34818e-07,1.23516e-05
Start of post-Yarinacocha period,-315,2265,1.5642e-06,1.36011e-05
Start of post-Yarinacocha period,-310,2260,1.87889e-06,1.53227e-05
Start of post-Yarinacocha period,-305,2255,4.68335e-06,1.86038e-05
Start of post-Yarinacocha period,-300,2250,2.49902e-06,2.2195e-05
Start of post-Yarinacocha period,-295,2245,1.24951e-06,2.40692e-05
Start of post-Yarinacocha period,-290,2240,1.87889e-06,2.56334e-05
Start of post-Yarinacocha period,-285,2235,2.18433e-06,2.76651e-05
Start of post-Yarinacocha period,-280,2230,2.49902e-06,3.00067e-05
Start of post-Yarinacocha period,-275,2225,9.34818e-07,3.17236e-05
Start of post-Yarinacocha period,-270,2220,4.37791e-06,3.438e-05
Start of post-Yarinacocha period,-265,2215,1.5642e-06,3.73511e-05
Start of post-Yarinacocha period,-260,2210,2.81371e-06,3.954e-05
Start of post-Yarinacocha period,-255,2205,2.18433e-06,4.2039e-05
Start of post-Yarinacocha period,-250,2200,1.87889e-06,4.40706e-05
Start of post-Yarinacocha period,-245,2195,1.5642e-06,4.57922e-05
Start of post-Yarinacocha period,-240,2190,3.43384e-06,4.82912e-05
Start of post-Yarinacocha period,-235,2185,1.5642e-06,5.07902e-05
Start of post-Yarinacocha period,-230,2180,5.31273e-06,5.42287e-05
Start of post-Yarinacocha period,-225,2175,1.5642e-06,5.76672e-05
Start of post-Yarinacocha period,-220,2170,3.43384e-06,6.01662e-05
Start of post-Yarinacocha period,-215,2165,1.5642e-06,6.26652e-05
Start of post-Yarinacocha period,-210,2160,5.31273e-06,6.61037e-05
Start of post-Yarinacocha period,-205,2155,3.1284e-06,7.03242e-05
Start of post-Yarinacocha period,-200,2150,1.87889e-06,7.28279e-05
Start of post-Yarinacocha period,-195,2145,2.49902e-06,7.50168e-05
Start of post-Yarinacocha period,-190,2140,4.06322e-06,7.82979e-05
Start of post-Yarinacocha period,-185,2135,6.24755e-06,8.34533e-05
Start of post-Yarinacocha period,-180,2130,6.24755e-06,8.97009e-05
Start of post-Yarinacocha period,-175,2125,5.62742e-06,9.56383e-05
Start of post-Yarinacocha period,-170,2120,8.12644e-06,0.000102515
Start of post-Yarinacocha period,-165,2115,8.74656e-06,0.000110952
Start of post-Yarinacocha period,-160,2110,1.09401e-05,0.000120795
Start of post-Yarinacocha period,-155,2105,1.15603e-05,0.000132045
Start of post-Yarinacocha period,-150,2100,1.4374e-05,0.000145012
Start of post-Yarinacocha period,-145,2095,1.28098e-05,0.000158604
Start of post-Yarinacocha period,-140,2090,2.1871e-05,0.000175945
Start of post-Yarinacocha period,-135,2085,1.59382e-05,0.000194849
Start of post-Yarinacocha period,-130,2080,2.06215e-05,0.000213129
Start of post-Yarinacocha period,-125,2075,2.25004e-05,0.00023469
Start of post-Yarinacocha period,-120,2070,3.24965e-05,0.000262189
Start of post-Yarinacocha period,-115,2065,3.43754e-05,0.000295625
Start of post-Yarinacocha period,-110,2060,3.09415e-05,0.000328283
Start of post-Yarinacocha period,-105,2055,3.06269e-05,0.000359067
Start of post-Yarinacocha period,-100,2050,3.3746e-05,0.000391254
Start of post-Yarinacocha period,-95,2045,4.21871e-05,0.00042922
Start of post-Yarinacocha period,-90,2040,4.59357e-05,0.000473282
Start of post-Yarinacocha period,-85,2035,5.12484e-05,0.000521874
Start of post-Yarinacocha period,-80,2030,5.78106e-05,0.000576403
Start of post-Yarinacocha period,-75,2025,5.28126e-05,0.000631715
Start of post-Yarinacocha period,-70,2020,6.65664e-05,0.000691404
Start of post-Yarinacocha period,-65,2015,7.21846e-05,0.00076078
Start of post-Yarinacocha period,-60,2010,7.59331e-05,0.000834839
Start of post-Yarinacocha period,-55,2005,8.43743e-05,0.000914992
Start of post-Yarinacocha period,-50,2000,7.68772e-05,0.000995618
Start of post-Yarinacocha period,-45,1995,0.000101877,0.00108499
Start of post-Yarinacocha period,-40,1990,0.000104996,0.00118843
Start of post-Yarinacocha period,-35,1985,0.000139066,0.00131046
Start of post-Yarinacocha period,-30,1980,0.000162816,0.0014614
Start of post-Yarinacocha period,-25,1975,0.0001875,0.00163656
Start of post-Yarinacocha period,-20,1970,0.000209686,0.00183515
Start of post-Yarinacocha period,-15,1965,0.000250309,0.00206515
Start of post-Yarinacocha period,-10,1960,0.000246561,0.00231359
Start of post-Yarinacocha period,-5,1955,0.000261879,0.00256781
Start of post-Yarinacocha period,0,1950,0.000275003,0.00283625
Start of post-Yarinacocha period,5,1945,0.000259685,0.00310359
Start of post-Yarinacocha period,10,1940,0.000275003,0.00337093
Start of post-Yarinacocha period,15,1935,0.000332499,0.00367469
Start of post-Yarinacocha period,20,1930,0.000360627,0.00402125
Start of post-Yarinacocha period,25,1925,0.00038844,0.00439578
Start of post-Yarinacocha period,30,1920,0.00043469,0.00480735
Start of post-Yarinacocha period,35,1915,0.000466252,0.00525782
Start of post-Yarinacocha period,40,1910,0.000492501,0.00573719
Start of post-Yarinacocha period,45,1905,0.000527496,0.00624719
Start of post-Yarinacocha period,50,1900,0.000565935,0.00679391
Start of post-Yarinacocha period,55,1895,0.000584687,0.00736922
Start of post-Yarinacocha period,60,1890,0.000635935,0.00797953
Start of post-Yarinacocha period,65,1885,0.000655622,0.00862531
Start of post-Yarinacocha period,70,1880,0.000725937,0.00931609
Start of post-Yarinacocha period,75,1875,0.000791559,0.0100748
Start of post-Yarinacocha period,80,1870,0.000846566,0.0108939
Start of post-Yarinacocha period,85,1865,0.000933439,0.0117839
Start of post-Yarinacocha period,90,1860,0.000990629,0.0127459
Start of post-Yarinacocha period,95,1855,0.00101968,0.0137511
Start of post-Yarinacocha period,100,1850,0.00110125,0.0148116
Start of post-Yarinacocha period,105,1845,0.00115938,0.0159419
Start of post-Yarinacocha period,110,1840,0.00119594,0.0171195
Start of post-Yarinacocha period,115,1835,0.00125625,0.0183456
Start of post-Yarinacocha period,120,1830,0.00135313,0.0196503
Start of post-Yarinacocha period,125,1825,0.00140437,0.0210291
Start of post-Yarinacocha period,130,1820,0.00150437,0.0224834
Start of post-Yarinacocha period,135,1815,0.00162843,0.0240498
Start of post-Yarinacocha period,140,1810,0.00171844,0.0257233
Start of post-Yarinacocha period,145,1805,0.00181875,0.0274919
Start of post-Yarinacocha period,150,1800,0.00193688,0.0293697
Start of post-Yarinacocha period,155,1795,0.00201469,0.0313455
Start of post-Yarinacocha period,160,1790,0.0021225,0.0334141
Start of post-Yarinacocha period,165,1785,0.00225125,0.0356009
Start of post-Yarinacocha period,170,1780,0.00238,0.0379166
Start of post-Yarinacocha period,175,1775,0.00241156,0.0403123
Start of post-Yarinacocha period,180,1770,0.0025175,0.0427769
Start of post-Yarinacocha period,185,1765,0.00264,0.0453556
Start of post-Yarinacocha period,190,1760,0.00267,0.0480106
Start of post-Yarinacocha period,195,1755,0.00281687,0.050754
Start of post-Yarinacocha period,200,1750,0.00289594,0.0536105
Start of post-Yarinacocha period,205,1745,0.003065,0.0565909
Start of post-Yarinacocha period,210,1740,0.00318656,0.0597167
Start of post-Yarinacocha period,215,1735,0.00334968,0.0629848
Start of post-Yarinacocha period,220,1730,0.003405,0.0663622
Start of post-Yarinacocha period,225,1725,0.00351656,0.0698229
Start of post-Yarinacocha period,230,1720,0.00365343,0.0734079
Start of post-Yarinacocha period,235,1715,0.003765,0.0771172
Start of post-Yarinacocha period,240,1710,0.00384625,0.0809228
Start of post-Yarinacocha period,245,1705,0.00405,0.0848709
Start of post-Yarinacocha period,250,1700,0.00415563,0.0889737
Start of post-Yarinacocha period,255,1695,0.00421687,0.09316
Start of post-Yarinacocha period,260,1690,0.00422438,0.0973806
Start of post-Yarinacocha period,265,1685,0.00428437,0.101635
Start of post-Yarinacocha period,270,1680,0.00441625,0.105985
Start of post-Yarinacocha period,275,1675,0.00448313,0.110435
Start of post-Yarinacocha period,280,1670,0.00453844,0.114946
Start of post-Yarinacocha period,285,1665,0.00465406,0.119542
Start of post-Yarinacocha period,290,1660,0.00477656,0.124257
Start of post-Yarinacocha period,295,1655,0.00487657,0.129084
Start of post-Yarinacocha period,300,1650,0.00502062,0.134032
Start of post-Yarinacocha period,305,1645,0.00518156,0.139134
Start of post-Yarinacocha period,310,1640,0.00542125,0.144435
Start of post-Yarinacocha period,315,1635,0.00545937,0.149875
Start of post-Yarinacocha period,320,1630,0.0056675,0.155439
Start of post-Yarinacocha period,325,1625,0.00578874,0.161167
Start of post-Yarinacocha period,330,1620,0.00608062,0.167102
Start of post-Yarinacocha period,335,1615,0.00619843,0.173241
Start of post-Yarinacocha period,340,1610,0.00628094,0.179481
Start of post-Yarinacocha period,345,1605,0.00634312,0.185793
Start of post-Yarinacocha period,350,1600,0.00641031,0.192169
Start of post-Yarinacocha period,355,1595,0.00646281,0.198606
Start of post-Yarinacocha period,360,1590,0.00660843,0.205142
Start of post-Yarinacocha period,365,1585,0.0066675,0.21178
Start of post-Yarinacocha period,370,1580,0.00675875,0.218493
Start of post-Yarinacocha period,375,1575,0.00679781,0.225271
Start of post-Yarinacocha period,380,1570,0.00696437,0.232152
Start of post-Yarinacocha period,385,1565,0.00702468,0.239147
Start of post-Yarinacocha period,390,1560,0.007075,0.246196
Start of post-Yarinacocha period,395,1555,0.00718875,0.253328
Start of post-Yarinacocha period,400,1550,0.007355,0.2606
Start of post-Yarinacocha period,405,1545,0.00731656,0.267936
Start of post-Yarinacocha period,410,1540,0.00748719,0.275338
Start of post-Yarinacocha period,415,1535,0.00749,0.282826
Start of post-Yarinacocha period,420,1530,0.00747062,0.290307
Start of post-Yarinacocha period,425,1525,0.00755375,0.297819
Start of post-Yarinacocha period,430,1520,0.0075,0.305346
Start of post-Yarinacocha period,435,1515,0.00756812,0.31288
Start of post-Yarinacocha period,440,1510,0.00768375,0.320506
Start of post-Yarinacocha period,445,1505,0.00756812,0.328132
Start of post-Yarinacocha period,450,1500,0.00755812,0.335695
Start of post-Yarinacocha period,455,1495,0.00766531,0.343307
Start of post-Yarinacocha period,460,1490,0.00769906,0.350989
Start of post-Yarinacocha period,465,1485,0.00780187,0.358739
Start of post-Yarinacocha period,470,1480,0.00782468,0.366553
Start of post-Yarinacocha period,475,1475,0.00780718,0.374368
Start of post-Yarinacocha period,480,1470,0.00787031,0.382207
Start of post-Yarinacocha period,485,1465,0.00790406,0.390094
Start of post-Yarinacocha period,490,1460,0.00786031,0.397977
Start of post-Yarinacocha period,495,1455,0.00799343,0.405903
Start of post-Yarinacocha period,500,1450,0.0081575,0.413979
Start of post-Yarinacocha period,505,1445,0.00809031,0.422103
Start of post-Yarinacocha period,510,1440,0.00811625,0.430206
Start of post-Yarinacocha period,515,1435,0.00825843,0.438393
Start of post-Yarinacocha period,520,1430,0.00821344,0.446629
Start of post-Yarinacocha period,525,1425,0.0084175,0.454945
Start of post-Yarinacocha period,530,1420,0.00838031,0.463344
Start of post-Yarinacocha period,535,1415,0.00843687,0.471752
Start of post-Yarinacocha period,540,1410,0.00852469,0.480233
Start of post-Yarinacocha period,545,1405,0.00865813,0.488825
Start of post-Yarinacocha period,550,1400,0.00861,0.497459
Start of post-Yarinacocha period,555,1395,0.00856594,0.506047
Start of post-Yarinacocha period,560,1390,0.008715,0.514687
Start of post-Yarinacocha period,565,1385,0.0086975,0.523393
Start of post-Yarinacocha period,570,1380,0.00864656,0.532065
Start of post-Yarinacocha period,575,1375,0.008755,0.540766
Start of post-Yarinacocha period,580,1370,0.00878656,0.549537
Start of post-Yarinacocha period,585,1365,0.00890094,0.558381
Start of post-Yarinacocha period,590,1360,0.00888344,0.567273
Start of post-Yarinacocha period,595,1355,0.00894031,0.576185
Start of post-Yarinacocha period,600,1350,0.00883937,0.585075
Start of post-Yarinacocha period,605,1345,0.00899312,0.593991
Start of post-Yarinacocha period,610,1340,0.00895281,0.602964
Start of post-Yarinacocha period,615,1335,0.00898593,0.611933
Start of post-Yarinacocha period,620,1330,0.00899374,0.620923
Start of post-Yarinacocha period,625,1325,0.00908313,0.629961
Start of post-Yarinacocha period,630,1320,0.00912406,0.639065
Start of post-Yarinacocha period,635,1315,0.00916937,0.648212
Start of post-Yarinacocha period,640,1310,0.00925562,0.657424
Start of post-Yarinacocha period,645,1305,0.009215,0.666659
Start of post-Yarinacocha period,650,1300,0.00917406,0.675854
Start of post-Yarinacocha period,655,1295,0.00921656,0.685049
Start of post-Yarinacocha period,660,1290,0.00912625,0.694221
Start of post-Yarinacocha period,665,1285,0.00918499,0.703376
Start of post-Yarinacocha period,670,1280,0.00904875,0.712493
Start of post-Yarinacocha period,675,1275,0.009145,0.72159
Start of post-Yarinacocha period,680,1270,0.00905593,0.730691
Start of post-Yarinacocha period,685,1265,0.00894344,0.73969
Start of post-Yarinacocha period,690,1260,0.00881906,0.748572
Start of post-Yarinacocha period,695,1255,0.00887687,0.757419
Start of post-Yarinacocha period,700,1250,0.00862094,0.766168
Start of post-Yarinacocha period,705,1245,0.00860906,0.774783
Start of post-Yarinacocha period,710,1240,0.00849781,0.783337
Start of post-Yarinacocha period,715,1235,0.00827625,0.791724
Start of post-Yarinacocha period,720,1230,0.00815781,0.799941
Start of post-Yarinacocha period,725,1225,0.0080325,0.808036
Start of post-Yarinacocha period,730,1220,0.00790093,0.816003
Start of post-Yarinacocha period,735,1215,0.00778593,0.823846
Start of post-Yarinacocha period,740,1210,0.00776874,0.831624
Start of post-Yarinacocha period,745,1205,0.00738688,0.839201
Start of post-Yarinacocha period,750,1200,0.00748188,0.846636
Start of post-Yarinacocha period,755,1195,0.00729218,0.854023
Start of post-Yarinacocha period,760,1190,0.00711719,0.861227
Start of post-Yarinacocha period,765,1185,0.00680844,0.86819
Start of post-Yarinacocha period,770,1180,0.00665625,0.874923
Start of post-Yarinacocha period,775,1175,0.00650968,0.881506
Start of post-Yarinacocha period,780,1170,0.00629094,0.887906
Start of post-Yarinacocha period,785,1165,0.00612156,0.894112
Start of post-Yarinacocha period,790,1160,0.00602,0.900183
Start of post-Yarinacocha period,795,1155,0.00559156,0.905989
Start of post-Yarinacocha period,800,1150,0.00543374,0.911501
Start of post-Yarinacocha period,805,1145,0.00514563,0.916791
Start of post-Yarinacocha period,810,1140,0.00496156,0.921845
Start of post-Yarinacocha period,815,1135,0.00464437,0.926648
Start of post-Yarinacocha period,820,1130,0.00448688,0.931213
Start of post-Yarinacocha period,825,1125,0.00423844,0.935576
Start of post-Yarinacocha period,830,1120,0.00413531,0.939763
Start of post-Yarinacocha period,835,1115,0.00379562,0.943728
Start of post-Yarinacocha period,840,1110,0.00363625,0.947444
Start of post-Yarinacocha period,845,1105,0.00343375,0.950979
Start of post-Yarinacocha period,850,1100,0.00309844,0.954245
Start of post-Yarinacocha period,855,1095,0.00298781,0.957288
Start of post-Yarinacocha period,860,1090,0.0027575,0.960161
Start of post-Yarinacocha period,865,1085,0.00269719,0.962888
Start of post-Yarinacocha period,870,1080,0.00246844,0.965471
Start of post-Yarinacocha period,875,1075,0.00233375,0.967872
Start of post-Yarinacocha period,880,1070,0.00215969,0.970119
Start of post-Yarinacocha period,885,1065,0.0020025,0.9722
Start of post-Yarinacocha period,890,1060,0.00194063,0.974172
Start of post-Yarinacocha period,895,1055,0.00167656,0.97598
Start of post-Yarinacocha period,900,1050,0.00163812,0.977638
Start of post-Yarinacocha period,905,1045,0.00154437,0.979229
Start of post-Yarinacocha period,910,1040,0.00136344,0.980683
Start of post-Yarinacocha period,915,1035,0.00139688,0.982063
Start of post-Yarinacocha period,920,1030,0.00127938,0.983401
Start of post-Yarinacocha period,925,1025,0.00111406,0.984598
Start of post-Yarinacocha period,930,1020,0.00104313,0.985676
Start of post-Yarinacocha period,935,1015,0.000967814,0.986682
Start of post-Yarinacocha period,940,1010,0.000944064,0.987638
Start of post-Yarinacocha period,945,1005,0.000884375,0.988552
Start of post-Yarinacocha period,950,1000,0.000834061,0.989411
Start of post-Yarinacocha period,955,995,0.000750622,0.990203
Start of post-Yarinacocha period,960,990,0.000679067,0.990918
Start of post-Yarinacocha period,965,985,0.000633122,0.991574
Start of post-Yarinacocha period,970,980,0.000594063,0.992188
Start of post-Yarinacocha period,975,975,0.000585936,0.992778
Start of post-Yarinacocha period,980,970,0.000501248,0.993322
Start of post-Yarinacocha period,985,965,0.000457811,0.993801
Start of post-Yarinacocha period,990,960,0.000425934,0.994243
Start of post-Yarinacocha period,995,955,0.000373751,0.994643
Start of post-Yarinacocha period,1000,950,0.000324687,0.994992
Start of post-Yarinacocha period,1005,945,0.000302502,0.995306
Start of post-Yarinacocha period,1010,940,0.000298753,0.995606
Start of post-Yarinacocha period,1015,935,0.000286563,0.995899
Start of post-Yarinacocha period,1020,930,0.000276558,0.996181
Start of post-Yarinacocha period,1025,925,0.000284999,0.996461
Start of post-Yarinacocha period,1030,920,0.000221876,0.996715
Start of post-Yarinacocha period,1035,915,0.00022531,0.996938
Start of post-Yarinacocha period,1040,910,0.000172812,0.997137
Start of post-Yarinacocha period,1045,905,0.000192184,0.99732
Start of post-Yarinacocha period,1050,900,0.000174996,0.997503
Start of post-Yarinacocha period,1055,895,0.000139066,0.99766
Start of post-Yarinacocha period,1060,890,0.000159373,0.99781
Start of post-Yarinacocha period,1065,885,0.000169063,0.997974
Start of post-Yarinacocha period,1070,880,0.000113752,0.998115
Start of post-Yarinacocha period,1075,875,0.000114372,0.998229
Start of post-Yarinacocha period,1080,870,0.000150941,0.998362
Start of post-Yarinacocha period,1085,865,0.000128746,0.998502
Start of post-Yarinacocha period,1090,860,0.000116565,0.998625
Start of post-Yarinacocha period,1095,855,0.000115001,0.99874
Start of post-Yarinacocha period,1100,850,9.31208e-05,0.998844
Start of post-Yarinacocha period,1105,845,9.06218e-05,0.998936
Start of post-Yarinacocha period,1110,840,7.71919e-05,0.99902
Start of post-Yarinacocha period,1115,835,7.65625e-05,0.999097
Start of post-Yarinacocha period,1120,830,6.84361e-05,0.99917
Start of post-Yarinacocha period,1125,825,8.06257e-05,0.999244
Start of post-Yarinacocha period,1130,820,6.68719e-05,0.999318
Start of post-Yarinacocha period,1135,815,6.03096e-05,0.999381
Start of post-Yarinacocha period,1140,810,7.34341e-05,0.999448
Start of post-Yarinacocha period,1145,805,5.46915e-05,0.999512
Start of post-Yarinacocha period,1150,800,5.21832e-05,0.999566
Start of post-Yarinacocha period,1155,795,5.03136e-05,0.999617
Start of post-Yarinacocha period,1160,790,5.65611e-05,0.99967
Start of post-Yarinacocha period,1165,785,4.59357e-05,0.999722
Start of post-Yarinacocha period,1170,780,4.87494e-05,0.999769
Start of post-Yarinacocha period,1175,775,5.24979e-05,0.99982
Start of post-Yarinacocha period,1180,770,4.06229e-05,0.999866
Start of post-Yarinacocha period,1185,765,5.62464e-05,0.999915
Start of post-Yarinacocha period,1190,760,3.75038e-05,0.999962
Start of post-Yarinacocha period,1195,755,1.96867e-05,0.99999
Jose's Hill Yarinacocha (N-313),-500,2450,0,0
Jose's Hill Yarinacocha (N-313),-495,2445,9.34398e-07,4.67199e-07
Jose's Hill Yarinacocha (N-313),-490,2440,4.382e-06,3.1254e-06
Jose's Hill Yarinacocha (N-313),-485,2435,6.28302e-07,5.63055e-06
Jose's Hill Yarinacocha (N-313),-480,2430,2.4971e-06,7.19325e-06
Jose's Hill Yarinacocha (N-313),-475,2425,4.0598e-06,1.04717e-05
Jose's Hill Yarinacocha (N-313),-470,2420,2.4971e-06,1.37501e-05
Jose's Hill Yarinacocha (N-313),-465,2415,6.28302e-07,1.53128e-05
Jose's Hill Yarinacocha (N-313),-460,2410,3.06096e-07,1.578e-05
Jose's Hill Yarinacocha (N-313),-455,2405,1.8688e-06,1.68675e-05
Jose's Hill Yarinacocha (N-313),-450,2400,2.191e-06,1.88974e-05
Jose's Hill Yarinacocha (N-313),-445,2395,9.34398e-07,2.04601e-05
Jose's Hill Yarinacocha (N-313),-440,2390,3.43149e-06,2.2643e-05
Jose's Hill Yarinacocha (N-313),-435,2385,2.191e-06,2.54543e-05
Jose's Hill Yarinacocha (N-313),-430,2380,1.2566e-06,2.71781e-05
Jose's Hill Yarinacocha (N-313),-425,2375,9.34398e-07,2.82736e-05
Jose's Hill Yarinacocha (N-313),-420,2370,2.4971e-06,2.99893e-05
Jose's Hill Yarinacocha (N-313),-415,2365,2.8193e-06,3.26475e-05
Jose's Hill Yarinacocha (N-313),-410,2360,4.99419e-06,3.65543e-05
Jose's Hill Yarinacocha (N-313),-405,2355,3.1254e-06,4.06141e-05
Jose's Hill Yarinacocha (N-313),-400,2350,4.0598e-06,4.42067e-05
Jose's Hill Yarinacocha (N-313),-395,2345,0,4.62366e-05
Jose's Hill Yarinacocha (N-313),-390,2340,1.8688e-06,4.7171e-05
Jose's Hill Yarinacocha (N-313),-385,2335,6.2508e-06,5.12308e-05
Jose's Hill Yarinacocha (N-313),-380,2330,7.1852e-06,5.79488e-05
Jose's Hill Yarinacocha (N-313),-375,2325,7.5074e-06,6.52951e-05
Jose's Hill Yarinacocha (N-313),-370,2320,5.3164e-06,7.1707e-05
Jose's Hill Yarinacocha (N-313),-365,2315,1.03106e-05,7.95205e-05
Jose's Hill Yarinacocha (N-313),-360,2310,1.18733e-05,9.06124e-05
Jose's Hill Yarinacocha (N-313),-355,2305,1.21955e-05,0.000102647
Jose's Hill Yarinacocha (N-313),-350,2300,1.99929e-05,0.000118741
Jose's Hill Yarinacocha (N-313),-345,2295,2.9063e-05,0.000143269
Jose's Hill Yarinacocha (N-313),-340,2290,3.62482e-05,0.000175925
Jose's Hill Yarinacocha (N-313),-335,2285,4.93781e-05,0.000218738
Jose's Hill Yarinacocha (N-313),-330,2280,5.31318e-05,0.000269993
Jose's Hill Yarinacocha (N-313),-325,2275,4.469e-05,0.000318903
Jose's Hill Yarinacocha (N-313),-320,2270,3.53138e-05,0.000358905
Jose's Hill Yarinacocha (N-313),-315,2265,3.46855e-05,0.000393905
Jose's Hill Yarinacocha (N-313),-310,2260,2.50032e-05,0.000423749
Jose's Hill Yarinacocha (N-313),-305,2255,1.96868e-05,0.000446094
Jose's Hill Yarinacocha (N-313),-300,2250,1.99929e-05,0.000465934
Jose's Hill Yarinacocha (N-313),-295,2245,2.18778e-05,0.00048687
Jose's Hill Yarinacocha (N-313),-290,2240,2.18778e-05,0.000508747
Jose's Hill Yarinacocha (N-313),-285,2235,1.93807e-05,0.000529377
Jose's Hill Yarinacocha (N-313),-280,2230,1.62553e-05,0.000547195
Jose's Hill Yarinacocha (N-313),-275,2225,1.28077e-05,0.000561726
Jose's Hill Yarinacocha (N-313),-270,2220,9.68229e-06,0.000572971
Jose's Hill Yarinacocha (N-313),-265,2215,1.49987e-05,0.000585312
Jose's Hill Yarinacocha (N-313),-260,2210,1.31299e-05,0.000599376
Jose's Hill Yarinacocha (N-313),-255,2205,1.43704e-05,0.000613126
Jose's Hill Yarinacocha (N-313),-250,2200,1.81241e-05,0.000629373
Jose's Hill Yarinacocha (N-313),-245,2195,1.84302e-05,0.00064765
Jose's Hill Yarinacocha (N-313),-240,2190,2.21839e-05,0.000667957
Jose's Hill Yarinacocha (N-313),-235,2185,1.31299e-05,0.000685614
Jose's Hill Yarinacocha (N-313),-230,2180,2.28122e-05,0.000703585
Jose's Hill Yarinacocha (N-313),-225,2175,2.50032e-05,0.000727493
Jose's Hill Yarinacocha (N-313),-220,2170,2.21839e-05,0.000751087
Jose's Hill Yarinacocha (N-313),-215,2165,1.71897e-05,0.000770773
Jose's Hill Yarinacocha (N-313),-210,2160,2.71942e-05,0.000792965
Jose's Hill Yarinacocha (N-313),-205,2155,3.37511e-05,0.000823438
Jose's Hill Yarinacocha (N-313),-200,2150,4.15646e-05,0.000861096
Jose's Hill Yarinacocha (N-313),-195,2145,6.2508e-05,0.000913132
Jose's Hill Yarinacocha (N-313),-190,2140,8.40636e-05,0.000986418
Jose's Hill Yarinacocha (N-313),-185,2135,0.000110307,0.0010836
Jose's Hill Yarinacocha (N-313),-180,2130,0.00012094,0.00119923
Jose's Hill Yarinacocha (N-313),-175,2125,0.000146878,0.00133314
Jose's Hill Yarinacocha (N-313),-170,2120,0.000169062,0.00149111
Jose's Hill Yarinacocha (N-313),-165,2115,0.000211561,0.00168142
Jose's Hill Yarinacocha (N-313),-160,2110,0.000232504,0.00190345
Jose's Hill Yarinacocha (N-313),-155,2105,0.000250934,0.00214517
Jose's Hill Yarinacocha (N-313),-150,2100,0.00029187,0.00241657
Jose's Hill Yarinacocha (N-313),-145,2095,0.000363755,0.00274438
Jose's Hill Yarinacocha (N-313),-140,2090,0.000369683,0.0031111
Jose's Hill Yarinacocha (N-313),-135,2085,0.000449059,0.00352047
Jose's Hill Yarinacocha (N-313),-130,2080,0.000425312,0.00395766
Jose's Hill Yarinacocha (N-313),-125,2075,0.000442502,0.00439156
Jose's Hill Yarinacocha (N-313),-120,2070,0.000441245,0.00483344
Jose's Hill Yarinacocha (N-313),-115,2065,0.000431869,0.00526999
Jose's Hill Yarinacocha (N-313),-110,2060,0.000467811,0.00571983
Jose's Hill Yarinacocha (N-313),-105,2055,0.000521877,0.00621468
Jose's Hill Yarinacocha (N-313),-100,2050,0.000607181,0.00677921
Jose's Hill Yarinacocha (N-313),-95,2045,0.000709369,0.00743748
Jose's Hill Yarinacocha (N-313),-90,2040,0.000784685,0.00818451
Jose's Hill Yarinacocha (N-313),-85,2035,0.000903128,0.00902842
Jose's Hill Yarinacocha (N-313),-80,2030,0.000865317,0.00991264
Jose's Hill Yarinacocha (N-313),-75,2025,0.00076532,0.010728
Jose's Hill Yarinacocha (N-313),-70,2020,0.000753125,0.0114872
Jose's Hill Yarinacocha (N-313),-65,2015,0.000751256,0.0122394
Jose's Hill Yarinacocha (N-313),-60,2010,0.000859372,0.0130447
Jose's Hill Yarinacocha (N-313),-55,2005,0.00111406,0.0140314
Jose's Hill Yarinacocha (N-313),-50,2000,0.00146156,0.0153192
Jose's Hill Yarinacocha (N-313),-45,1995,0.00196907,0.0170345
Jose's Hill Yarinacocha (N-313),-40,1990,0.00257062,0.0193044
Jose's Hill Yarinacocha (N-313),-35,1985,0.00306125,0.0221203
Jose's Hill Yarinacocha (N-313),-30,1980,0.00340312,0.0253525
Jose's Hill Yarinacocha (N-313),-25,1975,0.00346093,0.0287845
Jose's Hill Yarinacocha (N-313),-20,1970,0.00339281,0.0322114
Jose's Hill Yarinacocha (N-313),-15,1965,0.00315968,0.0354876
Jose's Hill Yarinacocha (N-313),-10,1960,0.00286063,0.0384978
Jose's Hill Yarinacocha (N-313),-5,1955,0.00261562,0.0412359
Jose's Hill Yarinacocha (N-313),0,1950,0.00262406,0.0438558
Jose's Hill Yarinacocha (N-313),5,1945,0.00279968,0.0465676
Jose's Hill Yarinacocha (N-313),10,1940,0.00300438,0.0494697
Jose's Hill Yarinacocha (N-313),15,1935,0.0034,0.0526718
Jose's Hill Yarinacocha (N-313),20,1930,0.0039853,0.0563645
Jose's Hill Yarinacocha (N-313),25,1925,0.00476343,0.0607389
Jose's Hill Yarinacocha (N-313),30,1920,0.00548375,0.0658625
Jose's Hill Yarinacocha (N-313),35,1915,0.00574437,0.0714765
Jose's Hill Yarinacocha (N-313),40,1910,0.00584875,0.0772731
Jose's Hill Yarinacocha (N-313),45,1905,0.00557594,0.0829854
Jose's Hill Yarinacocha (N-313),50,1900,0.00560969,0.0885782
Jose's Hill Yarinacocha (N-313),55,1895,0.00564312,0.0942046
Jose's Hill Yarinacocha (N-313),60,1890,0.00631906,0.100186
Jose's Hill Yarinacocha (N-313),65,1885,0.00720562,0.106948
Jose's Hill Yarinacocha (N-313),70,1880,0.00768561,0.114394
Jose's Hill Yarinacocha (N-313),75,1875,0.00812531,0.122299
Jose's Hill Yarinacocha (N-313),80,1870,0.00866593,0.130695
Jose's Hill Yarinacocha (N-313),85,1865,0.00942812,0.139742
Jose's Hill Yarinacocha (N-313),90,1860,0.00991249,0.149412
Jose's Hill Yarinacocha (N-313),95,1855,0.00976718,0.159252
Jose's Hill Yarinacocha (N-313),100,1850,0.00903218,0.168652
Jose's Hill Yarinacocha (N-313),105,1845,0.00867281,0.177504
Jose's Hill Yarinacocha (N-313),110,1840,0.00913562,0.186408
Jose's Hill Yarinacocha (N-313),115,1835,0.00989281,0.195923
Jose's Hill Yarinacocha (N-313),120,1830,0.0108522,0.206295
Jose's Hill Yarinacocha (N-313),125,1825,0.0119437,0.217693
Jose's Hill Yarinacocha (N-313),130,1820,0.0126009,0.229965
Jose's Hill Yarinacocha (N-313),135,1815,0.0130269,0.242779
Jose's Hill Yarinacocha (N-313),140,1810,0.0133037,0.255945
Jose's Hill Yarinacocha (N-313),145,1805,0.0135272,0.26936
Jose's Hill Yarinacocha (N-313),150,1800,0.0135737,0.28291
Jose's Hill Yarinacocha (N-313),155,1795,0.0136503,0.296522
Jose's Hill Yarinacocha (N-313),160,1790,0.0140478,0.310372
Jose's Hill Yarinacocha (N-313),165,1785,0.0142403,0.324516
Jose's Hill Yarinacocha (N-313),170,1780,0.0144037,0.338838
Jose's Hill Yarinacocha (N-313),175,1775,0.0145837,0.353331
Jose's Hill Yarinacocha (N-313),180,1770,0.014675,0.367961
Jose's Hill Yarinacocha (N-313),185,1765,0.0143837,0.38249
Jose's Hill Yarinacocha (N-313),190,1760,0.0143319,0.396848
Jose's Hill Yarinacocha (N-313),195,1755,0.01464,0.411334
Jose's Hill Yarinacocha (N-313),200,1750,0.0150728,0.42619
Jose's Hill Yarinacocha (N-313),205,1745,0.0155815,0.441517
Jose's Hill Yarinacocha (N-313),210,1740,0.0159694,0.457293
Jose's Hill Yarinacocha (N-313),215,1735,0.0160328,0.473294
Jose's Hill Yarinacocha (N-313),220,1730,0.0159897,0.489305
Jose's Hill Yarinacocha (N-313),225,1725,0.016025,0.505313
Jose's Hill Yarinacocha (N-313),230,1720,0.0161103,0.52138
Jose's Hill Yarinacocha (N-313),235,1715,0.0160706,0.537471
Jose's Hill Yarinacocha (N-313),240,1710,0.0158803,0.553446
Jose's Hill Yarinacocha (N-313),245,1705,0.0154091,0.569091
Jose's Hill Yarinacocha (N-313),250,1700,0.0140962,0.583843
Jose's Hill Yarinacocha (N-313),255,1695,0.0124653,0.597124
Jose's Hill Yarinacocha (N-313),260,1690,0.0108756,0.608795
Jose's Hill Yarinacocha (N-313),265,1685,0.00984312,0.619154
Jose's Hill Yarinacocha (N-313),270,1680,0.0097728,0.628962
Jose's Hill Yarinacocha (N-313),275,1675,0.0106156,0.639156
Jose's Hill Yarinacocha (N-313),280,1670,0.0116228,0.650275
Jose's Hill Yarinacocha (N-313),285,1665,0.0124656,0.66232
Jose's Hill Yarinacocha (N-313),290,1660,0.01326,0.675182
Jose's Hill Yarinacocha (N-313),295,1655,0.0140453,0.688835
Jose's Hill Yarinacocha (N-313),300,1650,0.01515,0.703433
Jose's Hill Yarinacocha (N-313),305,1645,0.0154316,0.718723
Jose's Hill Yarinacocha (N-313),310,1640,0.0153944,0.734136
Jose's Hill Yarinacocha (N-313),315,1635,0.0153656,0.749516
Jose's Hill Yarinacocha (N-313),320,1630,0.0149462,0.764672
Jose's Hill Yarinacocha (N-313),325,1625,0.0144862,0.779389
Jose's Hill Yarinacocha (N-313),330,1620,0.0140312,0.793647
Jose's Hill Yarinacocha (N-313),335,1615,0.0131534,0.80724
Jose's Hill Yarinacocha (N-313),340,1610,0.0119047,0.819769
Jose's Hill Yarinacocha (N-313),345,1605,0.01091,0.831176
Jose's Hill Yarinacocha (N-313),350,1600,0.0105275,0.841895
Jose's Hill Yarinacocha (N-313),355,1595,0.0106841,0.852501
Jose's Hill Yarinacocha (N-313),360,1590,0.0103887,0.863037
Jose's Hill Yarinacocha (N-313),365,1585,0.00938842,0.872926
Jose's Hill Yarinacocha (N-313),370,1580,0.00866688,0.881953
Jose's Hill Yarinacocha (N-313),375,1575,0.00832719,0.89045
Jose's Hill Yarinacocha (N-313),380,1570,0.00828812,0.898758
Jose's Hill Yarinacocha (N-313),385,1565,0.00779249,0.906798
Jose's Hill Yarinacocha (N-313),390,1560,0.00735311,0.914371
Jose's Hill Yarinacocha (N-313),395,1555,0.00708,0.921588
Jose's Hill Yarinacocha (N-313),400,1550,0.00743344,0.928844
Jose's Hill Yarinacocha (N-313),405,1545,0.00727124,0.936197
Jose's Hill Yarinacocha (N-313),410,1540,0.00622562,0.942945
Jose's Hill Yarinacocha (N-313),415,1535,0.00482375,0.94847
Jose's Hill Yarinacocha (N-313),420,1530,0.00338155,0.952572
Jose's Hill Yarinacocha (N-313),425,1525,0.00277001,0.955648
Jose's Hill Yarinacocha (N-313),430,1520,0.00229844,0.958182
Jose's Hill Yarinacocha (N-313),435,1515,0.00191593,0.96029
Jose's Hill Yarinacocha (N-313),440,1510,0.00162157,0.962058
Jose's Hill Yarinacocha (N-313),445,1505,0.00148812,0.963613
Jose's Hill Yarinacocha (N-313),450,1500,0.00156969,0.965142
Jose's Hill Yarinacocha (N-313),455,1495,0.00166125,0.966758
Jose's Hill Yarinacocha (N-313),460,1490,0.00169094,0.968434
Jose's Hill Yarinacocha (N-313),465,1485,0.00191218,0.970235
Jose's Hill Yarinacocha (N-313),470,1480,0.0019303,0.972156
Jose's Hill Yarinacocha (N-313),475,1475,0.00169687,0.97397
Jose's Hill Yarinacocha (N-313),480,1470,0.00145687,0.975547
Jose's Hill Yarinacocha (N-313),485,1465,0.00134594,0.976948
Jose's Hill Yarinacocha (N-313),490,1460,0.00138906,0.978316
Jose's Hill Yarinacocha (N-313),495,1455,0.00149312,0.979757
Jose's Hill Yarinacocha (N-313),500,1450,0.00157249,0.98129
Jose's Hill Yarinacocha (N-313),505,1445,0.001635,0.982893
Jose's Hill Yarinacocha (N-313),510,1440,0.00175907,0.984591
Jose's Hill Yarinacocha (N-313),515,1435,0.00183562,0.986388
Jose's Hill Yarinacocha (N-313),520,1430,0.00189594,0.988254
Jose's Hill Yarinacocha (N-313),525,1425,0.001635,0.990019
Jose's Hill Yarinacocha (N-313),530,1420,0.00143718,0.991555
Jose's Hill Yarinacocha (N-313),535,1415,0.00111625,0.992832
Jose's Hill Yarinacocha (N-313),540,1410,0.000847805,0.993814
Jose's Hill Yarinacocha (N-313),545,1405,0.000599996,0.994538
Jose's Hill Yarinacocha (N-313),550,1400,0.000453747,0.995065
Jose's Hill Yarinacocha (N-313),555,1395,0.000396877,0.99549
Jose's Hill Yarinacocha (N-313),560,1390,0.00043406,0.995905
Jose's Hill Yarinacocha (N-313),565,1385,0.000456872,0.996351
Jose's Hill Yarinacocha (N-313),570,1380,0.000379688,0.996769
Jose's Hill Yarinacocha (N-313),575,1375,0.000321256,0.99712
Jose's Hill Yarinacocha (N-313),580,1370,0.000257507,0.997409
Jose's Hill Yarinacocha (N-313),585,1365,0.000214058,0.997645
Jose's Hill Yarinacocha (N-313),590,1360,0.000196562,0.99785
Jose's Hill Yarinacocha (N-313),595,1355,0.000158123,0.998028
Jose's Hill Yarinacocha (N-313),600,1350,0.000125306,0.998169
Jose's Hill Yarinacocha (N-313),605,1345,9.12488e-05,0.998278
Jose's Hill Yarinacocha (N-313),610,1340,8.59324e-05,0.998366
Jose's Hill Yarinacocha (N-313),615,1335,8.31292e-05,0.998451
Jose's Hill Yarinacocha (N-313),620,1330,7.78128e-05,0.998531
Jose's Hill Yarinacocha (N-313),625,1325,9.56308e-05,0.998618
Jose's Hill Yarinacocha (N-313),630,1320,9.6243e-05,0.998714
Jose's Hill Yarinacocha (N-313),635,1315,8.74951e-05,0.998806
Jose's Hill Yarinacocha (N-313),640,1310,6.84366e-05,0.998884
Jose's Hill Yarinacocha (N-313),645,1305,5.93826e-05,0.998948
Jose's Hill Yarinacocha (N-313),650,1300,4.56244e-05,0.999
Jose's Hill Yarinacocha (N-313),655,1295,5.15691e-05,0.999049
Jose's Hill Yarinacocha (N-313),660,1290,4.59305e-05,0.999097
Jose's Hill Yarinacocha (N-313),665,1285,4.84437e-05,0.999145
Jose's Hill Yarinacocha (N-313),670,1280,4.0308e-05,0.999189
Jose's Hill Yarinacocha (N-313),675,1275,4.06302e-05,0.999229
Jose's Hill Yarinacocha (N-313),680,1270,4.49961e-05,0.999272
Jose's Hill Yarinacocha (N-313),685,1265,3.87453e-05,0.999314
Jose's Hill Yarinacocha (N-313),690,1260,3.06257e-05,0.999349
Jose's Hill Yarinacocha (N-313),695,1255,3.71826e-05,0.999383
Jose's Hill Yarinacocha (N-313),700,1250,3.28167e-05,0.999418
Jose's Hill Yarinacocha (N-313),705,1245,2.87569e-05,0.999448
Jose's Hill Yarinacocha (N-313),710,1240,2.59376e-05,0.999476
Jose's Hill Yarinacocha (N-313),715,1235,3.8117e-05,0.999508
Jose's Hill Yarinacocha (N-313),720,1230,2.53093e-05,0.99954
Jose's Hill Yarinacocha (N-313),725,1225,2.93691e-05,0.999567
Jose's Hill Yarinacocha (N-313),730,1220,2.6872e-05,0.999595
Jose's Hill Yarinacocha (N-313),735,1215,2.65659e-05,0.999622
Jose's Hill Yarinacocha (N-313),740,1210,2.43749e-05,0.999647
Jose's Hill Yarinacocha (N-313),745,1205,1.81241e-05,0.999668
Jose's Hill Yarinacocha (N-313),750,1200,1.84302e-05,0.999687
Jose's Hill Yarinacocha (N-313),755,1195,1.59331e-05,0.999704
Jose's Hill Yarinacocha (N-313),760,1190,1.5627e-05,0.99972
Jose's Hill Yarinacocha (N-313),765,1185,2.03151e-05,0.999738
Jose's Hill Yarinacocha (N-313),770,1180,1.49987e-05,0.999755
Jose's Hill Yarinacocha (N-313),775,1175,1.5627e-05,0.999771
Jose's Hill Yarinacocha (N-313),780,1170,1.28077e-05,0.999785
Jose's Hill Yarinacocha (N-313),785,1165,1.90585e-05,0.999801
Jose's Hill Yarinacocha (N-313),790,1160,1.5627e-05,0.999818
Jose's Hill Yarinacocha (N-313),795,1155,1.43704e-05,0.999833
Jose's Hill Yarinacocha (N-313),800,1150,1.25016e-05,0.999847
Jose's Hill Yarinacocha (N-313),805,1145,9.68229e-06,0.999858
Jose's Hill Yarinacocha (N-313),810,1140,1.49987e-05,0.99987
Jose's Hill Yarinacocha (N-313),815,1135,1.87524e-05,0.999887
Jose's Hill Yarinacocha (N-313),820,1130,1.15672e-05,0.999902
Jose's Hill Yarinacocha (N-313),825,1125,1.03106e-05,0.999913
Jose's Hill Yarinacocha (N-313),830,1120,1.06328e-05,0.999923
Jose's Hill Yarinacocha (N-313),835,1115,9.3762e-06,0.999933
Jose's Hill Yarinacocha (N-313),840,1110,5.9447e-06,0.999941
Jose's Hill Yarinacocha (N-313),845,1105,6.2508e-06,0.999947
Jose's Hill Yarinacocha (N-313),850,1100,7.1852e-06,0.999954
Jose's Hill Yarinacocha (N-313),855,1095,4.6881e-06,0.99996
Jose's Hill Yarinacocha (N-313),860,1090,5.9447e-06,0.999965
Jose's Hill Yarinacocha (N-313),865,1085,3.43149e-06,0.99997
Jose's Hill Yarinacocha (N-313),870,1080,3.1254e-06,0.999973
Jose's Hill Yarinacocha (N-313),875,1075,2.4971e-06,0.999976
Jose's Hill Yarinacocha (N-313),880,1070,3.1254e-06,0.999979
Jose's Hill Yarinacocha (N-313),885,1065,3.7537e-06,0.999982
Jose's Hill Yarinacocha (N-313),890,1060,2.4971e-06,0.999985
Jose's Hill Yarinacocha (N-313),895,1055,4.0598e-06,0.999989
Jose's Hill Yarinacocha (N-313),900,1050,2.191e-06,0.999992
Jose's Hill Yarinacocha (N-313),905,1045,9.34398e-07,0.999993
Jose's Hill Yarinacocha (N-313),910,1040,1.8688e-06,0.999995
Jose's Hill Yarinacocha (N-313),915,1035,9.34398e-07,0.999996
Jose's Hill Yarinacocha (N-313),920,1030,2.191e-06,0.999998
Jose's Hill Yarinacocha (N-313),925,1025,1.2566e-06,0.999999
Nueva Esperanza (N-312),450,1500,0,0
Nueva Esperanza (N-312),455,1495,1.25252e-06,6.2626e-07
Nueva Esperanza (N-312),460,1490,2.80971e-06,2.65737e-06
Nueva Esperanza (N-312),465,1485,6.2626e-07,4.37536e-06
Nueva Esperanza (N-312),470,1480,2.18345e-06,5.78021e-06
Nueva Esperanza (N-312),475,1475,2.50504e-06,8.12445e-06
Nueva Esperanza (N-312),480,1470,1.55719e-06,1.01556e-05
Nueva Esperanza (N-312),485,1465,2.18345e-06,1.20259e-05
Nueva Esperanza (N-312),490,1460,4.06223e-06,1.51487e-05
Nueva Esperanza (N-312),495,1455,2.80971e-06,1.85847e-05
Nueva Esperanza (N-312),500,1450,1.87878e-06,2.09289e-05
Nueva Esperanza (N-312),505,1445,4.68849e-06,2.42126e-05
Nueva Esperanza (N-312),510,1440,3.43597e-06,2.82748e-05
Nueva Esperanza (N-312),515,1435,1.87878e-06,3.09322e-05
Nueva Esperanza (N-312),520,1430,2.80971e-06,3.32764e-05
Nueva Esperanza (N-312),525,1425,1.55719e-06,3.54599e-05
Nueva Esperanza (N-312),530,1420,3.43597e-06,3.79564e-05
Nueva Esperanza (N-312),535,1415,4.36689e-06,4.18579e-05
Nueva Esperanza (N-312),540,1410,6.87193e-06,4.74773e-05
Nueva Esperanza (N-312),545,1405,6.56727e-06,5.41969e-05
Nueva Esperanza (N-312),550,1400,1.00032e-05,6.24821e-05
Nueva Esperanza (N-312),555,1395,1.34392e-05,7.42033e-05
Nueva Esperanza (N-312),560,1390,2.00065e-05,9.09262e-05
Nueva Esperanza (N-312),565,1385,2.99928e-05,0.000115926
Nueva Esperanza (N-312),570,1380,2.21899e-05,0.000142017
Nueva Esperanza (N-312),575,1375,2.68784e-05,0.000166551
Nueva Esperanza (N-312),580,1370,3.56291e-05,0.000197805
Nueva Esperanza (N-312),585,1365,4.56323e-05,0.000238436
Nueva Esperanza (N-312),590,1360,5.03208e-05,0.000286412
Nueva Esperanza (N-312),595,1355,6.49956e-05,0.000344071
Nueva Esperanza (N-312),600,1350,8.68809e-05,0.000420009
Nueva Esperanza (N-312),605,1345,0.000111254,0.000519076
Nueva Esperanza (N-312),610,1340,0.000181243,0.000665325
Nueva Esperanza (N-312),615,1335,0.000205938,0.000858915
Nueva Esperanza (N-312),620,1330,0.000239062,0.00108142
Nueva Esperanza (N-312),625,1325,0.000217194,0.00130954
Nueva Esperanza (N-312),630,1320,0.000214367,0.00152532
Nueva Esperanza (N-312),635,1315,0.000232495,0.00174875
Nueva Esperanza (N-312),640,1310,0.000252806,0.0019914
Nueva Esperanza (N-312),645,1305,0.000381562,0.00230859
Nueva Esperanza (N-312),650,1300,0.000564057,0.0027814
Nueva Esperanza (N-312),655,1295,0.000781877,0.00345436
Nueva Esperanza (N-312),660,1290,0.0010175,0.00435406
Nueva Esperanza (N-312),665,1285,0.00142657,0.00557609
Nueva Esperanza (N-312),670,1280,0.00180781,0.00719328
Nueva Esperanza (N-312),675,1275,0.00227063,0.0092325
Nueva Esperanza (N-312),680,1270,0.00276969,0.0117527
Nueva Esperanza (N-312),685,1265,0.00334812,0.0148116
Nueva Esperanza (N-312),690,1260,0.00406625,0.0185188
Nueva Esperanza (N-312),695,1255,0.00474937,0.0229266
Nueva Esperanza (N-312),700,1250,0.00516688,0.0278847
Nueva Esperanza (N-312),705,1245,0.005515,0.0332256
Nueva Esperanza (N-312),710,1240,0.00592813,0.0389472
Nueva Esperanza (N-312),715,1235,0.00629968,0.0450611
Nueva Esperanza (N-312),720,1230,0.00669656,0.0515592
Nueva Esperanza (N-312),725,1225,0.00686,0.0583375
Nueva Esperanza (N-312),730,1220,0.00719375,0.0653644
Nueva Esperanza (N-312),735,1215,0.00742438,0.0726734
Nueva Esperanza (N-312),740,1210,0.00716719,0.0799692
Nueva Esperanza (N-312),745,1205,0.00684531,0.0869755
Nueva Esperanza (N-312),750,1200,0.00642813,0.0936122
Nueva Esperanza (N-312),755,1195,0.00624469,0.0999486
Nueva Esperanza (N-312),760,1190,0.00606844,0.106105
Nueva Esperanza (N-312),765,1185,0.00609281,0.112186
Nueva Esperanza (N-312),770,1180,0.00626219,0.118363
Nueva Esperanza (N-312),775,1175,0.00779094,0.12539
Nueva Esperanza (N-312),780,1170,0.00983626,0.134203
Nueva Esperanza (N-312),785,1165,0.0108331,0.144538
Nueva Esperanza (N-312),790,1160,0.0115069,0.155708
Nueva Esperanza (N-312),795,1155,0.0113356,0.167129
Nueva Esperanza (N-312),800,1150,0.0119913,0.178793
Nueva Esperanza (N-312),805,1145,0.0124203,0.190999
Nueva Esperanza (N-312),810,1140,0.0126075,0.203513
Nueva Esperanza (N-312),815,1135,0.0126341,0.216133
Nueva Esperanza (N-312),820,1130,0.0127522,0.228826
Nueva Esperanza (N-312),825,1125,0.0126075,0.241506
Nueva Esperanza (N-312),830,1120,0.0130566,0.254338
Nueva Esperanza (N-312),835,1115,0.0133625,0.267548
Nueva Esperanza (N-312),840,1110,0.0135669,0.281013
Nueva Esperanza (N-312),845,1105,0.0139591,0.294776
Nueva Esperanza (N-312),850,1100,0.0142997,0.308905
Nueva Esperanza (N-312),855,1095,0.0143291,0.323219
Nueva Esperanza (N-312),860,1090,0.0144697,0.337619
Nueva Esperanza (N-312),865,1085,0.01468,0.352194
Nueva Esperanza (N-312),870,1080,0.0145969,0.366832
Nueva Esperanza (N-312),875,1075,0.0145766,0.381419
Nueva Esperanza (N-312),880,1070,0.0151306,0.396272
Nueva Esperanza (N-312),885,1065,0.0159647,0.41182
Nueva Esperanza (N-312),890,1060,0.0160397,0.427822
Nueva Esperanza (N-312),895,1055,0.0163063,0.443995
Nueva Esperanza (N-312),900,1050,0.0159341,0.460115
Nueva Esperanza (N-312),905,1045,0.0156285,0.475897
Nueva Esperanza (N-312),910,1040,0.015505,0.491463
Nueva Esperanza (N-312),915,1035,0.0156181,0.507025
Nueva Esperanza (N-312),920,1030,0.0155769,0.522622
Nueva Esperanza (N-312),925,1025,0.0159178,0.53837
Nueva Esperanza (N-312),930,1020,0.0161509,0.554404
Nueva Esperanza (N-312),935,1015,0.0164975,0.570728
Nueva Esperanza (N-312),940,1010,0.0165194,0.587237
Nueva Esperanza (N-312),945,1005,0.0167406,0.603867
Nueva Esperanza (N-312),950,1000,0.0168578,0.620666
Nueva Esperanza (N-312),955,995,0.0169019,0.637546
Nueva Esperanza (N-312),960,990,0.0169259,0.65446
Nueva Esperanza (N-312),965,985,0.0168106,0.671328
Nueva Esperanza (N-312),970,980,0.0165656,0.688016
Nueva Esperanza (N-312),975,975,0.0163819,0.70449
Nueva Esperanza (N-312),980,970,0.0161975,0.72078
Nueva Esperanza (N-312),985,965,0.0159112,0.736834
Nueva Esperanza (N-312),990,960,0.0156566,0.752618
Nueva Esperanza (N-312),995,955,0.0144447,0.767669
Nueva Esperanza (N-312),1000,950,0.0132466,0.781514
Nueva Esperanza (N-312),1005,945,0.0125,0.794387
Nueva Esperanza (N-312),1010,940,0.0124341,0.806854
Nueva Esperanza (N-312),1015,935,0.0122984,0.819221
Nueva Esperanza (N-312),1020,930,0.011695,0.831217
Nueva Esperanza (N-312),1025,925,0.0108731,0.842502
Nueva Esperanza (N-312),1030,920,0.00964125,0.852759
Nueva Esperanza (N-312),1035,915,0.00843125,0.861795
Nueva Esperanza (N-312),1040,910,0.00778969,0.869905
Nueva Esperanza (N-312),1045,905,0.00692406,0.877262
Nueva Esperanza (N-312),1050,900,0.00629532,0.883872
Nueva Esperanza (N-312),1055,895,0.00571562,0.889877
Nueva Esperanza (N-312),1060,890,0.00508,0.895275
Nueva Esperanza (N-312),1065,885,0.00488156,0.900256
Nueva Esperanza (N-312),1070,880,0.00452375,0.904959
Nueva Esperanza (N-312),1075,875,0.00407563,0.909258
Nueva Esperanza (N-312),1080,870,0.00388813,0.91324
Nueva Esperanza (N-312),1085,865,0.00395625,0.917162
Nueva Esperanza (N-312),1090,860,0.00401781,0.92115
Nueva Esperanza (N-312),1095,855,0.00404687,0.925182
Nueva Esperanza (N-312),1100,850,0.00395656,0.929184
Nueva Esperanza (N-312),1105,845,0.00382687,0.933075
Nueva Esperanza (N-312),1110,840,0.00381125,0.936894
Nueva Esperanza (N-312),1115,835,0.00382218,0.940711
Nueva Esperanza (N-312),1120,830,0.00361469,0.944429
Nueva Esperanza (N-312),1125,825,0.00353437,0.948004
Nueva Esperanza (N-312),1130,820,0.00342595,0.951484
Nueva Esperanza (N-312),1135,815,0.00331688,0.954856
Nueva Esperanza (N-312),1140,810,0.00323531,0.958132
Nueva Esperanza (N-312),1145,805,0.00314719,0.961323
Nueva Esperanza (N-312),1150,800,0.00297,0.964382
Nueva Esperanza (N-312),1155,795,0.00272125,0.967227
Nueva Esperanza (N-312),1160,790,0.00235469,0.969765
Nueva Esperanza (N-312),1165,785,0.00214531,0.972015
Nueva Esperanza (N-312),1170,780,0.00200126,0.974088
Nueva Esperanza (N-312),1175,775,0.00189313,0.976036
Nueva Esperanza (N-312),1180,770,0.00172875,0.977847
Nueva Esperanza (N-312),1185,765,0.0014875,0.979455
Nueva Esperanza (N-312),1190,760,0.00146719,0.980932
Nueva Esperanza (N-312),1195,755,0.00132093,0.982326
Nueva Esperanza (N-312),1200,750,0.00125844,0.983616
Nueva Esperanza (N-312),1205,745,0.00115406,0.984822
Nueva Esperanza (N-312),1210,740,0.00109,0.985944
Nueva Esperanza (N-312),1215,735,0.00102375,0.987001
Nueva Esperanza (N-312),1220,730,0.000961258,0.987993
Nueva Esperanza (N-312),1225,725,0.000850309,0.988899
Nueva Esperanza (N-312),1230,720,0.000798126,0.989723
Nueva Esperanza (N-312),1235,715,0.000702494,0.990474
Nueva Esperanza (N-312),1240,710,0.000659367,0.991155
Nueva Esperanza (N-312),1245,705,0.000615935,0.991792
Nueva Esperanza (N-312),1250,700,0.000546556,0.992374
Nueva Esperanza (N-312),1255,695,0.000524687,0.992909
Nueva Esperanza (N-312),1260,690,0.000466564,0.993405
Nueva Esperanza (N-312),1265,685,0.000445626,0.993861
Nueva Esperanza (N-312),1270,680,0.000426872,0.994297
Nueva Esperanza (N-312),1275,675,0.00036687,0.994694
Nueva Esperanza (N-312),1280,670,0.000338434,0.995047
Nueva Esperanza (N-312),1285,665,0.000332815,0.995382
Nueva Esperanza (N-312),1290,660,0.000299064,0.995698
Nueva Esperanza (N-312),1295,655,0.000285625,0.995991
Nueva Esperanza (N-312),1300,650,0.000258121,0.996262
Nueva Esperanza (N-312),1305,645,0.00023781,0.99651
Nueva Esperanza (N-312),1310,640,0.000225318,0.996742
Nueva Esperanza (N-312),1315,635,0.000213758,0.996962
Nueva Esperanza (N-312),1320,630,0.000188758,0.997163
Nueva Esperanza (N-312),1325,625,0.000165942,0.99734
Nueva Esperanza (N-312),1330,620,0.000168752,0.997507
Nueva Esperanza (N-312),1335,615,0.000144378,0.997664
Nueva Esperanza (N-312),1340,610,0.000159375,0.997816
Nueva Esperanza (N-312),1345,605,0.000135306,0.997963
Nueva Esperanza (N-312),1350,600,0.000130313,0.998096
Nueva Esperanza (N-312),1355,595,0.000122493,0.998222
Nueva Esperanza (N-312),1360,590,0.000124067,0.998346
Nueva Esperanza (N-312),1365,585,0.000103756,0.99846
Nueva Esperanza (N-312),1370,580,8.53068e-05,0.998554
Nueva Esperanza (N-312),1375,575,9.43791e-05,0.998644
Nueva Esperanza (N-312),1380,570,9.90675e-05,0.998741
Nueva Esperanza (N-312),1385,565,7.28154e-05,0.998827
Nueva Esperanza (N-312),1390,560,6.31168e-05,0.998895
Nueva Esperanza (N-312),1395,555,6.81269e-05,0.99896
Nueva Esperanza (N-312),1400,550,6.81269e-05,0.999028
Nueva Esperanza (N-312),1405,545,6.40647e-05,0.999095
Nueva Esperanza (N-312),1410,540,5.71928e-05,0.999155
Nueva Esperanza (N-312),1415,535,3.9996e-05,0.999204
Nueva Esperanza (N-312),1420,530,5.34352e-05,0.99925
Nueva Esperanza (N-312),1425,525,4.37536e-05,0.999299
Nueva Esperanza (N-312),1430,520,5.1878e-05,0.999347
Nueva Esperanza (N-312),1435,515,3.96913e-05,0.999393
Nueva Esperanza (N-312),1440,510,4.68679e-05,0.999436
Nueva Esperanza (N-312),1445,505,4.5937e-05,0.999482
Nueva Esperanza (N-312),1450,500,3.53075e-05,0.999523
Nueva Esperanza (N-312),1455,495,4.15701e-05,0.999561
Nueva Esperanza (N-312),1460,490,3.34457e-05,0.999599
Nueva Esperanza (N-312),1465,485,3.03144e-05,0.999631
Nueva Esperanza (N-312),1470,480,3.09406e-05,0.999661
Nueva Esperanza (N-312),1475,475,3.12453e-05,0.999693
Nueva Esperanza (N-312),1480,470,2.18683e-05,0.999719
Nueva Esperanza (N-312),1485,465,1.68752e-05,0.999738
Nueva Esperanza (N-312),1490,460,1.93802e-05,0.999757
Nueva Esperanza (N-312),1495,455,1.81277e-05,0.999775
Nueva Esperanza (N-312),1500,450,1.81277e-05,0.999793
Nueva Esperanza (N-312),1505,445,1.49964e-05,0.99981
Nueva Esperanza (N-312),1510,440,1.93802e-05,0.999827
Nueva Esperanza (N-312),1515,435,1.84324e-05,0.999846
Nueva Esperanza (N-312),1520,430,1.34392e-05,0.999862
Nueva Esperanza (N-312),1525,425,1.78061e-05,0.999878
Nueva Esperanza (N-312),1530,420,9.68164e-06,0.999891
Nueva Esperanza (N-312),1535,415,1.1882e-05,0.999902
Nueva Esperanza (N-312),1540,410,3.1313e-06,0.99991
Nueva Esperanza (N-312),1545,405,1.09342e-05,0.999917
Nueva Esperanza (N-312),1550,400,1.00032e-05,0.999927
Nueva Esperanza (N-312),1555,395,4.99315e-06,0.999935
Nueva Esperanza (N-312),1560,390,6.2626e-07,0.999938
Nueva Esperanza (N-312),1565,385,4.99315e-06,0.99994
Nueva Esperanza (N-312),1570,380,5.31475e-06,0.999945
Nueva Esperanza (N-312),1575,375,2.80971e-06,0.99995
Nueva Esperanza (N-312),1580,370,4.68849e-06,0.999953
Nueva Esperanza (N-312),1585,365,1.87878e-06,0.999957
Nueva Esperanza (N-312),1590,360,6.56727e-06,0.999961
Nueva Esperanza (N-312),1595,355,5.61941e-06,0.999967
Nueva Esperanza (N-312),1600,350,6.2626e-07,0.99997
Nueva Esperanza (N-312),1605,345,3.1313e-06,0.999972
Nueva Esperanza (N-312),1610,340,3.1313e-06,0.999975
Nueva Esperanza (N-312),1615,335,4.36689e-06,0.999979
Nueva Esperanza (N-312),1620,330,5.61941e-06,0.999984
Nueva Esperanza (N-312),1625,325,4.06223e-06,0.999989
Nueva Esperanza (N-312),1630,320,3.75756e-06,0.999993
Nueva Esperanza (N-312),1635,315,2.50504e-06,0.999996
Nueva Esperanza (N-312),1640,310,2.18345e-06,0.999998
Nueva Esperanza (N-312),1645,305,9.30927e-07,1
Start Cumancaya,-55,2005,0,0
Start Cumancaya,-50,2000,3.06929e-07,1.53465e-07
Start Cumancaya,-45,1995,9.38843e-07,7.76351e-07
Start Cumancaya,-40,1990,2.18462e-06,2.33808e-06
Start Cumancaya,-35,1985,1.57076e-06,4.21577e-06
Start Cumancaya,-30,1980,2.49154e-06,6.24692e-06
Start Cumancaya,-25,1975,2.81653e-06,8.90095e-06
Start Cumancaya,-20,1970,2.49154e-06,1.1555e-05
Start Cumancaya,-15,1965,2.18462e-06,1.38931e-05
Start Cumancaya,-10,1960,3.43039e-06,1.67006e-05
Start Cumancaya,-5,1955,2.49154e-06,1.96615e-05
Start Cumancaya,0,1950,1.87769e-06,2.18462e-05
Start Cumancaya,5,1945,2.81653e-06,2.41933e-05
Start Cumancaya,10,1940,5.30807e-06,2.82556e-05
Start Cumancaya,15,1935,4.36923e-06,3.30942e-05
Start Cumancaya,20,1930,6.24692e-06,3.84023e-05
Start Cumancaya,25,1925,5.93999e-06,4.44957e-05
Start Cumancaya,30,1920,8.75652e-06,5.1844e-05
Start Cumancaya,35,1915,5.00114e-06,5.87228e-05
Start Cumancaya,40,1910,8.75652e-06,6.56016e-05
Start Cumancaya,45,1905,7.49269e-06,7.37262e-05
Start Cumancaya,50,1900,9.69536e-06,8.23203e-05
Start Cumancaya,55,1895,1.1555e-05,9.29454e-05
Start Cumancaya,60,1890,1.37577e-05,0.000105602
Start Cumancaya,65,1885,9.37037e-06,0.000117166
Start Cumancaya,70,1880,1.46965e-05,0.000129199
Start Cumancaya,75,1875,1.40646e-05,0.00014358
Start Cumancaya,80,1870,1.59423e-05,0.000158583
Start Cumancaya,85,1865,1.84338e-05,0.000175771
Start Cumancaya,90,1860,1.37577e-05,0.000191867
Start Cumancaya,95,1855,2.3128e-05,0.00021031
Start Cumancaya,100,1850,2.18823e-05,0.000232815
Start Cumancaya,105,1845,2.24961e-05,0.000255004
Start Cumancaya,110,1840,2.65584e-05,0.000279531
Start Cumancaya,115,1835,2.9068e-05,0.000307345
Start Cumancaya,120,1830,3.93772e-05,0.000341567
Start Cumancaya,125,1825,3.12526e-05,0.000376882
Start Cumancaya,130,1820,2.46807e-05,0.000404849
Start Cumancaya,135,1815,2.8743e-05,0.000431561
Start Cumancaya,140,1810,3.78065e-05,0.000464836
Start Cumancaya,145,1805,4.12549e-05,0.000504366
Start Cumancaya,150,1800,4.31326e-05,0.00054656
Start Cumancaya,155,1795,5.2503e-05,0.000594378
Start Cumancaya,160,1790,4.6563e-05,0.000643911
Start Cumancaya,165,1785,5.90568e-05,0.000696721
Start Cumancaya,170,1780,6.4383e-05,0.000758441
Start Cumancaya,175,1775,6.56287e-05,0.000823446
Start Cumancaya,180,1770,8.34306e-05,0.000897976
Start Cumancaya,185,1765,8.50014e-05,0.000982192
Start Cumancaya,190,1760,8.7186e-05,0.00106829
Start Cumancaya,195,1755,8.90637e-05,0.00115641
Start Cumancaya,200,1750,9.8741e-05,0.00125031
Start Cumancaya,205,1745,0.000101558,0.00135046
Start Cumancaya,210,1740,0.000107498,0.00145499
Start Cumancaya,215,1735,0.000114376,0.00156593
Start Cumancaya,220,1730,0.000126256,0.00168624
Start Cumancaya,225,1725,0.00013532,0.00181703
Start Cumancaya,230,1720,0.000144383,0.00195688
Start Cumancaya,235,1715,0.000154692,0.00210642
Start Cumancaya,240,1710,0.000165634,0.00226658
Start Cumancaya,245,1705,0.000181558,0.00244018
Start Cumancaya,250,1700,0.000204993,0.00263345
Start Cumancaya,255,1695,0.00020687,0.00283939
Start Cumancaya,260,1690,0.000208748,0.0030472
Start Cumancaya,265,1685,0.000227814,0.00326548
Start Cumancaya,270,1680,0.000229692,0.00349423
Start Cumancaya,275,1675,0.000226568,0.00372236
Start Cumancaya,280,1670,0.000270621,0.00397095
Start Cumancaya,285,1665,0.000267498,0.00424001
Start Cumancaya,290,1660,0.000290626,0.00451908
Start Cumancaya,295,1655,0.000306875,0.00481783
Start Cumancaya,300,1650,0.000315632,0.00512908
Start Cumancaya,305,1645,0.000335618,0.0054547
Start Cumancaya,310,1640,0.000371872,0.00580845
Start Cumancaya,315,1635,0.000374382,0.00618158
Start Cumancaya,320,1630,0.000394693,0.00656611
Start Cumancaya,325,1625,0.000406555,0.00696674
Start Cumancaya,330,1620,0.000431868,0.00738595
Start Cumancaya,335,1615,0.000476553,0.00784016
Start Cumancaya,340,1610,0.000501866,0.00832937
Start Cumancaya,345,1605,0.000509069,0.00883484
Start Cumancaya,350,1600,0.000531873,0.00935531
Start Cumancaya,355,1595,0.000555308,0.0098989
Start Cumancaya,360,1590,0.000628122,0.0104906
Start Cumancaya,365,1585,0.000638124,0.0111237
Start Cumancaya,370,1580,0.000660313,0.011773
Start Cumancaya,375,1575,0.00069032,0.0124483
Start Cumancaya,380,1570,0.000726881,0.0131569
Start Cumancaya,385,1565,0.000774383,0.0139075
Start Cumancaya,390,1560,0.00079,0.0146897
Start Cumancaya,395,1555,0.000832808,0.0155011
Start Cumancaya,400,1550,0.000887495,0.0163613
Start Cumancaya,405,1545,0.000947491,0.0172787
Start Cumancaya,410,1540,0.000998116,0.0182515
Start Cumancaya,415,1535,0.00100156,0.0192514
Start Cumancaya,420,1530,0.00105531,0.0202798
Start Cumancaya,425,1525,0.00111188,0.0213634
Start Cumancaya,430,1520,0.00116563,0.0225022
Start Cumancaya,435,1515,0.00118531,0.0236776
Start Cumancaya,440,1510,0.00125937,0.0249
Start Cumancaya,445,1505,0.00132781,0.0261936
Start Cumancaya,450,1500,0.00140312,0.027559
Start Cumancaya,455,1495,0.00145438,0.0289878
Start Cumancaya,460,1490,0.00153125,0.0304806
Start Cumancaya,465,1485,0.00156,0.0320262
Start Cumancaya,470,1480,0.00164,0.0336262
Start Cumancaya,475,1475,0.00169719,0.0352948
Start Cumancaya,480,1470,0.00181063,0.0370487
Start Cumancaya,485,1465,0.00185532,0.0388817
Start Cumancaya,490,1460,0.00191062,0.0407647
Start Cumancaya,495,1455,0.00202375,0.0427318
Start Cumancaya,500,1450,0.00208844,0.0447879
Start Cumancaya,505,1445,0.00222688,0.0469456
Start Cumancaya,510,1440,0.00228937,0.0492037
Start Cumancaya,515,1435,0.00239094,0.0515439
Start Cumancaya,520,1430,0.0025053,0.053992
Start Cumancaya,525,1425,0.0025853,0.0565373
Start Cumancaya,530,1420,0.0027125,0.0591862
Start Cumancaya,535,1415,0.00288093,0.0619829
Start Cumancaya,540,1410,0.00297406,0.0649104
Start Cumancaya,545,1405,0.00310186,0.0679484
Start Cumancaya,550,1400,0.00323094,0.0711148
Start Cumancaya,555,1395,0.00336812,0.0744143
Start Cumancaya,560,1390,0.00351032,0.0778535
Start Cumancaya,565,1385,0.00367812,0.0814477
Start Cumancaya,570,1380,0.00386625,0.0852199
Start Cumancaya,575,1375,0.00403061,0.0891683
Start Cumancaya,580,1370,0.00420125,0.0932843
Start Cumancaya,585,1365,0.00444687,0.0976083
Start Cumancaya,590,1360,0.00463936,0.102151
Start Cumancaya,595,1355,0.00481625,0.106879
Start Cumancaya,600,1350,0.00501499,0.111795
Start Cumancaya,605,1345,0.00521625,0.11691
Start Cumancaya,610,1340,0.00555062,0.122294
Start Cumancaya,615,1335,0.00574781,0.127943
Start Cumancaya,620,1330,0.00604624,0.13384
Start Cumancaya,625,1325,0.00633186,0.140029
Start Cumancaya,630,1320,0.00660312,0.146497
Start Cumancaya,635,1315,0.00692624,0.153261
Start Cumancaya,640,1310,0.00723812,0.160344
Start Cumancaya,645,1305,0.00748594,0.167706
Start Cumancaya,650,1300,0.007965,0.175431
Start Cumancaya,655,1295,0.00841687,0.183622
Start Cumancaya,660,1290,0.0086603,0.192161
Start Cumancaya,665,1285,0.00910623,0.201044
Start Cumancaya,670,1280,0.00965874,0.210426
Start Cumancaya,675,1275,0.0100087,0.22026
Start Cumancaya,680,1270,0.010599,0.230564
Start Cumancaya,685,1265,0.0107734,0.24125
Start Cumancaya,690,1260,0.0114162,0.252345
Start Cumancaya,695,1255,0.0116969,0.263902
Start Cumancaya,700,1250,0.0118837,0.275692
Start Cumancaya,705,1245,0.0123562,0.287812
Start Cumancaya,710,1240,0.0126712,0.300326
Start Cumancaya,715,1235,0.0130253,0.313174
Start Cumancaya,720,1230,0.0133097,0.326341
Start Cumancaya,725,1225,0.013504,0.339748
Start Cumancaya,730,1220,0.0139356,0.353468
Start Cumancaya,735,1215,0.0141056,0.367489
Start Cumancaya,740,1210,0.0142947,0.381689
Start Cumancaya,745,1205,0.014565,0.396119
Start Cumancaya,750,1200,0.0151119,0.410957
Start Cumancaya,755,1195,0.0153569,0.426191
Start Cumancaya,760,1190,0.0161734,0.441957
Start Cumancaya,765,1185,0.0164665,0.458277
Start Cumancaya,770,1180,0.0170484,0.475034
Start Cumancaya,775,1175,0.0175222,0.492319
Start Cumancaya,780,1170,0.0175975,0.509879
Start Cumancaya,785,1165,0.0178887,0.527622
Start Cumancaya,790,1160,0.0178715,0.545502
Start Cumancaya,795,1155,0.0179987,0.563438
Start Cumancaya,800,1150,0.0180547,0.581464
Start Cumancaya,805,1145,0.0178697,0.599426
Start Cumancaya,810,1140,0.0177659,0.617244
Start Cumancaya,815,1135,0.0175962,0.634925
Start Cumancaya,820,1130,0.0173634,0.652405
Start Cumancaya,825,1125,0.0170572,0.669615
Start Cumancaya,830,1120,0.0167178,0.686503
Start Cumancaya,835,1115,0.0166259,0.703175
Start Cumancaya,840,1110,0.0161275,0.719551
Start Cumancaya,845,1105,0.01554,0.735385
Start Cumancaya,850,1100,0.0151397,0.750725
Start Cumancaya,855,1095,0.014555,0.765572
Start Cumancaya,860,1090,0.0141487,0.779924
Start Cumancaya,865,1085,0.0131844,0.793591
Start Cumancaya,870,1080,0.0128072,0.806587
Start Cumancaya,875,1075,0.0120066,0.818993
Start Cumancaya,880,1070,0.0110534,0.830523
Start Cumancaya,885,1065,0.010255,0.841178
Start Cumancaya,890,1060,0.00963218,0.851121
Start Cumancaya,895,1055,0.00898873,0.860432
Start Cumancaya,900,1050,0.00843467,0.869143
Start Cumancaya,905,1045,0.00804812,0.877385
Start Cumancaya,910,1040,0.00763781,0.885228
Start Cumancaya,915,1035,0.00747655,0.892785
Start Cumancaya,920,1030,0.00693124,0.899989
Start Cumancaya,925,1025,0.00660469,0.906757
Start Cumancaya,930,1020,0.00642031,0.913269
Start Cumancaya,935,1015,0.00605657,0.919508
Start Cumancaya,940,1010,0.00571656,0.925394
Start Cumancaya,945,1005,0.00517936,0.930842
Start Cumancaya,950,1000,0.00486281,0.935863
Start Cumancaya,955,995,0.00445531,0.940522
Start Cumancaya,960,990,0.00412407,0.944812
Start Cumancaya,965,985,0.0038375,0.948793
Start Cumancaya,970,980,0.00352936,0.952476
Start Cumancaya,975,975,0.00326499,0.955873
Start Cumancaya,980,970,0.00304032,0.959026
Start Cumancaya,985,965,0.00270968,0.961901
Start Cumancaya,990,960,0.00257563,0.964544
Start Cumancaya,995,955,0.00235,0.967007
Start Cumancaya,1000,950,0.0021153,0.969239
Start Cumancaya,1005,945,0.0020303,0.971312
Start Cumancaya,1010,940,0.00183313,0.973244
Start Cumancaya,1015,935,0.00175719,0.975039
Start Cumancaya,1020,930,0.00150188,0.976668
Start Cumancaya,1025,925,0.00139062,0.978115
Start Cumancaya,1030,920,0.00131563,0.979468
Start Cumancaya,1035,915,0.00121501,0.980733
Start Cumancaya,1040,910,0.00113125,0.981906
Start Cumancaya,1045,905,0.00106625,0.983005
Start Cumancaya,1050,900,0.000983438,0.98403
Start Cumancaya,1055,895,0.000956555,0.985
Start Cumancaya,1060,890,0.000853444,0.985905
Start Cumancaya,1065,885,0.000815945,0.98674
Start Cumancaya,1070,880,0.000742805,0.987519
Start Cumancaya,1075,875,0.000704999,0.988243
Start Cumancaya,1080,870,0.000683748,0.988937
Start Cumancaya,1085,865,0.000582191,0.98957
Start Cumancaya,1090,860,0.000562818,0.990143
Start Cumancaya,1095,855,0.000519686,0.990684
Start Cumancaya,1100,850,0.000506867,0.991197
Start Cumancaya,1105,845,0.000514071,0.991708
Start Cumancaya,1110,840,0.000476246,0.992203
Start Cumancaya,1115,835,0.000410004,0.992646
Start Cumancaya,1120,830,0.000405941,0.993054
Start Cumancaya,1125,825,0.000393122,0.993453
Start Cumancaya,1130,820,0.000386875,0.993843
Start Cumancaya,1135,815,0.000352806,0.994213
Start Cumancaya,1140,810,0.000359685,0.99457
Start Cumancaya,1145,805,0.000358746,0.994929
Start Cumancaya,1150,800,0.000297812,0.995257
Start Cumancaya,1155,795,0.000287503,0.99555
Start Cumancaya,1160,790,0.000248125,0.995818
Start Cumancaya,1165,785,0.000265006,0.996074
Start Cumancaya,1170,780,0.000224383,0.996319
Start Cumancaya,1175,775,0.000227507,0.996545
Start Cumancaya,1180,770,0.000243756,0.99678
Start Cumancaya,1185,765,0.000204993,0.997005
Start Cumancaya,1190,760,0.000190621,0.997203
Start Cumancaya,1195,755,0.000194377,0.997395
Start Cumancaya,1200,750,0.000195622,0.99759
Start Cumancaya,1205,745,0.000176557,0.997776
Start Cumancaya,1210,740,0.000152183,0.99794
Start Cumancaya,1215,735,0.000150305,0.998092
Start Cumancaya,1220,730,0.000106559,0.99822
Start Cumancaya,1225,725,0.000128748,0.998338
Start Cumancaya,1230,720,0.000119991,0.998462
Start Cumancaya,1235,715,0.000103128,0.998574
Start Cumancaya,1240,710,0.00010562,0.998678
Start Cumancaya,1245,705,8.56333e-05,0.998774
Start Cumancaya,1250,700,8.56333e-05,0.998859
Start Cumancaya,1255,695,9.84341e-05,0.998951
Start Cumancaya,1260,690,9.3126e-05,0.999047
Start Cumancaya,1265,685,8.74929e-05,0.999138
Start Cumancaya,1270,680,8.53083e-05,0.999224
Start Cumancaya,1275,675,9.3126e-05,0.999313
Start Cumancaya,1280,670,0.000100944,0.99941
Start Cumancaya,1285,665,9.15552e-05,0.999506
Start Cumancaya,1290,660,0.000110621,0.999608
Start Cumancaya,1295,655,6.9691e-05,0.999698
Start Cumancaya,1300,650,6.03207e-05,0.999763
Start Cumancaya,1305,645,4.31326e-05,0.999814
Start Cumancaya,1310,640,4.71949e-05,0.99986
Start Cumancaya,1315,635,3.65607e-05,0.999901
Start Cumancaya,1320,630,2.78042e-05,0.999934
Start Cumancaya,1325,625,1.93727e-05,0.999957
Start Cumancaya,1330,620,1.96796e-05,0.999977
Start Cumancaya,1335,615,4.69421e-06,0.999989
Start Cumancaya,1340,610,4.36923e-06,0.999993
Start Cumancaya,1345,605,4.36923e-06,0.999998
End Cumancaya,880,1070,0,0
End Cumancaya,885,1065,8.37538e-05,4.18769e-05
End Cumancaya,890,1060,7.24883e-05,0.000119998
End Cumancaya,895,1055,5.78008e-05,0.000185143
End Cumancaya,900,1050,7.71843e-05,0.000252635
End Cumancaya,905,1045,0.000101239,0.000341847
End Cumancaya,910,1040,0.000102488,0.00044371
End Cumancaya,915,1035,8.9374e-05,0.000539641
End Cumancaya,920,1030,0.000121572,0.000645114
End Cumancaya,925,1025,9.15721e-05,0.000751686
End Cumancaya,930,1020,0.000105935,0.000850439
End Cumancaya,935,1015,0.000118125,0.000962469
End Cumancaya,940,1010,9.65679e-05,0.00106981
End Cumancaya,945,1005,9.2821e-05,0.00116451
End Cumancaya,950,1000,0.000104061,0.00126295
End Cumancaya,955,995,8.75006e-05,0.00135873
End Cumancaya,960,990,0.000102813,0.00145389
End Cumancaya,965,985,9.93655e-05,0.00155498
End Cumancaya,970,980,0.000119998,0.00166466
End Cumancaya,975,975,9.99899e-05,0.00177465
End Cumancaya,980,970,9.8741e-05,0.00187402
End Cumancaya,985,965,0.00010531,0.00197604
End Cumancaya,990,960,0.000101239,0.00207932
End Cumancaya,995,955,0.000105935,0.00218291
End Cumancaya,1000,950,0.000110006,0.00229088
End Cumancaya,1005,945,0.000114677,0.00240322
End Cumancaya,1010,940,0.00014063,0.00253087
End Cumancaya,1015,935,0.000107184,0.00265478
End Cumancaya,1020,930,0.000122496,0.00276962
End Cumancaya,1025,925,0.000130614,0.00289617
End Cumancaya,1030,920,0.000145926,0.00303444
End Cumancaya,1035,915,0.000157191,0.003186
End Cumancaya,1040,910,0.00013531,0.00333225
End Cumancaya,1045,905,0.000160938,0.00348038
End Cumancaya,1050,900,0.000223435,0.00367256
End Cumancaya,1055,895,0.000212819,0.00389069
End Cumancaya,1060,890,0.000240945,0.00411757
End Cumancaya,1065,885,0.000243443,0.00435977
End Cumancaya,1070,880,0.00024157,0.00460227
End Cumancaya,1075,875,0.000267822,0.00485697
End Cumancaya,1080,870,0.000242194,0.00511198
End Cumancaya,1085,865,0.000255308,0.00536073
End Cumancaya,1090,860,0.000244992,0.00561088
End Cumancaya,1095,855,0.000209372,0.00583806
End Cumancaya,1100,850,0.000215617,0.00605055
End Cumancaya,1105,845,0.000213443,0.00626508
End Cumancaya,1110,840,0.000226258,0.00648493
End Cumancaya,1115,835,0.000185317,0.00669072
End Cumancaya,1120,830,0.000195009,0.00688088
End Cumancaya,1125,825,0.000218114,0.00708745
End Cumancaya,1130,820,0.000215317,0.00730416
End Cumancaya,1135,815,0.000185317,0.00750448
End Cumancaya,1140,810,0.000200629,0.00769745
End Cumancaya,1145,805,0.000164385,0.00787996
End Cumancaya,1150,800,0.000187191,0.00805575
End Cumancaya,1155,795,0.000179073,0.00823888
End Cumancaya,1160,790,0.000168756,0.00841279
End Cumancaya,1165,785,0.000180621,0.00858748
End Cumancaya,1170,780,0.000174676,0.00876513
End Cumancaya,1175,775,0.000190613,0.00894778
End Cumancaya,1180,770,0.000221886,0.00915403
End Cumancaya,1185,765,0.000212819,0.00937138
End Cumancaya,1190,760,0.000194385,0.00957498
End Cumancaya,1195,755,0.000196558,0.00977045
End Cumancaya,1200,750,0.000224384,0.00998092
End Cumancaya,1205,745,0.000236873,0.0102116
End Cumancaya,1210,740,0.000208747,0.0104344
End Cumancaya,1215,735,0.000214692,0.0106461
End Cumancaya,1220,730,0.00022968,0.0108683
End Cumancaya,1225,725,0.000238122,0.0111022
End Cumancaya,1230,720,0.000256257,0.0113494
End Cumancaya,1235,715,0.000290303,0.0116226
End Cumancaya,1240,710,0.00026405,0.0118998
End Cumancaya,1245,705,0.000312509,0.0121881
End Cumancaya,1250,700,0.000307488,0.0124981
End Cumancaya,1255,695,0.000292801,0.0127982
End Cumancaya,1260,690,0.000340011,0.0131146
End Cumancaya,1265,685,0.000339686,0.0134545
End Cumancaya,1270,680,0.000341559,0.0137951
End Cumancaya,1275,675,0.000357496,0.0141446
End Cumancaya,1280,670,0.000373432,0.0145101
End Cumancaya,1285,665,0.000444372,0.014919
End Cumancaya,1290,660,0.000574686,0.0154285
End Cumancaya,1295,655,0.000808762,0.0161203
End Cumancaya,1300,650,0.0010825,0.0170659
End Cumancaya,1305,645,0.00145436,0.0183343
End Cumancaya,1310,640,0.00209407,0.0201085
End Cumancaya,1315,635,0.00270407,0.0225076
End Cumancaya,1320,630,0.00330719,0.0255132
End Cumancaya,1325,625,0.00448781,0.0294107
End Cumancaya,1330,620,0.00600157,0.0346554
End Cumancaya,1335,615,0.00746313,0.0413878
End Cumancaya,1340,610,0.00871406,0.0494764
End Cumancaya,1345,605,0.00995531,0.0588111
End Cumancaya,1350,600,0.0112141,0.0693957
End Cumancaya,1355,595,0.0118988,0.0809521
End Cumancaya,1360,590,0.0125634,0.0931832
End Cumancaya,1365,585,0.0125969,0.105763
End Cumancaya,1370,580,0.0126178,0.118371
End Cumancaya,1375,575,0.0125466,0.130953
End Cumancaya,1380,570,0.0125078,0.14348
End Cumancaya,1385,565,0.0126212,0.156045
End Cumancaya,1390,560,0.0131028,0.168907
End Cumancaya,1395,555,0.0135381,0.182227
End Cumancaya,1400,550,0.0145797,0.196286
End Cumancaya,1405,545,0.0155909,0.211371
End Cumancaya,1410,540,0.0168288,0.227581
End Cumancaya,1415,535,0.0183272,0.245159
End Cumancaya,1420,530,0.0197566,0.264201
End Cumancaya,1425,525,0.0211819,0.28467
End Cumancaya,1430,520,0.0222431,0.306383
End Cumancaya,1435,515,0.0234484,0.329229
End Cumancaya,1440,510,0.0240156,0.352961
End Cumancaya,1445,505,0.0246972,0.377317
End Cumancaya,1450,500,0.0249788,0.402155
End Cumancaya,1455,495,0.0248634,0.427076
End Cumancaya,1460,490,0.0247825,0.451899
End Cumancaya,1465,485,0.0240447,0.476313
End Cumancaya,1470,480,0.0236438,0.500157
End Cumancaya,1475,475,0.0227194,0.523338
End Cumancaya,1480,470,0.0220359,0.545716
End Cumancaya,1485,465,0.0211772,0.567323
End Cumancaya,1490,460,0.0206181,0.58822
End Cumancaya,1495,455,0.0198231,0.608441
End Cumancaya,1500,450,0.0191047,0.627905
End Cumancaya,1505,445,0.0183331,0.646624
End Cumancaya,1510,440,0.017475,0.664528
End Cumancaya,1515,435,0.0167019,0.681616
End Cumancaya,1520,430,0.0156075,0.697771
End Cumancaya,1525,425,0.0149122,0.713031
End Cumancaya,1530,420,0.0139541,0.727464
End Cumancaya,1535,415,0.0133525,0.741117
End Cumancaya,1540,410,0.0126953,0.754141
End Cumancaya,1545,405,0.0120656,0.766522
End Cumancaya,1550,400,0.0114178,0.778263
End Cumancaya,1555,395,0.0109144,0.789429
End Cumancaya,1560,390,0.0102503,0.800012
End Cumancaya,1565,385,0.00980189,0.810038
End Cumancaya,1570,380,0.00944561,0.819662
End Cumancaya,1575,375,0.00888749,0.828828
End Cumancaya,1580,370,0.00858312,0.837563
End Cumancaya,1585,365,0.00810625,0.845908
End Cumancaya,1590,360,0.007695,0.853809
End Cumancaya,1595,355,0.00730751,0.86131
End Cumancaya,1600,350,0.00701126,0.868469
End Cumancaya,1605,345,0.00677781,0.875364
End Cumancaya,1610,340,0.00645938,0.881983
End Cumancaya,1615,335,0.00636344,0.888394
End Cumancaya,1620,330,0.00599625,0.894574
End Cumancaya,1625,325,0.00564562,0.900395
End Cumancaya,1630,320,0.00541812,0.905927
End Cumancaya,1635,315,0.00514312,0.911207
End Cumancaya,1640,310,0.00487093,0.916214
End Cumancaya,1645,305,0.00469563,0.920998
End Cumancaya,1650,300,0.00439281,0.925542
End Cumancaya,1655,295,0.00424561,0.929861
End Cumancaya,1660,290,0.0039425,0.933955
End Cumancaya,1665,285,0.00372063,0.937787
End Cumancaya,1670,280,0.00354751,0.941421
End Cumancaya,1675,275,0.00338062,0.944885
End Cumancaya,1680,270,0.00319531,0.948173
End Cumancaya,1685,265,0.00304124,0.951291
End Cumancaya,1690,260,0.00285812,0.954241
End Cumancaya,1695,255,0.00261125,0.956975
End Cumancaya,1700,250,0.00257563,0.959569
End Cumancaya,1705,245,0.00240688,0.96206
End Cumancaya,1710,240,0.00230906,0.964418
End Cumancaya,1715,235,0.00219843,0.966672
End Cumancaya,1720,230,0.00203187,0.968787
End Cumancaya,1725,225,0.00198062,0.970793
End Cumancaya,1730,220,0.00184688,0.972707
End Cumancaya,1735,215,0.00173937,0.9745
End Cumancaya,1740,210,0.00161375,0.976177
End Cumancaya,1745,205,0.00153187,0.977749
End Cumancaya,1750,200,0.00147282,0.979252
End Cumancaya,1755,195,0.00140938,0.980693
End Cumancaya,1760,190,0.00132,0.982058
End Cumancaya,1765,185,0.00121,0.983322
End Cumancaya,1770,180,0.00118469,0.98452
End Cumancaya,1775,175,0.00109562,0.98566
End Cumancaya,1780,170,0.00104406,0.98673
End Cumancaya,1785,165,0.00100437,0.987754
End Cumancaya,1790,160,0.000892816,0.988703
End Cumancaya,1795,155,0.000827196,0.989563
End Cumancaya,1800,150,0.000844057,0.990398
End Cumancaya,1805,145,0.000783134,0.991212
End Cumancaya,1810,140,0.000704676,0.991956
End Cumancaya,1815,135,0.000682195,0.992649
End Cumancaya,1820,130,0.000644677,0.993313
End Cumancaya,1825,125,0.000606559,0.993938
End Cumancaya,1830,120,0.000536868,0.99451
End Cumancaya,1835,115,0.000521556,0.995039
End Cumancaya,1840,110,0.000485937,0.995543
End Cumancaya,1845,105,0.00042344,0.995998
End Cumancaya,1850,100,0.000421566,0.99642
End Cumancaya,1855,95,0.000383449,0.996823
End Cumancaya,1860,90,0.000345631,0.997187
End Cumancaya,1865,85,0.000321551,0.997521
End Cumancaya,1870,80,0.00031126,0.997837
End Cumancaya,1875,75,0.000269696,0.998128
End Cumancaya,1880,70,0.000236574,0.998381
End Cumancaya,1885,65,0.000231253,0.998615
End Cumancaya,1890,60,0.00020625,0.998833
End Cumancaya,1895,55,0.000193136,0.999033
End Cumancaya,1900,50,0.000169681,0.999215
End Cumancaya,1905,45,0.000152495,0.999376
End Cumancaya,1910,40,0.000126243,0.999515
End Cumancaya,1915,35,0.000110631,0.999633
End Cumancaya,1920,30,8.99984e-05,0.999734
End Cumancaya,1925,25,7.18639e-05,0.999815
End Cumancaya,1930,20,5.65519e-05,0.999879
End Cumancaya,1935,15,4.18644e-05,0.999928
End Cumancaya,1940,10,2.96997e-05,0.999964
End Cumancaya,1945,5,1.84343e-05,0.999988
End Cumancaya,1950,0,2.8226e-06,0.999999
End Cumancaya,1955,-5,0,1
End Cumancaya,1960,-10,0,1
Start Caimito,-125,2075,0,0
Start Caimito,-120,2070,0,0
Start Caimito,-115,2065,3.04159e-07,1.5208e-07
Start Caimito,-110,2060,1.24705e-06,9.27686e-07
Start Caimito,-105,2055,0,1.55121e-06
Start Caimito,-100,2050,0,1.55121e-06
Start Caimito,-95,2045,0,1.55121e-06
Start Caimito,-90,2040,0,1.55121e-06
Start Caimito,-85,2035,0,1.55121e-06
Start Caimito,-80,2030,0,1.55121e-06
Start Caimito,-75,2025,3.04159e-07,1.70329e-06
Start Caimito,-70,2020,6.38734e-07,2.17474e-06
Start Caimito,-65,2015,0,2.49411e-06
Start Caimito,-60,2010,0,2.49411e-06
Start Caimito,-55,2005,0,2.49411e-06
Start Caimito,-50,2000,0,2.49411e-06
Start Caimito,-45,1995,0,2.49411e-06
Start Caimito,-40,1990,1.24705e-06,3.11763e-06
Start Caimito,-35,1985,6.38734e-07,4.06053e-06
Start Caimito,-30,1980,9.42894e-07,4.85134e-06
Start Caimito,-25,1975,0,5.32279e-06
Start Caimito,-20,1970,3.04159e-07,5.47487e-06
Start Caimito,-15,1965,6.38734e-07,5.94631e-06
Start Caimito,-10,1960,6.38734e-07,6.58505e-06
Start Caimito,-5,1955,3.04159e-07,7.05649e-06
Start Caimito,0,1950,1.55121e-06,7.98418e-06
Start Caimito,5,1945,6.38734e-07,9.07915e-06
Start Caimito,10,1940,9.42894e-07,9.86997e-06
Start Caimito,15,1935,1.24705e-06,1.09649e-05
Start Caimito,20,1930,2.49411e-06,1.28355e-05
Start Caimito,25,1925,2.18995e-06,1.51775e-05
Start Caimito,30,1920,1.88579e-06,1.72154e-05
Start Caimito,35,1915,1.88579e-06,1.91012e-05
Start Caimito,40,1910,2.49411e-06,2.12911e-05
Start Caimito,45,1905,4.07573e-06,2.45761e-05
Start Caimito,50,1900,1.55121e-06,2.73895e-05
Start Caimito,55,1895,1.55121e-06,2.89408e-05
Start Caimito,60,1890,3.13284e-06,3.12828e-05
Start Caimito,65,1885,1.88579e-06,3.37921e-05
Start Caimito,70,1880,2.18995e-06,3.583e-05
Start Caimito,75,1875,2.79827e-06,3.83241e-05
Start Caimito,80,1870,2.79827e-06,4.11223e-05
Start Caimito,85,1865,4.68405e-06,4.48635e-05
Start Caimito,90,1860,2.18995e-06,4.83005e-05
Start Caimito,95,1855,6.23526e-06,5.25131e-05
Start Caimito,100,1850,3.13284e-06,5.71971e-05
Start Caimito,105,1845,3.74116e-06,6.06341e-05
Start Caimito,110,1840,4.37989e-06,6.46947e-05
Start Caimito,115,1835,9.06395e-06,7.14166e-05
Start Caimito,120,1830,4.98821e-06,7.84427e-05
Start Caimito,125,1825,5.62695e-06,8.37502e-05
Start Caimito,130,1820,7.51273e-06,9.03201e-05
Start Caimito,135,1815,7.51273e-06,9.78328e-05
Start Caimito,140,1810,7.81689e-06,0.000105498
Start Caimito,145,1805,8.42521e-06,0.000113619
Start Caimito,150,1800,1.00068e-05,0.000122835
Start Caimito,155,1795,6.56984e-06,0.000131123
Start Caimito,160,1790,1.0311e-05,0.000139563
Start Caimito,165,1785,1.3748e-05,0.000151593
Start Caimito,170,1780,1.18622e-05,0.000164398
Start Caimito,175,1775,1.28051e-05,0.000176732
Start Caimito,180,1770,1.15581e-05,0.000188913
Start Caimito,185,1765,1.28051e-05,0.000201095
Start Caimito,190,1760,1.78237e-05,0.000216409
Start Caimito,195,1755,1.65767e-05,0.00023361
Start Caimito,200,1750,1.74892e-05,0.000250642
Start Caimito,205,1745,1.68808e-05,0.000267827
Start Caimito,210,1740,1.93749e-05,0.000285955
Start Caimito,215,1735,1.96791e-05,0.000305482
Start Caimito,220,1730,1.90708e-05,0.000324857
Start Caimito,225,1725,1.96791e-05,0.000344232
Start Caimito,230,1720,2.31161e-05,0.00036563
Start Caimito,235,1715,2.50019e-05,0.000389689
Start Caimito,240,1710,2.43632e-05,0.000414371
Start Caimito,245,1705,2.62489e-05,0.000439677
Start Caimito,250,1700,3.03247e-05,0.000467964
Start Caimito,255,1695,2.93818e-05,0.000497817
Start Caimito,260,1690,3.62558e-05,0.000530636
Start Caimito,265,1685,4.53197e-05,0.000571424
Start Caimito,270,1680,3.62558e-05,0.000612212
Start Caimito,275,1675,4.09398e-05,0.00065081
Start Caimito,280,1670,3.99969e-05,0.000691278
Start Caimito,285,1665,4.18827e-05,0.000732218
Start Caimito,290,1660,4.31298e-05,0.000774724
Start Caimito,295,1655,4.31298e-05,0.000817854
Start Caimito,300,1650,4.75097e-05,0.000863174
Start Caimito,305,1645,5.00038e-05,0.00091193
Start Caimito,310,1640,5.46878e-05,0.000964276
Start Caimito,315,1635,6.06189e-05,0.00102193
Start Caimito,320,1630,5.71819e-05,0.00108083
Start Caimito,325,1625,5.90677e-05,0.00113895
Start Caimito,330,1620,6.1866e-05,0.00119942
Start Caimito,335,1615,5.43837e-05,0.00125755
Start Caimito,340,1610,6.78275e-05,0.00131865
Start Caimito,345,1605,7.12645e-05,0.0013882
Start Caimito,350,1600,8.09368e-05,0.0014643
Start Caimito,355,1595,6.9987e-05,0.00153976
Start Caimito,360,1590,7.9051e-05,0.00161428
Start Caimito,365,1585,8.56208e-05,0.00169662
Start Caimito,370,1580,8.5925e-05,0.00178239
Start Caimito,375,1575,9.12478e-05,0.00187097
Start Caimito,380,1570,9.68747e-05,0.00196504
Start Caimito,385,1565,9.93688e-05,0.00206316
Start Caimito,390,1560,0.000112174,0.00216893
Start Caimito,395,1555,0.000106243,0.00227814
Start Caimito,400,1550,0.000113451,0.00238798
Start Caimito,405,1545,0.00011406,0.00250174
Start Caimito,410,1540,0.000126865,0.0026222
Start Caimito,415,1535,0.000125314,0.00274829
Start Caimito,420,1530,0.000118135,0.00287002
Start Caimito,425,1525,0.000146574,0.00300237
Start Caimito,430,1520,0.000136567,0.00314394
Start Caimito,435,1515,0.000143441,0.00328395
Start Caimito,440,1510,0.000140947,0.00342614
Start Caimito,445,1505,0.000153448,0.00357334
Start Caimito,450,1500,0.000159684,0.0037299
Start Caimito,455,1495,0.000160931,0.00389021
Start Caimito,460,1490,0.000164063,0.00405271
Start Caimito,465,1485,0.000172185,0.00422083
Start Caimito,470,1480,0.000185324,0.00439959
Start Caimito,475,1475,0.000163759,0.00457413
Start Caimito,480,1470,0.000180306,0.00474616
Start Caimito,485,1465,0.000192198,0.00493241
Start Caimito,490,1460,0.00018718,0.0051221
Start Caimito,495,1455,0.000199376,0.00531538
Start Caimito,500,1450,0.000205307,0.00551772
Start Caimito,505,1445,0.00020844,0.0057246
Start Caimito,510,1440,0.000228758,0.0059432
Start Caimito,515,1435,0.000214676,0.00616491
Start Caimito,520,1430,0.000223435,0.00638397
Start Caimito,525,1425,0.00024281,0.00661709
Start Caimito,530,1420,0.00023624,0.00685662
Start Caimito,535,1415,0.00027061,0.00711004
Start Caimito,540,1410,0.000254064,0.00737238
Start Caimito,545,1405,0.000276572,0.0076377
Start Caimito,550,1400,0.000274382,0.00791317
Start Caimito,555,1395,0.000279674,0.0081902
Start Caimito,560,1390,0.000275629,0.00846785
Start Caimito,565,1385,0.000304068,0.0087577
Start Caimito,570,1380,0.000306562,0.00906302
Start Caimito,575,1375,0.000297194,0.0093649
Start Caimito,580,1370,0.000327488,0.00967724
Start Caimito,585,1365,0.000314379,0.00999817
Start Caimito,590,1360,0.000339381,0.0103251
Start Caimito,595,1355,0.000342818,0.0106661
Start Caimito,600,1350,0.000369371,0.0110222
Start Caimito,605,1345,0.00037001,0.0113919
Start Caimito,610,1340,0.000375302,0.0117646
Start Caimito,615,1335,0.000402494,0.0121535
Start Caimito,620,1330,0.000388138,0.0125488
Start Caimito,625,1325,0.000405931,0.0129458
Start Caimito,630,1320,0.000430629,0.0133641
Start Caimito,635,1315,0.000441883,0.0138004
Start Caimito,640,1310,0.000437807,0.0142402
Start Caimito,645,1305,0.000454992,0.0146866
Start Caimito,650,1300,0.000425002,0.0151266
Start Caimito,655,1295,0.000469683,0.015574
Start Caimito,660,1290,0.000473758,0.0160457
Start Caimito,665,1285,0.000499064,0.0165321
Start Caimito,670,1280,0.000504996,0.0170341
Start Caimito,675,1275,0.000501254,0.0175372
Start Caimito,680,1270,0.000552201,0.018064
Start Caimito,685,1265,0.000548764,0.0186145
Start Caimito,690,1260,0.000551562,0.0191646
Start Caimito,695,1255,0.000558436,0.0197196
Start Caimito,700,1250,0.000593445,0.0202956
Start Caimito,705,1245,0.000620302,0.0209024
Start Caimito,710,1240,0.000601262,0.0215132
Start Caimito,715,1235,0.0006172,0.0221224
Start Caimito,720,1230,0.000632499,0.0227473
Start Caimito,725,1225,0.000680313,0.0234037
Start Caimito,730,1220,0.000689985,0.0240888
Start Caimito,735,1215,0.000670002,0.0247688
Start Caimito,740,1210,0.000700935,0.0254543
Start Caimito,745,1205,0.000719063,0.0261643
Start Caimito,750,1200,0.000712797,0.0268802
Start Caimito,755,1195,0.000773447,0.0276234
Start Caimito,760,1190,0.000789689,0.0284049
Start Caimito,765,1185,0.000774055,0.0291868
Start Caimito,770,1180,0.000830324,0.029989
Start Caimito,775,1175,0.000833761,0.030821
Start Caimito,780,1170,0.000837502,0.0316567
Start Caimito,785,1165,0.000835008,0.0324929
Start Caimito,790,1160,0.000882488,0.0333517
Start Caimito,795,1155,0.000879051,0.0342324
Start Caimito,800,1150,0.000883126,0.0351135
Start Caimito,805,1145,0.000919686,0.0360149
Start Caimito,810,1140,0.000914698,0.0369321
Start Caimito,815,1135,0.000991255,0.0378851
Start Caimito,820,1130,0.000963759,0.0388626
Start Caimito,825,1125,0.000990008,0.0398395
Start Caimito,830,1120,0.00102842,0.0408487
Start Caimito,835,1115,0.00105376,0.0418898
Start Caimito,840,1110,0.00111155,0.0429725
Start Caimito,845,1105,0.00107219,0.0440643
Start Caimito,850,1100,0.00108999,0.0451454
Start Caimito,855,1095,0.00113126,0.046256
Start Caimito,860,1090,0.00114187,0.0473926
Start Caimito,865,1085,0.00113564,0.0485314
Start Caimito,870,1080,0.00115717,0.0496778
Start Caimito,875,1075,0.00120189,0.0508573
Start Caimito,880,1070,0.00121405,0.0520653
Start Caimito,885,1065,0.00123595,0.0532903
Start Caimito,890,1060,0.00128656,0.0545515
Start Caimito,895,1055,0.0013147,0.0558522
Start Caimito,900,1050,0.00132686,0.0571729
Start Caimito,905,1045,0.00133249,0.0585026
Start Caimito,910,1040,0.00138876,0.0598632
Start Caimito,915,1035,0.00141939,0.0612673
Start Caimito,920,1030,0.00145531,0.0627047
Start Caimito,925,1025,0.00142626,0.0641455
Start Caimito,930,1020,0.00147688,0.065597
Start Caimito,935,1015,0.00154032,0.0671056
Start Caimito,940,1010,0.00156374,0.0686577
Start Caimito,945,1005,0.0015347,0.0702069
Start Caimito,950,1000,0.00156563,0.071757
Start Caimito,955,995,0.00158312,0.0733314
Start Caimito,960,990,0.00168906,0.0749675
Start Caimito,965,985,0.00174095,0.0766825
Start Caimito,970,980,0.00174624,0.0784261
Start Caimito,975,975,0.00179186,0.0801951
Start Caimito,980,970,0.00182842,0.0820053
Start Caimito,985,965,0.00184406,0.0838415
Start Caimito,990,960,0.00192563,0.0857264
Start Caimito,995,955,0.00195876,0.0876686
Start Caimito,1000,950,0.00198844,0.0896422
Start Caimito,1005,945,0.0019722,0.0916225
Start Caimito,1010,940,0.00208845,0.0936528
Start Caimito,1015,935,0.00214688,0.0957705
Start Caimito,1020,930,0.00220814,0.097948
Start Caimito,1025,925,0.00227344,0.100189
Start Caimito,1030,920,0.00226781,0.102459
Start Caimito,1035,915,0.00231812,0.104752
Start Caimito,1040,910,0.00233311,0.107078
Start Caimito,1045,905,0.00249718,0.109493
Start Caimito,1050,900,0.00262626,0.112055
Start Caimito,1055,895,0.00261686,0.114676
Start Caimito,1060,890,0.00270468,0.117337
Start Caimito,1065,885,0.00276718,0.120073
Start Caimito,1070,880,0.00289189,0.122903
Start Caimito,1075,875,0.00286655,0.125782
Start Caimito,1080,870,0.00296939,0.1287
Start Caimito,1085,865,0.0030478,0.131708
Start Caimito,1090,860,0.00317031,0.134817
Start Caimito,1095,855,0.00327251,0.138039
Start Caimito,1100,850,0.00341312,0.141382
Start Caimito,1105,845,0.00361499,0.144896
Start Caimito,1110,840,0.00362436,0.148515
Start Caimito,1115,835,0.00367093,0.152163
Start Caimito,1120,830,0.00395687,0.155977
Start Caimito,1125,825,0.00406938,0.15999
Start Caimito,1130,820,0.00419186,0.164121
Start Caimito,1135,815,0.00439343,0.168413
Start Caimito,1140,810,0.00449751,0.172859
Start Caimito,1145,805,0.00470467,0.17746
Start Caimito,1150,800,0.00479282,0.182209
Start Caimito,1155,795,0.00511751,0.187164
Start Caimito,1160,790,0.0053272,0.192386
Start Caimito,1165,785,0.00553406,0.197817
Start Caimito,1170,780,0.00568906,0.203428
Start Caimito,1175,775,0.00620749,0.209377
Start Caimito,1180,770,0.00636219,0.215661
Start Caimito,1185,765,0.00670124,0.222193
Start Caimito,1190,760,0.00694438,0.229016
Start Caimito,1195,755,0.00727312,0.236125
Start Caimito,1200,750,0.00775779,0.24364
Start Caimito,1205,745,0.0082828,0.251661
Start Caimito,1210,740,0.00856655,0.260085
Start Caimito,1215,735,0.00894219,0.26884
Start Caimito,1220,730,0.00972312,0.278172
Start Caimito,1225,725,0.0100878,0.288078
Start Caimito,1230,720,0.0107194,0.298481
Start Caimito,1235,715,0.0114428,0.309562
Start Caimito,1240,710,0.0122437,0.321406
Start Caimito,1245,705,0.0129165,0.333986
Start Caimito,1250,700,0.0139041,0.347396
Start Caimito,1255,695,0.0152397,0.361968
Start Caimito,1260,690,0.0163509,0.377763
Start Caimito,1265,685,0.0177353,0.394806
Start Caimito,1270,680,0.0193744,0.413361
Start Caimito,1275,675,0.0211425,0.43362
Start Caimito,1280,670,0.0232515,0.455817
Start Caimito,1285,665,0.0249425,0.479914
Start Caimito,1290,660,0.0267038,0.505737
Start Caimito,1295,655,0.0285859,0.533382
Start Caimito,1300,650,0.0301172,0.562733
Start Caimito,1305,645,0.0304159,0.593
Start Caimito,1310,640,0.0297915,0.623103
Start Caimito,1315,635,0.0303253,0.653162
Start Caimito,1320,630,0.0295737,0.683111
Start Caimito,1325,625,0.0283962,0.712096
Start Caimito,1330,620,0.0271512,0.73987
Start Caimito,1335,615,0.0256759,0.766284
Start Caimito,1340,610,0.0242503,0.791247
Start Caimito,1345,605,0.0223016,0.814523
Start Caimito,1350,600,0.0200456,0.835696
Start Caimito,1355,595,0.0180872,0.854763
Start Caimito,1360,590,0.0163313,0.871972
Start Caimito,1365,585,0.0149669,0.887621
Start Caimito,1370,580,0.0140341,0.902122
Start Caimito,1375,575,0.0138675,0.916072
Start Caimito,1380,570,0.0141584,0.930085
Start Caimito,1385,565,0.0138059,0.944067
Start Caimito,1390,560,0.0126637,0.957302
Start Caimito,1395,555,0.010425,0.968847
Start Caimito,1400,550,0.00788061,0.977999
Start Caimito,1405,545,0.00582313,0.984851
Start Caimito,1410,540,0.00414812,0.989837
Start Caimito,1415,535,0.00299375,0.993408
Start Caimito,1420,530,0.0019503,0.99588
Start Caimito,1425,525,0.00128811,0.997499
Start Caimito,1430,520,0.000825944,0.998556
Start Caimito,1435,515,0.000465942,0.999202
Start Caimito,1440,510,0.000245304,0.999558
Start Caimito,1445,505,0.000110319,0.999736
Start Caimito,1450,500,4.71751e-05,0.999814
Start Caimito,1455,495,3.9054e-05,0.999857
Start Caimito,1460,490,1.52992e-05,0.999885
Start Caimito,1465,485,1.0311e-05,0.999897
Start Caimito,1470,480,2.21732e-05,0.999914
Start Caimito,1475,475,1.28051e-05,0.999931
Start Caimito,1480,470,1.00068e-05,0.999942
Start Caimito,1485,465,8.75979e-06,0.999952
Start Caimito,1490,460,9.06395e-06,0.999961
Start Caimito,1495,455,7.17816e-06,0.999969
Start Caimito,1500,450,1.00068e-05,0.999978
Start Caimito,1505,445,2.49411e-06,0.999984
Start Caimito,1510,440,4.37989e-06,0.999987
Start Caimito,1515,435,5.62695e-06,0.999992
Start Caimito,1520,430,9.42894e-07,0.999995
Start Caimito,1525,425,1.55121e-06,0.999997
Start Caimito,1530,420,6.38734e-07,0.999998
Start Caimito,1535,415,0,0.999998
Start Caimito,1540,410,3.04159e-07,0.999998
Start Caimito,1545,405,3.04159e-07,0.999999
Start Caimito,1550,400,1.24705e-06,0.999999
End Caimito,1225,725,0,0
End Caimito,1230,720,4.36246e-06,2.18123e-06
End Caimito,1235,715,1.31181e-05,1.09215e-05
End Caimito,1240,710,1.75113e-05,2.62362e-05
End Caimito,1245,705,2.0307e-05,4.51453e-05
End Caimito,1250,700,2.15665e-05,6.60821e-05
End Caimito,1255,695,3.31178e-05,9.34243e-05
End Caimito,1260,690,2.7803e-05,0.000123885
End Caimito,1265,685,3.62514e-05,0.000155912
End Caimito,1270,680,3.34251e-05,0.00019075
End Caimito,1275,675,7.21957e-05,0.000243561
End Caimito,1280,670,0.000189368,0.000374342
End Caimito,1285,665,0.000425002,0.000681527
End Caimito,1290,660,0.000921862,0.00135496
End Caimito,1295,655,0.00177905,0.00270542
End Caimito,1300,650,0.00279625,0.00499307
End Caimito,1305,645,0.0046078,0.00869509
End Caimito,1310,640,0.0065522,0.0142751
End Caimito,1315,635,0.00806438,0.0215834
End Caimito,1320,630,0.010205,0.0307181
End Caimito,1325,625,0.0125184,0.0420798
End Caimito,1330,620,0.0147934,0.0557357
End Caimito,1335,615,0.0170809,0.0716729
End Caimito,1340,610,0.0191512,0.089789
End Caimito,1345,605,0.0209941,0.109862
End Caimito,1350,600,0.0225137,0.131616
End Caimito,1355,595,0.02391,0.154827
End Caimito,1360,590,0.0244803,0.179023
End Caimito,1365,585,0.0248825,0.203704
End Caimito,1370,580,0.0243678,0.228329
End Caimito,1375,575,0.0239637,0.252495
End Caimito,1380,570,0.0240978,0.276526
End Caimito,1385,565,0.0248191,0.300984
End Caimito,1390,560,0.026695,0.326741
End Caimito,1395,555,0.0287153,0.354446
End Caimito,1400,550,0.0304281,0.384018
End Caimito,1405,545,0.0307194,0.414592
End Caimito,1410,540,0.0307216,0.445312
End Caimito,1415,535,0.0297781,0.475562
End Caimito,1420,530,0.0290475,0.504975
End Caimito,1425,525,0.0278813,0.533439
End Caimito,1430,520,0.0265206,0.56064
End Caimito,1435,515,0.0254325,0.586617
End Caimito,1440,510,0.0238547,0.61126
End Caimito,1445,505,0.0225588,0.634467
End Caimito,1450,500,0.0208044,0.656149
End Caimito,1455,495,0.0195087,0.676305
End Caimito,1460,490,0.0181444,0.695132
End Caimito,1465,485,0.0169084,0.712658
End Caimito,1470,480,0.0158834,0.729054
End Caimito,1475,475,0.0147959,0.744394
End Caimito,1480,470,0.0136947,0.758639
End Caimito,1485,465,0.0128913,0.771932
End Caimito,1490,460,0.01217,0.784463
End Caimito,1495,455,0.0113822,0.796239
End Caimito,1500,450,0.0108031,0.807332
End Caimito,1505,445,0.0100863,0.817776
End Caimito,1510,440,0.00941499,0.827527
End Caimito,1515,435,0.00887251,0.836671
End Caimito,1520,430,0.00834938,0.845282
End Caimito,1525,425,0.00786033,0.853386
End Caimito,1530,420,0.00750718,0.86107
End Caimito,1535,415,0.00707342,0.86836
End Caimito,1540,410,0.00659905,0.875197
End Caimito,1545,405,0.00626751,0.88163
End Caimito,1550,400,0.00586032,0.887694
End Caimito,1555,395,0.0055422,0.893395
End Caimito,1560,390,0.00526657,0.8988
End Caimito,1565,385,0.00506313,0.903964
End Caimito,1570,380,0.00472436,0.908858
End Caimito,1575,375,0.00450781,0.913474
End Caimito,1580,370,0.0041997,0.917828
End Caimito,1585,365,0.00410468,0.92198
End Caimito,1590,360,0.00388062,0.925973
End Caimito,1595,355,0.0036472,0.929737
End Caimito,1600,350,0.00354594,0.933333
End Caimito,1605,345,0.00339658,0.936805
End Caimito,1610,340,0.00312561,0.940066
End Caimito,1615,335,0.00303938,0.943148
End Caimito,1620,330,0.00292783,0.946132
End Caimito,1625,325,0.00274626,0.948969
End Caimito,1630,320,0.00267655,0.95168
End Caimito,1635,315,0.00249969,0.954268
End Caimito,1640,310,0.00235438,0.956695
End Caimito,1645,305,0.00228658,0.959016
End Caimito,1650,300,0.00212031,0.961219
End Caimito,1655,295,0.00204968,0.963304
End Caimito,1660,290,0.00196249,0.96531
End Caimito,1665,285,0.00184781,0.967216
End Caimito,1670,280,0.00171374,0.968996
End Caimito,1675,275,0.00171217,0.970709
End Caimito,1680,270,0.00160001,0.972365
End Caimito,1685,265,0.00149405,0.973912
End Caimito,1690,260,0.00143967,0.975379
End Caimito,1695,255,0.0014147,0.976806
End Caimito,1700,250,0.00129562,0.978162
End Caimito,1705,245,0.00124001,0.979429
End Caimito,1710,240,0.00117845,0.980639
End Caimito,1715,235,0.00114469,0.9818
End Caimito,1720,230,0.00104782,0.982896
End Caimito,1725,225,0.00102595,0.983933
End Caimito,1730,220,0.000951262,0.984922
End Caimito,1735,215,0.000904689,0.98585
End Caimito,1740,210,0.000878114,0.986741
End Caimito,1745,205,0.000816886,0.987589
End Caimito,1750,200,0.00077062,0.988383
End Caimito,1755,195,0.000748131,0.989142
End Caimito,1760,190,0.000704691,0.989868
End Caimito,1765,185,0.000686258,0.990564
End Caimito,1770,180,0.00064844,0.991231
End Caimito,1775,175,0.000620299,0.991866
End Caimito,1780,170,0.000556245,0.992454
End Caimito,1785,165,0.000524386,0.992994
End Caimito,1790,160,0.000518119,0.993515
End Caimito,1795,155,0.000465923,0.994007
End Caimito,1800,150,0.000461254,0.994471
End Caimito,1805,145,0.000434679,0.994919
End Caimito,1810,140,0.00039938,0.995336
End Caimito,1815,135,0.000365003,0.995718
End Caimito,1820,130,0.000353114,0.996077
End Caimito,1825,125,0.000343436,0.996426
End Caimito,1830,120,0.000314988,0.996755
End Caimito,1835,115,0.00030313,0.997064
End Caimito,1840,110,0.000277815,0.997354
End Caimito,1845,105,0.000241871,0.997614
End Caimito,1850,100,0.000262823,0.997866
End Caimito,1855,95,0.000222486,0.998109
End Caimito,1860,90,0.000212808,0.998327
End Caimito,1865,85,0.000192194,0.998529
End Caimito,1870,80,0.000185927,0.998718
End Caimito,1875,75,0.000174683,0.998899
End Caimito,1880,70,0.000147187,0.99906
End Caimito,1885,65,0.000122825,0.999195
End Caimito,1890,60,0.00012218,0.999317
End Caimito,1895,55,0.000107188,0.999432
End Caimito,1900,50,9.34243e-05,0.999532
End Caimito,1905,45,9.87391e-05,0.999628
End Caimito,1910,40,8.03062e-05,0.999718
End Caimito,1915,35,6.50068e-05,0.99979
End Caimito,1920,30,4.6236e-05,0.999846
End Caimito,1925,25,4.28259e-05,0.99989
End Caimito,1930,20,3.25034e-05,0.999928
End Caimito,1935,15,2.65742e-05,0.999958
End Caimito,1940,10,1.90474e-05,0.99998
End Caimito,1945,5,8.11049e-06,0.999994
End Caimito,1950,0,1.87402e-06,0.999999
End Caimito,1955,-5,0,1
End Caimito,1960,-10,0,1
