{
"type": "FeatureCollection",
"name": "polygons",
"crs": { "type": "name", "properties": { "name": "urn:ogc:def:crs:OGC:1.3:CRS84" } },
"features": [
{ "type": "Feature", "properties": { "fid": 1, "title": "Amahuaca", "glottocode": "amah1246", "layer": "full_polys", "path": "full_polys.gpkg|layername=full_polys", "subgroup": "Headwaters" }, "geometry": { "type": "MultiPolygon", "coordinates": [ [ [ [ -69.664188665129799, -12.593544920169007 ], [ -69.664172079554533, -12.593431035245658 ], [ -69.644111094153729, -12.489924626517313 ], [ -69.644082773283287, -12.489808832972161 ], [ -69.643995530743979, -12.489727599012861 ], [ -69.537893635189079, -12.400119927039622 ], [ -69.537809222795303, -12.400054614801203 ], [ -69.537719535241152, -12.39999675908952 ], [ -69.451757753400827, -12.349618001033768 ], [ -69.451639381652129, -12.349556908685161 ], [ -69.451510714126627, -12.349522429505972 ], [ -69.345493133147187, -12.32712915882372 ], [ -69.345365107217447, -12.327109007181305 ], [ -69.345235680484961, -12.327102265645653 ], [ -69.308148274505655, -12.327102265645653 ], [ -69.308031279014997, -12.327108013265546 ], [ -69.308025531395103, -12.327225008756251 ], [ -69.308025531395103, -12.47285726804129 ], [ -69.308031319292894, -12.472975999560934 ], [ -69.308126287330623, -12.473047496031377 ], [ -69.373989438097581, -12.51778006664658 ], [ -69.374090656228162, -12.517841905516097 ], [ -69.374209217183562, -12.517838376269145 ], [ -69.439607857653158, -12.512730799244384 ], [ -69.440107790435761, -12.512716843848612 ], [ -69.440606616427857, -12.512752901715771 ], [ -69.44109934482475, -12.512838612083238 ], [ -69.441581045828727, -12.512973117410079 ], [ -69.442046899972325, -12.513155071956831 ], [ -69.44249224633748, -12.513382655249766 ], [ -69.442912629188584, -12.513653590294913 ], [ -69.443303842552467, -12.513965166359618 ], [ -69.443661972299708, -12.514314266093695 ], [ -69.443983435305768, -12.514697396718832 ], [ -69.44426501530063, -12.515110724974198 ], [ -69.444503895047816, -12.515550115468598 ], [ -69.444697684531192, -12.516011172055491 ], [ -69.4448444448673, -12.516489281816879 ], [ -69.44494270770403, -12.51697966121602 ], [ -69.444991489911757, -12.517477403957198 ], [ -69.444990303419502, -12.517977530073715 ], [ -69.444939160098272, -12.518475035752958 ], [ -69.437299496613619, -12.568191091714018 ], [ -69.437287025670244, -12.568312870015482 ], [ -69.437383401077923, -12.568388350211405 ], [ -69.488874867994568, -12.604682922128321 ], [ -69.488984701280387, -12.604752001692869 ], [ -69.489113164047254, -12.604770240510328 ], [ -69.581804928220961, -12.612993538871631 ], [ -69.582270027276749, -12.613056920858952 ], [ -69.582727133070279, -12.613163638718397 ], [ -69.5831722169562, -12.613312751905312 ], [ -69.583601356242696, -12.613502946229064 ], [ -69.584010768763775, -12.613732545435504 ], [ -69.584396846212798, -12.613999525980423 ], [ -69.584756185943917, -12.614301534863809 ], [ -69.585085620960868, -12.614635910367722 ], [ -69.623900349181312, -12.65792125440384 ], [ -69.623980942275693, -12.658002761708081 ], [ -69.624046275685018, -12.657908579793109 ], [ -69.664132392377738, -12.59364531057874 ], [ -69.664188665129799, -12.593544920169007 ] ] ], [ [ [ -76.000141405807611, -8.99207460179562 ], [ -76.000151440269832, -8.991966698417198 ], [ -76.009497182841855, -8.80176084698139 ], [ -76.009493964372425, -8.801461989995266 ], [ -76.00015473046389, -8.669460162006379 ], [ -76.000140166639795, -8.669338989836909 ], [ -76.000113820568174, -8.669219823213524 ], [ -75.961348125305861, -8.527256885284288 ], [ -75.961316321945986, -8.527149881165673 ], [ -75.921092679920989, -8.402109822393925 ], [ -75.92107417179821, -8.402051047738684 ], [ -75.885298759180429, -8.285949767564986 ], [ -75.88517205889255, -8.285447454307384 ], [ -75.885098013043248, -8.284934727495218 ], [ -75.873657763920093, -8.160385768950695 ], [ -75.873619188043435, -8.160121669967017 ], [ -75.822670605184314, -7.906813000892725 ], [ -75.822590035692201, -7.906246208028969 ], [ -75.812558749801724, -7.786997894057591 ], [ -75.812538404889395, -7.786826851358412 ], [ -75.783817006912017, -7.600395253911557 ], [ -75.783797347484565, -7.600295109595755 ], [ -75.783761605900025, -7.600199517147392 ], [ -75.736406797936013, -7.487816242421432 ], [ -75.736359435355496, -7.487716463321691 ], [ -75.736295193016687, -7.487626618985648 ], [ -75.655936407895723, -7.385177191981433 ], [ -75.65585945809832, -7.385088114690867 ], [ -75.65576711624486, -7.385015114573818 ], [ -75.474833742874651, -7.255406091644827 ], [ -75.474735199259669, -7.255342329864737 ], [ -75.474622741243962, -7.255308720292681 ], [ -75.371646916820481, -7.229770163737991 ], [ -75.371242842095413, -7.229651682456345 ], [ -75.370850169667463, -7.22949962140986 ], [ -75.302361497711644, -7.199603152256083 ], [ -75.301928843878827, -7.199388856125504 ], [ -75.301518876209485, -7.199133829301945 ], [ -75.301135417441756, -7.198840449779666 ], [ -75.300782043131875, -7.198511453172156 ], [ -75.300462048313918, -7.198149907203947 ], [ -75.300178416775381, -7.197759183105658 ], [ -75.299933793234786, -7.197342924178995 ], [ -75.299730458681125, -7.196905011824836 ], [ -75.299570309104766, -7.196449529351158 ], [ -75.299454837818303, -7.195980723898285 ], [ -75.299385121532254, -7.195502966836488 ], [ -75.29936181031519, -7.195020713005193 ], [ -75.29936181031519, -7.184753065914695 ], [ -75.299385886681819, -7.184262980213047 ], [ -75.299457883913163, -7.183777614304614 ], [ -75.299577108636527, -7.183301642528423 ], [ -75.299742412652634, -7.18283964875287 ], [ -75.299952203993442, -7.182396082230564 ], [ -75.300204462253674, -7.181975214749596 ], [ -75.300496758048368, -7.181581099493877 ], [ -75.300826276409254, -7.181217532008762 ], [ -75.301189843894363, -7.180888013647881 ], [ -75.301583959150094, -7.180595717853182 ], [ -75.302004826631062, -7.180343459592953 ], [ -75.302448393153355, -7.180133668252139 ], [ -75.302910386928914, -7.179968364236034 ], [ -75.303386358705112, -7.179849139512679 ], [ -75.303871724613543, -7.179777142281334 ], [ -75.304361810315186, -7.179753065914695 ], [ -75.376864402373826, -7.179753065914695 ], [ -75.376981397864483, -7.179747318294802 ], [ -75.376987145484378, -7.179630322804098 ], [ -75.376987145484378, -7.159903653828996 ], [ -75.376981646946987, -7.159787530141508 ], [ -75.376905892575678, -7.159699347263805 ], [ -75.355510115567185, -7.137054576743292 ], [ -75.355421640955271, -7.136969822249015 ], [ -75.35530080614177, -7.13694957307414 ], [ -75.30967192675088, -7.131623028533999 ], [ -75.309168994067917, -7.131538126432837 ], [ -75.308677327708097, -7.131402428824133 ], [ -75.308202043944704, -7.131217347775308 ], [ -75.307748088573916, -7.130984809237168 ], [ -75.307320185449001, -7.130707233002487 ], [ -75.306922787323856, -7.130387507525681 ], [ -75.30656002951784, -7.130028959865592 ], [ -75.30623568688361, -7.129635321064156 ], [ -75.305953134526064, -7.129210687321235 ], [ -75.305715312681087, -7.128759477369621 ], [ -75.305524696119491, -7.128286386493757 ], [ -75.287901719060457, -7.077168540152765 ], [ -75.287857107267882, -7.077057177152432 ], [ -75.287746859891826, -7.077009875503959 ], [ -75.267841033104986, -7.069602001108207 ], [ -75.267735787485947, -7.069568086831302 ], [ -75.267625322169422, -7.069563164194146 ], [ -75.226593787007431, -7.069563164194146 ], [ -75.226052199143098, -7.069533745909117 ], [ -75.225516984313231, -7.069445837228228 ], [ -75.177931239247712, -7.058951491582978 ], [ -75.177456754612379, -7.05882208138838 ], [ -75.176997279157746, -7.058646681917956 ], [ -75.176557258449748, -7.058426990215382 ], [ -75.176140949823719, -7.058165131865258 ], [ -75.175752381193291, -7.057863640427437 ], [ -75.175395312079118, -7.057525432924048 ], [ -75.175073197234425, -7.057153781616417 ], [ -75.174789153219109, -7.056752282344933 ], [ -75.174545928246147, -7.056324819738188 ], [ -75.174345875591754, -7.05587552962801 ], [ -75.174190930826697, -7.055408759034012 ], [ -75.174082593089125, -7.054929024104855 ], [ -75.174021910579853, -7.054440966423114 ], [ -75.171570867468745, -7.021601270773204 ], [ -75.171557960500991, -7.02113106283021 ], [ -75.171589297441898, -7.020661722766284 ], [ -75.171664600944339, -7.020197404468141 ], [ -75.171783204535913, -7.019742217377442 ], [ -75.171944058517397, -7.019300190120239 ], [ -75.172145739253224, -7.018875234851691 ], [ -75.172386461771268, -7.018471112631593 ], [ -75.172664095560748, -7.018091400137182 ], [ -75.200082497120604, -6.984073995415674 ], [ -75.200251472947073, -6.983837385845238 ], [ -75.228860007767096, -6.938401147277879 ], [ -75.228917506354108, -6.938299286569956 ], [ -75.228866964010294, -6.93819380120213 ], [ -75.207553617266214, -6.898698566990936 ], [ -75.207376384088249, -6.89833581839386 ], [ -75.207228995321628, -6.897959953131398 ], [ -75.191582814336471, -6.852771116144932 ], [ -75.191544899699494, -6.852674750961033 ], [ -75.191499122049848, -6.852581862989964 ], [ -75.172921273481137, -6.818528088802218 ], [ -75.172857499282145, -6.818423959909498 ], [ -75.172736260415206, -6.818409430219766 ], [ -75.113489951458206, -6.814305182823794 ], [ -75.112988030173781, -6.814244794144254 ], [ -75.112494772411722, -6.814134030664148 ], [ -75.112015220682338, -6.813974024704216 ], [ -75.111554277380975, -6.813766411984702 ], [ -75.111116654671434, -6.813513314903602 ], [ -75.1107068263141, -6.813217320839659 ], [ -75.110328981931289, -6.812881455701926 ], [ -75.109986984177283, -6.812509152996291 ], [ -75.109684329250911, -6.812104218725186 ], [ -75.100397281915917, -6.798271802730885 ], [ -75.100143212985188, -6.797849865603097 ], [ -75.099931889272241, -6.797404978820065 ], [ -75.09976536130992, -6.796941459242126 ], [ -75.099645244965402, -6.796463804528817 ], [ -75.09957270576102, -6.795976649496823 ], [ -75.099548447564885, -6.795484721147072 ], [ -75.099548447564885, -6.767777090979019 ], [ -75.099574696697189, -6.767265424773231 ], [ -75.099653168487336, -6.766759130885017 ], [ -75.09978303900877, -6.76626352522448 ], [ -75.099962944666075, -6.765783811479043 ], [ -75.100190996512296, -6.765325026476535 ], [ -75.100464800082207, -6.764891987300251 ], [ -75.100781480533342, -6.764489240711241 ], [ -75.101137712830891, -6.76412101540891 ], [ -75.146750996340643, -6.72156860985416 ], [ -75.147247474715499, -6.721161791151314 ], [ -75.19860305525323, -6.684325162604112 ], [ -75.198856038969865, -6.684117283874004 ], [ -75.224522581478197, -6.660040833656923 ], [ -75.224604482192461, -6.659956134643005 ], [ -75.224558448602508, -6.659847679313385 ], [ -75.207417653195463, -6.624377374037615 ], [ -75.207356774066568, -6.624266422329939 ], [ -75.207237686587945, -6.624223588672333 ], [ -75.174428270975667, -6.614304676873764 ], [ -75.174297807042095, -6.61427282199396 ], [ -75.17416354620029, -6.614269723978524 ], [ -75.135951907416029, -6.615455888096163 ], [ -75.135456037457558, -6.615446671827348 ], [ -75.134963519948201, -6.615388375530037 ], [ -75.134479200707702, -6.6152815727744 ], [ -75.134007844894128, -6.61512731437974 ], [ -75.133554090119901, -6.614927118075619 ], [ -75.133122400822984, -6.614682953569089 ], [ -75.132717024341815, -6.614397223164994 ], [ -75.132341949126186, -6.614072738129984 ], [ -75.132000865495499, -6.613712691032797 ], [ -75.131697129330036, -6.613320624332975 ], [ -75.131433729052958, -6.612900395527028 ], [ -75.131213256227483, -6.612456139194999 ], [ -75.131037880058912, -6.611992226320835 ], [ -75.130909326052006, -6.611513221286806 ], [ -75.130828859033969, -6.611023836965105 ], [ -75.130797270710019, -6.610528888348472 ], [ -75.130814871873795, -6.610033245176067 ], [ -75.130881489349619, -6.609541784020702 ], [ -75.130996467696249, -6.609059340308829 ], [ -75.131158675655726, -6.608590660745376 ], [ -75.136434220547144, -6.595489336181944 ], [ -75.136649684229852, -6.595024522032042 ], [ -75.136911581453631, -6.594584196429005 ], [ -75.13721716254075, -6.59417298238291 ], [ -75.137563219173472, -6.593795197259512 ], [ -75.137946118078403, -6.593454807451907 ], [ -75.179876755946225, -6.559862281152696 ], [ -75.180272733341184, -6.559575663162831 ], [ -75.180694805974042, -6.559329081204781 ], [ -75.181138939708831, -6.559124892088873 ], [ -75.181600889551405, -6.558965047438093 ], [ -75.182076240222685, -6.55885107503463 ], [ -75.182560448359553, -6.558784064217458 ], [ -75.183048885939982, -6.558764655470527 ], [ -75.183536884517252, -6.558793034301061 ], [ -75.234551216947636, -6.564271973134002 ], [ -75.234671103032909, -6.564278885232085 ], [ -75.234742858411067, -6.564182595999648 ], [ -75.254746815511979, -6.534372476352359 ], [ -75.254854308773631, -6.534218611088138 ], [ -75.27340890560842, -6.508693866508511 ], [ -75.273480219723297, -6.508583980631457 ], [ -75.273513669670692, -6.508457324759248 ], [ -75.282087618203207, -6.467281969850172 ], [ -75.282105810801653, -6.467167773873274 ], [ -75.282031877869699, -6.467078860357229 ], [ -75.253442395860958, -6.43582958039864 ], [ -75.253358991322358, -6.435746748064194 ], [ -75.253242178377832, -6.435733623709479 ], [ -75.211856796434219, -6.433080417592561 ], [ -75.211360428935393, -6.433023583274252 ], [ -75.210872211325039, -6.432917496524039 ], [ -75.210397018179336, -6.432763216558008 ], [ -75.209939594032605, -6.432562283774195 ], [ -75.209504506005715, -6.432316704372588 ], [ -75.209096098206089, -6.432028930324354 ], [ -75.208718448354176, -6.431701834890295 ], [ -75.208375327069746, -6.43133868393297 ], [ -75.208070160224409, -6.430943103308906 ], [ -75.207805994736162, -6.43051904266648 ], [ -75.207585468147741, -6.430070736010907 ], [ -75.196841666423765, -6.405158970341317 ], [ -75.196663675703633, -6.40468043686444 ], [ -75.196535413543714, -6.40418624681671 ], [ -75.196458217333458, -6.403681553117456 ], [ -75.196432891997702, -6.403171618207578 ], [ -75.196459701603729, -6.402661759178072 ], [ -75.196538366607768, -6.402157292328732 ], [ -75.196668066769874, -6.401663477735092 ], [ -75.196847449706553, -6.401185464401623 ], [ -75.197074644992014, -6.400728236573063 ], [ -75.223111201233294, -6.354424932622806 ], [ -75.223167501403012, -6.354311587802184 ], [ -75.223173981352843, -6.354185196474126 ], [ -75.223173981352843, -6.257957027901565 ], [ -75.22319572333484, -6.257491252090441 ], [ -75.22326076019533, -6.257029527035038 ], [ -75.223368526322204, -6.256575868262493 ], [ -75.223518084495808, -6.256134221149154 ], [ -75.223708134039654, -6.255708426608455 ], [ -75.223937022132276, -6.255302187687293 ], [ -75.224202758181349, -6.254919037361392 ], [ -75.224503031135498, -6.25456230780975 ], [ -75.224835229583064, -6.25423510143536 ], [ -75.272318315406409, -6.211640429491559 ], [ -75.272401910168, -6.211557539377 ], [ -75.272308981579584, -6.211485268133033 ], [ -75.223942495528973, -6.177607814519734 ], [ -75.223560057106411, -6.177311355130286 ], [ -75.223208066624693, -6.176979315949738 ], [ -75.222889820788879, -6.17661480682142 ], [ -75.222608300255317, -6.176221241698702 ], [ -75.222366141715099, -6.175802306670282 ], [ -75.222165613199124, -6.175361925436668 ], [ -75.222008592835934, -6.174904222561229 ], [ -75.203250060246617, -6.110174951152962 ], [ -75.203209207175291, -6.110056718877293 ], [ -75.203125079666648, -6.109964142385755 ], [ -75.181745837748508, -6.088705924804119 ], [ -75.181660998221787, -6.08862920640746 ], [ -75.181560447480081, -6.0886837316859 ], [ -75.155681001258785, -6.104347347026296 ], [ -75.155577374428816, -6.104417565924003 ], [ -75.155558056918593, -6.104541243113914 ], [ -75.149332822312488, -6.16437362492665 ], [ -75.149258486063061, -6.164856984361531 ], [ -75.149137285322723, -6.165330769757895 ], [ -75.148970379556999, -6.165790448653028 ], [ -75.14875936546801, -6.166231623533906 ], [ -75.148506261719717, -6.16665007390595 ], [ -75.148213489626286, -6.16704179666834 ], [ -75.147883849988702, -6.167403044409639 ], [ -75.147520496300857, -6.167730361257356 ], [ -75.147126904581782, -6.168020615938517 ], [ -75.146706840122249, -6.168271031734952 ], [ -75.14626432146423, -6.168479213046735 ], [ -75.145803581957537, -6.168643168309669 ], [ -75.145329029261532, -6.168761329047558 ], [ -75.144845203179287, -6.168832564877021 ], [ -75.144356732227607, -6.16885619432129 ], [ -75.143868289358423, -6.168831991329548 ], [ -75.143384547254996, -6.168760187439448 ], [ -75.134445870984152, -6.166982801621509 ], [ -75.133958575217434, -6.166860162596525 ], [ -75.133486049708253, -6.166689232383052 ], [ -75.133033066916894, -6.166471737359116 ], [ -75.132604201924167, -6.166209874202663 ], [ -75.132203786223485, -6.165906287705333 ], [ -75.131835863973336, -6.165564044060324 ], [ -75.13150415115156, -6.165186599894154 ], [ -75.131211998024426, -6.164777767355079 ], [ -75.130962355309222, -6.164341675610771 ], [ -75.130757744372374, -6.16388272914415 ], [ -75.115816036250436, -6.125257465570605 ], [ -75.11566159907153, -6.124791424065732 ], [ -75.115553613142282, -6.124312482977941 ], [ -75.115493119643673, -6.123825260171497 ], [ -75.115480701843225, -6.123334453361515 ], [ -75.11551647947114, -6.122844794819434 ], [ -75.115600107565911, -6.122361005745296 ], [ -75.11573077980043, -6.121887750746783 ], [ -75.115907236256405, -6.121429592863909 ], [ -75.116127775572238, -6.120990949572995 ], [ -75.116390271347314, -6.120576050194163 ], [ -75.116692192644351, -6.120188895112977 ], [ -75.128267280654754, -6.106761452964622 ], [ -75.128341298988985, -6.106666659498077 ], [ -75.12838500848315, -6.106554614885306 ], [ -75.141918291948414, -6.066183618497129 ], [ -75.141952152837902, -6.066062385921711 ], [ -75.141922416663519, -6.065940076244469 ], [ -75.132918667645541, -6.035721720444958 ], [ -75.132880296067754, -6.035612627494455 ], [ -75.13277066141994, -6.035649422790783 ], [ -75.101637456603726, -6.047812386336743 ], [ -75.101113678440029, -6.04798438364491 ], [ -75.100574148654118, -6.048097671988955 ], [ -75.056995143796883, -6.054764775172211 ], [ -75.056883989417159, -6.054787065518993 ], [ -75.056808598614452, -6.054871731820244 ], [ -75.03046781134347, -6.087351046435546 ], [ -75.030131793416402, -6.08772521901598 ], [ -75.029759888145989, -6.088063744697588 ], [ -75.029355857921857, -6.088363198776279 ], [ -75.028923790126527, -6.088620551816874 ], [ -75.028468055785396, -6.088833200300467 ], [ -75.027993265347078, -6.088998992963 ], [ -75.027504222041728, -6.089116252558576 ], [ -75.027005873288999, -6.089183792827368 ], [ -75.026503260647331, -6.089200930496443 ], [ -75.026001468810946, -6.089167492192116 ], [ -75.025505574170339, -6.089083816193884 ], [ -75.00854818134431, -6.085336755745559 ], [ -75.008109613898128, -6.085218720925131 ], [ -75.007683566345136, -6.085061377014312 ], [ -74.971331795227769, -6.069726086717182 ], [ -74.970902508009559, -6.069520394961557 ], [ -74.970494726838339, -6.069274811716084 ], [ -74.970112147787432, -6.068991562914039 ], [ -74.940743722817004, -6.045002151040927 ], [ -74.940378495826906, -6.044672568303441 ], [ -74.94004742507974, -6.044308689621028 ], [ -74.939753715546061, -6.043914037565445 ], [ -74.939500210516684, -6.043492432613832 ], [ -74.939289364077823, -6.043047956164105 ], [ -74.939123217354009, -6.0425849110245 ], [ -74.939003378748794, -6.042107779759707 ], [ -74.938931008374325, -6.04162118129686 ], [ -74.93890680682081, -6.041129826211456 ], [ -74.93890680682081, -6.015438420476108 ], [ -74.9388991099907, -6.015300187580083 ], [ -74.938876114654676, -6.015163663628838 ], [ -74.928724306223103, -5.970291086073326 ], [ -74.928693073669635, -5.970178716990804 ], [ -74.928576664971786, -5.970185879268132 ], [ -74.918604399574093, -5.971287897865985 ], [ -74.918491135710909, -5.971305808305944 ], [ -74.918420318423131, -5.971395999205161 ], [ -74.900309610419839, -5.996824699125055 ], [ -74.899986297226576, -5.997232033403516 ], [ -74.899622423293508, -5.997603582049307 ], [ -74.899221925047229, -5.997935325610009 ], [ -74.898789135119941, -5.998223675248811 ], [ -74.898328735478742, -5.998465511568925 ], [ -74.897845706775456, -5.998658218359547 ], [ -74.897345274465522, -5.998799710898302 ], [ -74.861311699940387, -6.006990794047687 ], [ -74.860811475494913, -6.007078062301156 ], [ -74.860304979432499, -6.00711414529819 ], [ -74.859797435555876, -6.00709867089284 ], [ -74.859294078474534, -6.007031798682082 ], [ -74.858800099616957, -6.006914218359803 ], [ -74.858320593688333, -6.006747142603561 ], [ -74.857860506125661, -6.006532294567507 ], [ -74.845142546809171, -5.999786576207411 ], [ -74.844719664827252, -5.99953486094393 ], [ -74.844323576393606, -5.999242792977134 ], [ -74.843958118650477, -5.998913201741673 ], [ -74.843626832002585, -5.998549280182231 ], [ -74.843332925819055, -5.998154553821587 ], [ -74.843079247342445, -5.9977328466068 ], [ -74.842868254105767, -5.997288243864372 ], [ -74.842701990124922, -5.996825052723288 ], [ -74.842582066097194, -5.996347760389313 ], [ -74.842509643797328, -5.995860990674784 ], [ -74.842485424822883, -5.99536945920501 ], [ -74.842485424822883, -5.964652267303244 ], [ -74.842479797954368, -5.964535934826909 ], [ -74.842367421198958, -5.964505334638012 ], [ -74.822188476482168, -5.960045382017455 ], [ -74.822067630486501, -5.960024926521056 ], [ -74.821956245626851, -5.960076069409511 ], [ -74.798351475854943, -5.972373498865705 ], [ -74.798249402794966, -5.972433070548916 ], [ -74.7981962498408, -5.972538628393066 ], [ -74.773560686697408, -6.027931123548664 ], [ -74.77333279552434, -6.028380956737286 ], [ -74.773060753927425, -6.028805547898164 ], [ -74.772747328942771, -6.029200578356919 ], [ -74.772395708532301, -6.029562030112049 ], [ -74.77200946915778, -6.02988622670352 ], [ -74.771592539403343, -6.030169870607402 ], [ -74.771149160016336, -6.030410076776211 ], [ -74.770683840773188, -6.030604401983797 ], [ -74.770201314608713, -6.030750869676305 ], [ -74.769706489475737, -6.030847990076444 ], [ -74.769204398424449, -6.030894775336553 ], [ -74.768700148409394, -6.030890749586378 ], [ -74.737156130726873, -6.029045485612488 ], [ -74.736681395476012, -6.028994882125624 ], [ -74.736213650754067, -6.028899230955284 ], [ -74.735757161163136, -6.028759404188659 ], [ -74.735316088688108, -6.028576676678236 ], [ -74.734894454750304, -6.028352714418492 ], [ -74.73449610354271, -6.028089559356406 ], [ -74.734124666981018, -6.02778961077427 ], [ -74.733783531590078, -6.027455603414544 ], [ -74.733475807627798, -6.027090582546194 ], [ -74.73320430072765, -6.026697876199846 ], [ -74.732971486318718, -6.026281064824894 ], [ -74.73277948705632, -6.02584394864522 ], [ -74.732630053468938, -6.025390513011138 ], [ -74.729712852260036, -6.014873988046893 ], [ -74.729601377849221, -6.014373919314559 ], [ -74.729541662707547, -6.013865068272328 ], [ -74.729534333832731, -6.0133527777601 ], [ -74.729579468176567, -6.012842426731561 ], [ -74.729676591836963, -6.012339373776183 ], [ -74.729824685033833, -6.011848900855047 ], [ -74.730022192816534, -6.011376157841251 ], [ -74.730267041390661, -6.010926108447209 ], [ -74.730556659892372, -6.010503478106616 ], [ -74.775480339712985, -5.951657896607232 ], [ -74.775549720141242, -5.951556719550735 ], [ -74.775478277015765, -5.951456988309917 ], [ -74.706440652326464, -5.86477403988175 ], [ -74.706358105319168, -5.864680607014067 ], [ -74.706233488252536, -5.864676826020028 ], [ -74.653598487422897, -5.865767648031127 ], [ -74.65313382800133, -5.865755667929558 ], [ -74.652672288890429, -5.8657005902571 ], [ -74.652217858746297, -5.865602890999188 ], [ -74.651774464788801, -5.865463414480238 ], [ -74.651345938862207, -5.86528336606693 ], [ -74.650935984320185, -5.865064301751344 ], [ -74.650548144021045, -5.864808114703953 ], [ -74.637106238961252, -5.85500222201738 ], [ -74.636717176156807, -5.854687394619126 ], [ -74.636361536292313, -5.854335249133181 ], [ -74.636042882682275, -5.853949313862314 ], [ -74.635764408059416, -5.853533455664232 ], [ -74.63552890258525, -5.853091841207803 ], [ -74.635338725894229, -5.852628895225339 ], [ -74.635195783451479, -5.852149256179234 ], [ -74.635101507461115, -5.851657729787133 ], [ -74.635056842516377, -5.851159240871309 ], [ -74.635062236135269, -5.850658784014662 ], [ -74.637157029186255, -5.816273768897886 ], [ -74.637158390365485, -5.816150685659018 ], [ -74.637111906533548, -5.816036709390016 ], [ -74.599780192008367, -5.73612476566454 ], [ -74.599726268156331, -5.736022207714917 ], [ -74.599625848654711, -5.735964399078232 ], [ -74.566949527052813, -5.719147231187216 ], [ -74.566832922046515, -5.719094708260517 ], [ -74.566707630954895, -5.719120350562827 ], [ -74.540860879323162, -5.725829379761851 ], [ -74.540748699668185, -5.725864398316609 ], [ -74.540736796462184, -5.725981312335573 ], [ -74.539684541392717, -5.745874033423974 ], [ -74.539638410427926, -5.746336758128063 ], [ -74.539549490416803, -5.74679319591058 ], [ -74.539418550489771, -5.747239398726792 ], [ -74.539246723236431, -5.747671507061239 ], [ -74.539035494909044, -5.748085783311339 ], [ -74.538786692566887, -5.748478644116491 ], [ -74.514834989006033, -5.782670263467515 ], [ -74.514542398891905, -5.783048134828298 ], [ -74.514215069049271, -5.783396345848085 ], [ -74.513855989907782, -5.783711715330331 ], [ -74.513468441953293, -5.783991362113183 ], [ -74.5130559657579, -5.784232731391283 ], [ -74.512622329633814, -5.784433618056034 ], [ -74.512171495206786, -5.784592186841095 ], [ -74.511707581223334, -5.784706989089067 ], [ -74.511234825922557, -5.784776975986172 ], [ -74.45978096403681, -5.789896135927265 ], [ -74.459291049547204, -5.789920696926626 ], [ -74.45880108603717, -5.789897134060992 ], [ -74.458315789296691, -5.789825674117715 ], [ -74.457839830199177, -5.789707004882882 ], [ -74.457377789745252, -5.789542268521534 ], [ -74.45693411497173, -5.789333050584576 ], [ -74.45651307614979, -5.789081364748203 ], [ -74.456118725684618, -5.788789633432714 ], [ -74.45575485911192, -5.788460664487254 ], [ -74.455424978566654, -5.788097624164891 ], [ -74.455132259075825, -5.787704006648131 ], [ -74.45068211586397, -5.781062789171843 ], [ -74.45043210549062, -5.780647468223167 ], [ -74.450223489384271, -5.780209888519147 ], [ -74.450058228508624, -5.77975416325084 ], [ -74.44993787629393, -5.779284576175194 ], [ -74.449863564035027, -5.778805541348308 ], [ -74.447738000727071, -5.758714973095461 ], [ -74.447719258585309, -5.758595056946782 ], [ -74.44762059215536, -5.758524373949053 ], [ -74.42854167253013, -5.746241356723705 ], [ -74.428440085742039, -5.746182656257749 ], [ -74.42832950621893, -5.746221870914513 ], [ -74.409270422676556, -5.754030240745518 ], [ -74.409161918018938, -5.754081073217175 ], [ -74.409144364175233, -5.754199601962545 ], [ -74.405019139816375, -5.796268384728645 ], [ -74.404947389266155, -5.796753585772087 ], [ -74.404828445178339, -5.797229422401601 ], [ -74.404663452119507, -5.797691315770845 ], [ -74.404453997772933, -5.798134821205669 ], [ -74.4042020976608, -5.798555670974015 ], [ -74.403910175749274, -5.798949815353135 ], [ -74.403581041123473, -5.799313461598969 ], [ -74.403217860956275, -5.799643110442694 ], [ -74.402824130031561, -5.799935589763228 ], [ -74.402403637114844, -5.800188085111695 ], [ -74.401960428494959, -5.800398166794095 ], [ -74.401498769047819, -5.800563813251593 ], [ -74.4010231011966, -5.800683430513422 ], [ -74.400538002163529, -5.800755867535236 ], [ -74.385488816173932, -5.802253078092886 ], [ -74.385012165073178, -5.802277606816452 ], [ -74.384535346820741, -5.802256576260622 ], [ -74.384062706145073, -5.802190178054077 ], [ -74.383598549708864, -5.80207901721178 ], [ -74.383147106867142, -5.80192410662212 ], [ -74.382712491129695, -5.801726857817565 ], [ -74.382298662679148, -5.801489068112892 ], [ -74.381909392286076, -5.801212904228202 ], [ -74.381548226950073, -5.800900882545947 ], [ -74.381218457579763, -5.800555846181862 ], [ -74.380923089006359, -5.800180939078728 ], [ -74.380664812603854, -5.799779577359031 ], [ -74.380445981765433, -5.799355418197528 ], [ -74.364971266588682, -5.765484368170337 ], [ -74.364909898851678, -5.765366992784829 ], [ -74.364836414445676, -5.765256797402662 ], [ -74.335429213579658, -5.725869057333884 ], [ -74.308817234205904, -5.690562253866448 ], [ -74.308532743540098, -5.690142027926012 ], [ -74.308292313516276, -5.6896951295219 ], [ -74.308098420802011, -5.689226162150642 ], [ -74.307953062684447, -5.688739956640998 ], [ -74.298017769446432, -5.648094619819188 ], [ -74.297983232546187, -5.647978683393909 ], [ -74.297867159177784, -5.647944609571821 ], [ -74.202481770897734, -5.625031856075683 ], [ -74.202018166007008, -5.624896503949326 ], [ -74.201569782487766, -5.624717055036033 ], [ -74.201140803752736, -5.624495183591959 ], [ -74.200735232168228, -5.624232959674951 ], [ -74.200356851712158, -5.623932829830935 ], [ -74.200009192669512, -5.623597594267665 ], [ -74.199695498694908, -5.623230380728828 ], [ -74.199418696549273, -5.622834615312229 ], [ -74.199181368793205, -5.622413990504342 ], [ -74.198985729691771, -5.621972430729456 ], [ -74.198833604555361, -5.621514055734846 ], [ -74.198726412709661, -5.621043142153577 ], [ -74.196678003817809, -5.609491180915051 ], [ -74.19661641080458, -5.609007866024653 ], [ -74.196602150783917, -5.608520850999865 ], [ -74.196635359161561, -5.608034760281774 ], [ -74.196715720608026, -5.607554209534734 ], [ -74.196842472052879, -5.607083761818417 ], [ -74.197014409930389, -5.606627884259376 ], [ -74.197229901607997, -5.606190905633539 ], [ -74.197486900888947, -5.6057769752624 ], [ -74.197782967441881, -5.605390023613233 ], [ -74.198115289972975, -5.605033724977413 ], [ -74.198480712920514, -5.604711462581262 ], [ -74.198875766418453, -5.604426296460693 ], [ -74.199296699244499, -5.6041809344047 ], [ -74.199739514439699, -5.603977706243609 ], [ -74.200200007261529, -5.603818541726216 ], [ -74.280853878016501, -5.580272689870963 ], [ -74.280966760795494, -5.580233578468484 ], [ -74.280972670834984, -5.580114258331665 ], [ -74.280972670834984, -5.564566320677597 ], [ -74.280965478642514, -5.564432665420147 ], [ -74.280943985129738, -5.564300553784205 ], [ -74.27532745527175, -5.538585694551088 ], [ -74.27529581332621, -5.538469075315888 ], [ -74.27517757811458, -5.538444141533732 ], [ -74.220178092341072, -5.529685238162795 ], [ -74.21966881470216, -5.529576676903866 ], [ -74.219173589532417, -5.529415738121439 ], [ -74.218697788029374, -5.529204167352788 ], [ -74.218246570722073, -5.528944259288211 ], [ -74.217824831500081, -5.528638832882886 ], [ -74.217437144534514, -5.52829120078257 ], [ -74.207085538043742, -5.517987585344493 ], [ -74.206751306035798, -5.517620085524813 ], [ -74.206455190094957, -5.517221234045961 ], [ -74.206200113088727, -5.516794967845692 ], [ -74.205988592802157, -5.516345494463863 ], [ -74.20582271708561, -5.51587725051114 ], [ -74.205704123246221, -5.515394857876599 ], [ -74.20563398188655, -5.514903078106515 ], [ -74.205612985349916, -5.514406765404631 ], [ -74.205641340886586, -5.513910818717838 ], [ -74.205718768607923, -5.513420133380203 ], [ -74.2058445042492, -5.512939552792671 ], [ -74.206017306713392, -5.512473820615371 ], [ -74.206235470321587, -5.512027533944431 ], [ -74.206496841649297, -5.511605097935493 ], [ -74.206798840782213, -5.5112106823218 ], [ -74.207138486781659, -5.510848180256071 ], [ -74.207512427108611, -5.510521169882407 ], [ -74.207916970715459, -5.510232879017559 ], [ -74.208348124479272, -5.509986153290163 ], [ -74.208801632616556, -5.509783428052426 ], [ -74.209273018690851, -5.509626704341535 ], [ -74.209757629798204, -5.509517529128046 ], [ -74.210250682494461, -5.509456980046221 ], [ -74.210747310011243, -5.509445654757042 ], [ -74.240016544946414, -5.510233060465692 ], [ -74.240133894449926, -5.510230637271713 ], [ -74.240237120769436, -5.510174770422825 ], [ -74.271791896489447, -5.491104735104654 ], [ -74.271890883557134, -5.491038018531694 ], [ -74.271866115480663, -5.490921244891319 ], [ -74.266257219640579, -5.469704864698117 ], [ -74.266220892812868, -5.469590477822078 ], [ -74.266114353895816, -5.4695352197461 ], [ -74.212425707498099, -5.444950355740391 ], [ -74.212003371836602, -5.444732104812598 ], [ -74.211603672779262, -5.444474730489831 ], [ -74.211230223619609, -5.444180559445008 ], [ -74.210886400351171, -5.443852250994712 ], [ -74.210575311148361, -5.443492773058868 ], [ -74.210299768268527, -5.44310537533065 ], [ -74.210062262628966, -5.442693559899133 ], [ -74.209864941289013, -5.442261049590287 ], [ -74.209709588040525, -5.441811754312503 ], [ -74.209597607282305, -5.441349735710879 ], [ -74.209530011324361, -5.440879170449808 ], [ -74.209507411236515, -5.440404312455786 ], [ -74.209507411236515, -5.438916101962651 ], [ -74.209531625132968, -5.438424621900216 ], [ -74.209604032297221, -5.437937902096718 ], [ -74.209723931425444, -5.437460656705326 ], [ -74.209890161227591, -5.436997508114238 ], [ -74.210101111675201, -5.436552942176263 ], [ -74.210354739595331, -5.436131264760839 ], [ -74.210648588459932, -5.435736560049274 ], [ -74.210979812178579, -5.435372650977176 ], [ -74.240048869635984, -5.406433636405752 ], [ -74.240127708976871, -5.406347088304047 ], [ -74.240058916152847, -5.40625235835665 ], [ -74.231138208581072, -5.395150974767255 ], [ -74.231057536838179, -5.39506020629041 ], [ -74.230936249952478, -5.395054178200174 ], [ -74.207388364360725, -5.395054178200174 ], [ -74.206886451647691, -5.395028922779395 ], [ -74.206389609341358, -5.394953411651571 ], [ -74.205902856626338, -5.394828407642823 ], [ -74.205431110760472, -5.394655173564688 ], [ -74.204979137399903, -5.394435459456978 ], [ -74.159815874673825, -5.369600589513477 ], [ -74.159415495173647, -5.369355261778447 ], [ -74.159039895215869, -5.369073456680093 ], [ -74.15869238743349, -5.368757659620367 ], [ -74.1583760366984, -5.368410655795966 ], [ -74.158093633090473, -5.368035505634072 ], [ -74.157847667290255, -5.367635517800674 ], [ -74.15764030861223, -5.367214220019537 ], [ -74.157473385872365, -5.366775327959164 ], [ -74.157348371258735, -5.366322712462169 ], [ -74.157266367347432, -5.365860365406082 ], [ -74.157228097378322, -5.365392364496675 ], [ -74.154056612054504, -5.273815628160534 ], [ -74.154047388931247, -5.273702098449897 ], [ -74.153963786263077, -5.273624737897765 ], [ -74.069024303963488, -5.202052986343574 ], [ -74.068930982912036, -5.201981692387045 ], [ -74.068813562121562, -5.201983693603076 ], [ -73.918465451113207, -5.211748543853305 ], [ -73.918338259755529, -5.211763436356255 ], [ -73.918221684679608, -5.211816442768739 ], [ -73.762917338878538, -5.292364462232773 ], [ -73.762496736565495, -5.292558438958526 ], [ -73.762059989075595, -5.292712662516831 ], [ -73.761610844283638, -5.292825809464278 ], [ -73.761153156449737, -5.292896908849456 ], [ -73.760690853144737, -5.292925350545004 ], [ -73.760227901546315, -5.292910890483317 ], [ -73.759768274395384, -5.292853652750972 ], [ -73.759315915904708, -5.292754128523899 ], [ -73.641844923953272, -5.261139771641846 ], [ -73.641364025446947, -5.260983884176257 ], [ -73.64090132606924, -5.260780233590268 ], [ -73.640461555797387, -5.260530901716456 ], [ -73.640049210214215, -5.260238437367605 ], [ -73.639668504551736, -5.259905830281291 ], [ -73.639323330600632, -5.259536480557072 ], [ -73.639017216926106, -5.259134163898733 ], [ -73.48626688872767, -5.035788458594778 ], [ -73.486184562534461, -5.035681101482464 ], [ -73.486091076826867, -5.035583307954238 ], [ -73.093417861321967, -4.667141388508321 ], [ -73.093326590019032, -4.667063673155507 ], [ -73.093222113832596, -4.667004895155628 ], [ -72.376473883487193, -4.308098626093383 ], [ -72.376357984210671, -4.308047797416501 ], [ -72.376234196997103, -4.308021473996963 ], [ -72.029461236312969, -4.252562061170593 ], [ -72.029334480550474, -4.252548468463393 ], [ -72.029217602942055, -4.252599374353435 ], [ -71.918134476546243, -4.307986022468331 ], [ -71.918029746104779, -4.308044925708658 ], [ -71.918046133086222, -4.308163961518125 ], [ -71.970381270374688, -4.585357179267971 ], [ -71.970409732546997, -4.58547529815109 ], [ -71.970519809650682, -4.585526729629983 ], [ -72.074908375902879, -4.62810017811473 ], [ -72.075302817900592, -4.628281395080519 ], [ -72.075680055804781, -4.628496140608712 ], [ -72.076037246387301, -4.628742796170185 ], [ -72.076371697515896, -4.62901950273106 ], [ -72.128980697978946, -4.676539310315908 ], [ -72.129109909253714, -4.676660242735373 ], [ -72.190633356834709, -4.736319047233393 ], [ -72.190706683902235, -4.736384740906411 ], [ -72.190784962776391, -4.736444447985996 ], [ -72.263922625459045, -4.787795374093491 ], [ -72.264029046138404, -4.787862262276254 ], [ -72.264154578254733, -4.787868671469213 ], [ -72.332931785809038, -4.787868671469213 ], [ -72.333465082513214, -4.787897193356486 ], [ -72.333992294965995, -4.787982433619085 ], [ -72.334507408329713, -4.788123419771745 ], [ -72.335004545802278, -4.788318543338007 ], [ -72.391253429262591, -4.813942093255585 ], [ -72.391671043407172, -4.814156551120998 ], [ -72.392066703035965, -4.814409231171525 ], [ -72.392436920112601, -4.814697905843007 ], [ -72.392778430895902, -4.815020030251713 ], [ -72.393088224712173, -4.815372764629386 ], [ -72.450567959233268, -4.88737416325317 ], [ -72.450780786031928, -4.887608588958 ], [ -72.51386182189556, -4.948803448145363 ], [ -72.514111170899014, -4.949063420006543 ], [ -72.553905899896478, -4.993664075258521 ], [ -72.553988545801062, -4.993748239097182 ], [ -72.554100638474026, -4.993784969602145 ], [ -72.630003960382609, -5.014699469602711 ], [ -72.630474206228627, -5.014854471041897 ], [ -72.630926815960763, -5.015055222211835 ], [ -72.631357351168433, -5.01529975449354 ], [ -72.631761589909729, -5.015585669938885 ], [ -72.632135568112787, -5.015910164785508 ], [ -72.632475618448595, -5.016270056951253 ], [ -72.632778406293767, -5.016661817238504 ], [ -72.633040962430726, -5.017081603942433 ], [ -72.633260712164656, -5.017525300523765 ], [ -72.653922881823533, -5.065022854903735 ], [ -72.653974829271235, -5.065128054040128 ], [ -72.654092018165514, -5.065133724900733 ], [ -72.716896493212346, -5.065133724900733 ], [ -72.717385353676804, -5.065157680744347 ], [ -72.71786952971533, -5.065229318722215 ], [ -72.71834438178972, -5.065347952375059 ], [ -72.71880535970719, -5.065512444915183 ], [ -72.719248046221765, -5.065721220119561 ], [ -72.719668199361891, -5.065972277433735 ], [ -72.720061793078386, -5.066263211141801 ], [ -72.720425055823441, -5.066591233418793 ], [ -72.753864382479378, -5.09989907858365 ], [ -72.753959679110935, -5.099984580601078 ], [ -72.754086999213996, -5.099998057778696 ], [ -72.846291712592119, -5.104918021668087 ], [ -72.846775945945566, -5.104967587519718 ], [ -72.847253064976854, -5.105064004034015 ], [ -72.847718547767187, -5.105206357418784 ], [ -72.848167982680792, -5.105393298512903 ], [ -72.882046495621267, -5.121461723092994 ], [ -72.882485188301729, -5.121697231774462 ], [ -72.943177345934572, -5.158284201375795 ], [ -72.943603263956135, -5.158571796539255 ], [ -72.943997410825489, -5.158901592513318 ], [ -72.944355622504915, -5.159270105107214 ], [ -72.94467411460063, -5.159673441101264 ], [ -72.944949522343805, -5.160107339377512 ], [ -72.945178936138234, -5.160567215937103 ], [ -72.945359932299297, -5.161048212328786 ], [ -72.945490598659489, -5.161545246976924 ], [ -72.945569554769776, -5.162053068866745 ], [ -72.94559596648368, -5.16256631301966 ], [ -72.94559596648368, -5.190989290931967 ], [ -72.945563362548498, -5.191559357888855 ], [ -72.938945513672778, -5.249225349691391 ], [ -72.938937447827399, -5.249357971530354 ], [ -72.938957740527243, -5.249489279627576 ], [ -72.956400623463622, -5.33261024194152 ], [ -72.956434295068846, -5.332736988930934 ], [ -72.956493795618087, -5.33285385749345 ], [ -72.994279857716421, -5.398280766062279 ], [ -72.994495451466719, -5.398698205507678 ], [ -72.994670911974211, -5.399134038005374 ], [ -72.994804690018398, -5.399584415392277 ], [ -72.994895604412164, -5.400045361081862 ], [ -73.008046545090664, -5.488413816237498 ], [ -73.008097420572852, -5.48896038153495 ], [ -73.011416181807022, -5.57649783790386 ], [ -73.011423613383826, -5.576594478730005 ], [ -73.011438524661585, -5.57669025101942 ], [ -73.036395296836304, -5.704181374174293 ], [ -73.036432559480417, -5.704396554953663 ], [ -73.046395913015473, -5.770486161254079 ], [ -73.046420531696441, -5.770607349527096 ], [ -73.046531549212403, -5.770661826935995 ], [ -73.128959362530111, -5.80603759380012 ], [ -73.129398353299763, -5.806251968779483 ], [ -73.129814327534575, -5.806508161994828 ], [ -73.130203314019582, -5.806803727625605 ], [ -73.130561599185953, -5.807135843971436 ], [ -73.130885762563651, -5.807501340390266 ], [ -73.131172709435845, -5.80789672756779 ], [ -73.131419700383574, -5.808318230829171 ], [ -73.131624377438314, -5.80876182617504 ], [ -73.13178478659303, -5.809223278697729 ], [ -73.131899396456646, -5.809698183011014 ], [ -73.14304479060398, -5.868304029055295 ], [ -73.143072893254057, -5.868420442578307 ], [ -73.143174934553144, -5.868483127828094 ], [ -73.189294865248257, -5.893794652026939 ], [ -73.189717360305792, -5.894054595178488 ], [ -73.190112018502319, -5.894355123752154 ], [ -73.190474955256434, -5.89469327967505 ], [ -73.190802598217729, -5.895065734512029 ], [ -73.191091722429093, -5.895468822227143 ], [ -73.191339482069651, -5.895898575268069 ], [ -73.191543438465885, -5.896350763618331 ], [ -73.191701584095242, -5.896820936432933 ], [ -73.191812362346013, -5.897304465847582 ], [ -73.20117007177285, -5.950048385689199 ], [ -73.201232598786987, -5.950543222133842 ], [ -73.20124551410278, -5.951041826114031 ], [ -73.201208689201096, -5.951539236066744 ], [ -73.201122490523204, -5.95203050231062 ], [ -73.200987775824331, -5.952510736299786 ], [ -73.18643425471474, -5.995934213454215 ], [ -73.186401729832781, -5.996050063722754 ], [ -73.186489654717619, -5.996132212169852 ], [ -73.249888016792838, -6.049723223899265 ], [ -73.250249088118224, -6.050060396717864 ], [ -73.250575123497583, -6.050431555636686 ], [ -73.250862940069084, -6.050833077283416 ], [ -73.251109728075093, -6.051261041875067 ], [ -73.251313078292014, -6.051711271484148 ], [ -73.251471005549888, -6.052179370824931 ], [ -73.251581968112177, -6.052660770161642 ], [ -73.251644882726822, -6.053150769919687 ], [ -73.251659135201166, -6.053644586564397 ], [ -73.251624586398009, -6.054137399299438 ], [ -73.251541573593812, -6.05462439712896 ], [ -73.251410907186198, -6.055100825824085 ], [ -73.251233862782513, -6.055562034335215 ], [ -73.251012168746939, -6.056003520197064 ], [ -73.238112575125299, -6.078807741841214 ], [ -73.2380596975527, -6.078912553616089 ], [ -73.238060667719211, -6.079029944436145 ], [ -73.241385637696709, -6.138539559840993 ], [ -73.244663146065079, -6.189050328784711 ], [ -73.244672457776119, -6.1894827554821 ], [ -73.24464436241405, -6.189914368974947 ], [ -73.244579070221604, -6.190341939420818 ], [ -73.24447706979214, -6.190762267232135 ], [ -73.223088736296845, -6.264770812851453 ], [ -73.223061650328788, -6.264884221018584 ], [ -73.223056185193002, -6.265000690732747 ], [ -73.223056185193002, -6.374106323238071 ], [ -73.223063099509488, -6.374292096784026 ], [ -73.229712841986654, -6.463500839907815 ], [ -73.229727562890105, -6.463619805597427 ], [ -73.229805486208448, -6.463710896193998 ], [ -73.279597731503586, -6.516482249312753 ], [ -73.279847491957682, -6.516713191528263 ], [ -73.341284991349326, -6.566203074322184 ], [ -73.341375177879627, -6.566269264969891 ], [ -73.341475751153794, -6.566318253015487 ], [ -73.444137644168251, -6.610730582271056 ], [ -73.444672812096073, -6.611001290314418 ], [ -73.445171717743165, -6.611334127678606 ], [ -73.542989163941542, -6.685438972272395 ], [ -73.54303179384668, -6.685470561580104 ], [ -73.666147305691979, -6.774692519508515 ], [ -73.666492523249417, -6.774966701136869 ], [ -73.772279649140657, -6.866875234846918 ], [ -73.772610435398292, -6.867190265748954 ], [ -73.772911090165749, -6.867534170864184 ], [ -73.773179104009756, -6.867904079767687 ], [ -73.773412239936519, -6.868296904992347 ], [ -73.817382741558575, -6.950749062856762 ], [ -73.817591745209796, -6.951191947529742 ], [ -73.817756420175527, -6.951653154116259 ], [ -73.817875186700107, -6.952128258181095 ], [ -73.817946905435562, -6.952612701968103 ], [ -73.817970888371534, -6.953101838123552 ], [ -73.817970888371534, -7.000523425685076 ], [ -73.817976967652569, -7.000645738666586 ], [ -73.818040589156396, -7.000750379611786 ], [ -73.87573126560541, -7.085815368167648 ], [ -73.875989016357067, -7.086239273092925 ], [ -73.87620348891339, -7.086686634644963 ], [ -73.876372571741996, -7.087153048444852 ], [ -73.876494600182966, -7.08763392253986 ], [ -73.885944727186214, -7.134521066986356 ], [ -73.88601746604914, -7.135001430703043 ], [ -73.886043240690043, -7.135486586255803 ], [ -73.88602180775483, -7.135971952995265 ], [ -73.885953369604906, -7.136452948278115 ], [ -73.88583857240657, -7.136925030734623 ], [ -73.885678500030167, -7.137383743146489 ], [ -73.885474663816595, -7.137824754530158 ], [ -73.863469998490572, -7.179931523665017 ], [ -73.863196035947794, -7.180393480687956 ], [ -73.862874103578022, -7.180823386858169 ], [ -73.862507915962709, -7.181216281750326 ], [ -73.862101698317602, -7.181567631989682 ], [ -73.809731612678661, -7.222159000279341 ], [ -73.809643988526545, -7.222233761713979 ], [ -73.809631041901213, -7.222348215412391 ], [ -73.804648357705844, -7.298136809891937 ], [ -73.804646821876574, -7.29827092908471 ], [ -73.80468821687046, -7.298398509533903 ], [ -73.826261818113892, -7.354361124394799 ], [ -73.826307236558122, -7.35446455690627 ], [ -73.826400007991026, -7.354529012943719 ], [ -73.894525683135029, -7.397373171626334 ], [ -73.894628400356027, -7.397431132537243 ], [ -73.894745309147439, -7.397446709095147 ], [ -73.952799005190244, -7.402381296573899 ], [ -73.952951182348599, -7.40238488612989 ], [ -73.953102658865333, -7.402369864901229 ], [ -74.019368750767555, -7.391672126771436 ], [ -74.019845073412114, -7.391618504440665 ], [ -74.020324341936842, -7.391610739308416 ], [ -74.020802151698817, -7.391648902738933 ], [ -74.021274111461665, -7.391732643997137 ], [ -74.021735883752498, -7.391861193472002 ], [ -74.022183224724827, -7.392033369749551 ], [ -74.022612023160946, -7.392247590470453 ], [ -74.023018338255426, -7.392501886872457 ], [ -74.023398435832519, -7.392793921883983 ], [ -74.023748822664501, -7.39312101160263 ], [ -74.024066278575631, -7.393480149961152 ], [ -74.024347886036679, -7.393868036354262 ], [ -74.024591056978011, -7.394281105972325 ], [ -74.024793556574863, -7.394715562563187 ], [ -74.024953523786181, -7.395167413321048 ], [ -74.025069488458129, -7.395632505581715 ], [ -74.025140384835424, -7.396106564987022 ], [ -74.02613418133069, -7.405961778556182 ], [ -74.026159176671683, -7.406415058953879 ], [ -74.026142956364524, -7.406868738122063 ], [ -74.026085654121573, -7.407319076149506 ], [ -74.02598774231474, -7.407762360667723 ], [ -74.025850028081521, -7.408194937453946 ], [ -74.025673646671336, -7.408613240554757 ], [ -73.998001663880501, -7.466719766572234 ], [ -73.997951902327188, -7.466840199068258 ], [ -73.99794199843204, -7.466970130246821 ], [ -73.996314789662193, -7.536341123647973 ], [ -73.996278330137031, -7.536837805592378 ], [ -73.996192641513517, -7.537328396777249 ], [ -73.996058573899035, -7.537808030101386 ], [ -73.995877457363676, -7.538271947175327 ], [ -73.995651088744665, -7.538715545528792 ], [ -73.995381713820166, -7.5391344242713 ], [ -73.959733439658521, -7.58892904725758 ], [ -73.959488484572461, -7.589243873405988 ], [ -73.891911607147151, -7.669291499334296 ], [ -73.891589714590381, -7.669638108220137 ], [ -73.891236508299556, -7.669952747464311 ], [ -73.890855149506848, -7.670232601013647 ], [ -73.890449051412162, -7.670475164150467 ], [ -73.786378626545613, -7.726133974393742 ], [ -73.78624140290772, -7.726213054817793 ], [ -73.733092327562488, -7.759128379979276 ], [ -73.73298856142803, -7.759200270088478 ], [ -73.732945487918698, -7.759318930407195 ], [ -73.716354018153083, -7.813565962918763 ], [ -73.716324693902223, -7.813681454251642 ], [ -73.716340924360892, -7.813799499717207 ], [ -73.724628924612759, -7.858136795934723 ], [ -73.724655242778411, -7.858247844799003 ], [ -73.724767207701362, -7.858225746109335 ], [ -73.776773934849444, -7.84534593473486 ], [ -73.777268199695726, -7.845249649663378 ], [ -73.777769642622857, -7.845203567735259 ], [ -73.778273177624527, -7.845208156347619 ], [ -73.778773697475046, -7.845263368959343 ], [ -73.779266125530654, -7.845368645563151 ], [ -73.779745467220579, -7.845522918365597 ], [ -73.780206860705633, -7.845724622617428 ], [ -73.780645626190704, -7.84597171248443 ], [ -73.781057313390619, -7.846261681797801 ], [ -73.781437746668246, -7.846591589473569 ], [ -73.781783067386982, -7.84695808934325 ], [ -73.782089773047815, -7.847357464093178 ], [ -73.782354752814314, -7.847785662968248 ], [ -73.782575319065032, -7.848238342857693 ], [ -73.78274923465338, -7.848710912346123 ], [ -73.782874735598384, -7.84919857828308 ], [ -73.782950548976316, -7.84969639439872 ], [ -73.782975905831634, -7.850199311472553 ], [ -73.782975905831634, -7.901519376772141 ], [ -73.782953605676312, -7.901991080340416 ], [ -73.782886904129114, -7.902458576283555 ], [ -73.782776396171968, -7.9029176945087 ], [ -73.782623067542744, -7.903364339652756 ], [ -73.782428285942316, -7.903794527613291 ], [ -73.782193788834689, -7.904204421086967 ], [ -73.781921667948609, -7.904590363798532 ], [ -73.721516352314097, -7.982202220848466 ], [ -73.721088694124163, -7.982684112198627 ], [ -73.63974748086649, -8.063229183395093 ], [ -73.639668386578109, -8.063315314218517 ], [ -73.639648247931618, -8.063430504756909 ], [ -73.626353729589923, -8.168721374426477 ], [ -73.626297461844302, -8.16906836564822 ], [ -73.608185965108163, -8.260326202749836 ], [ -73.608073098062761, -8.260781753376801 ], [ -73.607918015150034, -8.26122471458712 ], [ -73.607722082745639, -8.261651183620664 ], [ -73.607487027134297, -8.262057403023508 ], [ -73.550057180246711, -8.351357528231288 ], [ -73.549786797557218, -8.351737719555235 ], [ -73.549482156187295, -8.352091054916219 ], [ -73.549145908372054, -8.352414458144908 ], [ -73.448982263121607, -8.440133488783855 ], [ -73.448591150770909, -8.440442945096434 ], [ -73.448171155417654, -8.440711898593381 ], [ -73.447726455714587, -8.440937673380182 ], [ -73.44726147610497, -8.441118023159543 ], [ -73.446780842802653, -8.441251153580431 ], [ -73.359826046178625, -8.460725266133457 ], [ -73.359710135751726, -8.460757425386953 ], [ -73.359723199854784, -8.46087700286755 ], [ -73.376154791750679, -8.563255564756441 ], [ -73.376210626300107, -8.563776967668364 ], [ -73.376211545958242, -8.564301350779937 ], [ -73.376157540609654, -8.564822946328034 ], [ -73.376049204266693, -8.565336017210338 ], [ -73.375887728535957, -8.565834920088518 ], [ -73.353895291726573, -8.623305023157863 ], [ -73.353694800191931, -8.623759821860231 ], [ -73.353450145407848, -8.624192468080331 ], [ -73.353163744942478, -8.624598686603512 ], [ -73.352838428875941, -8.624974463361692 ], [ -73.352477411834755, -8.625316085098572 ], [ -73.352084261226352, -8.62562017606235 ], [ -73.351662861987577, -8.625883731363389 ], [ -73.351217378195514, -8.626104146667172 ], [ -73.350752211919882, -8.626279243929162 ], [ -73.291501113229785, -8.645277971920644 ], [ -73.291382328720431, -8.645322855154639 ], [ -73.291268729515906, -8.645379595661135 ], [ -73.209842727280446, -8.691377245947798 ], [ -73.209729726667533, -8.691449419748926 ], [ -73.209645696057791, -8.691553904449986 ], [ -73.114789101855692, -8.823545004353269 ], [ -73.114685240213404, -8.823684350142941 ], [ -72.996502614912032, -8.976622980441551 ], [ -72.996428791126547, -8.976729697003222 ], [ -72.996418676642392, -8.976859064978449 ], [ -72.993092461421085, -9.108254099087493 ], [ -72.993095910280132, -9.108382239814746 ], [ -72.993173845727227, -9.108484014107882 ], [ -73.081328503712854, -9.211935262050448 ], [ -73.081413062856512, -9.212024967189814 ], [ -73.081533548920987, -9.212051051075505 ], [ -73.111277821157017, -9.216944458660853 ], [ -73.111405228695347, -9.216958697718313 ], [ -73.111530893139502, -9.216933322946328 ], [ -73.367442326620832, -9.151314930173177 ], [ -73.368040208769571, -9.151199895678152 ], [ -73.368647639987344, -9.151158382854915 ], [ -73.591613874758707, -9.149527798627551 ], [ -73.592065104734758, -9.14954488932122 ], [ -73.592512952691507, -9.149602619648956 ], [ -73.592953765970563, -9.149700518760856 ], [ -73.593383949288537, -9.14983778818948 ], [ -73.593799994060262, -9.150013308362169 ], [ -73.594198507014866, -9.150225647732301 ], [ -73.734549909168038, -9.233355219738275 ], [ -73.734651575694869, -9.233409244369943 ], [ -73.734761450826525, -9.233443627489805 ], [ -74.014854483726211, -9.307050506312128 ], [ -74.015308814347989, -9.307193354186479 ], [ -74.015747492874723, -9.307378780665868 ], [ -74.016166539231818, -9.307605103399371 ], [ -74.016562151464797, -9.307870268989531 ], [ -74.016930740234045, -9.308171871622582 ], [ -74.017268961380438, -9.308507174896087 ], [ -74.078753137054747, -9.375562069755979 ], [ -74.079066764046345, -9.375939776199397 ], [ -74.079341837534187, -9.376346419315094 ], [ -74.079575705545267, -9.376778078672288 ], [ -74.079766113366986, -9.377230592659568 ], [ -74.079911225284818, -9.377699598606824 ], [ -74.116019230514027, -9.518553353010464 ], [ -74.116116198290484, -9.519024972634053 ], [ -74.116167353587628, -9.519503732442933 ], [ -74.11617222203661, -9.519985192843412 ], [ -74.116130758491778, -9.520464889198907 ], [ -74.109871318384961, -9.566760870962982 ], [ -74.10978249843987, -9.567240336178687 ], [ -74.109647396881755, -9.56770886946962 ], [ -74.10946729866626, -9.568162014599238 ], [ -74.109243916713851, -9.568595461688341 ], [ -74.108979375618077, -9.569005088206483 ], [ -74.108676191438576, -9.569386998181498 ], [ -74.108337247770692, -9.569737559254239 ], [ -74.107965768319531, -9.570053437226061 ], [ -73.85133492499186, -9.767545537672031 ], [ -73.851263478073804, -9.767599508484096 ], [ -73.68347159557571, -9.892005075909388 ], [ -73.682972503358087, -9.892330892607397 ], [ -73.682438187050565, -9.892595005548996 ], [ -73.438360692921563, -9.995628135159711 ], [ -73.437673069137389, -9.995861185586744 ], [ -73.28697288472641, -10.035000606981102 ], [ -73.286375515698822, -10.035117473990733 ], [ -73.285768372412676, -10.035160886928258 ], [ -73.13031191889614, -10.036789373534811 ], [ -73.129739666694817, -10.036762547147672 ], [ -73.129174239283785, -10.036670438082785 ], [ -72.975498628684676, -10.002498739224013 ], [ -72.975015188732542, -10.002365478833777 ], [ -72.974547528629216, -10.002184463512044 ], [ -72.974100352521305, -10.001957514073977 ], [ -72.852986301386395, -9.932642603715808 ], [ -72.852575103467743, -9.932379833286387 ], [ -72.8521914791326, -9.932078230242039 ], [ -72.851839082510566, -9.931740667436538 ], [ -72.851521270278525, -9.931370360250481 ], [ -72.851241069687333, -9.930970835963905 ], [ -72.851001149726343, -9.930545900157933 ], [ -72.850803795700642, -9.930099600465553 ], [ -72.815161867896819, -9.837529267228907 ], [ -72.81500011925003, -9.83703347645757 ], [ -72.814890891874072, -9.836523534800103 ], [ -72.814835374036576, -9.836004989832526 ], [ -72.814834169707481, -9.835483482724932 ], [ -72.819716487664152, -9.73765431883527 ], [ -72.819766933684349, -9.737152941554738 ], [ -72.81986758899599, -9.736659188087279 ], [ -72.82001743124718, -9.736178073466686 ], [ -72.820214938496292, -9.735714484354498 ], [ -72.820458104670266, -9.735273129406389 ], [ -72.861377539892757, -9.669125201403091 ], [ -72.861435939876699, -9.669019676468121 ], [ -72.861472891690838, -9.668904869528161 ], [ -72.883075607180388, -9.588626366571701 ], [ -72.883099807067168, -9.588516990510627 ], [ -72.883093872905761, -9.588405126561677 ], [ -72.866452781163417, -9.419354552295735 ], [ -72.866435499181605, -9.419238356888181 ], [ -72.866319558537668, -9.419257272666963 ], [ -72.752239815623071, -9.44372197207996 ], [ -72.75171751832616, -9.443805369097049 ], [ -72.751189333663817, -9.443833126821522 ], [ -72.750661172012428, -9.443804934644964 ], [ -72.62827764817095, -9.430753352572427 ], [ -72.628141919424664, -9.430746358840175 ], [ -72.628007914173836, -9.430769025944223 ], [ -72.548194095860381, -9.44881201000603 ], [ -72.548111654049151, -9.448829917390638 ], [ -72.429959916198086, -9.47345200603001 ], [ -72.429839766461058, -9.473483433409308 ], [ -72.429749719397805, -9.473568962152072 ], [ -72.353247704907616, -9.553939399061282 ], [ -72.353183818017555, -9.554011948262046 ], [ -72.35312573984443, -9.554089225988516 ], [ -72.306587162066265, -9.621283124904632 ], [ -72.306526634438967, -9.621379835414608 ], [ -72.306547636892347, -9.621491975565252 ], [ -72.322876975443918, -9.690713200407821 ], [ -72.322970443406746, -9.691229178846092 ], [ -72.323009358476611, -9.691752108694324 ], [ -72.322993292634436, -9.692276238351518 ], [ -72.322922422585222, -9.692795803020214 ], [ -72.322797527814473, -9.693305088112352 ], [ -72.305631749697525, -9.750215238401088 ], [ -72.305466050013436, -9.750680211973869 ], [ -72.305255310080284, -9.751126581203613 ], [ -72.305001583826822, -9.751549995654237 ], [ -72.304707344138237, -9.75194632861319 ], [ -72.304375458754677, -9.752311717311514 ], [ -72.304009162321449, -9.752642600571443 ], [ -72.303612024863384, -9.752935753514612 ], [ -72.303187916990282, -9.753188318992594 ], [ -72.302740972172998, -9.753397835433455 ], [ -72.302275546457437, -9.753562260832904 ], [ -72.249977050160098, -9.769180866240134 ], [ -72.249866459035019, -9.769219746465126 ], [ -72.249813683709831, -9.769324421361432 ], [ -72.219916677968186, -9.836428866583399 ], [ -72.219872856713991, -9.836541846693134 ], [ -72.219887515529237, -9.836662137701518 ], [ -72.243883562602647, -9.976126701724061 ], [ -72.243943889412662, -9.976627187291204 ], [ -72.243953513987179, -9.977131203654519 ], [ -72.243912338492365, -9.977633627485115 ], [ -72.243820781477311, -9.978129351642204 ], [ -72.243679773619562, -9.978613337087209 ], [ -72.243490748264705, -9.979080664105629 ], [ -72.24325562685641, -9.979526582315945 ], [ -72.242976799405014, -9.979946558957286 ], [ -72.242657100192972, -9.980336324964963 ], [ -72.24229977896438, -9.980691918365526 ], [ -72.241908467891363, -9.981009724550255 ], [ -72.241487144652936, -9.981286513017668 ], [ -72.241040092001981, -9.981519470211589 ], [ -72.240571854230964, -9.981706228120958 ], [ -72.240087190979182, -9.981844888350679 ], [ -72.239591028851081, -9.981934041418814 ], [ -72.239088411337192, -9.98197278108397 ], [ -71.501909902804698, -10.001506351953116 ], [ -71.501363599820365, -10.001490948847749 ], [ -71.364713372622333, -9.990141169544582 ], [ -71.364263678730694, -9.990083189834493 ], [ -71.363821086237067, -9.98998471076295 ], [ -71.363389234778552, -9.989846542167648 ], [ -71.3629716756639, -9.989669820271081 ], [ -71.362571842669496, -9.989455998336879 ], [ -71.362193023801879, -9.989206834718969 ], [ -71.275354226953937, -9.92626926662021 ], [ -71.275014513406916, -9.925999836561308 ], [ -71.2746994194801, -9.925701988163702 ], [ -71.20342625758812, -9.852222025799966 ], [ -71.203343213573589, -9.852143975978576 ], [ -71.203231510412508, -9.852121382024011 ], [ -71.119822409384213, -9.839230296714589 ], [ -71.119352088051457, -9.839134291896462 ], [ -71.118893140358239, -9.838993628837869 ], [ -71.118449796316824, -9.838809603996916 ], [ -71.118026142124251, -9.838583913486994 ], [ -71.117626082500919, -9.8383186374441 ], [ -71.117253304701663, -9.838016220854717 ], [ -71.028387541189375, -9.758555151457079 ], [ -71.028353897451481, -9.758525606140889 ], [ -70.935104234834725, -9.678103056403422 ], [ -70.934995055781059, -9.678014133243201 ], [ -70.836830402878547, -9.602559770978523 ], [ -70.83673693622444, -9.60249506595177 ], [ -70.836727344585128, -9.602608338880453 ], [ -70.830153151274303, -9.792155050432816 ], [ -70.830108442912774, -9.792670832382504 ], [ -70.83001064012079, -9.793179226394164 ], [ -70.829860791461073, -9.793674781876824 ], [ -70.829660503490217, -9.794152185883874 ], [ -70.829411923534494, -9.794606320074198 ], [ -70.829117716667881, -9.795032315586912 ], [ -70.828781037139365, -9.795425605241354 ], [ -70.828405494555582, -9.795781972502729 ], [ -70.827995115181537, -9.796097596688394 ], [ -70.781542315192254, -9.828138914131163 ], [ -70.781126157365605, -9.82839684264329 ], [ -70.780686768318532, -9.828612832734175 ], [ -70.780228361167261, -9.828784813365946 ], [ -70.779755331384578, -9.828911135488871 ], [ -70.779272214653531, -9.828990587853403 ], [ -70.778783643376656, -9.829022408624333 ], [ -70.778294302257834, -9.829006292685714 ], [ -70.6661313165975, -9.819799292317636 ], [ -70.666015700595452, -9.819795446882429 ], [ -70.666010252666098, -9.81991099846123 ], [ -70.667197658656505, -10.590026397314597 ], [ -70.667204140697748, -10.59014980560816 ], [ -70.667312613605318, -10.590209010777633 ], [ -70.725282547956851, -10.618117543978293 ], [ -70.725401844515062, -10.618167524872369 ], [ -70.725525680366133, -10.618204867081197 ], [ -70.800463371405243, -10.636617936385171 ], [ -70.800928374818398, -10.636756434383535 ], [ -70.801377765148061, -10.636939350214986 ], [ -70.801807310757482, -10.637164961471838 ], [ -70.802212966875615, -10.637431143709424 ], [ -70.863192064265704, -10.681821284514269 ], [ -70.863567123765733, -10.682122968419714 ], [ -70.863911436862892, -10.682459318384044 ], [ -70.864221812700151, -10.682827217347098 ], [ -70.864495374927714, -10.683223255874294 ], [ -70.864729588358983, -10.68364376375292 ], [ -70.864922282464931, -10.684084844005143 ], [ -70.865071671489133, -10.684542409002518 ], [ -70.865176370996821, -10.685012218347318 ], [ -70.865235410704983, -10.685489918169626 ], [ -70.86524824347417, -10.685971081476007 ], [ -70.865214750379138, -10.686451249175834 ], [ -70.85963237134527, -10.733623630208346 ], [ -70.859624384215408, -10.733729781543342 ], [ -70.859625478547287, -10.733836227316454 ], [ -70.865456105070223, -10.843805086614653 ], [ -70.865459213764751, -10.844267378057909 ], [ -70.865419611230138, -10.844727980578247 ], [ -70.865337636025345, -10.845182956520786 ], [ -70.865213988949975, -10.845628416331817 ], [ -70.865049727053204, -10.846060551810295 ], [ -70.864846254597126, -10.846475668663853 ], [ -70.864605311051832, -10.846870218091011 ], [ -70.864328956224824, -10.847240827119609 ], [ -70.831261149091915, -10.887554427906588 ], [ -70.830948364688439, -10.88790134610209 ], [ -70.789637091682081, -10.929625112495929 ], [ -70.789546727221889, -10.929727033135929 ], [ -70.78949431004196, -10.929852755018567 ], [ -70.759861834620253, -11.013634344281908 ], [ -70.759830936029758, -11.013727481840787 ], [ -70.734937615520437, -11.094002340906414 ], [ -70.734908026814182, -11.094117046864675 ], [ -70.734956657883956, -11.0942250652311 ], [ -70.765725231316182, -11.15460595811737 ], [ -70.765789399080973, -11.15471714774022 ], [ -70.765900419912754, -11.154781607100825 ], [ -70.973531038302013, -11.261272256940664 ], [ -70.973649812127007, -11.261325510075377 ], [ -70.973777068477588, -11.261352876827681 ], [ -71.044443748321996, -11.272714304368119 ], [ -71.044896992891637, -11.272808887676019 ], [ -71.045339544983065, -11.272944991637766 ], [ -71.045767609683054, -11.273121449152951 ], [ -71.04617751630866, -11.273336747086789 ], [ -71.046565749883669, -11.273589039245358 ], [ -71.046928981279663, -11.273876162206829 ], [ -71.047264095763566, -11.274195653872946 ], [ -71.117003723484999, -11.347139920273124 ], [ -71.117348038044057, -11.34754042340213 ], [ -71.117648184564786, -11.347975012101964 ], [ -71.162053630699845, -11.420146144200922 ], [ -71.162324128259328, -11.420647755050123 ], [ -71.162535788397378, -11.421176888643542 ], [ -71.162685861374698, -11.421726670850603 ], [ -71.180303273758881, -11.504603535213271 ], [ -71.180350011440581, -11.504788411393051 ], [ -71.202855586433301, -11.581384487702776 ], [ -71.20289634701949, -11.581501127572238 ], [ -71.203003025139495, -11.581563465869262 ], [ -71.243265301545492, -11.602444028321132 ], [ -71.243286632941462, -11.602455156279799 ], [ -71.309620093567702, -11.637262644664037 ], [ -71.309956810544392, -11.637456374242346 ], [ -71.372336919620963, -11.676648413203306 ], [ -71.372730925472311, -11.676923210108949 ], [ -71.373096742674932, -11.677234548710024 ], [ -71.428551356872177, -11.729225650668699 ], [ -71.428591469287468, -11.729262445494458 ], [ -71.485497510016842, -11.78033234982407 ], [ -71.485588022651328, -11.780406192356121 ], [ -71.485695531795997, -11.780451876492624 ], [ -71.529424144929109, -11.796648854626785 ], [ -71.529532983422101, -11.796683496981283 ], [ -71.5296364642806, -11.796635148018517 ], [ -71.578106561929161, -11.771174933807618 ], [ -71.57822777013925, -11.771102168920347 ], [ -71.578329395297956, -11.771003891322815 ], [ -71.611406642942256, -11.735150435702966 ], [ -71.611485128071521, -11.735056393927856 ], [ -71.611509312477793, -11.734936315263949 ], [ -71.61719301619388, -11.697092244775444 ], [ -71.61729544238122, -11.696588306816448 ], [ -71.617449087461296, -11.696097554557419 ], [ -71.617652326209679, -11.695625179069562 ], [ -71.617903008810856, -11.695176177038572 ], [ -71.618198483598547, -11.694755297910774 ], [ -71.618535625104357, -11.694366993654514 ], [ -71.656061921808771, -11.655389826236926 ], [ -71.656455417282757, -11.65502285818971 ], [ -71.65688606705109, -11.654700298098 ], [ -71.657348884116473, -11.654425881262307 ], [ -71.691757900617347, -11.636452165997287 ], [ -71.692272128264136, -11.636219497457272 ], [ -71.692809302087866, -11.636046266382325 ], [ -71.744686823953032, -11.622496236570404 ], [ -71.745197477741343, -11.6223909546967 ], [ -71.745716318820698, -11.622339423164293 ], [ -71.746237705280706, -11.622342202330287 ], [ -71.746755967532394, -11.622399261973863 ], [ -71.802647025197444, -11.631523298264993 ], [ -71.80280262700137, -11.631551232065929 ], [ -71.87386164926707, -11.645470839744023 ], [ -71.874125222137991, -11.64550802030212 ], [ -71.927314803755209, -11.650138620525253 ], [ -71.92744111620803, -11.65014309154232 ], [ -71.92754669155579, -11.650073602898049 ], [ -71.974204858200252, -11.61579873584933 ], [ -71.974587475677353, -11.615543890604444 ], [ -71.974991882593997, -11.615325264717598 ], [ -71.975414660219755, -11.615144706384108 ], [ -71.975852234523913, -11.615003741988026 ], [ -72.017070372812469, -11.603788491066856 ], [ -72.017502197858875, -11.603691297856333 ], [ -72.017940926498483, -11.6036326755767 ], [ -72.018383120513363, -11.603613083637612 ], [ -72.082994520198369, -11.603613083637612 ], [ -72.083092392371341, -11.603611166926665 ], [ -72.14077175049816, -11.601351135897577 ], [ -72.14123015064564, -11.601354204693964 ], [ -72.141686343170079, -11.601399243492487 ], [ -72.142136493497517, -11.601485873714822 ], [ -72.142576817842368, -11.60161336718158 ], [ -72.14300361501229, -11.601780652233099 ], [ -72.143413297519103, -11.601986322737401 ], [ -72.143802421733653, -11.602228649909566 ], [ -72.186025810322832, -11.631291416447816 ], [ -72.186369389709967, -11.631550377318518 ], [ -72.186689434618501, -11.63183791650602 ], [ -72.229086004497859, -11.673360720782505 ], [ -72.229195549421348, -11.673471402441782 ], [ -72.302723530825546, -11.750113582457386 ], [ -72.302843416071525, -11.75024304229326 ], [ -72.335960326785411, -11.78729532613227 ], [ -72.336045536319176, -11.787381662963087 ], [ -72.33616623920517, -11.787393726393011 ], [ -72.382237574236143, -11.789706526867214 ], [ -72.382364398515705, -11.789706338860196 ], [ -72.3824675317979, -11.789632528567365 ], [ -72.433345377681448, -11.749090954860025 ], [ -72.433435894002798, -11.74901124983573 ], [ -72.433455181716212, -11.748892194892752 ], [ -72.442926938055621, -11.66426020236311 ], [ -72.442942309855511, -11.663957405496584 ], [ -72.441760588053043, -11.545885732882249 ], [ -72.441776583399289, -11.545432960150988 ], [ -72.441833497161497, -11.544983493999931 ], [ -72.453403790810867, -11.478091837493707 ], [ -72.453520936092289, -11.477577715694142 ], [ -72.453691573695934, -11.477078789797874 ], [ -72.4539138058297, -11.476600608743805 ], [ -72.454185160878964, -11.476148490751477 ], [ -72.454502620895369, -11.475727464173062 ], [ -72.486812020331513, -11.43727637045987 ], [ -72.486886374118214, -11.437178372600412 ], [ -72.486916929443424, -11.437059215401055 ], [ -72.501121618715757, -11.367437534384635 ], [ -72.501158144455502, -11.367201319782795 ], [ -72.51062545771218, -11.277851900360764 ], [ -72.510688118370737, -11.277431771247795 ], [ -72.527127308723067, -11.192203965977576 ], [ -72.527252811376428, -11.191697212562245 ], [ -72.52743046921826, -11.191206307651715 ], [ -72.527658345423234, -11.190736603090144 ], [ -72.634393822690257, -10.997168561425998 ], [ -72.634666858661959, -10.996728877424291 ], [ -72.634983883635158, -10.996319773733815 ], [ -72.635341500742285, -10.995945633829642 ], [ -72.695313768899126, -10.939377722958639 ], [ -72.695383291061887, -10.939309540038158 ], [ -72.757018189222634, -10.876460472905761 ], [ -72.757215582965401, -10.876269940338469 ], [ -72.80770523007628, -10.830142910356665 ], [ -72.808038399201507, -10.829864093859088 ], [ -72.808394513753527, -10.829615251075051 ], [ -72.808770885205561, -10.829398260671075 ], [ -72.868432569966231, -10.798373573012809 ], [ -72.868772093570414, -10.798212919397779 ], [ -72.86912271936707, -10.798078207065256 ], [ -72.95063678056448, -10.770226230819683 ], [ -72.950808851928358, -10.770160256730858 ], [ -73.013144634968995, -10.743584217349579 ], [ -73.013686371845978, -10.743389289348565 ], [ -73.01424692558146, -10.743257929997574 ], [ -73.087142562483407, -10.730551254275751 ], [ -73.087490925852833, -10.730464324422652 ], [ -73.165015429134755, -10.705073616928365 ], [ -73.165484473673942, -10.704944890039334 ], [ -73.165963806368651, -10.704862345751378 ], [ -73.16644889132445, -10.704826765175783 ], [ -73.213182713821212, -10.703678750011756 ], [ -73.213268449083813, -10.70367517070509 ], [ -73.272505452427453, -10.700182770650891 ], [ -73.272614403541695, -10.700171528628925 ], [ -73.272721947872498, -10.700150769407829 ], [ -73.315128750011866, -10.690014783632797 ], [ -73.315598357993736, -10.689926023300492 ], [ -73.316074295131642, -10.689882504408049 ], [ -73.316552213072484, -10.689884624561568 ], [ -73.317027745365777, -10.689932364390474 ], [ -73.317496547357266, -10.690025287724493 ], [ -73.317954335883442, -10.690162545578678 ], [ -73.362753861321195, -10.705964919965732 ], [ -73.362888501676196, -10.706004014404732 ], [ -73.363028479097537, -10.706011934118985 ], [ -73.405434366859438, -10.706011934118985 ], [ -73.4058600271362, -10.70603008573422 ], [ -73.460166952143908, -10.710670190960871 ], [ -73.460285033963686, -10.710674619105943 ], [ -73.460396254585021, -10.710634707979297 ], [ -73.505284029676616, -10.692063294674837 ], [ -73.505552074284225, -10.691933163358666 ], [ -73.537665912524645, -10.673900437419054 ], [ -73.538074151007905, -10.673695148177289 ], [ -73.538499426411136, -10.673527986090049 ], [ -73.538938186794496, -10.673400347310675 ], [ -73.539386767590329, -10.673313297890164 ], [ -73.539841422209989, -10.673267564873395 ], [ -73.579121570166777, -10.671123080724938 ], [ -73.579604513638174, -10.671120073694992 ], [ -73.580085494353455, -10.671163674042768 ], [ -73.580560024888769, -10.671253474988465 ], [ -73.581023677998772, -10.671388638712825 ], [ -73.581472127921629, -10.671567904173775 ], [ -73.581901190737241, -10.671789598871612 ], [ -73.582306863402167, -10.672051654452989 ], [ -73.582685361096907, -10.672351626008107 ], [ -73.583033152537283, -10.672686714881086 ], [ -73.610861168464666, -10.702219701492478 ], [ -73.611122804686588, -10.702520547150312 ], [ -73.611359638753058, -10.702841282629207 ], [ -73.639578547763122, -10.744430444012178 ], [ -73.639645900458675, -10.744520622404114 ], [ -73.639735007731289, -10.744589385925575 ], [ -73.656171854221625, -10.756123933877594 ], [ -73.656271780573647, -10.756187047318166 ], [ -73.656380266471615, -10.756140149640565 ], [ -73.670421625113732, -10.749242742008958 ], [ -73.670521559673361, -10.749187816632888 ], [ -73.67060276993881, -10.749107762863895 ], [ -73.681383150588772, -10.737457175832914 ], [ -73.681730100159811, -10.737116984035575 ], [ -73.682108432587285, -10.736812075790137 ], [ -73.682514574832211, -10.736545330704514 ], [ -73.682944691214715, -10.73631926796692 ], [ -73.683394719638855, -10.736136022554215 ], [ -73.683860409955869, -10.735997325068796 ], [ -73.695437564430989, -10.73315368511086 ], [ -73.695920119145882, -10.733060038641822 ], [ -73.696409537273396, -10.733014228048283 ], [ -73.696901088514636, -10.733016696096437 ], [ -73.697390021953822, -10.733067418932229 ], [ -73.697871611976637, -10.733165906311918 ], [ -73.756523145514464, -10.748198261309881 ], [ -73.756638981091697, -10.748222038926462 ], [ -73.756731707336456, -10.748148655688794 ], [ -73.826910079848517, -10.686856046461473 ], [ -73.827213251175863, -10.686611410887496 ], [ -73.912437363128845, -10.623160815895794 ], [ -73.912907009419712, -10.622850649704635 ], [ -73.913408538751639, -10.622595230375165 ], [ -73.913935596332649, -10.622397794281822 ], [ -73.966461294623272, -10.606028273925368 ], [ -73.966580938426517, -10.605984026075415 ], [ -73.966640619433434, -10.605871284382729 ], [ -74.021302795364917, -10.488158051281841 ], [ -74.021348458207981, -10.488045709870216 ], [ -74.021382986794265, -10.48792946244075 ], [ -74.054747799136877, -10.351622281157537 ], [ -74.054893075297798, -10.351136788713386 ], [ -74.055086747932066, -10.350668495016013 ], [ -74.05532682757179, -10.350222210529555 ], [ -74.055610848041354, -10.349802519632433 ], [ -74.055935891790753, -10.349413733525124 ], [ -74.056298619865586, -10.349059845944117 ], [ -74.056695306205881, -10.348744492136969 ], [ -74.05712187592141, -10.348470911519859 ], [ -74.167249972431406, -10.285478252532993 ], [ -74.167561646448334, -10.285314265655565 ], [ -74.295079523686454, -10.22385420632323 ], [ -74.295190951835181, -10.223793233342297 ], [ -74.295257824435268, -10.223685242638661 ], [ -74.415702245664676, -10.004716307035645 ], [ -74.41575600891322, -10.004606036041739 ], [ -74.415798669521166, -10.004491013211506 ], [ -74.468007159955789, -9.839187828197693 ], [ -74.468195203495924, -9.838687351207813 ], [ -74.468435610284999, -9.838209813600757 ], [ -74.550501731970314, -9.694837521668418 ], [ -74.550543311699386, -9.694761880724865 ], [ -74.623158214803297, -9.557083860712456 ], [ -74.623419581693298, -9.556644357279712 ], [ -74.623724470724554, -9.556233847112725 ], [ -74.624069693051496, -9.555856623752417 ], [ -74.75725295936023, -9.424496236331422 ], [ -74.757338932726441, -9.42440221465276 ], [ -74.757379989471545, -9.424281608519285 ], [ -74.770415302716501, -9.378352224217648 ], [ -74.770441146366025, -9.37824219466893 ], [ -74.770405655658706, -9.378134887607217 ], [ -74.733217980075537, -9.280891050267831 ], [ -74.733044676180327, -9.280346416769124 ], [ -74.732934658896198, -9.279785563771268 ], [ -74.718053268538981, -9.171455054161139 ], [ -74.718029537348926, -9.171251415973648 ], [ -74.704981322852973, -9.035050432397066 ], [ -74.704958571961143, -9.034592853512585 ], [ -74.704977799966116, -9.034135113059461 ], [ -74.712300349624215, -8.950960734775306 ], [ -74.712361512173487, -8.950506030760364 ], [ -74.712464096853139, -8.950058847372773 ], [ -74.712607239914135, -8.949622949835817 ], [ -74.712789736111375, -8.949202008347449 ], [ -74.713010048851714, -8.94879956717773 ], [ -74.713266323131833, -8.948419014826555 ], [ -74.752102085661917, -8.896101902363759 ], [ -74.752431746868666, -8.89570276447613 ], [ -74.752800910517024, -8.895339851586725 ], [ -74.753205619356336, -8.895017053941197 ], [ -74.753641535109139, -8.894737831769744 ], [ -74.754103984975387, -8.894505178195153 ], [ -74.754588011722575, -8.894321587148019 ], [ -74.755088426824699, -8.894189026633045 ], [ -74.7555998660808, -8.894108917633012 ], [ -74.756116847116459, -8.894082118876554 ], [ -74.817753356364193, -8.894082118876554 ], [ -74.818282452070051, -8.894110191912686 ], [ -74.818805606446773, -8.89419409578294 ], [ -74.819316944881649, -8.894332888312761 ], [ -74.819810725445748, -8.894525010971067 ], [ -74.820281403371226, -8.894768306371331 ], [ -74.928772311086632, -8.958347823146411 ], [ -74.929141956825944, -8.958586911520142 ], [ -74.929489139509329, -8.958857587354682 ], [ -74.929811167759638, -8.959157752357722 ], [ -74.930105545198117, -8.959485079635471 ], [ -75.0265097060134, -9.076669717339909 ], [ -75.026841372549683, -9.077122454352523 ], [ -75.027120212391068, -9.077609508596662 ], [ -75.101685380827362, -9.226681773107932 ], [ -75.10173944260977, -9.226778738397412 ], [ -75.10182408716318, -9.226850573230786 ], [ -75.223318369959216, -9.320930861226213 ], [ -75.223469793389654, -9.321052901141618 ], [ -75.447900433973231, -9.509249029818523 ], [ -75.447998934941054, -9.509323435037317 ], [ -75.448113999482416, -9.509278727895124 ], [ -75.550664809212719, -9.463302163441574 ], [ -75.551229681262626, -9.463088868416129 ], [ -75.681849704750647, -9.422593129576844 ], [ -75.681956774932388, -9.422554482748668 ], [ -75.682055020928203, -9.422496990789117 ], [ -75.81287332333936, -9.337680152858773 ], [ -75.812972632385751, -9.33760854291239 ], [ -75.813036620100959, -9.33750415975566 ], [ -75.876507091523266, -9.221436174074338 ], [ -75.876739334801044, -9.221053272357979 ], [ -75.949543765661375, -9.112319858484138 ], [ -75.949605422679909, -9.112217474596514 ], [ -75.949656990075781, -9.112109655989668 ], [ -76.00010378608016, -8.992176231444967 ], [ -76.000141405807611, -8.99207460179562 ] ] ], [ [ [ -72.236236731522609, -7.669881453654785 ], [ -72.236194788220971, -7.669772652154203 ], [ -72.192952556324812, -7.571806277238435 ], [ -72.192898530502447, -7.571698536802504 ], [ -72.192788392902671, -7.57164958274126 ], [ -72.066100647670069, -7.522638748902367 ], [ -72.065977832373335, -7.522598486249988 ], [ -72.065849256661195, -7.522611637847962 ], [ -71.908220696303587, -7.547124182984749 ], [ -71.908101281793776, -7.547148926542085 ], [ -71.908046519821411, -7.547257890734219 ], [ -71.864804812267835, -7.645228684508309 ], [ -71.864762730238454, -7.645337724265031 ], [ -71.864774984362356, -7.645453958520463 ], [ -71.886408582209157, -7.786330414125761 ], [ -71.886432270184585, -7.786446679935562 ], [ -71.886536697050957, -7.786503017208437 ], [ -71.976092333611291, -7.829335954705057 ], [ -71.97620315382467, -7.829382436797443 ], [ -71.976318361221047, -7.82934824673378 ], [ -72.124750159235347, -7.777265449104215 ], [ -72.124843533433761, -7.777230579401933 ], [ -72.186602847742677, -7.752753372027524 ], [ -72.186707838948678, -7.752705969704687 ], [ -72.186771517217991, -7.752609973811211 ], [ -72.236181728485747, -7.669984272295629 ], [ -72.236236731522609, -7.669881453654785 ] ] ], [ [ [ -72.251715994070622, -8.080791616995588 ], [ -72.251721565221089, -8.080675067300788 ], [ -72.251721565221089, -7.964435366511411 ], [ -72.251715400902782, -7.964313886063966 ], [ -72.251596234958598, -7.96428949394191 ], [ -72.171380659276949, -7.952067486099407 ], [ -72.171232656265673, -7.952053913425043 ], [ -72.171084090697249, -7.952058082443856 ], [ -72.032050145692878, -7.964297634771365 ], [ -72.031929932148856, -7.964314301653649 ], [ -72.031878915429814, -7.964424421477114 ], [ -72.00720934398359, -8.02549889469743 ], [ -72.007167024233553, -8.025621977734485 ], [ -72.007178796916364, -8.025751599488645 ], [ -72.016430147015342, -8.089871686604935 ], [ -72.016452178130351, -8.089985731307708 ], [ -72.016552728127223, -8.090043879931429 ], [ -72.087542675640364, -8.126711843177546 ], [ -72.087649964016862, -8.126760931171114 ], [ -72.087767814800401, -8.126766554307084 ], [ -72.186583261928973, -8.126766554307084 ], [ -72.186709462104048, -8.126760075495719 ], [ -72.186816242572846, -8.126692500421129 ], [ -72.251624050366601, -8.080863458657241 ], [ -72.251715994070622, -8.080791616995588 ] ] ] ] } },
{ "type": "Feature", "properties": { "fid": 2, "title": "Cashinahua", "glottocode": "cash1254", "layer": "full_polys", "path": "full_polys.gpkg|layername=full_polys", "subgroup": "Headwaters" }, "geometry": { "type": "MultiPolygon", "coordinates": [ [ [ [ -71.795736182258537, -9.17723529841582 ], [ -71.734704748309881, -9.17723529841582 ], [ -71.715632425200937, -9.218654897998096 ], [ -71.715632425200937, -9.309008038438915 ], [ -71.719446889822734, -9.440731120311415 ], [ -71.719446889822734, -9.512216900122727 ], [ -71.749962606797041, -9.553596581836029 ], [ -71.807179576123914, -9.57240386680172 ], [ -71.822437434611075, -9.662664308535746 ], [ -71.852953151585396, -9.734103337257235 ], [ -71.906355656290458, -9.779214859428174 ], [ -71.9673870902391, -9.764178364140138 ], [ -72.005531736457002, -9.711545289284841 ], [ -72.005531736457002, -9.598732316350436 ], [ -72.005531736457002, -9.50845486222167 ], [ -71.955943696373737, -9.399337829387532 ], [ -71.910170120912255, -9.29395079728827 ], [ -71.795736182258537, -9.17723529841582 ] ] ], [ [ [ -70.563664109420245, -9.474594661169732 ], [ -70.510261604715183, -9.346648301487583 ], [ -70.456859100010107, -9.23371536695252 ], [ -70.418714453792191, -9.188532033535665 ], [ -70.369126413708926, -9.124512450073292 ], [ -70.304280515138501, -9.0906150723668 ], [ -70.216547828837321, -9.135810860837697 ], [ -70.163145324132245, -9.192297531868128 ], [ -70.102113890183588, -9.263834373242243 ], [ -70.109742819427183, -9.354175866258034 ], [ -70.166959788754042, -9.425679588678891 ], [ -70.205104434971943, -9.553596581836029 ], [ -70.254692475055208, -9.636340836861065 ], [ -70.254692475055208, -9.711545289284841 ], [ -70.361497484465332, -9.790491784627722 ], [ -70.437786776901149, -9.828078766908991 ], [ -70.536962857067707, -9.846870657374446 ], [ -70.605623220259915, -9.843112364797129 ], [ -70.64376786647783, -9.824320260620702 ], [ -70.662840189586788, -9.775455799327124 ], [ -70.64376786647783, -9.711545289284841 ], [ -70.597994291016363, -9.666424636536359 ], [ -70.544591786311273, -9.643862038551937 ], [ -70.529333927824126, -9.564881077631071 ], [ -70.563664109420245, -9.474594661169732 ] ] ], [ [ [ -71.036657722522236, -9.425679588678891 ], [ -71.101503621092675, -9.452019337643987 ], [ -71.170163984284912, -9.448256639649632 ], [ -71.19686523663745, -9.425679588678891 ], [ -71.185421842772087, -9.354175866258034 ], [ -71.090060227227312, -9.271363721655508 ], [ -71.002327540926117, -9.297715168326638 ], [ -70.975626288573608, -9.357939587560629 ], [ -71.036657722522236, -9.425679588678891 ] ] ] ] } },
{ "type": "Feature", "properties": { "fid": 3, "title": "Chácobo", "glottocode": "chac1251", "layer": "full_polys", "path": "full_polys.gpkg|layername=full_polys", "subgroup": "Bolivian" }, "geometry": { "type": "MultiPolygon", "coordinates": [ [ [ [ -65.770094064014032, -11.704720521590648 ], [ -65.759499062948933, -11.60268397495016 ], [ -65.736543227307891, -11.542136162692096 ], [ -65.687099889004145, -11.526564610184488 ], [ -65.602339880483413, -11.535215579313933 ], [ -65.544067374625399, -11.543866281867741 ], [ -65.464604866637202, -11.555976817236195 ], [ -65.416927361844301, -11.568086829227557 ], [ -65.392205692692428, -11.619980940273411 ], [ -65.38161069162733, -11.670136062501923 ], [ -65.416927361844301, -11.723740131591011 ], [ -65.416927361844301, -11.75658909823388 ], [ -65.367484023540541, -11.789434145803668 ], [ -65.348059854921203, -11.841286742877752 ], [ -65.356889022475443, -11.881033741011278 ], [ -65.38161069162733, -11.90868040685646 ], [ -65.418693195355146, -11.910408230133571 ], [ -65.439883197485344, -11.938051906909759 ], [ -65.47696570121316, -11.979512133438375 ], [ -65.529940706538611, -11.991603501507312 ], [ -65.581149878353216, -11.986421552953553 ], [ -65.609403214526807, -11.967420223919913 ], [ -65.609403214526807, -11.903496871100295 ], [ -65.641188217722075, -11.874121635731836 ], [ -65.697694890069229, -11.856840605653028 ], [ -65.73830906081875, -11.848199680141839 ], [ -65.775391564546567, -11.868937441703419 ], [ -65.828366569872031, -11.903496871100295 ], [ -65.844259071469665, -11.976057357374845 ], [ -65.856619906045609, -12.046871417429871 ], [ -65.89193657626258, -12.079681363620818 ], [ -66.040266591173861, -12.079681363620818 ], [ -66.068519927347438, -12.036509548171948 ], [ -66.093241596499311, -12.012330299873986 ], [ -66.109134098096959, -11.98469421465499 ], [ -66.109134098096959, -11.912136042420695 ], [ -66.109134098096959, -11.846471462225892 ], [ -66.096773263521015, -11.789434145803668 ], [ -66.125026599694607, -11.744487302775971 ], [ -66.20802077470448, -11.727198101800889 ], [ -66.259229946519085, -11.716824061252796 ], [ -66.287483282692676, -11.682241114327384 ], [ -66.276888281627578, -11.618251292032916 ], [ -66.246869111943141, -11.580196317323486 ], [ -66.186830772574297, -11.56116688649257 ], [ -66.139153267781381, -11.585385937431445 ], [ -66.117963265651213, -11.611332591730598 ], [ -66.096773263521015, -11.66667737921615 ], [ -66.04556409170641, -11.685699603463537 ], [ -65.983759918826706, -11.687428831840801 ], [ -65.943145748077185, -11.728927070660758 ], [ -65.897234076795129, -11.766961642398586 ], [ -65.770094064014032, -11.704720521590648 ] ] ] ] } },
{ "type": "Feature", "properties": { "fid": 4, "title": "Kaxararí", "glottocode": "kaxa1239", "layer": "full_polys", "path": "full_polys.gpkg|layername=full_polys", "subgroup": "Kaxararí" }, "geometry": { "type": "MultiPolygon", "coordinates": [ [ [ [ -66.77397139030127, -9.641298195354201 ], [ -66.69662880453653, -9.524179477180441 ], [ -66.610999513154141, -9.461518057550744 ], [ -66.508796810536452, -9.43154551014325 ], [ -66.43421645997762, -9.453343985219886 ], [ -66.370685050242301, -9.513282662703217 ], [ -66.320964816536389, -9.60589447665833 ], [ -66.304391405301075, -9.682144021725467 ], [ -66.373447285448165, -9.774709472870097 ], [ -66.470125517654083, -9.853642013746787 ], [ -66.577852690683542, -9.886298239651286 ], [ -66.669006452477689, -9.872691872446149 ], [ -66.746349038242428, -9.842755886106048 ], [ -66.798831507154233, -9.788319872510646 ], [ -66.807118212771897, -9.722984880681238 ], [ -66.77397139030127, -9.641298195354201 ] ] ] ] } },
{ "type": "Feature", "properties": { "fid": 5, "title": "Marúbo", "glottocode": "maru1252", "layer": "full_polys", "path": "full_polys.gpkg|layername=full_polys", "subgroup": "Marubo" }, "geometry": { "type": "MultiPolygon", "coordinates": [ [ [ [ -72.564189872053561, -7.050292923584586 ], [ -72.494920310590786, -6.978267934641873 ], [ -72.415755097490461, -6.922604664031302 ], [ -72.329992783298437, -6.87675939069229 ], [ -72.234334817468891, -6.873484558664305 ], [ -72.174960907643651, -6.916055611251302 ], [ -72.174960907643651, -6.981542039078688 ], [ -72.217842064739656, -7.076481058694906 ], [ -72.283813075656596, -7.125579802983434 ], [ -72.290410176748296, -7.207399338924339 ], [ -72.346485536027686, -7.302291482063637 ], [ -72.428949299673832, -7.370993927807387 ], [ -72.498218861136621, -7.390621245182496 ], [ -72.554294220416011, -7.419242852500714 ], [ -72.640056534608021, -7.419242852500714 ], [ -72.692833343341547, -7.419242852500714 ], [ -72.725818848800031, -7.33746191632545 ], [ -72.725818848800031, -7.258938071773611 ], [ -72.719221747708332, -7.209853697579991 ], [ -72.646653635699707, -7.137853668698083 ], [ -72.564189872053561, -7.050292923584586 ] ] ] ] } },
{ "type": "Feature", "properties": { "fid": 6, "title": "Matís", "glottocode": "mati1255", "layer": "full_polys", "path": "full_polys.gpkg|layername=full_polys", "subgroup": "Northern" }, "geometry": { "type": "MultiPolygon", "coordinates": [ [ [ [ -71.767771743966719, -6.0870122972505 ], [ -71.658236124712403, -6.067370977330816 ], [ -71.586409489135818, -6.103081934149428 ], [ -71.539722176011026, -6.194134070793124 ], [ -71.541517841900443, -6.28338563029503 ], [ -71.624118472813521, -6.374406451650192 ], [ -71.73185842617842, -6.445784041290624 ], [ -71.819846054759736, -6.467195364469208 ], [ -71.891672690336335, -6.443999723512317 ], [ -71.927586008124635, -6.399389743751171 ], [ -71.886285692668096, -6.358345120893832 ], [ -71.837802713653886, -6.242331800954657 ], [ -71.767771743966719, -6.0870122972505 ] ] ] ] } },
{ "type": "Feature", "properties": { "fid": 7, "title": "Matsés", "glottocode": "mats1244", "layer": "full_polys", "path": "full_polys.gpkg|layername=full_polys", "subgroup": "Northern" }, "geometry": { "type": "MultiPolygon", "coordinates": [ [ [ [ -73.557053586353334, -7.347276425679974 ], [ -73.695592709278912, -7.33419036508519 ], [ -73.764862270741673, -7.33419036508519 ], [ -73.814340528929392, -7.353819311506236 ], [ -73.870415888208754, -7.36363345942077 ], [ -73.923192696942294, -7.321103919793527 ], [ -73.939685449671529, -7.249121624240272 ], [ -73.939685449671529, -7.190218456303654 ], [ -73.880311539846304, -7.14112664397122 ], [ -73.774757922379209, -7.075662701935456 ], [ -73.590039091811818, -7.095302863348467 ], [ -73.474589822707188, -7.128034602439906 ], [ -73.408618811790262, -7.17385510664891 ], [ -73.375633306331792, -7.272026335205109 ], [ -73.418514463427783, -7.33419036508519 ], [ -73.557053586353334, -7.347276425679974 ] ] ], [ [ [ -73.065569555022222, -7.027377090742846 ], [ -73.075465206659757, -6.974993807304518 ], [ -73.029285499017902, -6.866934826928881 ], [ -72.960015937555127, -6.788331037053832 ], [ -72.894044926638188, -6.712990355948399 ], [ -72.808282612446192, -6.663848837928586 ], [ -72.696131893887397, -6.644190849791093 ], [ -72.593876826966167, -6.676953725738017 ], [ -72.593876826966167, -6.729369761401547 ], [ -72.686236242249876, -6.811258475121203 ], [ -72.755505803712651, -6.912781050805513 ], [ -72.821476814629577, -6.945525632482931 ], [ -72.877552173908981, -7.056840096365328 ], [ -72.953418836463428, -7.09284788895141 ], [ -72.986404341921883, -7.09284788895141 ], [ -73.032584049563752, -7.076481058694906 ], [ -73.065569555022222, -7.027377090742846 ] ] ], [ [ [ -73.349244901965008, -6.467233875054679 ], [ -73.306363744869003, -6.414790201977173 ], [ -73.260184037227162, -6.336114585718549 ], [ -73.227198531768693, -6.257426971714051 ], [ -73.210705779039458, -6.149212181711222 ], [ -73.210705779039458, -6.04097536712665 ], [ -73.151331869214218, -5.968805443412634 ], [ -73.055673903384672, -5.906469219008233 ], [ -72.986404341921883, -5.893344906756185 ], [ -72.907239128821587, -5.87037661400789 ], [ -72.857760870633882, -5.804747716306103 ], [ -72.795088410262792, -5.798184404760305 ], [ -72.748908702620952, -5.8145925402904 ], [ -72.742311601529252, -5.863814070605028 ], [ -73.233795632860392, -6.749024318559632 ], [ -73.276676789956397, -6.77850465762053 ], [ -73.316259396506538, -6.768678077870424 ], [ -73.359140553602558, -6.755575660425523 ], [ -73.365737654694243, -6.680229892891575 ], [ -73.365737654694243, -6.578658561142676 ], [ -73.349244901965008, -6.467233875054679 ] ] ], [ [ [ -73.547157934715813, -6.273001507292391 ], [ -73.530665181986564, -6.217258924569402 ], [ -73.491082575436423, -6.187745750114177 ], [ -73.454798519432103, -6.15495140119739 ], [ -73.382230407423492, -6.15495140119739 ], [ -73.362439104148393, -6.207421383373172 ], [ -73.362439104148393, -6.354965050523138 ], [ -73.398723160152699, -6.410692812147192 ], [ -73.441604317248718, -6.410692812147192 ], [ -73.500978227073944, -6.404136919948663 ], [ -73.533963732532413, -6.381190634755888 ], [ -73.547157934715813, -6.322181190733512 ], [ -73.547157934715813, -6.273001507292391 ] ] ], [ [ [ -72.527905816049227, -5.824437192017713 ], [ -72.531204366595077, -5.742393182772606 ], [ -72.452039153494766, -5.680031824457365 ], [ -72.356381187665221, -5.742393182772606 ], [ -72.323395682206751, -5.804747716306103 ], [ -72.323395682206751, -5.883501468879767 ], [ -72.36627683930277, -5.899907101715287 ], [ -72.455337704040616, -5.87037661400789 ], [ -72.527905816049227, -5.824437192017713 ] ] ], [ [ [ -73.141436217576683, -5.652951759654081 ], [ -73.091957959388978, -5.63653898217501 ], [ -73.042479701201287, -5.656234259348674 ], [ -73.035882600109602, -5.715316058590833 ], [ -73.062271004476372, -5.787518860705402 ], [ -73.131540565939147, -5.853149772964951 ], [ -73.177720273581002, -5.892524626929637 ], [ -73.237094183406242, -5.892524626929637 ], [ -73.243691284497913, -5.849868409659468 ], [ -73.204108677947758, -5.803927306540933 ], [ -73.144734768122532, -5.715316058590833 ], [ -73.141436217576683, -5.652951759654081 ] ] ], [ [ [ -72.725818848800031, -5.207184098923613 ], [ -72.663146388428956, -5.144767200324265 ], [ -72.623563781878786, -5.10534284197163 ], [ -72.554294220416011, -5.10534284197163 ], [ -72.488323209499072, -5.125055325273572 ], [ -72.455337704040616, -5.197329209187734 ], [ -72.455337704040616, -5.309008861619804 ], [ -72.531204366595077, -5.384545419239654 ], [ -72.649952186245557, -5.515890914955721 ], [ -72.765401455350187, -5.555288926068358 ], [ -72.844566668450497, -5.499474303752331 ], [ -72.861059421179732, -5.453505387277628 ], [ -72.837969567358797, -5.377977393624569 ], [ -72.791789859716943, -5.286017631502532 ], [ -72.725818848800031, -5.207184098923613 ] ] ], [ [ [ -65.049772238861408, -3.193228240524901 ], [ -65.015776010064101, -3.119167165995017 ], [ -64.938511853706643, -3.165455956792804 ], [ -64.879791094874946, -3.193228240524901 ], [ -64.889062793637862, -3.245684944373651 ], [ -64.953964684978146, -3.25802730406114 ], [ -65.031228841335619, -3.25802730406114 ], [ -65.049772238861408, -3.193228240524901 ] ] ] ] } },
{ "type": "Feature", "properties": { "fid": 8, "title": "Nukini", "glottocode": "nuku1263", "layer": "full_polys", "path": "full_polys.gpkg|layername=full_polys", "subgroup": "Poyanawa" }, "geometry": { "type": "MultiPolygon", "coordinates": [ [ [ [ -74.02247132966022, -7.504176700934269 ], [ -73.836728347376408, -7.568625167289131 ], [ -73.756239721720078, -7.651473318392994 ], [ -73.85530264560478, -7.697493127141251 ], [ -73.97603558408926, -7.666813807888025 ], [ -74.059619926116966, -7.623859047476752 ], [ -74.124629969916327, -7.587037249374202 ], [ -74.124629969916327, -7.547143411319473 ], [ -74.093672806202363, -7.504176700934269 ], [ -74.02247132966022, -7.504176700934269 ] ] ] ] } },
{ "type": "Feature", "properties": { "fid": 9, "title": "Pacahuara", "glottocode": "paca1246", "layer": "full_polys", "path": "full_polys.gpkg|layername=full_polys", "subgroup": "Bolivian" }, "geometry": { "type": "MultiPolygon", "coordinates": [ [ [ [ -65.861295729565683, -9.998106788431713 ], [ -65.794291980212691, -10.057488928846951 ], [ -65.800992355147997, -10.176220407062699 ], [ -65.881396854371602, -10.209193559379282 ], [ -65.961801353595192, -10.169625367481945 ], [ -66.002003603206987, -10.130052273279105 ], [ -66.002003603206987, -10.037696091616906 ], [ -65.938350041321641, -9.994807461873664 ], [ -65.861295729565683, -9.998106788431713 ] ] ] ] } },
{ "type": "Feature", "properties": { "fid": 10, "title": "Poyanáwa", "glottocode": "poya1241", "layer": "full_polys", "path": "full_polys.gpkg|layername=full_polys", "subgroup": "Poyanawa" }, "geometry": { "type": "MultiPolygon", "coordinates": [ [ [ [ -73.51477384475109, -7.71283195474042 ], [ -73.375466608038224, -7.697493127141251 ], [ -73.267116535039321, -7.74350794048782 ], [ -73.285690833267708, -7.807920231431196 ], [ -73.369275175295428, -7.875389124592484 ], [ -73.493103830151327, -7.863122867693876 ], [ -73.542635292093678, -7.768047121648443 ], [ -73.51477384475109, -7.71283195474042 ] ] ] ] } },
{ "type": "Feature", "properties": { "fid": 11, "title": "Shanenawa", "glottocode": "shan1283", "layer": "full_polys", "path": "full_polys.gpkg|layername=full_polys", "subgroup": "Headwaters" }, "geometry": { "type": "MultiPolygon", "coordinates": [ [ [ [ -72.394124518305347, -8.852407072056597 ], [ -72.335305907248809, -8.904403675202115 ], [ -72.279583012563648, -9.008374663639001 ], [ -72.273391579820867, -9.093975392971398 ], [ -72.332210190877404, -9.15510625185407 ], [ -72.391028801933942, -9.17955565653722 ], [ -72.499378874932859, -9.167331164657096 ], [ -72.58915464970336, -9.112315750102791 ], [ -72.598441798817547, -8.983913579436953 ], [ -72.59534608244617, -8.925811895033092 ], [ -72.54891033687521, -8.895228340006186 ], [ -72.493187442190063, -8.858524701794835 ], [ -72.394124518305347, -8.852407072056597 ] ] ], [ [ [ -72.623207529788729, -8.390237120857766 ], [ -72.5520060532466, -8.396362239696998 ], [ -72.493187442190063, -8.48516556743744 ], [ -72.449847412990493, -8.558642460881229 ], [ -72.418890249276515, -8.622923116035251 ], [ -72.462230278476085, -8.690253025670385 ], [ -72.533431755018228, -8.736152855240064 ], [ -72.592250366074765, -8.736152855240064 ], [ -72.654164693502707, -8.681072384320082 ], [ -72.728461886416241, -8.613740832904554 ], [ -72.771801915615796, -8.515782655190135 ], [ -72.712983304559245, -8.454546038679382 ], [ -72.623207529788729, -8.390237120857766 ] ] ] ] } },
{ "type": "Feature", "properties": { "fid": 12, "title": "Sharanahua", "glottocode": "shar1245", "layer": "full_polys", "path": "full_polys.gpkg|layername=full_polys", "subgroup": "Headwaters" }, "geometry": { "type": "MultiPolygon", "coordinates": [ [ [ [ -70.906044324417081, -8.256263636863114 ], [ -70.824460958419877, -8.256263636863114 ], [ -70.769272210833535, -8.277634831512513 ], [ -70.740478081658054, -8.306127953290297 ], [ -70.704485420188675, -8.346489666602519 ], [ -70.740478081658054, -8.427200560636381 ], [ -70.812463404596755, -8.453309310672626 ], [ -70.896446281358578, -8.48416282630237 ], [ -70.949235518180288, -8.458056166334632 ], [ -70.954034539709554, -8.367855945112362 ], [ -70.954034539709554, -8.317999477260008 ], [ -70.906044324417081, -8.256263636863114 ] ] ] ] } },
{ "type": "Feature", "properties": { "fid": 13, "title": "Shipibo-Conibo", "glottocode": "ship1254", "layer": "full_polys", "path": "full_polys.gpkg|layername=full_polys", "subgroup": "Ucayali" }, "geometry": { "type": "MultiPolygon", "coordinates": [ [ [ [ -69.664188665129799, -12.593544920169007 ], [ -69.664172079554533, -12.593431035245658 ], [ -69.644111094153729, -12.489924626517313 ], [ -69.644082773283287, -12.489808832972161 ], [ -69.643995530743979, -12.489727599012861 ], [ -69.537893635189079, -12.400119927039622 ], [ -69.537809222795303, -12.400054614801203 ], [ -69.537719535241152, -12.39999675908952 ], [ -69.451757753400827, -12.349618001033768 ], [ -69.451639381652129, -12.349556908685161 ], [ -69.451510714126627, -12.349522429505972 ], [ -69.345493133147187, -12.32712915882372 ], [ -69.345365107217447, -12.327109007181305 ], [ -69.345235680484961, -12.327102265645653 ], [ -69.308148274505655, -12.327102265645653 ], [ -69.308031279014997, -12.327108013265546 ], [ -69.308025531395103, -12.327225008756251 ], [ -69.308025531395103, -12.47285726804129 ], [ -69.308031319292894, -12.472975999560934 ], [ -69.308126287330623, -12.473047496031377 ], [ -69.373989438097581, -12.51778006664658 ], [ -69.374090656228162, -12.517841905516097 ], [ -69.374209217183562, -12.517838376269145 ], [ -69.439607857653158, -12.512730799244384 ], [ -69.440107790435761, -12.512716843848612 ], [ -69.440606616427857, -12.512752901715771 ], [ -69.44109934482475, -12.512838612083238 ], [ -69.441581045828727, -12.512973117410079 ], [ -69.442046899972325, -12.513155071956831 ], [ -69.44249224633748, -12.513382655249766 ], [ -69.442912629188584, -12.513653590294913 ], [ -69.443303842552467, -12.513965166359618 ], [ -69.443661972299708, -12.514314266093695 ], [ -69.443983435305768, -12.514697396718832 ], [ -69.44426501530063, -12.515110724974198 ], [ -69.444503895047816, -12.515550115468598 ], [ -69.444697684531192, -12.516011172055491 ], [ -69.4448444448673, -12.516489281816879 ], [ -69.44494270770403, -12.51697966121602 ], [ -69.444991489911757, -12.517477403957198 ], [ -69.444990303419502, -12.517977530073715 ], [ -69.444939160098272, -12.518475035752958 ], [ -69.437299496613619, -12.568191091714018 ], [ -69.437287025670244, -12.568312870015482 ], [ -69.437383401077923, -12.568388350211405 ], [ -69.488874867994568, -12.604682922128321 ], [ -69.488984701280387, -12.604752001692869 ], [ -69.489113164047254, -12.604770240510328 ], [ -69.581804928220961, -12.612993538871631 ], [ -69.582270027276749, -12.613056920858952 ], [ -69.582727133070279, -12.613163638718397 ], [ -69.5831722169562, -12.613312751905312 ], [ -69.583601356242696, -12.613502946229064 ], [ -69.584010768763775, -12.613732545435504 ], [ -69.584396846212798, -12.613999525980423 ], [ -69.584756185943917, -12.614301534863809 ], [ -69.585085620960868, -12.614635910367722 ], [ -69.623900349181312, -12.65792125440384 ], [ -69.623980942275693, -12.658002761708081 ], [ -69.624046275685018, -12.657908579793109 ], [ -69.664132392377738, -12.59364531057874 ], [ -69.664188665129799, -12.593544920169007 ] ] ], [ [ [ -76.000141405807611, -8.99207460179562 ], [ -76.000151440269832, -8.991966698417198 ], [ -76.009497182841855, -8.80176084698139 ], [ -76.009493964372425, -8.801461989995266 ], [ -76.00015473046389, -8.669460162006379 ], [ -76.000140166639795, -8.669338989836909 ], [ -76.000113820568174, -8.669219823213524 ], [ -75.961348125305861, -8.527256885284288 ], [ -75.961316321945986, -8.527149881165673 ], [ -75.921092679920989, -8.402109822393925 ], [ -75.92107417179821, -8.402051047738684 ], [ -75.885298759180429, -8.285949767564986 ], [ -75.88517205889255, -8.285447454307384 ], [ -75.885098013043248, -8.284934727495218 ], [ -75.873657763920093, -8.160385768950695 ], [ -75.873619188043435, -8.160121669967017 ], [ -75.822670605184314, -7.906813000892725 ], [ -75.822590035692201, -7.906246208028969 ], [ -75.812558749801724, -7.786997894057591 ], [ -75.812538404889395, -7.786826851358412 ], [ -75.783817006912017, -7.600395253911557 ], [ -75.783797347484565, -7.600295109595755 ], [ -75.783761605900025, -7.600199517147392 ], [ -75.736406797936013, -7.487816242421432 ], [ -75.736359435355496, -7.487716463321691 ], [ -75.736295193016687, -7.487626618985648 ], [ -75.655936407895723, -7.385177191981433 ], [ -75.65585945809832, -7.385088114690867 ], [ -75.65576711624486, -7.385015114573818 ], [ -75.474833742874651, -7.255406091644827 ], [ -75.474735199259669, -7.255342329864737 ], [ -75.474622741243962, -7.255308720292681 ], [ -75.371646916820481, -7.229770163737991 ], [ -75.371242842095413, -7.229651682456345 ], [ -75.370850169667463, -7.22949962140986 ], [ -75.302361497711644, -7.199603152256083 ], [ -75.301928843878827, -7.199388856125504 ], [ -75.301518876209485, -7.199133829301945 ], [ -75.301135417441756, -7.198840449779666 ], [ -75.300782043131875, -7.198511453172156 ], [ -75.300462048313918, -7.198149907203947 ], [ -75.300178416775381, -7.197759183105658 ], [ -75.299933793234786, -7.197342924178995 ], [ -75.299730458681125, -7.196905011824836 ], [ -75.299570309104766, -7.196449529351158 ], [ -75.299454837818303, -7.195980723898285 ], [ -75.299385121532254, -7.195502966836488 ], [ -75.29936181031519, -7.195020713005193 ], [ -75.29936181031519, -7.184753065914695 ], [ -75.299385886681819, -7.184262980213047 ], [ -75.299457883913163, -7.183777614304614 ], [ -75.299577108636527, -7.183301642528423 ], [ -75.299742412652634, -7.18283964875287 ], [ -75.299952203993442, -7.182396082230564 ], [ -75.300204462253674, -7.181975214749596 ], [ -75.300496758048368, -7.181581099493877 ], [ -75.300826276409254, -7.181217532008762 ], [ -75.301189843894363, -7.180888013647881 ], [ -75.301583959150094, -7.180595717853182 ], [ -75.302004826631062, -7.180343459592953 ], [ -75.302448393153355, -7.180133668252139 ], [ -75.302910386928914, -7.179968364236034 ], [ -75.303386358705112, -7.179849139512679 ], [ -75.303871724613543, -7.179777142281334 ], [ -75.304361810315186, -7.179753065914695 ], [ -75.376864402373826, -7.179753065914695 ], [ -75.376981397864483, -7.179747318294802 ], [ -75.376987145484378, -7.179630322804098 ], [ -75.376987145484378, -7.159903653828996 ], [ -75.376981646946987, -7.159787530141508 ], [ -75.376905892575678, -7.159699347263805 ], [ -75.355510115567185, -7.137054576743292 ], [ -75.355421640955271, -7.136969822249015 ], [ -75.35530080614177, -7.13694957307414 ], [ -75.30967192675088, -7.131623028533999 ], [ -75.309168994067917, -7.131538126432837 ], [ -75.308677327708097, -7.131402428824133 ], [ -75.308202043944704, -7.131217347775308 ], [ -75.307748088573916, -7.130984809237168 ], [ -75.307320185449001, -7.130707233002487 ], [ -75.306922787323856, -7.130387507525681 ], [ -75.30656002951784, -7.130028959865592 ], [ -75.30623568688361, -7.129635321064156 ], [ -75.305953134526064, -7.129210687321235 ], [ -75.305715312681087, -7.128759477369621 ], [ -75.305524696119491, -7.128286386493757 ], [ -75.287901719060457, -7.077168540152765 ], [ -75.287857107267882, -7.077057177152432 ], [ -75.287746859891826, -7.077009875503959 ], [ -75.267841033104986, -7.069602001108207 ], [ -75.267735787485947, -7.069568086831302 ], [ -75.267625322169422, -7.069563164194146 ], [ -75.226593787007431, -7.069563164194146 ], [ -75.226052199143098, -7.069533745909117 ], [ -75.225516984313231, -7.069445837228228 ], [ -75.177931239247712, -7.058951491582978 ], [ -75.177456754612379, -7.05882208138838 ], [ -75.176997279157746, -7.058646681917956 ], [ -75.176557258449748, -7.058426990215382 ], [ -75.176140949823719, -7.058165131865258 ], [ -75.175752381193291, -7.057863640427437 ], [ -75.175395312079118, -7.057525432924048 ], [ -75.175073197234425, -7.057153781616417 ], [ -75.174789153219109, -7.056752282344933 ], [ -75.174545928246147, -7.056324819738188 ], [ -75.174345875591754, -7.05587552962801 ], [ -75.174190930826697, -7.055408759034012 ], [ -75.174082593089125, -7.054929024104855 ], [ -75.174021910579853, -7.054440966423114 ], [ -75.171570867468745, -7.021601270773204 ], [ -75.171557960500991, -7.02113106283021 ], [ -75.171589297441898, -7.020661722766284 ], [ -75.171664600944339, -7.020197404468141 ], [ -75.171783204535913, -7.019742217377442 ], [ -75.171944058517397, -7.019300190120239 ], [ -75.172145739253224, -7.018875234851691 ], [ -75.172386461771268, -7.018471112631593 ], [ -75.172664095560748, -7.018091400137182 ], [ -75.200082497120604, -6.984073995415674 ], [ -75.200251472947073, -6.983837385845238 ], [ -75.228860007767096, -6.938401147277879 ], [ -75.228917506354108, -6.938299286569956 ], [ -75.228866964010294, -6.93819380120213 ], [ -75.207553617266214, -6.898698566990936 ], [ -75.207376384088249, -6.89833581839386 ], [ -75.207228995321628, -6.897959953131398 ], [ -75.191582814336471, -6.852771116144932 ], [ -75.191544899699494, -6.852674750961033 ], [ -75.191499122049848, -6.852581862989964 ], [ -75.172921273481137, -6.818528088802218 ], [ -75.172857499282145, -6.818423959909498 ], [ -75.172736260415206, -6.818409430219766 ], [ -75.113489951458206, -6.814305182823794 ], [ -75.112988030173781, -6.814244794144254 ], [ -75.112494772411722, -6.814134030664148 ], [ -75.112015220682338, -6.813974024704216 ], [ -75.111554277380975, -6.813766411984702 ], [ -75.111116654671434, -6.813513314903602 ], [ -75.1107068263141, -6.813217320839659 ], [ -75.110328981931289, -6.812881455701926 ], [ -75.109986984177283, -6.812509152996291 ], [ -75.109684329250911, -6.812104218725186 ], [ -75.100397281915917, -6.798271802730885 ], [ -75.100143212985188, -6.797849865603097 ], [ -75.099931889272241, -6.797404978820065 ], [ -75.09976536130992, -6.796941459242126 ], [ -75.099645244965402, -6.796463804528817 ], [ -75.09957270576102, -6.795976649496823 ], [ -75.099548447564885, -6.795484721147072 ], [ -75.099548447564885, -6.767777090979019 ], [ -75.099574696697189, -6.767265424773231 ], [ -75.099653168487336, -6.766759130885017 ], [ -75.09978303900877, -6.76626352522448 ], [ -75.099962944666075, -6.765783811479043 ], [ -75.100190996512296, -6.765325026476535 ], [ -75.100464800082207, -6.764891987300251 ], [ -75.100781480533342, -6.764489240711241 ], [ -75.101137712830891, -6.76412101540891 ], [ -75.146750996340643, -6.72156860985416 ], [ -75.147247474715499, -6.721161791151314 ], [ -75.19860305525323, -6.684325162604112 ], [ -75.198856038969865, -6.684117283874004 ], [ -75.224522581478197, -6.660040833656923 ], [ -75.224604482192461, -6.659956134643005 ], [ -75.224558448602508, -6.659847679313385 ], [ -75.207417653195463, -6.624377374037615 ], [ -75.207356774066568, -6.624266422329939 ], [ -75.207237686587945, -6.624223588672333 ], [ -75.174428270975667, -6.614304676873764 ], [ -75.174297807042095, -6.61427282199396 ], [ -75.17416354620029, -6.614269723978524 ], [ -75.135951907416029, -6.615455888096163 ], [ -75.135456037457558, -6.615446671827348 ], [ -75.134963519948201, -6.615388375530037 ], [ -75.134479200707702, -6.6152815727744 ], [ -75.134007844894128, -6.61512731437974 ], [ -75.133554090119901, -6.614927118075619 ], [ -75.133122400822984, -6.614682953569089 ], [ -75.132717024341815, -6.614397223164994 ], [ -75.132341949126186, -6.614072738129984 ], [ -75.132000865495499, -6.613712691032797 ], [ -75.131697129330036, -6.613320624332975 ], [ -75.131433729052958, -6.612900395527028 ], [ -75.131213256227483, -6.612456139194999 ], [ -75.131037880058912, -6.611992226320835 ], [ -75.130909326052006, -6.611513221286806 ], [ -75.130828859033969, -6.611023836965105 ], [ -75.130797270710019, -6.610528888348472 ], [ -75.130814871873795, -6.610033245176067 ], [ -75.130881489349619, -6.609541784020702 ], [ -75.130996467696249, -6.609059340308829 ], [ -75.131158675655726, -6.608590660745376 ], [ -75.136434220547144, -6.595489336181944 ], [ -75.136649684229852, -6.595024522032042 ], [ -75.136911581453631, -6.594584196429005 ], [ -75.13721716254075, -6.59417298238291 ], [ -75.137563219173472, -6.593795197259512 ], [ -75.137946118078403, -6.593454807451907 ], [ -75.179876755946225, -6.559862281152696 ], [ -75.180272733341184, -6.559575663162831 ], [ -75.180694805974042, -6.559329081204781 ], [ -75.181138939708831, -6.559124892088873 ], [ -75.181600889551405, -6.558965047438093 ], [ -75.182076240222685, -6.55885107503463 ], [ -75.182560448359553, -6.558784064217458 ], [ -75.183048885939982, -6.558764655470527 ], [ -75.183536884517252, -6.558793034301061 ], [ -75.234551216947636, -6.564271973134002 ], [ -75.234671103032909, -6.564278885232085 ], [ -75.234742858411067, -6.564182595999648 ], [ -75.254746815511979, -6.534372476352359 ], [ -75.254854308773631, -6.534218611088138 ], [ -75.27340890560842, -6.508693866508511 ], [ -75.273480219723297, -6.508583980631457 ], [ -75.273513669670692, -6.508457324759248 ], [ -75.282087618203207, -6.467281969850172 ], [ -75.282105810801653, -6.467167773873274 ], [ -75.282031877869699, -6.467078860357229 ], [ -75.253442395860958, -6.43582958039864 ], [ -75.253358991322358, -6.435746748064194 ], [ -75.253242178377832, -6.435733623709479 ], [ -75.211856796434219, -6.433080417592561 ], [ -75.211360428935393, -6.433023583274252 ], [ -75.210872211325039, -6.432917496524039 ], [ -75.210397018179336, -6.432763216558008 ], [ -75.209939594032605, -6.432562283774195 ], [ -75.209504506005715, -6.432316704372588 ], [ -75.209096098206089, -6.432028930324354 ], [ -75.208718448354176, -6.431701834890295 ], [ -75.208375327069746, -6.43133868393297 ], [ -75.208070160224409, -6.430943103308906 ], [ -75.207805994736162, -6.43051904266648 ], [ -75.207585468147741, -6.430070736010907 ], [ -75.196841666423765, -6.405158970341317 ], [ -75.196663675703633, -6.40468043686444 ], [ -75.196535413543714, -6.40418624681671 ], [ -75.196458217333458, -6.403681553117456 ], [ -75.196432891997702, -6.403171618207578 ], [ -75.196459701603729, -6.402661759178072 ], [ -75.196538366607768, -6.402157292328732 ], [ -75.196668066769874, -6.401663477735092 ], [ -75.196847449706553, -6.401185464401623 ], [ -75.197074644992014, -6.400728236573063 ], [ -75.223111201233294, -6.354424932622806 ], [ -75.223167501403012, -6.354311587802184 ], [ -75.223173981352843, -6.354185196474126 ], [ -75.223173981352843, -6.257957027901565 ], [ -75.22319572333484, -6.257491252090441 ], [ -75.22326076019533, -6.257029527035038 ], [ -75.223368526322204, -6.256575868262493 ], [ -75.223518084495808, -6.256134221149154 ], [ -75.223708134039654, -6.255708426608455 ], [ -75.223937022132276, -6.255302187687293 ], [ -75.224202758181349, -6.254919037361392 ], [ -75.224503031135498, -6.25456230780975 ], [ -75.224835229583064, -6.25423510143536 ], [ -75.272318315406409, -6.211640429491559 ], [ -75.272401910168, -6.211557539377 ], [ -75.272308981579584, -6.211485268133033 ], [ -75.223942495528973, -6.177607814519734 ], [ -75.223560057106411, -6.177311355130286 ], [ -75.223208066624693, -6.176979315949738 ], [ -75.222889820788879, -6.17661480682142 ], [ -75.222608300255317, -6.176221241698702 ], [ -75.222366141715099, -6.175802306670282 ], [ -75.222165613199124, -6.175361925436668 ], [ -75.222008592835934, -6.174904222561229 ], [ -75.203250060246617, -6.110174951152962 ], [ -75.203209207175291, -6.110056718877293 ], [ -75.203125079666648, -6.109964142385755 ], [ -75.181745837748508, -6.088705924804119 ], [ -75.181660998221787, -6.08862920640746 ], [ -75.181560447480081, -6.0886837316859 ], [ -75.155681001258785, -6.104347347026296 ], [ -75.155577374428816, -6.104417565924003 ], [ -75.155558056918593, -6.104541243113914 ], [ -75.149332822312488, -6.16437362492665 ], [ -75.149258486063061, -6.164856984361531 ], [ -75.149137285322723, -6.165330769757895 ], [ -75.148970379556999, -6.165790448653028 ], [ -75.14875936546801, -6.166231623533906 ], [ -75.148506261719717, -6.16665007390595 ], [ -75.148213489626286, -6.16704179666834 ], [ -75.147883849988702, -6.167403044409639 ], [ -75.147520496300857, -6.167730361257356 ], [ -75.147126904581782, -6.168020615938517 ], [ -75.146706840122249, -6.168271031734952 ], [ -75.14626432146423, -6.168479213046735 ], [ -75.145803581957537, -6.168643168309669 ], [ -75.145329029261532, -6.168761329047558 ], [ -75.144845203179287, -6.168832564877021 ], [ -75.144356732227607, -6.16885619432129 ], [ -75.143868289358423, -6.168831991329548 ], [ -75.143384547254996, -6.168760187439448 ], [ -75.134445870984152, -6.166982801621509 ], [ -75.133958575217434, -6.166860162596525 ], [ -75.133486049708253, -6.166689232383052 ], [ -75.133033066916894, -6.166471737359116 ], [ -75.132604201924167, -6.166209874202663 ], [ -75.132203786223485, -6.165906287705333 ], [ -75.131835863973336, -6.165564044060324 ], [ -75.13150415115156, -6.165186599894154 ], [ -75.131211998024426, -6.164777767355079 ], [ -75.130962355309222, -6.164341675610771 ], [ -75.130757744372374, -6.16388272914415 ], [ -75.115816036250436, -6.125257465570605 ], [ -75.11566159907153, -6.124791424065732 ], [ -75.115553613142282, -6.124312482977941 ], [ -75.115493119643673, -6.123825260171497 ], [ -75.115480701843225, -6.123334453361515 ], [ -75.11551647947114, -6.122844794819434 ], [ -75.115600107565911, -6.122361005745296 ], [ -75.11573077980043, -6.121887750746783 ], [ -75.115907236256405, -6.121429592863909 ], [ -75.116127775572238, -6.120990949572995 ], [ -75.116390271347314, -6.120576050194163 ], [ -75.116692192644351, -6.120188895112977 ], [ -75.128267280654754, -6.106761452964622 ], [ -75.128341298988985, -6.106666659498077 ], [ -75.12838500848315, -6.106554614885306 ], [ -75.141918291948414, -6.066183618497129 ], [ -75.141952152837902, -6.066062385921711 ], [ -75.141922416663519, -6.065940076244469 ], [ -75.132918667645541, -6.035721720444958 ], [ -75.132880296067754, -6.035612627494455 ], [ -75.13277066141994, -6.035649422790783 ], [ -75.101637456603726, -6.047812386336743 ], [ -75.101113678440029, -6.04798438364491 ], [ -75.100574148654118, -6.048097671988955 ], [ -75.056995143796883, -6.054764775172211 ], [ -75.056883989417159, -6.054787065518993 ], [ -75.056808598614452, -6.054871731820244 ], [ -75.03046781134347, -6.087351046435546 ], [ -75.030131793416402, -6.08772521901598 ], [ -75.029759888145989, -6.088063744697588 ], [ -75.029355857921857, -6.088363198776279 ], [ -75.028923790126527, -6.088620551816874 ], [ -75.028468055785396, -6.088833200300467 ], [ -75.027993265347078, -6.088998992963 ], [ -75.027504222041728, -6.089116252558576 ], [ -75.027005873288999, -6.089183792827368 ], [ -75.026503260647331, -6.089200930496443 ], [ -75.026001468810946, -6.089167492192116 ], [ -75.025505574170339, -6.089083816193884 ], [ -75.00854818134431, -6.085336755745559 ], [ -75.008109613898128, -6.085218720925131 ], [ -75.007683566345136, -6.085061377014312 ], [ -74.971331795227769, -6.069726086717182 ], [ -74.970902508009559, -6.069520394961557 ], [ -74.970494726838339, -6.069274811716084 ], [ -74.970112147787432, -6.068991562914039 ], [ -74.940743722817004, -6.045002151040927 ], [ -74.940378495826906, -6.044672568303441 ], [ -74.94004742507974, -6.044308689621028 ], [ -74.939753715546061, -6.043914037565445 ], [ -74.939500210516684, -6.043492432613832 ], [ -74.939289364077823, -6.043047956164105 ], [ -74.939123217354009, -6.0425849110245 ], [ -74.939003378748794, -6.042107779759707 ], [ -74.938931008374325, -6.04162118129686 ], [ -74.93890680682081, -6.041129826211456 ], [ -74.93890680682081, -6.015438420476108 ], [ -74.9388991099907, -6.015300187580083 ], [ -74.938876114654676, -6.015163663628838 ], [ -74.928724306223103, -5.970291086073326 ], [ -74.928693073669635, -5.970178716990804 ], [ -74.928576664971786, -5.970185879268132 ], [ -74.918604399574093, -5.971287897865985 ], [ -74.918491135710909, -5.971305808305944 ], [ -74.918420318423131, -5.971395999205161 ], [ -74.900309610419839, -5.996824699125055 ], [ -74.899986297226576, -5.997232033403516 ], [ -74.899622423293508, -5.997603582049307 ], [ -74.899221925047229, -5.997935325610009 ], [ -74.898789135119941, -5.998223675248811 ], [ -74.898328735478742, -5.998465511568925 ], [ -74.897845706775456, -5.998658218359547 ], [ -74.897345274465522, -5.998799710898302 ], [ -74.861311699940387, -6.006990794047687 ], [ -74.860811475494913, -6.007078062301156 ], [ -74.860304979432499, -6.00711414529819 ], [ -74.859797435555876, -6.00709867089284 ], [ -74.859294078474534, -6.007031798682082 ], [ -74.858800099616957, -6.006914218359803 ], [ -74.858320593688333, -6.006747142603561 ], [ -74.857860506125661, -6.006532294567507 ], [ -74.845142546809171, -5.999786576207411 ], [ -74.844719664827252, -5.99953486094393 ], [ -74.844323576393606, -5.999242792977134 ], [ -74.843958118650477, -5.998913201741673 ], [ -74.843626832002585, -5.998549280182231 ], [ -74.843332925819055, -5.998154553821587 ], [ -74.843079247342445, -5.9977328466068 ], [ -74.842868254105767, -5.997288243864372 ], [ -74.842701990124922, -5.996825052723288 ], [ -74.842582066097194, -5.996347760389313 ], [ -74.842509643797328, -5.995860990674784 ], [ -74.842485424822883, -5.99536945920501 ], [ -74.842485424822883, -5.964652267303244 ], [ -74.842479797954368, -5.964535934826909 ], [ -74.842367421198958, -5.964505334638012 ], [ -74.822188476482168, -5.960045382017455 ], [ -74.822067630486501, -5.960024926521056 ], [ -74.821956245626851, -5.960076069409511 ], [ -74.798351475854943, -5.972373498865705 ], [ -74.798249402794966, -5.972433070548916 ], [ -74.7981962498408, -5.972538628393066 ], [ -74.773560686697408, -6.027931123548664 ], [ -74.77333279552434, -6.028380956737286 ], [ -74.773060753927425, -6.028805547898164 ], [ -74.772747328942771, -6.029200578356919 ], [ -74.772395708532301, -6.029562030112049 ], [ -74.77200946915778, -6.02988622670352 ], [ -74.771592539403343, -6.030169870607402 ], [ -74.771149160016336, -6.030410076776211 ], [ -74.770683840773188, -6.030604401983797 ], [ -74.770201314608713, -6.030750869676305 ], [ -74.769706489475737, -6.030847990076444 ], [ -74.769204398424449, -6.030894775336553 ], [ -74.768700148409394, -6.030890749586378 ], [ -74.737156130726873, -6.029045485612488 ], [ -74.736681395476012, -6.028994882125624 ], [ -74.736213650754067, -6.028899230955284 ], [ -74.735757161163136, -6.028759404188659 ], [ -74.735316088688108, -6.028576676678236 ], [ -74.734894454750304, -6.028352714418492 ], [ -74.73449610354271, -6.028089559356406 ], [ -74.734124666981018, -6.02778961077427 ], [ -74.733783531590078, -6.027455603414544 ], [ -74.733475807627798, -6.027090582546194 ], [ -74.73320430072765, -6.026697876199846 ], [ -74.732971486318718, -6.026281064824894 ], [ -74.73277948705632, -6.02584394864522 ], [ -74.732630053468938, -6.025390513011138 ], [ -74.729712852260036, -6.014873988046893 ], [ -74.729601377849221, -6.014373919314559 ], [ -74.729541662707547, -6.013865068272328 ], [ -74.729534333832731, -6.0133527777601 ], [ -74.729579468176567, -6.012842426731561 ], [ -74.729676591836963, -6.012339373776183 ], [ -74.729824685033833, -6.011848900855047 ], [ -74.730022192816534, -6.011376157841251 ], [ -74.730267041390661, -6.010926108447209 ], [ -74.730556659892372, -6.010503478106616 ], [ -74.775480339712985, -5.951657896607232 ], [ -74.775549720141242, -5.951556719550735 ], [ -74.775478277015765, -5.951456988309917 ], [ -74.706440652326464, -5.86477403988175 ], [ -74.706358105319168, -5.864680607014067 ], [ -74.706233488252536, -5.864676826020028 ], [ -74.653598487422897, -5.865767648031127 ], [ -74.65313382800133, -5.865755667929558 ], [ -74.652672288890429, -5.8657005902571 ], [ -74.652217858746297, -5.865602890999188 ], [ -74.651774464788801, -5.865463414480238 ], [ -74.651345938862207, -5.86528336606693 ], [ -74.650935984320185, -5.865064301751344 ], [ -74.650548144021045, -5.864808114703953 ], [ -74.637106238961252, -5.85500222201738 ], [ -74.636717176156807, -5.854687394619126 ], [ -74.636361536292313, -5.854335249133181 ], [ -74.636042882682275, -5.853949313862314 ], [ -74.635764408059416, -5.853533455664232 ], [ -74.63552890258525, -5.853091841207803 ], [ -74.635338725894229, -5.852628895225339 ], [ -74.635195783451479, -5.852149256179234 ], [ -74.635101507461115, -5.851657729787133 ], [ -74.635056842516377, -5.851159240871309 ], [ -74.635062236135269, -5.850658784014662 ], [ -74.637157029186255, -5.816273768897886 ], [ -74.637158390365485, -5.816150685659018 ], [ -74.637111906533548, -5.816036709390016 ], [ -74.599780192008367, -5.73612476566454 ], [ -74.599726268156331, -5.736022207714917 ], [ -74.599625848654711, -5.735964399078232 ], [ -74.566949527052813, -5.719147231187216 ], [ -74.566832922046515, -5.719094708260517 ], [ -74.566707630954895, -5.719120350562827 ], [ -74.540860879323162, -5.725829379761851 ], [ -74.540748699668185, -5.725864398316609 ], [ -74.540736796462184, -5.725981312335573 ], [ -74.539684541392717, -5.745874033423974 ], [ -74.539638410427926, -5.746336758128063 ], [ -74.539549490416803, -5.74679319591058 ], [ -74.539418550489771, -5.747239398726792 ], [ -74.539246723236431, -5.747671507061239 ], [ -74.539035494909044, -5.748085783311339 ], [ -74.538786692566887, -5.748478644116491 ], [ -74.514834989006033, -5.782670263467515 ], [ -74.514542398891905, -5.783048134828298 ], [ -74.514215069049271, -5.783396345848085 ], [ -74.513855989907782, -5.783711715330331 ], [ -74.513468441953293, -5.783991362113183 ], [ -74.5130559657579, -5.784232731391283 ], [ -74.512622329633814, -5.784433618056034 ], [ -74.512171495206786, -5.784592186841095 ], [ -74.511707581223334, -5.784706989089067 ], [ -74.511234825922557, -5.784776975986172 ], [ -74.45978096403681, -5.789896135927265 ], [ -74.459291049547204, -5.789920696926626 ], [ -74.45880108603717, -5.789897134060992 ], [ -74.458315789296691, -5.789825674117715 ], [ -74.457839830199177, -5.789707004882882 ], [ -74.457377789745252, -5.789542268521534 ], [ -74.45693411497173, -5.789333050584576 ], [ -74.45651307614979, -5.789081364748203 ], [ -74.456118725684618, -5.788789633432714 ], [ -74.45575485911192, -5.788460664487254 ], [ -74.455424978566654, -5.788097624164891 ], [ -74.455132259075825, -5.787704006648131 ], [ -74.45068211586397, -5.781062789171843 ], [ -74.45043210549062, -5.780647468223167 ], [ -74.450223489384271, -5.780209888519147 ], [ -74.450058228508624, -5.77975416325084 ], [ -74.44993787629393, -5.779284576175194 ], [ -74.449863564035027, -5.778805541348308 ], [ -74.447738000727071, -5.758714973095461 ], [ -74.447719258585309, -5.758595056946782 ], [ -74.44762059215536, -5.758524373949053 ], [ -74.42854167253013, -5.746241356723705 ], [ -74.428440085742039, -5.746182656257749 ], [ -74.42832950621893, -5.746221870914513 ], [ -74.409270422676556, -5.754030240745518 ], [ -74.409161918018938, -5.754081073217175 ], [ -74.409144364175233, -5.754199601962545 ], [ -74.405019139816375, -5.796268384728645 ], [ -74.404947389266155, -5.796753585772087 ], [ -74.404828445178339, -5.797229422401601 ], [ -74.404663452119507, -5.797691315770845 ], [ -74.404453997772933, -5.798134821205669 ], [ -74.4042020976608, -5.798555670974015 ], [ -74.403910175749274, -5.798949815353135 ], [ -74.403581041123473, -5.799313461598969 ], [ -74.403217860956275, -5.799643110442694 ], [ -74.402824130031561, -5.799935589763228 ], [ -74.402403637114844, -5.800188085111695 ], [ -74.401960428494959, -5.800398166794095 ], [ -74.401498769047819, -5.800563813251593 ], [ -74.4010231011966, -5.800683430513422 ], [ -74.400538002163529, -5.800755867535236 ], [ -74.385488816173932, -5.802253078092886 ], [ -74.385012165073178, -5.802277606816452 ], [ -74.384535346820741, -5.802256576260622 ], [ -74.384062706145073, -5.802190178054077 ], [ -74.383598549708864, -5.80207901721178 ], [ -74.383147106867142, -5.80192410662212 ], [ -74.382712491129695, -5.801726857817565 ], [ -74.382298662679148, -5.801489068112892 ], [ -74.381909392286076, -5.801212904228202 ], [ -74.381548226950073, -5.800900882545947 ], [ -74.381218457579763, -5.800555846181862 ], [ -74.380923089006359, -5.800180939078728 ], [ -74.380664812603854, -5.799779577359031 ], [ -74.380445981765433, -5.799355418197528 ], [ -74.364971266588682, -5.765484368170337 ], [ -74.364909898851678, -5.765366992784829 ], [ -74.364836414445676, -5.765256797402662 ], [ -74.335429213579658, -5.725869057333884 ], [ -74.308817234205904, -5.690562253866448 ], [ -74.308532743540098, -5.690142027926012 ], [ -74.308292313516276, -5.6896951295219 ], [ -74.308098420802011, -5.689226162150642 ], [ -74.307953062684447, -5.688739956640998 ], [ -74.298017769446432, -5.648094619819188 ], [ -74.297983232546187, -5.647978683393909 ], [ -74.297867159177784, -5.647944609571821 ], [ -74.202481770897734, -5.625031856075683 ], [ -74.202018166007008, -5.624896503949326 ], [ -74.201569782487766, -5.624717055036033 ], [ -74.201140803752736, -5.624495183591959 ], [ -74.200735232168228, -5.624232959674951 ], [ -74.200356851712158, -5.623932829830935 ], [ -74.200009192669512, -5.623597594267665 ], [ -74.199695498694908, -5.623230380728828 ], [ -74.199418696549273, -5.622834615312229 ], [ -74.199181368793205, -5.622413990504342 ], [ -74.198985729691771, -5.621972430729456 ], [ -74.198833604555361, -5.621514055734846 ], [ -74.198726412709661, -5.621043142153577 ], [ -74.196678003817809, -5.609491180915051 ], [ -74.19661641080458, -5.609007866024653 ], [ -74.196602150783917, -5.608520850999865 ], [ -74.196635359161561, -5.608034760281774 ], [ -74.196715720608026, -5.607554209534734 ], [ -74.196842472052879, -5.607083761818417 ], [ -74.197014409930389, -5.606627884259376 ], [ -74.197229901607997, -5.606190905633539 ], [ -74.197486900888947, -5.6057769752624 ], [ -74.197782967441881, -5.605390023613233 ], [ -74.198115289972975, -5.605033724977413 ], [ -74.198480712920514, -5.604711462581262 ], [ -74.198875766418453, -5.604426296460693 ], [ -74.199296699244499, -5.6041809344047 ], [ -74.199739514439699, -5.603977706243609 ], [ -74.200200007261529, -5.603818541726216 ], [ -74.280853878016501, -5.580272689870963 ], [ -74.280966760795494, -5.580233578468484 ], [ -74.280972670834984, -5.580114258331665 ], [ -74.280972670834984, -5.564566320677597 ], [ -74.280965478642514, -5.564432665420147 ], [ -74.280943985129738, -5.564300553784205 ], [ -74.27532745527175, -5.538585694551088 ], [ -74.27529581332621, -5.538469075315888 ], [ -74.27517757811458, -5.538444141533732 ], [ -74.220178092341072, -5.529685238162795 ], [ -74.21966881470216, -5.529576676903866 ], [ -74.219173589532417, -5.529415738121439 ], [ -74.218697788029374, -5.529204167352788 ], [ -74.218246570722073, -5.528944259288211 ], [ -74.217824831500081, -5.528638832882886 ], [ -74.217437144534514, -5.52829120078257 ], [ -74.207085538043742, -5.517987585344493 ], [ -74.206751306035798, -5.517620085524813 ], [ -74.206455190094957, -5.517221234045961 ], [ -74.206200113088727, -5.516794967845692 ], [ -74.205988592802157, -5.516345494463863 ], [ -74.20582271708561, -5.51587725051114 ], [ -74.205704123246221, -5.515394857876599 ], [ -74.20563398188655, -5.514903078106515 ], [ -74.205612985349916, -5.514406765404631 ], [ -74.205641340886586, -5.513910818717838 ], [ -74.205718768607923, -5.513420133380203 ], [ -74.2058445042492, -5.512939552792671 ], [ -74.206017306713392, -5.512473820615371 ], [ -74.206235470321587, -5.512027533944431 ], [ -74.206496841649297, -5.511605097935493 ], [ -74.206798840782213, -5.5112106823218 ], [ -74.207138486781659, -5.510848180256071 ], [ -74.207512427108611, -5.510521169882407 ], [ -74.207916970715459, -5.510232879017559 ], [ -74.208348124479272, -5.509986153290163 ], [ -74.208801632616556, -5.509783428052426 ], [ -74.209273018690851, -5.509626704341535 ], [ -74.209757629798204, -5.509517529128046 ], [ -74.210250682494461, -5.509456980046221 ], [ -74.210747310011243, -5.509445654757042 ], [ -74.240016544946414, -5.510233060465692 ], [ -74.240133894449926, -5.510230637271713 ], [ -74.240237120769436, -5.510174770422825 ], [ -74.271791896489447, -5.491104735104654 ], [ -74.271890883557134, -5.491038018531694 ], [ -74.271866115480663, -5.490921244891319 ], [ -74.266257219640579, -5.469704864698117 ], [ -74.266220892812868, -5.469590477822078 ], [ -74.266114353895816, -5.4695352197461 ], [ -74.212425707498099, -5.444950355740391 ], [ -74.212003371836602, -5.444732104812598 ], [ -74.211603672779262, -5.444474730489831 ], [ -74.211230223619609, -5.444180559445008 ], [ -74.210886400351171, -5.443852250994712 ], [ -74.210575311148361, -5.443492773058868 ], [ -74.210299768268527, -5.44310537533065 ], [ -74.210062262628966, -5.442693559899133 ], [ -74.209864941289013, -5.442261049590287 ], [ -74.209709588040525, -5.441811754312503 ], [ -74.209597607282305, -5.441349735710879 ], [ -74.209530011324361, -5.440879170449808 ], [ -74.209507411236515, -5.440404312455786 ], [ -74.209507411236515, -5.438916101962651 ], [ -74.209531625132968, -5.438424621900216 ], [ -74.209604032297221, -5.437937902096718 ], [ -74.209723931425444, -5.437460656705326 ], [ -74.209890161227591, -5.436997508114238 ], [ -74.210101111675201, -5.436552942176263 ], [ -74.210354739595331, -5.436131264760839 ], [ -74.210648588459932, -5.435736560049274 ], [ -74.210979812178579, -5.435372650977176 ], [ -74.240048869635984, -5.406433636405752 ], [ -74.240127708976871, -5.406347088304047 ], [ -74.240058916152847, -5.40625235835665 ], [ -74.231138208581072, -5.395150974767255 ], [ -74.231057536838179, -5.39506020629041 ], [ -74.230936249952478, -5.395054178200174 ], [ -74.207388364360725, -5.395054178200174 ], [ -74.206886451647691, -5.395028922779395 ], [ -74.206389609341358, -5.394953411651571 ], [ -74.205902856626338, -5.394828407642823 ], [ -74.205431110760472, -5.394655173564688 ], [ -74.204979137399903, -5.394435459456978 ], [ -74.159815874673825, -5.369600589513477 ], [ -74.159415495173647, -5.369355261778447 ], [ -74.159039895215869, -5.369073456680093 ], [ -74.15869238743349, -5.368757659620367 ], [ -74.1583760366984, -5.368410655795966 ], [ -74.158093633090473, -5.368035505634072 ], [ -74.157847667290255, -5.367635517800674 ], [ -74.15764030861223, -5.367214220019537 ], [ -74.157473385872365, -5.366775327959164 ], [ -74.157348371258735, -5.366322712462169 ], [ -74.157266367347432, -5.365860365406082 ], [ -74.157228097378322, -5.365392364496675 ], [ -74.154056612054504, -5.273815628160534 ], [ -74.154047388931247, -5.273702098449897 ], [ -74.153963786263077, -5.273624737897765 ], [ -74.069024303963488, -5.202052986343574 ], [ -74.068930982912036, -5.201981692387045 ], [ -74.068813562121562, -5.201983693603076 ], [ -73.918465451113207, -5.211748543853305 ], [ -73.918338259755529, -5.211763436356255 ], [ -73.918221684679608, -5.211816442768739 ], [ -73.762917338878538, -5.292364462232773 ], [ -73.762496736565495, -5.292558438958526 ], [ -73.762059989075595, -5.292712662516831 ], [ -73.761610844283638, -5.292825809464278 ], [ -73.761153156449737, -5.292896908849456 ], [ -73.760690853144737, -5.292925350545004 ], [ -73.760227901546315, -5.292910890483317 ], [ -73.759768274395384, -5.292853652750972 ], [ -73.759315915904708, -5.292754128523899 ], [ -73.641844923953272, -5.261139771641846 ], [ -73.641364025446947, -5.260983884176257 ], [ -73.64090132606924, -5.260780233590268 ], [ -73.640461555797387, -5.260530901716456 ], [ -73.640049210214215, -5.260238437367605 ], [ -73.639668504551736, -5.259905830281291 ], [ -73.639323330600632, -5.259536480557072 ], [ -73.639017216926106, -5.259134163898733 ], [ -73.48626688872767, -5.035788458594778 ], [ -73.486184562534461, -5.035681101482464 ], [ -73.486091076826867, -5.035583307954238 ], [ -73.093417861321967, -4.667141388508321 ], [ -73.093326590019032, -4.667063673155507 ], [ -73.093222113832596, -4.667004895155628 ], [ -72.376473883487193, -4.308098626093383 ], [ -72.376357984210671, -4.308047797416501 ], [ -72.376234196997103, -4.308021473996963 ], [ -72.029461236312969, -4.252562061170593 ], [ -72.029334480550474, -4.252548468463393 ], [ -72.029217602942055, -4.252599374353435 ], [ -71.918134476546243, -4.307986022468331 ], [ -71.918029746104779, -4.308044925708658 ], [ -71.918046133086222, -4.308163961518125 ], [ -71.970381270374688, -4.585357179267971 ], [ -71.970409732546997, -4.58547529815109 ], [ -71.970519809650682, -4.585526729629983 ], [ -72.074908375902879, -4.62810017811473 ], [ -72.075302817900592, -4.628281395080519 ], [ -72.075680055804781, -4.628496140608712 ], [ -72.076037246387301, -4.628742796170185 ], [ -72.076371697515896, -4.62901950273106 ], [ -72.128980697978946, -4.676539310315908 ], [ -72.129109909253714, -4.676660242735373 ], [ -72.190633356834709, -4.736319047233393 ], [ -72.190706683902235, -4.736384740906411 ], [ -72.190784962776391, -4.736444447985996 ], [ -72.263922625459045, -4.787795374093491 ], [ -72.264029046138404, -4.787862262276254 ], [ -72.264154578254733, -4.787868671469213 ], [ -72.332931785809038, -4.787868671469213 ], [ -72.333465082513214, -4.787897193356486 ], [ -72.333992294965995, -4.787982433619085 ], [ -72.334507408329713, -4.788123419771745 ], [ -72.335004545802278, -4.788318543338007 ], [ -72.391253429262591, -4.813942093255585 ], [ -72.391671043407172, -4.814156551120998 ], [ -72.392066703035965, -4.814409231171525 ], [ -72.392436920112601, -4.814697905843007 ], [ -72.392778430895902, -4.815020030251713 ], [ -72.393088224712173, -4.815372764629386 ], [ -72.450567959233268, -4.88737416325317 ], [ -72.450780786031928, -4.887608588958 ], [ -72.51386182189556, -4.948803448145363 ], [ -72.514111170899014, -4.949063420006543 ], [ -72.553905899896478, -4.993664075258521 ], [ -72.553988545801062, -4.993748239097182 ], [ -72.554100638474026, -4.993784969602145 ], [ -72.630003960382609, -5.014699469602711 ], [ -72.630474206228627, -5.014854471041897 ], [ -72.630926815960763, -5.015055222211835 ], [ -72.631357351168433, -5.01529975449354 ], [ -72.631761589909729, -5.015585669938885 ], [ -72.632135568112787, -5.015910164785508 ], [ -72.632475618448595, -5.016270056951253 ], [ -72.632778406293767, -5.016661817238504 ], [ -72.633040962430726, -5.017081603942433 ], [ -72.633260712164656, -5.017525300523765 ], [ -72.653922881823533, -5.065022854903735 ], [ -72.653974829271235, -5.065128054040128 ], [ -72.654092018165514, -5.065133724900733 ], [ -72.716896493212346, -5.065133724900733 ], [ -72.717385353676804, -5.065157680744347 ], [ -72.71786952971533, -5.065229318722215 ], [ -72.71834438178972, -5.065347952375059 ], [ -72.71880535970719, -5.065512444915183 ], [ -72.719248046221765, -5.065721220119561 ], [ -72.719668199361891, -5.065972277433735 ], [ -72.720061793078386, -5.066263211141801 ], [ -72.720425055823441, -5.066591233418793 ], [ -72.753864382479378, -5.09989907858365 ], [ -72.753959679110935, -5.099984580601078 ], [ -72.754086999213996, -5.099998057778696 ], [ -72.846291712592119, -5.104918021668087 ], [ -72.846775945945566, -5.104967587519718 ], [ -72.847253064976854, -5.105064004034015 ], [ -72.847718547767187, -5.105206357418784 ], [ -72.848167982680792, -5.105393298512903 ], [ -72.882046495621267, -5.121461723092994 ], [ -72.882485188301729, -5.121697231774462 ], [ -72.943177345934572, -5.158284201375795 ], [ -72.943603263956135, -5.158571796539255 ], [ -72.943997410825489, -5.158901592513318 ], [ -72.944355622504915, -5.159270105107214 ], [ -72.94467411460063, -5.159673441101264 ], [ -72.944949522343805, -5.160107339377512 ], [ -72.945178936138234, -5.160567215937103 ], [ -72.945359932299297, -5.161048212328786 ], [ -72.945490598659489, -5.161545246976924 ], [ -72.945569554769776, -5.162053068866745 ], [ -72.94559596648368, -5.16256631301966 ], [ -72.94559596648368, -5.190989290931967 ], [ -72.945563362548498, -5.191559357888855 ], [ -72.938945513672778, -5.249225349691391 ], [ -72.938937447827399, -5.249357971530354 ], [ -72.938957740527243, -5.249489279627576 ], [ -72.956400623463622, -5.33261024194152 ], [ -72.956434295068846, -5.332736988930934 ], [ -72.956493795618087, -5.33285385749345 ], [ -72.994279857716421, -5.398280766062279 ], [ -72.994495451466719, -5.398698205507678 ], [ -72.994670911974211, -5.399134038005374 ], [ -72.994804690018398, -5.399584415392277 ], [ -72.994895604412164, -5.400045361081862 ], [ -73.008046545090664, -5.488413816237498 ], [ -73.008097420572852, -5.48896038153495 ], [ -73.011416181807022, -5.57649783790386 ], [ -73.011423613383826, -5.576594478730005 ], [ -73.011438524661585, -5.57669025101942 ], [ -73.036395296836304, -5.704181374174293 ], [ -73.036432559480417, -5.704396554953663 ], [ -73.046395913015473, -5.770486161254079 ], [ -73.046420531696441, -5.770607349527096 ], [ -73.046531549212403, -5.770661826935995 ], [ -73.128959362530111, -5.80603759380012 ], [ -73.129398353299763, -5.806251968779483 ], [ -73.129814327534575, -5.806508161994828 ], [ -73.130203314019582, -5.806803727625605 ], [ -73.130561599185953, -5.807135843971436 ], [ -73.130885762563651, -5.807501340390266 ], [ -73.131172709435845, -5.80789672756779 ], [ -73.131419700383574, -5.808318230829171 ], [ -73.131624377438314, -5.80876182617504 ], [ -73.13178478659303, -5.809223278697729 ], [ -73.131899396456646, -5.809698183011014 ], [ -73.14304479060398, -5.868304029055295 ], [ -73.143072893254057, -5.868420442578307 ], [ -73.143174934553144, -5.868483127828094 ], [ -73.189294865248257, -5.893794652026939 ], [ -73.189717360305792, -5.894054595178488 ], [ -73.190112018502319, -5.894355123752154 ], [ -73.190474955256434, -5.89469327967505 ], [ -73.190802598217729, -5.895065734512029 ], [ -73.191091722429093, -5.895468822227143 ], [ -73.191339482069651, -5.895898575268069 ], [ -73.191543438465885, -5.896350763618331 ], [ -73.191701584095242, -5.896820936432933 ], [ -73.191812362346013, -5.897304465847582 ], [ -73.20117007177285, -5.950048385689199 ], [ -73.201232598786987, -5.950543222133842 ], [ -73.20124551410278, -5.951041826114031 ], [ -73.201208689201096, -5.951539236066744 ], [ -73.201122490523204, -5.95203050231062 ], [ -73.200987775824331, -5.952510736299786 ], [ -73.18643425471474, -5.995934213454215 ], [ -73.186401729832781, -5.996050063722754 ], [ -73.186489654717619, -5.996132212169852 ], [ -73.249888016792838, -6.049723223899265 ], [ -73.250249088118224, -6.050060396717864 ], [ -73.250575123497583, -6.050431555636686 ], [ -73.250862940069084, -6.050833077283416 ], [ -73.251109728075093, -6.051261041875067 ], [ -73.251313078292014, -6.051711271484148 ], [ -73.251471005549888, -6.052179370824931 ], [ -73.251581968112177, -6.052660770161642 ], [ -73.251644882726822, -6.053150769919687 ], [ -73.251659135201166, -6.053644586564397 ], [ -73.251624586398009, -6.054137399299438 ], [ -73.251541573593812, -6.05462439712896 ], [ -73.251410907186198, -6.055100825824085 ], [ -73.251233862782513, -6.055562034335215 ], [ -73.251012168746939, -6.056003520197064 ], [ -73.238112575125299, -6.078807741841214 ], [ -73.2380596975527, -6.078912553616089 ], [ -73.238060667719211, -6.079029944436145 ], [ -73.241385637696709, -6.138539559840993 ], [ -73.244663146065079, -6.189050328784711 ], [ -73.244672457776119, -6.1894827554821 ], [ -73.24464436241405, -6.189914368974947 ], [ -73.244579070221604, -6.190341939420818 ], [ -73.24447706979214, -6.190762267232135 ], [ -73.223088736296845, -6.264770812851453 ], [ -73.223061650328788, -6.264884221018584 ], [ -73.223056185193002, -6.265000690732747 ], [ -73.223056185193002, -6.374106323238071 ], [ -73.223063099509488, -6.374292096784026 ], [ -73.229712841986654, -6.463500839907815 ], [ -73.229727562890105, -6.463619805597427 ], [ -73.229805486208448, -6.463710896193998 ], [ -73.279597731503586, -6.516482249312753 ], [ -73.279847491957682, -6.516713191528263 ], [ -73.341284991349326, -6.566203074322184 ], [ -73.341375177879627, -6.566269264969891 ], [ -73.341475751153794, -6.566318253015487 ], [ -73.444137644168251, -6.610730582271056 ], [ -73.444672812096073, -6.611001290314418 ], [ -73.445171717743165, -6.611334127678606 ], [ -73.542989163941542, -6.685438972272395 ], [ -73.54303179384668, -6.685470561580104 ], [ -73.666147305691979, -6.774692519508515 ], [ -73.666492523249417, -6.774966701136869 ], [ -73.772279649140657, -6.866875234846918 ], [ -73.772610435398292, -6.867190265748954 ], [ -73.772911090165749, -6.867534170864184 ], [ -73.773179104009756, -6.867904079767687 ], [ -73.773412239936519, -6.868296904992347 ], [ -73.817382741558575, -6.950749062856762 ], [ -73.817591745209796, -6.951191947529742 ], [ -73.817756420175527, -6.951653154116259 ], [ -73.817875186700107, -6.952128258181095 ], [ -73.817946905435562, -6.952612701968103 ], [ -73.817970888371534, -6.953101838123552 ], [ -73.817970888371534, -7.000523425685076 ], [ -73.817976967652569, -7.000645738666586 ], [ -73.818040589156396, -7.000750379611786 ], [ -73.87573126560541, -7.085815368167648 ], [ -73.875989016357067, -7.086239273092925 ], [ -73.87620348891339, -7.086686634644963 ], [ -73.876372571741996, -7.087153048444852 ], [ -73.876494600182966, -7.08763392253986 ], [ -73.885944727186214, -7.134521066986356 ], [ -73.88601746604914, -7.135001430703043 ], [ -73.886043240690043, -7.135486586255803 ], [ -73.88602180775483, -7.135971952995265 ], [ -73.885953369604906, -7.136452948278115 ], [ -73.88583857240657, -7.136925030734623 ], [ -73.885678500030167, -7.137383743146489 ], [ -73.885474663816595, -7.137824754530158 ], [ -73.863469998490572, -7.179931523665017 ], [ -73.863196035947794, -7.180393480687956 ], [ -73.862874103578022, -7.180823386858169 ], [ -73.862507915962709, -7.181216281750326 ], [ -73.862101698317602, -7.181567631989682 ], [ -73.809731612678661, -7.222159000279341 ], [ -73.809643988526545, -7.222233761713979 ], [ -73.809631041901213, -7.222348215412391 ], [ -73.804648357705844, -7.298136809891937 ], [ -73.804646821876574, -7.29827092908471 ], [ -73.80468821687046, -7.298398509533903 ], [ -73.826261818113892, -7.354361124394799 ], [ -73.826307236558122, -7.35446455690627 ], [ -73.826400007991026, -7.354529012943719 ], [ -73.894525683135029, -7.397373171626334 ], [ -73.894628400356027, -7.397431132537243 ], [ -73.894745309147439, -7.397446709095147 ], [ -73.952799005190244, -7.402381296573899 ], [ -73.952951182348599, -7.40238488612989 ], [ -73.953102658865333, -7.402369864901229 ], [ -74.019368750767555, -7.391672126771436 ], [ -74.019845073412114, -7.391618504440665 ], [ -74.020324341936842, -7.391610739308416 ], [ -74.020802151698817, -7.391648902738933 ], [ -74.021274111461665, -7.391732643997137 ], [ -74.021735883752498, -7.391861193472002 ], [ -74.022183224724827, -7.392033369749551 ], [ -74.022612023160946, -7.392247590470453 ], [ -74.023018338255426, -7.392501886872457 ], [ -74.023398435832519, -7.392793921883983 ], [ -74.023748822664501, -7.39312101160263 ], [ -74.024066278575631, -7.393480149961152 ], [ -74.024347886036679, -7.393868036354262 ], [ -74.024591056978011, -7.394281105972325 ], [ -74.024793556574863, -7.394715562563187 ], [ -74.024953523786181, -7.395167413321048 ], [ -74.025069488458129, -7.395632505581715 ], [ -74.025140384835424, -7.396106564987022 ], [ -74.02613418133069, -7.405961778556182 ], [ -74.026159176671683, -7.406415058953879 ], [ -74.026142956364524, -7.406868738122063 ], [ -74.026085654121573, -7.407319076149506 ], [ -74.02598774231474, -7.407762360667723 ], [ -74.025850028081521, -7.408194937453946 ], [ -74.025673646671336, -7.408613240554757 ], [ -73.998001663880501, -7.466719766572234 ], [ -73.997951902327188, -7.466840199068258 ], [ -73.99794199843204, -7.466970130246821 ], [ -73.996314789662193, -7.536341123647973 ], [ -73.996278330137031, -7.536837805592378 ], [ -73.996192641513517, -7.537328396777249 ], [ -73.996058573899035, -7.537808030101386 ], [ -73.995877457363676, -7.538271947175327 ], [ -73.995651088744665, -7.538715545528792 ], [ -73.995381713820166, -7.5391344242713 ], [ -73.959733439658521, -7.58892904725758 ], [ -73.959488484572461, -7.589243873405988 ], [ -73.891911607147151, -7.669291499334296 ], [ -73.891589714590381, -7.669638108220137 ], [ -73.891236508299556, -7.669952747464311 ], [ -73.890855149506848, -7.670232601013647 ], [ -73.890449051412162, -7.670475164150467 ], [ -73.786378626545613, -7.726133974393742 ], [ -73.78624140290772, -7.726213054817793 ], [ -73.733092327562488, -7.759128379979276 ], [ -73.73298856142803, -7.759200270088478 ], [ -73.732945487918698, -7.759318930407195 ], [ -73.716354018153083, -7.813565962918763 ], [ -73.716324693902223, -7.813681454251642 ], [ -73.716340924360892, -7.813799499717207 ], [ -73.724628924612759, -7.858136795934723 ], [ -73.724655242778411, -7.858247844799003 ], [ -73.724767207701362, -7.858225746109335 ], [ -73.776773934849444, -7.84534593473486 ], [ -73.777268199695726, -7.845249649663378 ], [ -73.777769642622857, -7.845203567735259 ], [ -73.778273177624527, -7.845208156347619 ], [ -73.778773697475046, -7.845263368959343 ], [ -73.779266125530654, -7.845368645563151 ], [ -73.779745467220579, -7.845522918365597 ], [ -73.780206860705633, -7.845724622617428 ], [ -73.780645626190704, -7.84597171248443 ], [ -73.781057313390619, -7.846261681797801 ], [ -73.781437746668246, -7.846591589473569 ], [ -73.781783067386982, -7.84695808934325 ], [ -73.782089773047815, -7.847357464093178 ], [ -73.782354752814314, -7.847785662968248 ], [ -73.782575319065032, -7.848238342857693 ], [ -73.78274923465338, -7.848710912346123 ], [ -73.782874735598384, -7.84919857828308 ], [ -73.782950548976316, -7.84969639439872 ], [ -73.782975905831634, -7.850199311472553 ], [ -73.782975905831634, -7.901519376772141 ], [ -73.782953605676312, -7.901991080340416 ], [ -73.782886904129114, -7.902458576283555 ], [ -73.782776396171968, -7.9029176945087 ], [ -73.782623067542744, -7.903364339652756 ], [ -73.782428285942316, -7.903794527613291 ], [ -73.782193788834689, -7.904204421086967 ], [ -73.781921667948609, -7.904590363798532 ], [ -73.721516352314097, -7.982202220848466 ], [ -73.721088694124163, -7.982684112198627 ], [ -73.63974748086649, -8.063229183395093 ], [ -73.639668386578109, -8.063315314218517 ], [ -73.639648247931618, -8.063430504756909 ], [ -73.626353729589923, -8.168721374426477 ], [ -73.626297461844302, -8.16906836564822 ], [ -73.608185965108163, -8.260326202749836 ], [ -73.608073098062761, -8.260781753376801 ], [ -73.607918015150034, -8.26122471458712 ], [ -73.607722082745639, -8.261651183620664 ], [ -73.607487027134297, -8.262057403023508 ], [ -73.550057180246711, -8.351357528231288 ], [ -73.549786797557218, -8.351737719555235 ], [ -73.549482156187295, -8.352091054916219 ], [ -73.549145908372054, -8.352414458144908 ], [ -73.448982263121607, -8.440133488783855 ], [ -73.448591150770909, -8.440442945096434 ], [ -73.448171155417654, -8.440711898593381 ], [ -73.447726455714587, -8.440937673380182 ], [ -73.44726147610497, -8.441118023159543 ], [ -73.446780842802653, -8.441251153580431 ], [ -73.359826046178625, -8.460725266133457 ], [ -73.359710135751726, -8.460757425386953 ], [ -73.359723199854784, -8.46087700286755 ], [ -73.376154791750679, -8.563255564756441 ], [ -73.376210626300107, -8.563776967668364 ], [ -73.376211545958242, -8.564301350779937 ], [ -73.376157540609654, -8.564822946328034 ], [ -73.376049204266693, -8.565336017210338 ], [ -73.375887728535957, -8.565834920088518 ], [ -73.353895291726573, -8.623305023157863 ], [ -73.353694800191931, -8.623759821860231 ], [ -73.353450145407848, -8.624192468080331 ], [ -73.353163744942478, -8.624598686603512 ], [ -73.352838428875941, -8.624974463361692 ], [ -73.352477411834755, -8.625316085098572 ], [ -73.352084261226352, -8.62562017606235 ], [ -73.351662861987577, -8.625883731363389 ], [ -73.351217378195514, -8.626104146667172 ], [ -73.350752211919882, -8.626279243929162 ], [ -73.291501113229785, -8.645277971920644 ], [ -73.291382328720431, -8.645322855154639 ], [ -73.291268729515906, -8.645379595661135 ], [ -73.209842727280446, -8.691377245947798 ], [ -73.209729726667533, -8.691449419748926 ], [ -73.209645696057791, -8.691553904449986 ], [ -73.114789101855692, -8.823545004353269 ], [ -73.114685240213404, -8.823684350142941 ], [ -72.996502614912032, -8.976622980441551 ], [ -72.996428791126547, -8.976729697003222 ], [ -72.996418676642392, -8.976859064978449 ], [ -72.993092461421085, -9.108254099087493 ], [ -72.993095910280132, -9.108382239814746 ], [ -72.993173845727227, -9.108484014107882 ], [ -73.081328503712854, -9.211935262050448 ], [ -73.081413062856512, -9.212024967189814 ], [ -73.081533548920987, -9.212051051075505 ], [ -73.111277821157017, -9.216944458660853 ], [ -73.111405228695347, -9.216958697718313 ], [ -73.111530893139502, -9.216933322946328 ], [ -73.367442326620832, -9.151314930173177 ], [ -73.368040208769571, -9.151199895678152 ], [ -73.368647639987344, -9.151158382854915 ], [ -73.591613874758707, -9.149527798627551 ], [ -73.592065104734758, -9.14954488932122 ], [ -73.592512952691507, -9.149602619648956 ], [ -73.592953765970563, -9.149700518760856 ], [ -73.593383949288537, -9.14983778818948 ], [ -73.593799994060262, -9.150013308362169 ], [ -73.594198507014866, -9.150225647732301 ], [ -73.734549909168038, -9.233355219738275 ], [ -73.734651575694869, -9.233409244369943 ], [ -73.734761450826525, -9.233443627489805 ], [ -74.014854483726211, -9.307050506312128 ], [ -74.015308814347989, -9.307193354186479 ], [ -74.015747492874723, -9.307378780665868 ], [ -74.016166539231818, -9.307605103399371 ], [ -74.016562151464797, -9.307870268989531 ], [ -74.016930740234045, -9.308171871622582 ], [ -74.017268961380438, -9.308507174896087 ], [ -74.078753137054747, -9.375562069755979 ], [ -74.079066764046345, -9.375939776199397 ], [ -74.079341837534187, -9.376346419315094 ], [ -74.079575705545267, -9.376778078672288 ], [ -74.079766113366986, -9.377230592659568 ], [ -74.079911225284818, -9.377699598606824 ], [ -74.116019230514027, -9.518553353010464 ], [ -74.116116198290484, -9.519024972634053 ], [ -74.116167353587628, -9.519503732442933 ], [ -74.11617222203661, -9.519985192843412 ], [ -74.116130758491778, -9.520464889198907 ], [ -74.109871318384961, -9.566760870962982 ], [ -74.10978249843987, -9.567240336178687 ], [ -74.109647396881755, -9.56770886946962 ], [ -74.10946729866626, -9.568162014599238 ], [ -74.109243916713851, -9.568595461688341 ], [ -74.108979375618077, -9.569005088206483 ], [ -74.108676191438576, -9.569386998181498 ], [ -74.108337247770692, -9.569737559254239 ], [ -74.107965768319531, -9.570053437226061 ], [ -73.85133492499186, -9.767545537672031 ], [ -73.851263478073804, -9.767599508484096 ], [ -73.68347159557571, -9.892005075909388 ], [ -73.682972503358087, -9.892330892607397 ], [ -73.682438187050565, -9.892595005548996 ], [ -73.438360692921563, -9.995628135159711 ], [ -73.437673069137389, -9.995861185586744 ], [ -73.28697288472641, -10.035000606981102 ], [ -73.286375515698822, -10.035117473990733 ], [ -73.285768372412676, -10.035160886928258 ], [ -73.13031191889614, -10.036789373534811 ], [ -73.129739666694817, -10.036762547147672 ], [ -73.129174239283785, -10.036670438082785 ], [ -72.975498628684676, -10.002498739224013 ], [ -72.975015188732542, -10.002365478833777 ], [ -72.974547528629216, -10.002184463512044 ], [ -72.974100352521305, -10.001957514073977 ], [ -72.852986301386395, -9.932642603715808 ], [ -72.852575103467743, -9.932379833286387 ], [ -72.8521914791326, -9.932078230242039 ], [ -72.851839082510566, -9.931740667436538 ], [ -72.851521270278525, -9.931370360250481 ], [ -72.851241069687333, -9.930970835963905 ], [ -72.851001149726343, -9.930545900157933 ], [ -72.850803795700642, -9.930099600465553 ], [ -72.815161867896819, -9.837529267228907 ], [ -72.81500011925003, -9.83703347645757 ], [ -72.814890891874072, -9.836523534800103 ], [ -72.814835374036576, -9.836004989832526 ], [ -72.814834169707481, -9.835483482724932 ], [ -72.819716487664152, -9.73765431883527 ], [ -72.819766933684349, -9.737152941554738 ], [ -72.81986758899599, -9.736659188087279 ], [ -72.82001743124718, -9.736178073466686 ], [ -72.820214938496292, -9.735714484354498 ], [ -72.820458104670266, -9.735273129406389 ], [ -72.861377539892757, -9.669125201403091 ], [ -72.861435939876699, -9.669019676468121 ], [ -72.861472891690838, -9.668904869528161 ], [ -72.883075607180388, -9.588626366571701 ], [ -72.883099807067168, -9.588516990510627 ], [ -72.883093872905761, -9.588405126561677 ], [ -72.866452781163417, -9.419354552295735 ], [ -72.866435499181605, -9.419238356888181 ], [ -72.866319558537668, -9.419257272666963 ], [ -72.752239815623071, -9.44372197207996 ], [ -72.75171751832616, -9.443805369097049 ], [ -72.751189333663817, -9.443833126821522 ], [ -72.750661172012428, -9.443804934644964 ], [ -72.62827764817095, -9.430753352572427 ], [ -72.628141919424664, -9.430746358840175 ], [ -72.628007914173836, -9.430769025944223 ], [ -72.548194095860381, -9.44881201000603 ], [ -72.548111654049151, -9.448829917390638 ], [ -72.429959916198086, -9.47345200603001 ], [ -72.429839766461058, -9.473483433409308 ], [ -72.429749719397805, -9.473568962152072 ], [ -72.353247704907616, -9.553939399061282 ], [ -72.353183818017555, -9.554011948262046 ], [ -72.35312573984443, -9.554089225988516 ], [ -72.306587162066265, -9.621283124904632 ], [ -72.306526634438967, -9.621379835414608 ], [ -72.306547636892347, -9.621491975565252 ], [ -72.322876975443918, -9.690713200407821 ], [ -72.322970443406746, -9.691229178846092 ], [ -72.323009358476611, -9.691752108694324 ], [ -72.322993292634436, -9.692276238351518 ], [ -72.322922422585222, -9.692795803020214 ], [ -72.322797527814473, -9.693305088112352 ], [ -72.305631749697525, -9.750215238401088 ], [ -72.305466050013436, -9.750680211973869 ], [ -72.305255310080284, -9.751126581203613 ], [ -72.305001583826822, -9.751549995654237 ], [ -72.304707344138237, -9.75194632861319 ], [ -72.304375458754677, -9.752311717311514 ], [ -72.304009162321449, -9.752642600571443 ], [ -72.303612024863384, -9.752935753514612 ], [ -72.303187916990282, -9.753188318992594 ], [ -72.302740972172998, -9.753397835433455 ], [ -72.302275546457437, -9.753562260832904 ], [ -72.249977050160098, -9.769180866240134 ], [ -72.249866459035019, -9.769219746465126 ], [ -72.249813683709831, -9.769324421361432 ], [ -72.219916677968186, -9.836428866583399 ], [ -72.219872856713991, -9.836541846693134 ], [ -72.219887515529237, -9.836662137701518 ], [ -72.243883562602647, -9.976126701724061 ], [ -72.243943889412662, -9.976627187291204 ], [ -72.243953513987179, -9.977131203654519 ], [ -72.243912338492365, -9.977633627485115 ], [ -72.243820781477311, -9.978129351642204 ], [ -72.243679773619562, -9.978613337087209 ], [ -72.243490748264705, -9.979080664105629 ], [ -72.24325562685641, -9.979526582315945 ], [ -72.242976799405014, -9.979946558957286 ], [ -72.242657100192972, -9.980336324964963 ], [ -72.24229977896438, -9.980691918365526 ], [ -72.241908467891363, -9.981009724550255 ], [ -72.241487144652936, -9.981286513017668 ], [ -72.241040092001981, -9.981519470211589 ], [ -72.240571854230964, -9.981706228120958 ], [ -72.240087190979182, -9.981844888350679 ], [ -72.239591028851081, -9.981934041418814 ], [ -72.239088411337192, -9.98197278108397 ], [ -71.501909902804698, -10.001506351953116 ], [ -71.501363599820365, -10.001490948847749 ], [ -71.364713372622333, -9.990141169544582 ], [ -71.364263678730694, -9.990083189834493 ], [ -71.363821086237067, -9.98998471076295 ], [ -71.363389234778552, -9.989846542167648 ], [ -71.3629716756639, -9.989669820271081 ], [ -71.362571842669496, -9.989455998336879 ], [ -71.362193023801879, -9.989206834718969 ], [ -71.275354226953937, -9.92626926662021 ], [ -71.275014513406916, -9.925999836561308 ], [ -71.2746994194801, -9.925701988163702 ], [ -71.20342625758812, -9.852222025799966 ], [ -71.203343213573589, -9.852143975978576 ], [ -71.203231510412508, -9.852121382024011 ], [ -71.119822409384213, -9.839230296714589 ], [ -71.119352088051457, -9.839134291896462 ], [ -71.118893140358239, -9.838993628837869 ], [ -71.118449796316824, -9.838809603996916 ], [ -71.118026142124251, -9.838583913486994 ], [ -71.117626082500919, -9.8383186374441 ], [ -71.117253304701663, -9.838016220854717 ], [ -71.028387541189375, -9.758555151457079 ], [ -71.028353897451481, -9.758525606140889 ], [ -70.935104234834725, -9.678103056403422 ], [ -70.934995055781059, -9.678014133243201 ], [ -70.836830402878547, -9.602559770978523 ], [ -70.83673693622444, -9.60249506595177 ], [ -70.836727344585128, -9.602608338880453 ], [ -70.830153151274303, -9.792155050432816 ], [ -70.830108442912774, -9.792670832382504 ], [ -70.83001064012079, -9.793179226394164 ], [ -70.829860791461073, -9.793674781876824 ], [ -70.829660503490217, -9.794152185883874 ], [ -70.829411923534494, -9.794606320074198 ], [ -70.829117716667881, -9.795032315586912 ], [ -70.828781037139365, -9.795425605241354 ], [ -70.828405494555582, -9.795781972502729 ], [ -70.827995115181537, -9.796097596688394 ], [ -70.781542315192254, -9.828138914131163 ], [ -70.781126157365605, -9.82839684264329 ], [ -70.780686768318532, -9.828612832734175 ], [ -70.780228361167261, -9.828784813365946 ], [ -70.779755331384578, -9.828911135488871 ], [ -70.779272214653531, -9.828990587853403 ], [ -70.778783643376656, -9.829022408624333 ], [ -70.778294302257834, -9.829006292685714 ], [ -70.6661313165975, -9.819799292317636 ], [ -70.666015700595452, -9.819795446882429 ], [ -70.666010252666098, -9.81991099846123 ], [ -70.667197658656505, -10.590026397314597 ], [ -70.667204140697748, -10.59014980560816 ], [ -70.667312613605318, -10.590209010777633 ], [ -70.725282547956851, -10.618117543978293 ], [ -70.725401844515062, -10.618167524872369 ], [ -70.725525680366133, -10.618204867081197 ], [ -70.800463371405243, -10.636617936385171 ], [ -70.800928374818398, -10.636756434383535 ], [ -70.801377765148061, -10.636939350214986 ], [ -70.801807310757482, -10.637164961471838 ], [ -70.802212966875615, -10.637431143709424 ], [ -70.863192064265704, -10.681821284514269 ], [ -70.863567123765733, -10.682122968419714 ], [ -70.863911436862892, -10.682459318384044 ], [ -70.864221812700151, -10.682827217347098 ], [ -70.864495374927714, -10.683223255874294 ], [ -70.864729588358983, -10.68364376375292 ], [ -70.864922282464931, -10.684084844005143 ], [ -70.865071671489133, -10.684542409002518 ], [ -70.865176370996821, -10.685012218347318 ], [ -70.865235410704983, -10.685489918169626 ], [ -70.86524824347417, -10.685971081476007 ], [ -70.865214750379138, -10.686451249175834 ], [ -70.85963237134527, -10.733623630208346 ], [ -70.859624384215408, -10.733729781543342 ], [ -70.859625478547287, -10.733836227316454 ], [ -70.865456105070223, -10.843805086614653 ], [ -70.865459213764751, -10.844267378057909 ], [ -70.865419611230138, -10.844727980578247 ], [ -70.865337636025345, -10.845182956520786 ], [ -70.865213988949975, -10.845628416331817 ], [ -70.865049727053204, -10.846060551810295 ], [ -70.864846254597126, -10.846475668663853 ], [ -70.864605311051832, -10.846870218091011 ], [ -70.864328956224824, -10.847240827119609 ], [ -70.831261149091915, -10.887554427906588 ], [ -70.830948364688439, -10.88790134610209 ], [ -70.789637091682081, -10.929625112495929 ], [ -70.789546727221889, -10.929727033135929 ], [ -70.78949431004196, -10.929852755018567 ], [ -70.759861834620253, -11.013634344281908 ], [ -70.759830936029758, -11.013727481840787 ], [ -70.734937615520437, -11.094002340906414 ], [ -70.734908026814182, -11.094117046864675 ], [ -70.734956657883956, -11.0942250652311 ], [ -70.765725231316182, -11.15460595811737 ], [ -70.765789399080973, -11.15471714774022 ], [ -70.765900419912754, -11.154781607100825 ], [ -70.973531038302013, -11.261272256940664 ], [ -70.973649812127007, -11.261325510075377 ], [ -70.973777068477588, -11.261352876827681 ], [ -71.044443748321996, -11.272714304368119 ], [ -71.044896992891637, -11.272808887676019 ], [ -71.045339544983065, -11.272944991637766 ], [ -71.045767609683054, -11.273121449152951 ], [ -71.04617751630866, -11.273336747086789 ], [ -71.046565749883669, -11.273589039245358 ], [ -71.046928981279663, -11.273876162206829 ], [ -71.047264095763566, -11.274195653872946 ], [ -71.117003723484999, -11.347139920273124 ], [ -71.117348038044057, -11.34754042340213 ], [ -71.117648184564786, -11.347975012101964 ], [ -71.162053630699845, -11.420146144200922 ], [ -71.162324128259328, -11.420647755050123 ], [ -71.162535788397378, -11.421176888643542 ], [ -71.162685861374698, -11.421726670850603 ], [ -71.180303273758881, -11.504603535213271 ], [ -71.180350011440581, -11.504788411393051 ], [ -71.202855586433301, -11.581384487702776 ], [ -71.20289634701949, -11.581501127572238 ], [ -71.203003025139495, -11.581563465869262 ], [ -71.243265301545492, -11.602444028321132 ], [ -71.243286632941462, -11.602455156279799 ], [ -71.309620093567702, -11.637262644664037 ], [ -71.309956810544392, -11.637456374242346 ], [ -71.372336919620963, -11.676648413203306 ], [ -71.372730925472311, -11.676923210108949 ], [ -71.373096742674932, -11.677234548710024 ], [ -71.428551356872177, -11.729225650668699 ], [ -71.428591469287468, -11.729262445494458 ], [ -71.485497510016842, -11.78033234982407 ], [ -71.485588022651328, -11.780406192356121 ], [ -71.485695531795997, -11.780451876492624 ], [ -71.529424144929109, -11.796648854626785 ], [ -71.529532983422101, -11.796683496981283 ], [ -71.5296364642806, -11.796635148018517 ], [ -71.578106561929161, -11.771174933807618 ], [ -71.57822777013925, -11.771102168920347 ], [ -71.578329395297956, -11.771003891322815 ], [ -71.611406642942256, -11.735150435702966 ], [ -71.611485128071521, -11.735056393927856 ], [ -71.611509312477793, -11.734936315263949 ], [ -71.61719301619388, -11.697092244775444 ], [ -71.61729544238122, -11.696588306816448 ], [ -71.617449087461296, -11.696097554557419 ], [ -71.617652326209679, -11.695625179069562 ], [ -71.617903008810856, -11.695176177038572 ], [ -71.618198483598547, -11.694755297910774 ], [ -71.618535625104357, -11.694366993654514 ], [ -71.656061921808771, -11.655389826236926 ], [ -71.656455417282757, -11.65502285818971 ], [ -71.65688606705109, -11.654700298098 ], [ -71.657348884116473, -11.654425881262307 ], [ -71.691757900617347, -11.636452165997287 ], [ -71.692272128264136, -11.636219497457272 ], [ -71.692809302087866, -11.636046266382325 ], [ -71.744686823953032, -11.622496236570404 ], [ -71.745197477741343, -11.6223909546967 ], [ -71.745716318820698, -11.622339423164293 ], [ -71.746237705280706, -11.622342202330287 ], [ -71.746755967532394, -11.622399261973863 ], [ -71.802647025197444, -11.631523298264993 ], [ -71.80280262700137, -11.631551232065929 ], [ -71.87386164926707, -11.645470839744023 ], [ -71.874125222137991, -11.64550802030212 ], [ -71.927314803755209, -11.650138620525253 ], [ -71.92744111620803, -11.65014309154232 ], [ -71.92754669155579, -11.650073602898049 ], [ -71.974204858200252, -11.61579873584933 ], [ -71.974587475677353, -11.615543890604444 ], [ -71.974991882593997, -11.615325264717598 ], [ -71.975414660219755, -11.615144706384108 ], [ -71.975852234523913, -11.615003741988026 ], [ -72.017070372812469, -11.603788491066856 ], [ -72.017502197858875, -11.603691297856333 ], [ -72.017940926498483, -11.6036326755767 ], [ -72.018383120513363, -11.603613083637612 ], [ -72.082994520198369, -11.603613083637612 ], [ -72.083092392371341, -11.603611166926665 ], [ -72.14077175049816, -11.601351135897577 ], [ -72.14123015064564, -11.601354204693964 ], [ -72.141686343170079, -11.601399243492487 ], [ -72.142136493497517, -11.601485873714822 ], [ -72.142576817842368, -11.60161336718158 ], [ -72.14300361501229, -11.601780652233099 ], [ -72.143413297519103, -11.601986322737401 ], [ -72.143802421733653, -11.602228649909566 ], [ -72.186025810322832, -11.631291416447816 ], [ -72.186369389709967, -11.631550377318518 ], [ -72.186689434618501, -11.63183791650602 ], [ -72.229086004497859, -11.673360720782505 ], [ -72.229195549421348, -11.673471402441782 ], [ -72.302723530825546, -11.750113582457386 ], [ -72.302843416071525, -11.75024304229326 ], [ -72.335960326785411, -11.78729532613227 ], [ -72.336045536319176, -11.787381662963087 ], [ -72.33616623920517, -11.787393726393011 ], [ -72.382237574236143, -11.789706526867214 ], [ -72.382364398515705, -11.789706338860196 ], [ -72.3824675317979, -11.789632528567365 ], [ -72.433345377681448, -11.749090954860025 ], [ -72.433435894002798, -11.74901124983573 ], [ -72.433455181716212, -11.748892194892752 ], [ -72.442926938055621, -11.66426020236311 ], [ -72.442942309855511, -11.663957405496584 ], [ -72.441760588053043, -11.545885732882249 ], [ -72.441776583399289, -11.545432960150988 ], [ -72.441833497161497, -11.544983493999931 ], [ -72.453403790810867, -11.478091837493707 ], [ -72.453520936092289, -11.477577715694142 ], [ -72.453691573695934, -11.477078789797874 ], [ -72.4539138058297, -11.476600608743805 ], [ -72.454185160878964, -11.476148490751477 ], [ -72.454502620895369, -11.475727464173062 ], [ -72.486812020331513, -11.43727637045987 ], [ -72.486886374118214, -11.437178372600412 ], [ -72.486916929443424, -11.437059215401055 ], [ -72.501121618715757, -11.367437534384635 ], [ -72.501158144455502, -11.367201319782795 ], [ -72.51062545771218, -11.277851900360764 ], [ -72.510688118370737, -11.277431771247795 ], [ -72.527127308723067, -11.192203965977576 ], [ -72.527252811376428, -11.191697212562245 ], [ -72.52743046921826, -11.191206307651715 ], [ -72.527658345423234, -11.190736603090144 ], [ -72.634393822690257, -10.997168561425998 ], [ -72.634666858661959, -10.996728877424291 ], [ -72.634983883635158, -10.996319773733815 ], [ -72.635341500742285, -10.995945633829642 ], [ -72.695313768899126, -10.939377722958639 ], [ -72.695383291061887, -10.939309540038158 ], [ -72.757018189222634, -10.876460472905761 ], [ -72.757215582965401, -10.876269940338469 ], [ -72.80770523007628, -10.830142910356665 ], [ -72.808038399201507, -10.829864093859088 ], [ -72.808394513753527, -10.829615251075051 ], [ -72.808770885205561, -10.829398260671075 ], [ -72.868432569966231, -10.798373573012809 ], [ -72.868772093570414, -10.798212919397779 ], [ -72.86912271936707, -10.798078207065256 ], [ -72.95063678056448, -10.770226230819683 ], [ -72.950808851928358, -10.770160256730858 ], [ -73.013144634968995, -10.743584217349579 ], [ -73.013686371845978, -10.743389289348565 ], [ -73.01424692558146, -10.743257929997574 ], [ -73.087142562483407, -10.730551254275751 ], [ -73.087490925852833, -10.730464324422652 ], [ -73.165015429134755, -10.705073616928365 ], [ -73.165484473673942, -10.704944890039334 ], [ -73.165963806368651, -10.704862345751378 ], [ -73.16644889132445, -10.704826765175783 ], [ -73.213182713821212, -10.703678750011756 ], [ -73.213268449083813, -10.70367517070509 ], [ -73.272505452427453, -10.700182770650891 ], [ -73.272614403541695, -10.700171528628925 ], [ -73.272721947872498, -10.700150769407829 ], [ -73.315128750011866, -10.690014783632797 ], [ -73.315598357993736, -10.689926023300492 ], [ -73.316074295131642, -10.689882504408049 ], [ -73.316552213072484, -10.689884624561568 ], [ -73.317027745365777, -10.689932364390474 ], [ -73.317496547357266, -10.690025287724493 ], [ -73.317954335883442, -10.690162545578678 ], [ -73.362753861321195, -10.705964919965732 ], [ -73.362888501676196, -10.706004014404732 ], [ -73.363028479097537, -10.706011934118985 ], [ -73.405434366859438, -10.706011934118985 ], [ -73.4058600271362, -10.70603008573422 ], [ -73.460166952143908, -10.710670190960871 ], [ -73.460285033963686, -10.710674619105943 ], [ -73.460396254585021, -10.710634707979297 ], [ -73.505284029676616, -10.692063294674837 ], [ -73.505552074284225, -10.691933163358666 ], [ -73.537665912524645, -10.673900437419054 ], [ -73.538074151007905, -10.673695148177289 ], [ -73.538499426411136, -10.673527986090049 ], [ -73.538938186794496, -10.673400347310675 ], [ -73.539386767590329, -10.673313297890164 ], [ -73.539841422209989, -10.673267564873395 ], [ -73.579121570166777, -10.671123080724938 ], [ -73.579604513638174, -10.671120073694992 ], [ -73.580085494353455, -10.671163674042768 ], [ -73.580560024888769, -10.671253474988465 ], [ -73.581023677998772, -10.671388638712825 ], [ -73.581472127921629, -10.671567904173775 ], [ -73.581901190737241, -10.671789598871612 ], [ -73.582306863402167, -10.672051654452989 ], [ -73.582685361096907, -10.672351626008107 ], [ -73.583033152537283, -10.672686714881086 ], [ -73.610861168464666, -10.702219701492478 ], [ -73.611122804686588, -10.702520547150312 ], [ -73.611359638753058, -10.702841282629207 ], [ -73.639578547763122, -10.744430444012178 ], [ -73.639645900458675, -10.744520622404114 ], [ -73.639735007731289, -10.744589385925575 ], [ -73.656171854221625, -10.756123933877594 ], [ -73.656271780573647, -10.756187047318166 ], [ -73.656380266471615, -10.756140149640565 ], [ -73.670421625113732, -10.749242742008958 ], [ -73.670521559673361, -10.749187816632888 ], [ -73.67060276993881, -10.749107762863895 ], [ -73.681383150588772, -10.737457175832914 ], [ -73.681730100159811, -10.737116984035575 ], [ -73.682108432587285, -10.736812075790137 ], [ -73.682514574832211, -10.736545330704514 ], [ -73.682944691214715, -10.73631926796692 ], [ -73.683394719638855, -10.736136022554215 ], [ -73.683860409955869, -10.735997325068796 ], [ -73.695437564430989, -10.73315368511086 ], [ -73.695920119145882, -10.733060038641822 ], [ -73.696409537273396, -10.733014228048283 ], [ -73.696901088514636, -10.733016696096437 ], [ -73.697390021953822, -10.733067418932229 ], [ -73.697871611976637, -10.733165906311918 ], [ -73.756523145514464, -10.748198261309881 ], [ -73.756638981091697, -10.748222038926462 ], [ -73.756731707336456, -10.748148655688794 ], [ -73.826910079848517, -10.686856046461473 ], [ -73.827213251175863, -10.686611410887496 ], [ -73.912437363128845, -10.623160815895794 ], [ -73.912907009419712, -10.622850649704635 ], [ -73.913408538751639, -10.622595230375165 ], [ -73.913935596332649, -10.622397794281822 ], [ -73.966461294623272, -10.606028273925368 ], [ -73.966580938426517, -10.605984026075415 ], [ -73.966640619433434, -10.605871284382729 ], [ -74.021302795364917, -10.488158051281841 ], [ -74.021348458207981, -10.488045709870216 ], [ -74.021382986794265, -10.48792946244075 ], [ -74.054747799136877, -10.351622281157537 ], [ -74.054893075297798, -10.351136788713386 ], [ -74.055086747932066, -10.350668495016013 ], [ -74.05532682757179, -10.350222210529555 ], [ -74.055610848041354, -10.349802519632433 ], [ -74.055935891790753, -10.349413733525124 ], [ -74.056298619865586, -10.349059845944117 ], [ -74.056695306205881, -10.348744492136969 ], [ -74.05712187592141, -10.348470911519859 ], [ -74.167249972431406, -10.285478252532993 ], [ -74.167561646448334, -10.285314265655565 ], [ -74.295079523686454, -10.22385420632323 ], [ -74.295190951835181, -10.223793233342297 ], [ -74.295257824435268, -10.223685242638661 ], [ -74.415702245664676, -10.004716307035645 ], [ -74.41575600891322, -10.004606036041739 ], [ -74.415798669521166, -10.004491013211506 ], [ -74.468007159955789, -9.839187828197693 ], [ -74.468195203495924, -9.838687351207813 ], [ -74.468435610284999, -9.838209813600757 ], [ -74.550501731970314, -9.694837521668418 ], [ -74.550543311699386, -9.694761880724865 ], [ -74.623158214803297, -9.557083860712456 ], [ -74.623419581693298, -9.556644357279712 ], [ -74.623724470724554, -9.556233847112725 ], [ -74.624069693051496, -9.555856623752417 ], [ -74.75725295936023, -9.424496236331422 ], [ -74.757338932726441, -9.42440221465276 ], [ -74.757379989471545, -9.424281608519285 ], [ -74.770415302716501, -9.378352224217648 ], [ -74.770441146366025, -9.37824219466893 ], [ -74.770405655658706, -9.378134887607217 ], [ -74.733217980075537, -9.280891050267831 ], [ -74.733044676180327, -9.280346416769124 ], [ -74.732934658896198, -9.279785563771268 ], [ -74.718053268538981, -9.171455054161139 ], [ -74.718029537348926, -9.171251415973648 ], [ -74.704981322852973, -9.035050432397066 ], [ -74.704958571961143, -9.034592853512585 ], [ -74.704977799966116, -9.034135113059461 ], [ -74.712300349624215, -8.950960734775306 ], [ -74.712361512173487, -8.950506030760364 ], [ -74.712464096853139, -8.950058847372773 ], [ -74.712607239914135, -8.949622949835817 ], [ -74.712789736111375, -8.949202008347449 ], [ -74.713010048851714, -8.94879956717773 ], [ -74.713266323131833, -8.948419014826555 ], [ -74.752102085661917, -8.896101902363759 ], [ -74.752431746868666, -8.89570276447613 ], [ -74.752800910517024, -8.895339851586725 ], [ -74.753205619356336, -8.895017053941197 ], [ -74.753641535109139, -8.894737831769744 ], [ -74.754103984975387, -8.894505178195153 ], [ -74.754588011722575, -8.894321587148019 ], [ -74.755088426824699, -8.894189026633045 ], [ -74.7555998660808, -8.894108917633012 ], [ -74.756116847116459, -8.894082118876554 ], [ -74.817753356364193, -8.894082118876554 ], [ -74.818282452070051, -8.894110191912686 ], [ -74.818805606446773, -8.89419409578294 ], [ -74.819316944881649, -8.894332888312761 ], [ -74.819810725445748, -8.894525010971067 ], [ -74.820281403371226, -8.894768306371331 ], [ -74.928772311086632, -8.958347823146411 ], [ -74.929141956825944, -8.958586911520142 ], [ -74.929489139509329, -8.958857587354682 ], [ -74.929811167759638, -8.959157752357722 ], [ -74.930105545198117, -8.959485079635471 ], [ -75.0265097060134, -9.076669717339909 ], [ -75.026841372549683, -9.077122454352523 ], [ -75.027120212391068, -9.077609508596662 ], [ -75.101685380827362, -9.226681773107932 ], [ -75.10173944260977, -9.226778738397412 ], [ -75.10182408716318, -9.226850573230786 ], [ -75.223318369959216, -9.320930861226213 ], [ -75.223469793389654, -9.321052901141618 ], [ -75.447900433973231, -9.509249029818523 ], [ -75.447998934941054, -9.509323435037317 ], [ -75.448113999482416, -9.509278727895124 ], [ -75.550664809212719, -9.463302163441574 ], [ -75.551229681262626, -9.463088868416129 ], [ -75.681849704750647, -9.422593129576844 ], [ -75.681956774932388, -9.422554482748668 ], [ -75.682055020928203, -9.422496990789117 ], [ -75.81287332333936, -9.337680152858773 ], [ -75.812972632385751, -9.33760854291239 ], [ -75.813036620100959, -9.33750415975566 ], [ -75.876507091523266, -9.221436174074338 ], [ -75.876739334801044, -9.221053272357979 ], [ -75.949543765661375, -9.112319858484138 ], [ -75.949605422679909, -9.112217474596514 ], [ -75.949656990075781, -9.112109655989668 ], [ -76.00010378608016, -8.992176231444967 ], [ -76.000141405807611, -8.99207460179562 ] ] ] ] } },
{ "type": "Feature", "properties": { "fid": 14, "title": "Yaminahua", "glottocode": "yami1256", "layer": "full_polys", "path": "full_polys.gpkg|layername=full_polys", "subgroup": "Headwaters" }, "geometry": { "type": "MultiPolygon", "coordinates": [ [ [ [ -69.546537581860051, -10.975134698003668 ], [ -69.546428444061959, -10.975092893353031 ], [ -69.541723087507407, -10.973553124090135 ], [ -69.541607192128964, -10.97352131003538 ], [ -69.541487343013031, -10.973512362285152 ], [ -69.294823999345951, -10.967054873723717 ], [ -69.29459173392101, -10.967059596611531 ], [ -69.149948060930612, -10.976741392975537 ], [ -69.149771585199503, -10.976759515965311 ], [ -68.998592776544527, -10.997730161115854 ], [ -68.998266228037593, -10.997797941776302 ], [ -68.888255190551192, -11.028420559530623 ], [ -68.888147355461442, -11.028455961865538 ], [ -68.888053145452957, -11.028519256464113 ], [ -68.794414389198778, -11.097846258241933 ], [ -68.794326512289032, -11.097917735514876 ], [ -68.794253037375981, -11.098003949138644 ], [ -68.742990104969664, -11.164020659360636 ], [ -68.742654066176129, -11.1644102526694 ], [ -68.742279770744091, -11.164763251177273 ], [ -68.741871181788724, -11.165075917265211 ], [ -68.741432625531871, -11.165344940361932 ], [ -68.740968745495181, -11.165567471996898 ], [ -68.740484453333593, -11.1657411559605 ], [ -68.739984876829681, -11.165864153252079 ], [ -68.739475305599726, -11.165935161551626 ], [ -68.667667760403845, -11.172197163655193 ], [ -68.667494284707828, -11.172218425905559 ], [ -68.616675393607551, -11.180259577824831 ], [ -68.616561609704831, -11.180283337404854 ], [ -68.616584776845329, -11.180397243408928 ], [ -68.647795240212787, -11.302843828447418 ], [ -68.647835223523657, -11.302971448162104 ], [ -68.64791378017928, -11.303079680821932 ], [ -68.711945855044547, -11.381958949375921 ], [ -68.712026573253695, -11.382049026248845 ], [ -68.712129847616751, -11.382111983998527 ], [ -68.785974535395169, -11.422327123417681 ], [ -68.786095628443135, -11.422384843460883 ], [ -68.786222226979149, -11.422429204934391 ], [ -68.891318437750783, -11.453010027742268 ], [ -68.891437870194508, -11.453038466138418 ], [ -68.891560561491715, -11.453042904223066 ], [ -69.013101697193221, -11.451433156661635 ], [ -69.013240288964965, -11.451423570362252 ], [ -69.013376950189993, -11.451398604667165 ], [ -69.113542278807984, -11.427257071180973 ], [ -69.113645558779623, -11.427227398586803 ], [ -69.113737763172239, -11.427172211945477 ], [ -69.21395717831065, -11.361139212524433 ], [ -69.214049876998928, -11.361071797303685 ], [ -69.214120595073837, -11.36098159302035 ], [ -69.274599648455833, -11.276034265547926 ], [ -69.274983429739336, -11.275559478588196 ], [ -69.275422213626044, -11.275135003110162 ], [ -69.352243825988737, -11.209406350931349 ], [ -69.352394302195634, -11.209282598844188 ], [ -69.410991508147816, -11.162976024852458 ], [ -69.411391330337224, -11.162690807655975 ], [ -69.411817205548786, -11.16244619176015 ], [ -69.412265024825473, -11.162244537284044 ], [ -69.444383033971405, -11.149640096498894 ], [ -69.444490169837323, -11.149592039666757 ], [ -69.444554219834217, -11.149493626503169 ], [ -69.54648364213233, -10.975238376321428 ], [ -69.546537581860051, -10.975134698003668 ] ] ], [ [ [ -70.012466782262365, -11.098718337460529 ], [ -70.0123548836537, -11.098696319268353 ], [ -69.936304808339571, -11.087501947699472 ], [ -69.936063401388978, -11.087478314216623 ], [ -69.783726636876466, -11.0800035509211 ], [ -69.783606938892603, -11.080003459668186 ], [ -69.783492199090304, -11.080037553559308 ], [ -69.730315573495957, -11.098674601190785 ], [ -69.730207783319571, -11.098718224119519 ], [ -69.730159631461092, -11.098824068725015 ], [ -69.695920575661347, -11.184674682168181 ], [ -69.695880853331602, -11.184791194485147 ], [ -69.69596843982805, -11.184877690664894 ], [ -69.779694551813989, -11.259537004543107 ], [ -69.779794160104402, -11.259616929807329 ], [ -69.779921697437018, -11.259623569700418 ], [ -69.86740936124653, -11.259623569700418 ], [ -69.86752334062291, -11.259618325942787 ], [ -69.86763158294778, -11.259582237241574 ], [ -69.974213355000302, -11.218513814235177 ], [ -69.974324451229037, -11.218464535435533 ], [ -69.974367044589826, -11.218350708471629 ], [ -70.012437439210544, -11.098828542200483 ], [ -70.012466782262365, -11.098718337460529 ] ] ], [ [ [ -70.836393129624227, -11.1398858292936 ], [ -70.836371219857526, -11.139774444167815 ], [ -70.813541376297437, -11.046427424057669 ], [ -70.813506741950619, -11.046311397455961 ], [ -70.813386000277632, -11.046302278318075 ], [ -70.665047677735188, -11.042569177404074 ], [ -70.664450229721268, -11.042518176041444 ], [ -70.486220134194923, -11.016463580689882 ], [ -70.485726750128677, -11.016365889242334 ], [ -70.485245676896895, -11.016219124119036 ], [ -70.484781782411417, -11.016024770415465 ], [ -70.321638174314941, -10.937807754577928 ], [ -70.321261611087934, -10.937607022420954 ], [ -70.168984683344618, -10.847887058297214 ], [ -70.168864687481587, -10.847824919321262 ], [ -70.168731077180922, -10.847804706775012 ], [ -70.012593298286973, -10.832843582898432 ], [ -70.012480402874303, -10.832838206345182 ], [ -70.012492524979479, -10.83295057776539 ], [ -70.027713083031472, -10.930105328686704 ], [ -70.027737089030097, -10.930221461780716 ], [ -70.027835502491556, -10.930287628041892 ], [ -70.126240365682818, -10.989739879610804 ], [ -70.126667310411392, -10.990028876920977 ], [ -70.127062226078564, -10.990360302421456 ], [ -70.12742091392127, -10.990730632379792 ], [ -70.195503035472356, -11.06869262879189 ], [ -70.19557102378991, -11.068764517885961 ], [ -70.195644495550525, -11.068830792719144 ], [ -70.321351269494102, -11.173488146838382 ], [ -70.321448514216513, -11.173561336711781 ], [ -70.321562818335877, -11.173603144150245 ], [ -70.477765731114474, -11.222188001508199 ], [ -70.477912828530407, -11.222228871199622 ], [ -70.630307513725398, -11.259596664300201 ], [ -70.630417776858692, -11.259618474041396 ], [ -70.630530164363265, -11.259620108723061 ], [ -70.752460079528163, -11.255883113532164 ], [ -70.752500124456375, -11.255881564851661 ], [ -70.832459794966041, -11.252147175548686 ], [ -70.832578149733109, -11.252135737664094 ], [ -70.832588083328829, -11.252017247159218 ], [ -70.836394454488754, -11.139999341093544 ], [ -70.836393129624227, -11.1398858292936 ] ] ], [ [ [ -73.626213833953159, -8.347361383737814 ], [ -73.626122581834025, -8.347286569650189 ], [ -73.613941695783865, -8.338247580830023 ], [ -73.613834513801464, -8.33817641267566 ], [ -73.613706116114798, -8.338168232357006 ], [ -73.344629508414357, -8.33510807891199 ], [ -73.344515221669951, -8.335112269077891 ], [ -73.344515504750987, -8.335226632259522 ], [ -73.347598631953375, -8.396233054236843 ], [ -73.347611633342353, -8.396359796970186 ], [ -73.347685610884611, -8.396463527774531 ], [ -73.381545053215319, -8.439093108438888 ], [ -73.381790430499052, -8.439359760602938 ], [ -73.443475681662065, -8.497321845147807 ], [ -73.443576044537565, -8.497406591489224 ], [ -73.443697889638699, -8.497455667150316 ], [ -73.523943517769467, -8.524927087282373 ], [ -73.524062108023699, -8.524961211337269 ], [ -73.524185100117464, -8.524971263421165 ], [ -73.619905705471709, -8.528024897088239 ], [ -73.620022669225875, -8.52802289415003 ], [ -73.620032398892931, -8.527906318573217 ], [ -73.62621549494898, -8.347479372457908 ], [ -73.626213833953159, -8.347361383737814 ] ] ] ] } },
{ "type": "Feature", "properties": { "fid": 15, "title": "Yawanawa", "glottocode": "yawa1260", "layer": "full_polys", "path": "full_polys.gpkg|layername=full_polys", "subgroup": "Headwaters" }, "geometry": { "type": "MultiPolygon", "coordinates": [ [ [ [ -72.118605761251004, -8.68719283685766 ], [ -72.084552881165649, -8.613740832904554 ], [ -72.04121285196608, -8.515782655190135 ], [ -71.973107091795342, -8.512721056503725 ], [ -71.939054211709973, -8.531090281018253 ], [ -71.923575629852991, -8.573948366340653 ], [ -71.939054211709973, -8.635165813047854 ], [ -71.87713988428203, -8.659650014756894 ], [ -71.818321273225493, -8.659650014756894 ], [ -71.771885527654547, -8.702493531015451 ], [ -71.774981244025923, -8.757570843992664 ], [ -71.849278436939471, -8.806521610958965 ], [ -71.898809898881822, -8.876876979926882 ], [ -72.013351404623492, -8.870759655798016 ], [ -72.084552881165649, -8.806521610958965 ], [ -72.12789291036519, -8.800403118654005 ], [ -72.140275775850796, -8.748391856802732 ], [ -72.118605761251004, -8.68719283685766 ] ] ] ] } },
{ "type": "Feature", "properties": { "fid": 16, "title": "Capanahua", "glottocode": "capa1241", "layer": "full_polys", "path": "full_polys.gpkg|layername=full_polys", "subgroup": "Ucayali" }, "geometry": { "type": "MultiPolygon", "coordinates": [ [ [ [ -74.068293678344901, -7.445032427018276 ], [ -74.178684100654891, -7.448681071617054 ], [ -74.252277715228757, -7.481517503389505 ], [ -74.362668137538719, -7.554478488242902 ], [ -74.473653769182903, -7.627977882655602 ], [ -74.538391079321897, -7.530261830038087 ], [ -74.619931540343742, -7.353071956227334 ], [ -74.670243740481283, -7.203351544476755 ], [ -74.708411615394496, -7.055303437950696 ], [ -74.739639877177112, -6.908930279817983 ], [ -74.765663428662634, -6.769403081356914 ], [ -74.774337946423344, -6.659130797768226 ], [ -74.783012463285729, -6.512637172284029 ], [ -74.783012463285729, -6.426444411606247 ], [ -74.754088907517954, -6.40510718858132 ], [ -74.706823202631, -6.370596958840791 ], [ -74.614221004879823, -6.291981681494105 ], [ -74.566955299094559, -6.237327458431434 ], [ -74.514866562803377, -6.19705227704357 ], [ -74.457954795107952, -6.186503506531919 ], [ -74.409724483760485, -6.17020044666224 ], [ -74.274679611628287, -6.190039765525732 ], [ -74.196305356250107, -6.200528530337682 ], [ -74.078743971386217, -6.205023651546408 ], [ -73.937067432196088, -6.21401377890924 ], [ -73.781826116620081, -6.208020377123868 ], [ -73.661250338700597, -6.18854135379908 ], [ -73.5557465323473, -6.16606466499837 ], [ -73.37940445550062, -6.103124878532307 ], [ -73.332681342028437, -6.079145867762954 ], [ -73.280400438131679, -6.055165788152438 ], [ -73.289820420135968, -6.153514765531041 ], [ -73.266270463328595, -6.329092489511994 ], [ -73.240365511020158, -6.495251126605481 ], [ -73.238010515519079, -6.637963390219792 ], [ -73.238010515519079, -6.701117961368763 ], [ -73.209750567709577, -6.876504182791233 ], [ -73.204792454152908, -6.929006137414916 ], [ -73.204792562637252, -6.929006228409908 ], [ -73.202685580563752, -6.95131603014142 ], [ -73.202685580308028, -6.951316032849379 ], [ -73.197975589305884, -7.033127855082158 ], [ -73.219170549713837, -7.128946222531383 ], [ -73.273335450730158, -7.192035196838299 ], [ -73.343834600915557, -7.246021185994612 ], [ -73.42100309979017, -7.278554698158699 ], [ -73.476950261025095, -7.289079741513464 ], [ -73.55990639686604, -7.325437077571006 ], [ -73.671800719335891, -7.390490163343037 ], [ -73.783695041805743, -7.423969640222036 ], [ -73.961582936898381, -7.452329685838494 ], [ -74.068293678344901, -7.445032427018276 ] ] ] ] } },
{ "type": "Feature", "properties": { "fid": 17, "title": "Kakataibo", "glottocode": "caca1248", "layer": "missing_polys", "path": "/Users/blum/Projects/phylogeny_map/missing_polys.shp", "subgroup": "Kakataibo" }, "geometry": { "type": "MultiPolygon", "coordinates": [ [ [ [ -75.43471648264466, -8.951452448831477 ], [ -75.464109228472125, -8.724383181531826 ], [ -75.341194109557236, -8.552669185484099 ], [ -75.239655533062333, -8.462818617759703 ], [ -75.068643193702471, -8.441674252235485 ], [ -74.988481159627554, -8.349154073332205 ], [ -74.881598447527622, -8.31742780857768 ], [ -74.689209565747788, -8.375590658364498 ], [ -74.64111234530283, -8.460175635500322 ], [ -74.619735802882857, -8.624006025565359 ], [ -74.633096141895336, -8.70853594277111 ], [ -74.742650921797761, -8.837935305424086 ], [ -74.76135539641524, -8.946173363637625 ], [ -74.83884536268765, -9.075488801066424 ], [ -74.897630854342623, -9.096597117008898 ], [ -74.967104617207568, -9.183655729007672 ], [ -75.43471648264466, -8.951452448831477 ] ] ] ] } },
{ "type": "Feature", "properties": { "fid": 18, "title": "Isconahua", "glottocode": "isco1239", "layer": "missing_polys", "path": "/Users/blum/Projects/phylogeny_map/missing_polys.shp", "subgroup": "Poyanawa" }, "geometry": { "type": "MultiPolygon", "coordinates": [ [ [ [ -73.820787529936027, -7.695616028395274 ], [ -73.561596953093755, -7.798875462897674 ], [ -73.411961156153879, -7.915342677821527 ], [ -73.25965329141151, -8.100563418391312 ], [ -73.297062240646468, -8.394095199707722 ], [ -73.599005902328727, -8.502461171809085 ], [ -73.927670242035958, -8.526244737433762 ], [ -74.197549090088216, -8.378234218189016 ], [ -74.349856954830585, -8.150823000279264 ], [ -74.28572732757064, -7.859760128372304 ], [ -74.109370852605778, -7.759163293426419 ], [ -73.820787529936027, -7.695616028395274 ] ] ] ] } },
{ "type": "Feature", "properties": { "fid": 20, "title": "Marinahua", "glottocode": "mari1443", "layer": "missing_polys", "path": "/Users/blum/Projects/phylogeny_map/missing_polys.shp", "subgroup": "Headwaters" }, "geometry": { "type": "MultiPolygon", "coordinates": [ [ [ [ -70.590257556716253, -10.12143355838926 ], [ -70.039811589401722, -9.837216710156545 ], [ -69.622969012212081, -10.047771581512928 ], [ -69.644345554632054, -10.40539895072115 ], [ -69.938273012906819, -10.605072067524373 ], [ -70.435277624171377, -10.668099796089827 ], [ -70.590257556716253, -10.12143355838926 ] ] ] ] } },
{ "type": "Feature", "properties": { "fid": 21, "title": "Mastanahua", "glottocode": "mast1238", "layer": "missing_polys", "path": "/Users/blum/Projects/phylogeny_map/missing_polys.shp", "subgroup": "Headwaters" }, "geometry": { "type": "MultiPolygon", "coordinates": [ [ [ [ -70.103941216661681, -10.047771581512928 ], [ -69.590904198582109, -9.436794866876836 ], [ -69.093899587317537, -9.805621832476875 ], [ -69.302320875912343, -10.305514297369937 ], [ -70.103941216661681, -10.047771581512928 ] ] ] ] } }
]
}
