ID	CONCEPT	DOCULECT	FORM	VALUE	TOKENS	COGID	COGIDS	ALIGNMENT	MORPHEMES	NOTE
1	animal	Matses	nɨiʃ	nɨiʃ	n ɨ i ʃ	20	1543	n ɨ i ʃ		None
2	animal	Matis	nɨiʃ	nɨiʃ	n ɨ i ʃ	20	1543	n ɨ i ʃ		None
3	animal	Marubo	juini	juini	j u + i n i	24	1544 1545	j u ( + - ) i n i ( - - )		None
4	animal	Shipibo_Konibo	yuina	yuina	j u + i n a	24	1544 1545	j u ( + - ) i n a ( - - )		None
5	animal	Kapanawa	yuina	yuina	j u + i n a	24	1544 1545	j u ( + - ) i n a ( - - )		None
6	animal	Arara	diuʃĩ	diwʃĩ	d i + u ʃ ĩ	15	1546	d i w ʃ ĩ		None
7	animal	Shanenawa	juina	juina	j u + i n a	24	1544 1545	j u ( + - ) i n a ( - - )		None
8	animal	Yawanawa	juina	juina	j u + i n a	24	1544 1545	j u ( + - ) i n a ( - - )		None
9	animal	Nukini	inũ	inũ	i n ũ	21	1545	- i n - - ũ		None
10	animal	Poyanawa	iũĩda	iũĩda	j ũ + ĩ d a	24	1544 1545	j ũ ( + - ) ĩ d a ( - - )		None
11	animal	Iskonawa	jujna	jujna	j u + j n a	24	1544 1545	j u ( + - ) j n a ( - - )		None
12	animal	Chakobo	yuʔina	yu?ina	j u + ʔ i n a	24	1544 1545	j u ( + ʔ ) i n a ( - - )		None
13	animal	Kakataibo	ɲuina	ɲuina	ɲ u + i n a	24	1544 1545	ɲ u ( + - ) i n a ( - - )		None
14	animal	Kaxarari	ʂui	ʂui	ʂ u i	17	1547	ʂ u i		None
15	animal	Mastanawa	jujna	jujna	j u + j n a	24	1544 1545	j u ( + - ) j n a ( - - )		None
16	animal	Chaninawa	juida	juida	j u + i d a	24	1544 1545	j u ( + - ) i d a ( - - )		None
17	animal	Sharanawa	juida	juida	j u + i d a	24	1544 1545	j u ( + - ) i d a ( - - )		None
18	animal	Amawaka	juʔina	juʔina	j u + ʔ i n a	24	1544 1545	j u ( + ʔ ) i n a ( - - )		None
19	animal	Nawa	di bɨɾa	di bɨɾaɸɨhjati	d i + b ɨ ɾ a	22	22	d i + b ɨ ɾ a		None
20	animal	Marinawa	juinda	juinda	j u + i n a	24	1544 1545	j u ( + - ) i n a ( - - )		None
21	animal	Yaminawa	isu	isu	i s u	19	1548	i s u		None
22	animal	Kashinawa_P	jujnaka	jujnaka	j u + i n a k a	24	1544 1545	j u ( + - ) i n a ( k a )		None
23	animal	Kashinawa_B	yuinaka	yuinaka	j u + i n a k a	24	1544 1545	j u ( + - ) i n a ( k a )		None
24	dog	Matses	opa	opa	o p a	164	0	- o p a		None
25	dog	Matis	wapa	wapa	w a p a	164	0	w a p a		None
26	dog	Marubo	wapa	wapa	w a p a	164	0	w a p a		None
27	dog	Katukina	kaman	kaman	k a m a n	261	0	k a m a n		None
28	dog	Shipibo_Konibo	utʃiti	utʃiti	u tʃ i t i	270	0	u tʃ i t i		None
29	dog	Kapanawa	utʃiti	utʃiti	u tʃ i t i	270	0	u tʃ i t i		None
30	dog	Arara	kamã	kamã	k a m ã	261	0	k a m ã -		None
31	dog	Shanenawa	kaman	kaman	k a m a n	261	0	k a m a n		None
32	dog	Yawanawa	kaman	kaman	k a m a n	261	0	k a m a n		None
33	dog	Nukini	tapainu	tapainu	t a p a + i n u	262	4 11	t a - p a + i n u		None
34	dog	Poyanawa	utʃiti	utʃiti	u tʃ i t i	270	0	u tʃ i t i		None
35	dog	Iskonawa	piɾu	piɾu	p i ɾ u	269	0	p i ɾ u		None
36	dog	Chakobo	inaka	inaka	i n a k a	268	0	i n a k a		None
37	dog	Kakataibo	kamon	kamon	k a m o n	261	0	k a m o n		None
38	dog	Kaxarari	tʃaʂpa	tʃaʂpa	tʃ a ʂ p a	8	0	tʃ a ʂ p a - - - -		None
39	dog	Mastanawa	paʂda	paʂda	p a ʂ d a	263	0	p a ʂ d a		None
40	dog	Chaninawa	kama	kama	k a m a n	261	0	k a m a n		None
41	dog	Sharanawa	paʂda	paʂda	p a ʂ d a	263	0	p a ʂ d a		None
42	dog	Amawaka	indu	indu	i nd u	265	13	i nd u		None
43	dog	Nawa	paʂda	paʂda	p a ʂ d a	263	0	p a ʂ d a		None
44	dog	Marinawa	ka:ma	ka:ma	k aː m a	261	0	k aː m a -		None
45	dog	Yaminawa	paʂta	paʂta	p a ʂ d a	263	0	p a ʂ d a		None
46	dog	Kashinawa_P	kama	kama	k a m a	261	0	k a m a -		None
47	dog	Kashinawa_B	kamã	kamã	k a m ã	261	0	k a m ã -		None
48	bird	Matses	wiktʂu	wiktʂu	w i k ʈʂ u n	84	0	w i k ʈʂ u n		None
49	bird	Matis	tʃididiʃ	tʃididiʃ	tʃ i d i d i ʃ	85	0	tʃ i d i d i ʃ		None
50	bird	Marubo	ʃai	ʃai	ʃ a i	16	0	ʃ a i		None
51	bird	Shipibo_Konibo	isa	isa	i s a	77	0	- i s a - -		None
52	bird	Kapanawa	isa	isa	i s a	77	0	- i s a - -		None
53	bird	Arara	duĩda	duĩda	d u + i nd a	78	0	d u + i nd a		None
54	bird	Shanenawa	juina	juina	j u + i n a	78	0	j u + i n a		None
55	bird	Yawanawa	juina	juina	j u + i n a	78	0	j u + i n a		None
56	bird	Nukini	pãri	pãri	p ã r i	83	0	p ã r i		None
57	bird	Poyanawa	puya	puya	p ɨ n + j a	76	0	p ɨ n ( + ) j a		None
58	bird	Iskonawa	piɾiʃika	piɾiʃika	p i ɾ i ʃ i k a	1557	0	p i ɾ i ʃ i k a		None
59	bird	Chakobo	isaka	isaka	i s a k a	77	0	- i s a k a		None
60	bird	Pakawara	isku	isku	i s k u	82	0	i s k u		None
61	bird	Kakataibo	ʔisa	?isa	ʔ i s a	77	0	ʔ i s a - -		None
62	bird	Kaxarari	ʂuipiatu	ʂuipiatu	ʂ u i p i a t u	86	0	ʂ u i p i a t u		None
63	bird	Mastanawa	pɨja	pɨja	p ɨ n + j a	76	0	p ɨ n ( + ) j a		None
64	bird	Chaninawa	pɨija	pɨija	p ɨ n + j a	76	0	p ɨ n ( + ) j a		None
65	bird	Sharanawa	pɨija	pɨija	p ɨ n + j a	76	0	p ɨ n ( + ) j a		None
66	bird	Sharanawa	t͡sit͡sipiu	t͡sit͡sipiu	ts i ts i p i u	79	0	ts i ts i p i u		None
67	bird	Amawaka	pɨnja	pɨnja	p ɨ n + j a	76	0	p ɨ n ( + ) j a		None
68	bird	Nawa	pɨja	pɨja	p ɨ n + j a	76	0	p ɨ n ( + ) j a		None
69	bird	Marinawa	pɨ:ja	pɨ:ja	p ɨ n + j a	76	0	p ɨ n ( + ) j a		None
70	bird	Marinawa	tsi:tsipju	tsi:tsipju	ts i ts i p i u	79	0	ts i ts i p i u		None
71	bird	Yaminawa	pɨja	pɨja	p ɨ n + j a	76	0	p ɨ n ( + ) j a		None
72	bird	Kashinawa_P	isa	isa	i s a	77	0	- i s a - -		None
73	bird	Kashinawa_B	isa	isa	i s a	77	0	- i s a - -		None
74	snake	Matses	nisi	nisi	n i s i	1115	0	n i s i		None
75	snake	Matis	dunu	dunu	d u n u	1110	0	d u n u		None
76	snake	Marubo	runu	runu	r u n u	1110	0	r u n u		None
77	snake	Katukina	runu	runu	r u n u	1110	0	r u n u		None
78	snake	Shipibo_Konibo	runu	runu	r u n u	1110	0	r u n u		None
79	snake	Kapanawa	runu	runu	r u n u	1110	0	r u n u		None
80	snake	Arara	rundu	rundu	r u nd u	1110	0	r u nd u		None
81	snake	Shanenawa	runu	runu	r u n u	1110	0	r u n u		None
82	snake	Yawanawa	runu	runu	r u n u	1110	0	r u n u		None
83	snake	Nukini	βĩwã	βĩwã	β ĩ w ã	1114	0	β ĩ w ã		None
84	snake	Poyanawa	inãhãkara	inãhãkara	i n ã h ã k a r a	1113	0	i n ã h ã k a r a		None
85	snake	Poyanawa	rũdu	rũdu	r u nd u	1110	0	r u nd u		None
86	snake	Iskonawa	hɨamiʦa	hɨamiʦa	h ɨ a m i ts a	1116	0	h ɨ a m i ts a		None
87	snake	Iskonawa	nasaβaj	nasasaβaj	n a s a β a i	1112	0	n a s a β a i		None
88	snake	Chakobo	runu	runu	r u n u	1110	0	r u n u		None
89	snake	Kakataibo	runu	runu	r u n u	1110	0	r u n u		None
90	snake	Kaxarari	tʃulu	tʃulu	tʃ u l u	1110	0	tʃ u l u		None
91	snake	Mastanawa	ɾudu	ɾudu	ɾ u d u	1110	0	ɾ u d u		None
92	snake	Chaninawa	ɾudu	ɾudu	ɾ u nd u	1110	0	ɾ u nd u		None
93	snake	Sharanawa	ɾudu	ɾudu	ɾ u d u	1110	0	ɾ u d u		None
94	snake	Amawaka	ɾundu	ɾundu	ɾ u nd u	1110	0	ɾ u nd u		None
95	snake	Nawa	ɾudu	ɾudu	ɾ u d u	1110	0	ɾ u d u		None
96	snake	Marinawa	ɾundu	ɾundu	ɾ u nd u	1110	0	ɾ u nd u		None
97	snake	Yaminawa	ɾudu	ɾudu	ɾ u d u	1110	0	ɾ u d u		None
98	snake	Kashinawa_P	dunu	dunu	d u n u	1110	0	d u n u		None
99	snake	Kashinawa_B	dunu	dunu	d u n u	1110	0	d u n u		None
100	fish [noun]	Matses	nuɨkkid	nuɨkkid	n u ɨ + k i d	418	64	n u ɨ + k i d		None
101	fish [noun]	Matis	tʃapa	tʃapa	tʃ a p a	1637	0	tʃ a p a		None
102	fish [noun]	Marubo	japa	japa	j a p a	357	0	j a p a		None
103	fish [noun]	Katukina	tsatsa	tsatsa	ts a ts a	416	0	ts a ts a		None
104	fish [noun]	Shipibo_Konibo	yapa	yapa	j a p a	357	0	j a p a		None
105	fish [noun]	Kapanawa	yapa	yapa	j a p a	357	0	j a p a		None
106	fish [noun]	Arara	jumba	jumba	j u mb a	412	0	j u mb a		None
107	fish [noun]	Shanenawa	iʂkin	iʂkin	i ʂ k i n	421	0	i ʂ k i n		None
108	fish [noun]	Yawanawa	juma	juma	j u m a	412	0	j u m a		None
109	fish [noun]	Nukini	naʂtu	naʂtu	n a ʂ t u	419	0	n a ʂ t u		None
110	fish [noun]	Nukini	kawa	kawa	k a w a	415	0	↓k/w a ↓w/k a		None
111	fish [noun]	Poyanawa	jumã	jumã	j u m ã	412	0	j u m ã		None
112	fish [noun]	Iskonawa	juma	juma	j u m a	412	0	j u m a		None
113	fish [noun]	Chakobo	yapa	yapa	j a p a	357	0	j a p a		None
114	fish [noun]	Pakawara	saninu	saninu	s a n i + n u	420	0	s a n i + n u		None
115	fish [noun]	Kakataibo	tsatsa	ɲapa	ts a ts a	1627	0	ts a ts a		None
116	fish [noun]	Kaxarari	mailu	mailu	m a j l u	417	0	m a i l u		None
117	fish [noun]	Mastanawa	ʃima	ʃima	ʃ i m a	413	0	ʃ i m a		None
118	fish [noun]	Chaninawa	ʃima	ʃima	ʃ i m a	413	0	ʃ i m a		None
119	fish [noun]	Chaninawa	βaka	βaka	β a k a	415	0	β a k a		None
120	fish [noun]	Sharanawa	ʃima	ʃima	ʃ i m a	413	0	ʃ i m a		None
121	fish [noun]	Amawaka	jumba	jumba	j u mb a	412	0	j u mb a		None
122	fish [noun]	Nawa	ʃima	ʃima	ʃ i m a	413	0	ʃ i m a		None
123	fish [noun]	Marinawa	ʃima	ʃima	ʃ i m a	413	0	ʃ i m a		None
124	fish [noun]	Yaminawa	huwɨ	huwɨ	h u w ɨ	422	0	h u w ɨ		None
125	fish [noun]	Kashinawa_P	βaka	βaka	β a k a	415	0	β a k a		None
126	fish [noun]	Kashinawa_B	βaka	βaka	β a k a	415	0	β a k a		None
127	louse	Matses	matiʃ	matiʃ	m a t i ʃ	727	0	m a t i ʃ		None
128	louse	Matis	tʃa	tʃa	tʃ a	726	0	tʃ a		None
129	louse	Marubo	ja	ja	j a	724	0	- - j a		None
130	louse	Katukina	ia	ia	i a	724	0	- i - a		None
131	louse	Shipibo_Konibo	ia	ia	i a	724	0	- i - a		None
132	louse	Kapanawa	ia	ia	i a	724	0	- i - a		None
133	louse	Arara	ia	ia	i a	724	0	- i - a		None
134	louse	Shanenawa	ia	ia	i a	724	0	- i - a		None
135	louse	Yawanawa	ia	ia	i a	724	0	- i - a		None
136	louse	Nukini	ia	ia	i a	724	0	- i - a		None
137	louse	Poyanawa	ia	ia	i a	724	0	- i - a		None
138	louse	Iskonawa	ia	ia	i a	724	0	- i - a		None
139	louse	Chakobo	ia	ia	i a	724	0	- i - a		None
140	louse	Pakawara	ia	ia	i a	724	0	- i - a		None
141	louse	Kakataibo	ʔia	?ia	ʔ i a	724	0	ʔ i - a		None
142	louse	Kaxarari	iya	iya	i j a	724	0	- i j a		None
143	louse	Mastanawa	ija	ija	i j a	724	0	- i j a		None
144	louse	Chaninawa	ija	ija	i j a	724	0	- i j a		None
145	louse	Sharanawa	i:a	i:a	i j a	724	0	- i j a		None
146	louse	Amawaka	inja	inja	i j a	724	0	- i j a		None
147	louse	Nawa	ija	ija	i j a	724	0	- i j a		None
148	louse	Marinawa	ija	ija	i j a	724	0	- i j a		None
149	louse	Yaminawa	ija	ija	i j a	724	0	- i j a		None
150	louse	Kashinawa_P	ia	ia	i a	724	0	- i - a		None
151	louse	Kashinawa_B	ia	ia	i a	724	0	- i - a		None
152	worm (i.e. earthworm)	Matses	nuen	nuen	n u e n	1519	0	n u - - e n		None
153	worm (i.e. earthworm)	Matis	nuen	nuen	n u e n	1519	0	n u - - e n		None
154	worm (i.e. earthworm)	Marubo	nuin	nuin	n u i n	1519	0	n u - - i n		None
155	worm (i.e. earthworm)	Katukina	noin	noin	n o i n	1519	0	n o - - i n		None
156	worm (i.e. earthworm)	Shipibo_Konibo	nuin	nuin	n u i n	1519	0	n u - - i n		None
157	worm (i.e. earthworm)	Kapanawa	nuin	nuin	n u i n	1519	0	n u - - i n		None
158	worm (i.e. earthworm)	Arara	nũĩ	nũĩ	n ũ ĩ	1519	0	n ũ - - ĩ -		None
159	worm (i.e. earthworm)	Shanenawa	nuin	nuin	n u i n	1519	0	n u - - i n		None
160	worm (i.e. earthworm)	Yawanawa	nuwĩ	nuwĩ	n u w ĩ	1519	0	n u - w ĩ -		None
161	worm (i.e. earthworm)	Nukini	nũĩ	nũĩ	n ũ ĩ	1519	0	n ũ - - ĩ -		None
162	worm (i.e. earthworm)	Poyanawa	nũĩ	nũĩ	n ũ ĩ	1519	0	n ũ - - ĩ -		None
163	worm (i.e. earthworm)	Iskonawa	nũĩ	nũĩ	n ũ ĩ	1519	0	n ũ - - ĩ -		None
164	worm (i.e. earthworm)	Chakobo	nũĩ	nũĩ	n ũ ĩ	1519	0	n ũ - - ĩ -		None
165	worm (i.e. earthworm)	Pakawara	nuin	nuin	n u i n	1519	0	n u - - i n		None
166	worm (i.e. earthworm)	Kakataibo	nuin	nuin	n u i n	1519	0	n u - - i n		None
167	worm (i.e. earthworm)	Kaxarari	nuli	nuli	n u i l	1519	0	n u - - !l/i !i/l		None
168	worm (i.e. earthworm)	Mastanawa	nũĩ	nũĩ	n ũ ĩ	1519	0	n ũ - - ĩ -		None
169	worm (i.e. earthworm)	Chaninawa	nũĩ	nũĩ	n ũ ĩ	1519	0	n ũ - - ĩ -		None
170	worm (i.e. earthworm)	Sharanawa	nũĩ	nũĩ	n ũ ĩ	1519	0	n ũ - - ĩ -		None
171	worm (i.e. earthworm)	Amawaka	nuʔin	nuʔin	n u ʔ i n	1519	0	n u ʔ - i n		None
172	worm (i.e. earthworm)	Nawa	nuwi	nuwi	n u w i	1519	0	n u - w i -		None
173	worm (i.e. earthworm)	Marinawa	unwɨ	unwɨ	n u w ɨ	1519	32	!u/n !n/u - w ɨ -		None
174	worm (i.e. earthworm)	Yaminawa	nũmi	nũmi	n ũ m i	1519	0	n ũ - m i -		None
175	worm (i.e. earthworm)	Kashinawa_P	nuin	nuin	n u i n	1519	0	n u - - i n		None
176	worm (i.e. earthworm)	Kashinawa_B	nuin	nuin	n u i n	1519	0	n u - - i n		None
177	grass	Matses	wasin	wasin	w a s i n	508	0	- w a s i n		None
178	grass	Matis	wesin	wesin	w e s i n	508	0	- w e s i n		None
179	grass	Marubo	wasi	wasi	w a s i	508	0	- w a s i -		None
180	grass	Shipibo_Konibo	wasi	wasi	w a s i	508	0	- w a s i -		None
181	grass	Kapanawa	wasi	wasi	w a s i	508	0	- w a s i -		None
182	grass	Shanenawa	wasi	wasi	w a s i	508	0	- w a s i -		None
183	grass	Iskonawa	wãsi	wãsi	w ã s i	508	0	- w ã s i -		None
184	grass	Chakobo	wasi	wasi	w a s i	508	0	- w a s i -		None
185	grass	Pakawara	tsiki	tsiki	ts i k i	510	0	ts i k i		None
186	grass	Kakataibo	ʂuβi	ʂuβi	ʂ u β i	512	0	ʂ u β i		None
187	grass	Kaxarari	wasai	wasai	w a s a	508	0	- w a s a -		None
188	grass	Mastanawa	ɸasi	ɸasi	ɸ a s i	508	0	ɸ - a s i -		None
189	grass	Chaninawa	ɸasi	ɸasi	ɸ a s i	508	0	ɸ - a s i -		None
190	grass	Sharanawa	ɸasi	ɸasi	ɸ a s i	508	0	ɸ - a s i -		None
191	grass	Amawaka	wasi	wasi	w a s i	508	0	- w a s i -		None
192	grass	Nawa	ɸasi	ɸasi	ɸ a s i	508	0	ɸ - a s i -		None
193	grass	Marinawa	ʧaka	ʧaka	tʃ a k a	511	0	tʃ a k a		None
194	grass	Yaminawa	ɸasi	ɸasi	ɸ a s i	508	0	ɸ - a s i -		None
195	grass	Kashinawa_P	asi	asi	a s i	508	0	- - a s i -		None
196	tree	Matses	kuɨte	kuɨte	kʷ ɨ t e	1341	49	k u ɨ t e		None
197	tree	Matis	iwi	iwi	i w i	423	69 68	- i w i		None
198	tree	Marubo	iwi	iwi	i w i	423	69 68	- i w i		None
199	tree	Katukina	hiwi	hiwi	h i w i	423	69 68	h i w i		None
200	tree	Kanamari	hiwi	hiwi	h i w i	423	69 68	h i w i		None
201	tree	Shipibo_Konibo	hiwi	hiwi	h i w i	423	69 68	h i w i		None
202	tree	Kapanawa	hiwi	hiwi	h i w i	423	69 68	h i w i		None
203	tree	Arara	iwi	iwi	i w i	423	69	- i w i		None
204	tree	Shanenawa	iwi	iwi	i w i	423	69 68	- i w i		None
205	tree	Yawanawa	iwi	iwi	i w i	423	69 68	- i w i		None
206	tree	Nukini	iwi	iwi	i w i	423	69 68	- i w i		None
207	tree	Poyanawa	iwi	iwi	i w i	423	69 68	- i w i		None
208	tree	Iskonawa	iβi	iβi	i β i	423	69 68	- i β i		None
209	tree	Chakobo	hiwi	hiwi	h i w i	423	69	h i w i		None
210	tree	Pakawara	hiwi	hiwi	h i w i	423	53	h i w i		None
211	tree	Kakataibo	i	i	i	423	69	- i - -		None
212	tree	Kaxarari	hiwi	hiwi	h i w i	423	69 68	h i w i		None
213	tree	Mastanawa	di	di	d i	1338	50	d i		None
214	tree	Chaninawa	di:	di:	d iː	1338	50	d iː		None
215	tree	Sharanawa	iwi	iwi	i w i	423	69 68	- i w i		None
216	tree	Amawaka	wimbi	wimbi	h iː	423	62	h iː - -		None
217	tree	Nawa	di:	di:	d iː	1338	50	d iː		None
218	tree	Marinawa	di	di	d i	1338	50	d i		None
219	tree	Yaminawa	ibi	ibi	i β i	423	69 68	- i β i		None
220	tree	Kashinawa_P	hi	hi	h i	423	69	h i - -		None
221	tree	Kashinawa_P	ni	ni	n i	1338	38	n i		None
222	tree	Kashinawa_B	ni	ni	n i	1338	38	n i		None
223	father	Matses	papa	papa	p a p a	273	0	p a p a		None
224	father	Matis	mama	mama	m a m a	364	0	m a m a		None
225	father	Marubo	papa	papa	p a p a	273	0	p a p a		None
226	father	Katukina	papa	papa	p a p a	273	0	p a p a		None
227	father	Shipibo_Konibo	papa	papa	p a p a	273	0	p a p a		None
228	father	Kapanawa	papa	papa	p a p a	273	0	p a p a		None
229	father	Arara	ɨpa	ɨpa	ɨ p a	360	0	ɨ p a		None
230	father	Shanenawa	ɨpa	ɨpa	ɨ p a	360	0	ɨ p a		None
231	father	Yawanawa	ɨpa	ɨpa	ɨ p a	360	0	ɨ p a		None
232	father	Poyanawa	ɨpa	ɨpa	ɨ p a	360	0	ɨ p a		None
233	father	Iskonawa	ɨpa	ɨpa	ɨ p a	360	0	ɨ p a		None
234	father	Chakobo	papa	papa	p a p a	273	0	p a p a		None
235	father	Chakobo	ɨpa	ɨpa	ɨ p a	360	0	ɨ p a		None
236	father	Pakawara	ɨpa	ɨpa	ɨ p a	360	0	ɨ p a		None
237	father	Kakataibo	papa	papa	p a p a	273	0	p a p a		None
238	father	Kaxarari	ɨpa	ɨpa	ɨ p a	360	0	ɨ p a		None
239	father	Mastanawa	ɨpa	ɨpa	ɨ p a	360	0	ɨ p a		None
240	father	Chaninawa	ɨpa	ɨpa	ɨ p a	360	0	ɨ p a		None
241	father	Sharanawa	ɨpa	ɨpa	ɨ p a	360	0	ɨ p a		None
242	father	Amawaka	ɨpa	ɨpa	ɨ p a	360	0	ɨ p a		None
243	father	Nawa	ɨpa	ɨpa	ɨ p a	360	0	ɨ p a		None
244	father	Marinawa	ɨpa	ɨpa	ɨ p a	360	0	ɨ p a		None
245	father	Marinawa	iɸu	iɸu	i ɸ u	363	0	i ɸ u		None
246	father	Yaminawa	ɨpa	ɨpa	ɨ p a	360	0	ɨ p a		None
247	father	Kashinawa_P	ɨpa	ɨpa	ɨ p a	360	0	ɨ p a		None
248	father	Kashinawa_B	ɨpa	ɨpa	ɨ p a	360	0	ɨ p a		None
249	mother	Matses	tita	tita	t i t a	750	0	t i t a - - - -		None
250	mother	Matis	tita ani	tita ani	t i t a + a n i	750	0	t i t a + a n i		None
251	mother	Marubo	ɨwa	ɨwa	ɨ w a	749	0	ɨ w a		None
252	mother	Katukina	ɨwa	ewa	ɨ w a	749	0	ɨ w a		None
253	mother	Shipibo_Konibo	tita	tita	t i t a	750	0	t i t a - - - -		None
254	mother	Kapanawa	mama	mama	m a m a	754	0	m a m a		None
255	mother	Arara	ɨwa	ɨwa	ɨ w a	749	0	ɨ w a		None
256	mother	Shanenawa	ɨwa	ɨwa	ɨ w a	749	0	ɨ w a		None
257	mother	Yawanawa	ɨwa	ɨwa	ɨ w a	749	0	ɨ w a		None
258	mother	Poyanawa	ɨwa	ɨwa	ɨ w a	749	0	ɨ w a		None
259	mother	Iskonawa	ɨwa	ɨwa	ɨ w a	749	0	ɨ w a		None
260	mother	Chakobo	haʔiwa	ha?iwa	i w a	749	0	i w a		None
261	mother	Pakawara	kai	kai	k a j	753	0	k a i		None
262	mother	Kakataibo	tita	tita	t i t a	750	0	t i t a - - - -		None
263	mother	Kaxarari	ɨwa	ɨwa	ɨ w a	749	0	ɨ w a		None
264	mother	Mastanawa	ɨwa	ɨwa	ɨ w a	749	0	ɨ w a		None
265	mother	Chaninawa	ɨwa	ɨwa	ɨ w a	749	0	ɨ w a		None
266	mother	Sharanawa	ɨwa	ɨwa	ɨ w a	749	0	ɨ w a		None
267	mother	Amawaka	ɨwa	ɨwa	ɨ w a	749	0	ɨ w a		None
268	mother	Nawa	ɨwa	ɨwa	ɨ w a	749	0	ɨ w a		None
269	mother	Marinawa	ɨwa	ɨwa	ɨ w a	749	0	ɨ w a		None
270	mother	Yaminawa	ɨwa	ɨwa	ɨ w a	749	0	ɨ w a		None
271	mother	Kashinawa_P	ɨwa	ɨwa	ɨ w a	749	0	ɨ w a		None
272	mother	Kashinawa_B	ɨwa	ɨwa	ɨ w a	749	0	ɨ w a		None
273	husband	Matses	βɨnɨ	βɨnɨ	β ɨ n ɨ	634	0	- - - - β ɨ n ɨ		None
274	husband	Matis	βɨnɨ	βɨnɨ	β ɨ n ɨ	634	0	- - - - β ɨ n ɨ		None
275	husband	Marubo	βɨnɨ	βɨnɨ	β ɨ n ɨ	634	0	- - - - β ɨ n ɨ		None
276	husband	Katukina	βuni	βuni	β u n i	634	0	- - - - β u n i		None
277	husband	Shipibo_Konibo	βɨnɨ	βɨnɨ	β ɨ n ɨ	634	2	- - - - β ɨ n ɨ		None
278	husband	Kapanawa	βɨnɨ	βɨnɨ	β ɨ n ɨ	634	0	- - - - β ɨ n ɨ		None
279	husband	Shanenawa	ɸɨnɨ	ɸɨnɨ	ɸ ɨ n ɨ	634	0	- - - - ɸ ɨ n ɨ		None
280	husband	Yawanawa	βɨnɨ	βɨnɨ	β ɨ n ɨ	634	0	- - - - β ɨ n ɨ		None
281	husband	Nukini	βɨnɨ	βɨnɨ	β ɨ n ɨ	634	0	- - - - β ɨ n ɨ		None
282	husband	Poyanawa	βɨdɨ	βɨdɨ	β ɨ d ɨ	634	0	- - - - β ɨ d ɨ		None
283	husband	Iskonawa	βɨnɨ	βɨnɨ	β ɨ n ɨ	634	0	- - - - β ɨ n ɨ		None
284	husband	Chakobo	βɨnɨ	βɨnɨ	β ɨ n ɨ	634	0	- - - - β ɨ n ɨ		None
285	husband	Pakawara	wɨnɨ	wɨnɨ	w ɨ n ɨ	634	0	- - - - w ɨ n ɨ		None
286	husband	Kakataibo	βɨnɨ	βɨnɨ	β ɨ n ɨ	634	0	- - - - β ɨ n ɨ		None
287	husband	Kaxarari	wɨnɨ	wɨnɨ	w ɨ n ɨ	634	0	- - - - w ɨ n ɨ		None
288	husband	Mastanawa	ɨnhuɨdɨ	ɨnhuɨdɨ	ɨ n w ɨ d ɨ	634	0	- - ɨ n w ɨ d ɨ		None
289	husband	Chaninawa	dukuɸɨdɨ	dukuɸɨdɨ	d u k u ɸ ɨ d ɨ	634	0	d u k u ɸ ɨ d ɨ		None
290	husband	Chaninawa	ɨwɨɸɨdɨ	ɨwɨɸɨdɨ	ɨ w ɨ ɸ ɨ d ɨ	634	0	- ɨ w ɨ ɸ ɨ d ɨ		None
291	husband	Sharanawa	ɸɨdɨ	ɸɨdɨ	ɸ ɨ d ɨ	634	0	- - - - ɸ ɨ d ɨ		None
292	husband	Amawaka	wɨndɨ	wɨndɨ	w ɨ nd ɨ	634	0	- - - - w ɨ nd ɨ		None
293	husband	Nawa	ɸɨdɨ	ɸɨdɨ	ɸ ɨ d ɨ	634	0	- - - - ɸ ɨ d ɨ		None
294	husband	Marinawa	ɸɨndi	ɸɨndi	ɸ ɨ nd i	634	0	- - - - ɸ ɨ nd i		None
295	husband	Yaminawa	wɨdɨ	wɨdɨ	w ɨ d ɨ	634	0	- - - - w ɨ d ɨ		None
296	husband	Kashinawa_P	βɨni	βɨni	β ɨ n i	634	0	- - - - β ɨ n i		None
297	husband	Kashinawa_B	βɨnɨ	βɨnɨ	β ɨ n ɨ	634	0	- - - - β ɨ n ɨ		None
298	wife	Matses	tʃido	tʃido	tʃ i d o	1466	0	tʃ i d o		None
299	wife	Matis	awin	awin	a w i n	1460	0	- a w i - - - - - n -		None
300	wife	Marubo	ain	ain	a i n	1460	0	- a - i - - - - - n -		None
301	wife	Katukina	ain	ain	a i n	1460	0	- a - i - - - - - n -		None
302	wife	Shipibo_Konibo	awin	awin	a w i n	1460	0	- a w i - - - - - n -		None
303	wife	Kapanawa	awin	awin	a w i n	1460	0	- a w i - - - - - n -		None
304	wife	Kapanawa	ainβu	ainβu	a i n + β u	1460	0	- a - i n + β - u - -		None
305	wife	Arara	amĩ	amĩ	a m ĩ	1460	0	- a - - - - - m ĩ - -		None
306	wife	Shanenawa	awin	awin	a w i n	1460	0	- a w i - - - - - n -		None
307	wife	Yawanawa	awin	awin	a w i n	1460	0	- a w i - - - - - n -		None
308	wife	Poyanawa	awĩ	awĩ	a w ĩ	1460	0	- a w ĩ - - - - - - -		None
309	wife	Iskonawa	awĩ	awĩ	a w ĩ	1460	0	- a w ĩ - - - - - - -		None
310	wife	Chakobo	awini	awini	a w i n i	1460	0	- a w i n i - - - - -		None
311	wife	Pakawara	ʔawini	?awini	ʔ a w i n i	1460	0	ʔ a w i - n i - - - -		None
312	wife	Kakataibo	ʂano	ʂano	ʂ a n o	1469	0	ʂ a n o		None
313	wife	Kaxarari	ɨitahi	ɨitahi	ɨ i t a h i	1467	0	ɨ i t a h i		None
314	wife	Mastanawa	ɨnwɨami	ɨnwɨami	ɨ w ɨ n + a m i	1460	0	- ɨ w ɨ n + a m i - -		None
315	wife	Chaninawa	ɨwɨami	ɨwɨami	ɨ w ɨ + a m i n	1460	0	- ɨ w ɨ - - + a m i n		None
316	wife	Chaninawa	ɨwɨaβi	ɨwɨaβi	ɨ w ɨ + a β i n	1460	0	- ɨ w ɨ - - + a β i n		None
317	wife	Sharanawa	awin	awin	a w i n	1460	0	- a w i - - - - - n -		None
318	wife	Amawaka	ain	ain	a i n	1460	0	- a - i - - - - - n -		None
319	wife	Nawa	a:mi	a:mi	aː m i	1460	0	- aː - - - - - m i - -		None
320	wife	Marinawa	ami	ami	a m i	1460	0	- a - - - - - m i - -		None
321	wife	Marinawa	pandu	pandu	p a ⁿd u	1464	0	p a ⁿd u		None
322	wife	Yaminawa	awĩ	awĩ	a w ĩ	1460	0	- a w ĩ - - - - - - -		None
323	wife	Kashinawa_P	ajʔ	ajʔ	a j ʔ	1468	0	a j ʔ		None
324	wife	Kashinawa_B	aĩ	aĩ	a ĩ	1460	0	- a - ĩ - - - - - - -		None
325	person (human)	Matses	matses	matses	m a ts e s	858	0	m a ts e s		None
326	person (human)	Matis	matses	matses	m a ts e s	858	0	m a ts e s		None
327	person (human)	Marubo	jura	jura	j u r a	855	0	j u r a		None
328	person (human)	Shipibo_Konibo	huni	huni	h u n i	856	0	( - - - - - ) h u n i		None
329	person (human)	Kapanawa	huni	huni	h u n i	856	0	( - - - - - ) h u n i		None
330	person (human)	Arara	jura	jura	j u r a	855	0	j u r a		None
331	person (human)	Shanenawa	jura	jura	j u r a	855	0	j u r a		None
332	person (human)	Yawanawa	jura	jura	j u r a	855	0	j u r a		None
333	person (human)	Nukini	nukuni	nukuni	n u k u + u n i	856	0	( n u k u + ) - u n i		None
334	person (human)	Poyanawa	undi	undi	u nd i	856	0	( - - - - - ) - u nd i		None
335	person (human)	Iskonawa	uni	uni	u n i	856	0	( - - - - - ) - u n i		None
336	person (human)	Chakobo	nuʔiria	nu?iria	n u ʔ i r i a	807	0	n u ʔ i r i a		None
337	person (human)	Pakawara	huni	huni	h u n i	856	0	( - - - - - ) h u n i		None
338	person (human)	Kakataibo	uni	uni	u n i	856	0	( - - - - - ) - u n i		None
339	person (human)	Kaxarari	huni	huni	h u n i	856	0	( - - - - - ) h u n i		None
340	person (human)	Mastanawa	juɾa	juɾa	j u ɾ a	855	0	j u ɾ a		None
341	person (human)	Chaninawa	ju:ɾa	ju:ɾa	j uː ɾ a	855	0	j uː ɾ a		None
342	person (human)	Sharanawa	juɾa	juɾa	j u ɾ a	855	0	j u ɾ a		None
343	person (human)	Amawaka	juɾa	juɾa	j u ɾ a	855	0	j u ɾ a		None
344	person (human)	Nawa	ju:ɾa	ju:ɾa	j uː ɾ a	855	0	j uː ɾ a		None
345	person (human)	Marinawa	juɾa	juɾa	j u ɾ a	855	0	j u ɾ a		None
346	person (human)	Yaminawa	juɾa	juɾa	j u ɾ a	855	0	j u ɾ a		None
347	person (human)	Kashinawa_P	huni	huni	h u n i	856	0	( - - - - - ) h u n i		None
348	person (human)	Kashinawa_B	yuda	yuda	j u d a	855	0	j u d a		None
349	name	Matses	kuɨmɨdaid	kuɨmɨdaid	kʷ ɨ + m ɨ + d a i d	774	0	kʷ ɨ + m ɨ + d a i d		None
350	name	Matis	anɨ	anɨ	a n ɨ	771	0	- a - n ɨ		None
351	name	Marubo	anɨ	anɨ	a n ɨ	771	0	- a - n ɨ		None
352	name	Shipibo_Konibo	hanɨ	hanɨ	h a n ɨ	771	0	h a - n ɨ		None
353	name	Kapanawa	hanɨ	hanɨ	h a n ɨ	771	0	h a - n ɨ		None
354	name	Arara	aɨndɨ	aɨndɨ	a ɨ nd ɨ	771	0	- a ɨ nd ɨ		None
355	name	Shanenawa	anɨ	anɨ	a n ɨ	771	0	- a - n ɨ		None
356	name	Yawanawa	anɨ	anɨ	a n ɨ	771	0	- a - n ɨ		None
357	name	Poyanawa	andɨ	andɨ	a nd ɨ	771	0	- a - nd ɨ		None
358	name	Iskonawa	anɨ	anɨ	a n ɨ	771	0	- a - n ɨ		None
359	name	Chakobo	hanɨ	hanɨ	h a n ɨ	771	0	h a - n ɨ		None
360	name	Kakataibo	anɨ	anɨ	a n ɨ	771	0	- a - n ɨ		None
361	name	Kaxarari	halɨ	halɨ	h a l ɨ	771	0	h a - l ɨ		None
362	name	Mastanawa	adɨ	adɨ	a d ɨ	771	0	- a - d ɨ		None
363	name	Chaninawa	adɨ	adɨ	a d ɨ	771	0	- a - d ɨ		None
364	name	Sharanawa	adɨ	adɨ	a d ɨ	771	0	- a - d ɨ		None
365	name	Amawaka	handɨ	handɨ	h a nd ɨ	771	0	h a - nd ɨ		None
366	name	Nawa	adɨ	adɨ	a d ɨ	771	0	- a - d ɨ		None
367	name	Marinawa	andɨ	andɨ	a nd ɨ	771	0	- a - nd ɨ		None
368	name	Yaminawa	adɨ	adɨ	a d ɨ	771	0	- a - d ɨ		None
369	name	Kashinawa_P	kɨna	kɨna	k ɨ n a	773	0	k ɨ n a		None
370	name	Kashinawa_B	kɨna	kɨna	k ɨ n a	773	0	k ɨ n a		None
371	man [male]	Matses	dada	dada	d a d a	730	0	d a d a		None
372	man [male]	Matis	dada	dada	d a d a	730	0	d a d a		None
373	man [male]	Marubo	βɨnɨ	βɨnɨ	β ɨ n ɨ	734	0	( - - - - - ) β ɨ n ɨ ( - - - - - )		None
374	man [male]	Katukina	huni	huni	h u n i	728	0	( - - - - - ) h u - n i		None
375	man [male]	Kanamari	huni	huni	h u n i	728	0	( - - - - - ) h u - n i		None
376	man [male]	Shipibo_Konibo	βɨmβu	βɨmβu	β ɨ n + β u	703	1	β ɨ n + β u		None
377	man [male]	Kapanawa	βɨβu	βɨβu	β ɨ + β u	703	0	β ɨ - + β u		None
378	man [male]	Arara	dokohwandi	dokohwandi	d o k o + h u a nd i	728	0	( d o k o + ) h u a nd i		None
379	man [male]	Shanenawa	nukuhunɨ	nukuhunɨ	n u k u + h u n ɨ	728	0	( n u k u + ) h u - n ɨ		None
380	man [male]	Yawanawa	nukɨβɨnɨ	nukɨβɨnɨ	n u k ɨ + β ɨ n ɨ	734	0	( n u k ɨ + ) β ɨ n ɨ ( - - - - - )		None
381	man [male]	Nukini	iraβu	iraβu	i r a + β u	731	0	i r a + β u		None
382	man [male]	Poyanawa	iraβu	iraβu	i r a + β u	731	0	i r a + β u		None
383	man [male]	Iskonawa	iɾaβu	iɾaβu	i ɾ a + β u	731	0	i ɾ a + β u		None
384	man [male]	Chakobo	huni	huni	h u n i	728	0	( - - - - - ) h u - n i		None
385	man [male]	Pakawara	huni	huni	h u n i	728	0	( - - - - - ) h u - n i		None
386	man [male]	Kakataibo	βɨnɨ	βɨnɨ	β ɨ n ɨ	734	0	( - - - - - ) β ɨ n ɨ ( - - - - - )		None
387	man [male]	Kaxarari	wãpɨ	wãpɨ	w ã p ɨ	732	0	w ã p ɨ		None
388	man [male]	Kaxarari	βiki	βiki	β i k i	692	0	β i k i		None
389	man [male]	Mastanawa	duʔuhɨdi	duʔuhɨdi	d u ʔ u + ɸ ɨ d i	734	0	( d u ʔ u + ) ɸ ɨ d i ( - - - - - )		None
390	man [male]	Chaninawa	dukuɸɨdɨ	dukuɸɨdɨ	d u k u + ɸ ɨ d ɨ	734	0	( d u k u + ) ɸ ɨ d ɨ ( - - - - - )		None
391	man [male]	Sharanawa	duku ɸɨdɨ	duku ɸɨdɨ	d u k u + ɸ ɨ d ɨ	734	0	( d u k u + ) ɸ ɨ d ɨ ( - - - - - )		None
392	man [male]	Amawaka	hundi	hundi	h u nd i	728	0	( - - - - - ) h u - nd i		None
393	man [male]	Nawa	dukuɸɨdi	dukuɸɨdi	d u k u + ɸ ɨ d i	734	0	( d u k u + ) ɸ ɨ d i ( - - - - - )		None
394	man [male]	Marinawa	dukuɸɨnɨ	dukuɸɨnɨ	d u k u + ɸ ɨ n ɨ	734	0	( d u k u + ) ɸ ɨ n ɨ ( - - - - - )		None
395	man [male]	Yaminawa	wɨnu nawa	wɨnu nawa	w ɨ n ɨ + n a w a	734	0	( - - - - - ) w ɨ n ɨ ( + n a w a )		None
396	man [male]	Kashinawa_P	huni	huni	h u n i	728	0	( - - - - - ) h u - n i		None
397	man [male]	Kashinawa_B	huni	huni	h u n i	728	0	( - - - - - ) h u - n i		None
398	woman	Matses	tʃido	tʃido	tʃ i d o	1505	0	tʃ i d o		None
399	woman	Matis	tʃidaβo	tʃidaβo	tʃ i d o + β o	1505	0	tʃ i d o + β o		None
400	woman	Marubo	ainβu	ainβu	a i n + β u	1504	0	a - i n + β u		None
401	woman	Katukina	ayβu	ayβu	a j + β u	1504	0	a - j - + β u		None
402	woman	Kanamari	oĩβo	oĩβo	a ĩ + β o	1504	0	a - ĩ - + β o		None
403	woman	Shipibo_Konibo	ainβu	ainβu	a i n + β u	1504	0	a - i n + β u		None
404	woman	Kapanawa	aiβu	aiβu	a i + β u	1504	0	a - i - + β u		None
405	woman	Arara	aĩhu	aĩhu	a ĩ + h u	1504	0	a - ĩ - + h u		None
406	woman	Shanenawa	awin	awin	a w i n	1504	0	a w i n - - -		None
407	woman	Yawanawa	awin	awin	a w i n	1504	0	a w i n - - -		None
408	woman	Nukini	ainβu	ainβu	a i n + β u	1504	0	a - i n + β u		None
409	woman	Poyanawa	awĩ	awĩ	a w ĩ	1504	0	a w ĩ - - - -		None
410	woman	Iskonawa	awĩ	awĩ	a w ĩ	1504	0	a w ĩ - - - -		None
411	woman	Chakobo	yuʂa	yuʂa	j u ʂ a	1506	0	j u ʂ a		None
412	woman	Pakawara	yuʂa	yuʂa	j u ʂ a	1506	0	j u ʂ a		None
413	woman	Kakataibo	ʂano	ʂano	ʂ a n u	1496	0	ʂ a n u		None
414	woman	Kaxarari	ʂãpɨ	ʂãpɨ	ʂ ã p ɨ	1509	0	ʂ ã p ɨ		None
415	woman	Mastanawa	ajnɸu	ajnɸu	a j n + ɸ u	1504	0	a - j n + ɸ u		None
416	woman	Chaninawa	aĩɸu	aĩɸu	a ĩ + ɸ u	1504	0	a - ĩ - + ɸ u		None
417	woman	Sharanawa	ainɸu	ainɸu	a i n + ɸ u	1504	0	a - i n + ɸ u		None
418	woman	Amawaka	xandu	andu	ʂ a nd u	1496	0	ʂ a nd u		None
419	woman	Nawa	ajnɸu	ajnɸu	a j n + ɸ u	1504	0	a - j n + ɸ u		None
420	woman	Marinawa	ajnɸu	ajnɸu	a j n + ɸ u	1504	0	a - j n + ɸ u		None
421	woman	Yaminawa	kɨɾu	kɨɾu	k ɨ ɾ u	1510	0	k ɨ ɾ u		None
422	woman	Kashinawa_P	ajnβu	ajnβu	a j n + β u	1504	0	a - j n + β u		None
423	woman	Kashinawa_B	ainβu	ainβu	a i n + β u	1504	0	a - i n + β u		None
424	child	Matses	βakuɨ	βakuɨ	β a kʷ ɨ	156	0	( - - - ) β a kʷ ɨ - - ( - - - - - )		None
425	child	Matis	βakuɨ	βakuɨ	β a kʷ ɨ	156	0	( - - - ) β a kʷ ɨ - - ( - - - - - )		None
426	child	Marubo	βakɨ	βakɨ	β a k ɨ	156	0	( - - - ) β a k ɨ - - ( - - - - - )		None
427	child	Kanamari	ãiiβakɨ	ãiiβakɨ	a i n β a k ɨ	156	0	( a i n ) β a k ɨ - - ( - - - - - )		None
428	child	Shipibo_Konibo	βakɨ	βakɨ	β a k ɨ	156	0	( - - - ) β a k ɨ - - ( - - - - - )		None
429	child	Kapanawa	βakɨ	βakɨ	β a k ɨ	156	0	( - - - ) β a k ɨ - - ( - - - - - )		None
430	child	Arara	βakɨhɨ	βakɨhɨ	β a k ɨ h ɨ	156	0	( - - - ) β a k ɨ h ɨ ( - - - - - )		None
431	child	Shanenawa	ɸakɨ	ɸakɨ	ɸ a k ɨ	156	0	( - - - ) ɸ a k ɨ - - ( - - - - - )		None
432	child	Yawanawa	βakɨ	βakɨ	β a k ɨ	156	0	( - - - ) β a k ɨ - - ( - - - - - )		None
433	child	Nukini	βakɨ	βakɨ	β a k ɨ	156	0	( - - - ) β a k ɨ - - ( - - - - - )		None
434	child	Poyanawa	βakɨ	βakɨ	β a k ɨ	156	0	( - - - ) β a k ɨ - - ( - - - - - )		None
435	child	Iskonawa	βakɨ	βakɨ	β a k ɨ	156	0	( - - - ) β a k ɨ - - ( - - - - - )		None
436	child	Chakobo	ʂuku	ʂuku	ʂ u k u	160	0	ʂ u k u		None
437	child	Chakobo	βakɨ	βakɨ	β a k ɨ	156	0	( - - - ) β a k ɨ - - ( - - - - - )		None
438	child	Pakawara	wakɨ	wakɨ	w a k ɨ	156	0	( - - - ) w a k ɨ - - ( - - - - - )		None
439	child	Kakataibo	toa	toa	t o a	158	0	t o a		None
440	child	Mastanawa	ɸaʔɨʂta	ɸaʔɨʂta	ɸ a ʔ ɨ ʂ t a	156	0	( - - - ) ɸ a ʔ ɨ - - ( - - ʂ t a )		None
441	child	Chaninawa	ɸakɨ	ɸakɨ	ɸ a k ɨ	156	0	( - - - ) ɸ a k ɨ - - ( - - - - - )		None
442	child	Sharanawa	ɸakɨ	ɸakɨ	ɸ a k ɨ	156	0	( - - - ) ɸ a k ɨ - - ( - - - - - )		None
443	child	Amawaka	piʃta	piʃta	p i ʃ t a	120	0	p i ʃ t a		None
444	child	Nawa	ɸakɨ	ɸakɨ	ɸ a k ɨ	156	0	( - - - ) ɸ a k ɨ - - ( - - - - - )		None
445	child	Marinawa	ɸakɨ	ɸakɨ	ɸ a k ɨ	156	0	( - - - ) ɸ a k ɨ - - ( - - - - - )		None
446	child	Yaminawa	waʔɨhu	waʔɨhu	w a ʔ ɨ ɸ u	156	0	( - - - ) w a ʔ ɨ - - ( ɸ u - - - )		None
447	child	Kashinawa_P	βakɨʧta	βakɨʧta	β a k ɨ tʃ a	156	0	( - - - ) β a k ɨ - - ( - - tʃ a - )		None
448	head	Matses	mapi	mapi	m a + p i	554	77 184	m a + - - - - - - - - - p i		None
449	head	Matis	maʂo	maʂo	m a + ʂ o	554	77 180	m a + - - - - - - - ʂ o - -		None
450	head	Marubo	mapu	mapu	m a + p u	554	77 76	m a + p u - - - - - - - - -		None
451	head	Katukina	mapu	mapu	m a + p u	554	77 76	m a + p u - - - - - - - - -		None
452	head	Kanamari	mapu	mapu	m a + p u	554	77 76	m a + p u - - - - - - - - -		None
453	head	Shipibo_Konibo	mapu	mapu	m a + p u	554	77 76	m a + p u - - - - - - - - -		None
454	head	Kapanawa	mapu	mapu	m a + p u	554	77 76	m a + p u - - - - - - - - -		None
455	head	Arara	mapu	βapu	m a + p u	554	77 76	m a + p u - - - - - - - - -		None
456	head	Arara	βuʃka	βuʃka	β u + ʃ k a	1628	81 79	β u + ʃ k a - -		None
457	head	Shanenawa	mapu	mapu	m a + p u	554	77 76	m a + p u - - - - - - - - -		None
458	head	Yawanawa	mapu	mapu	m a + p u	554	77 76	m a + p u - - - - - - - - -		None
459	head	Nukini	mapu	mapu	m a + p u	554	77 76	m a + p u - - - - - - - - -		None
460	head	Poyanawa	βuhka	βuhka	β u + h k a	1628	81 79	β u + h k a - -		None
461	head	Iskonawa	βuhka	βuhka	β u + h k a	1628	81 79	β u + h k a - -		None
462	head	Chakobo	mapu	mapu	m a + p u	554	77 76	m a + p u - - - - - - - - -		None
463	head	Pakawara	mapu	mapu	m a + p u	554	77 76	m a + p u - - - - - - - - -		None
464	head	Kakataibo	maʂka	maʂka	m a + ʂ k a	554	77 79	m a + - - ʂ k a - - - - - -		None
465	head	Kaxarari	wɨʂkata	wɨʂkata	w ɨ + ʂ k a t a	1628	0 79	w ɨ + ʂ k a t a		None
466	head	Mastanawa	bapu	bapu	b a + p u	554	77 76	b a + p u - - - - - - - - -		None
467	head	Chaninawa	basakati	βasakati	b a + s k a t i	554	77 79	b a + - - s k a t i - - - -		None
468	head	Sharanawa	bapu	bapu	b a + p u	554	77 76	b a + p u - - - - - - - - -		None
469	head	Amawaka	mapu	mapu	m a + p u	554	77 76	m a + p u - - - - - - - - -		None
470	head	Nawa	bapu	ba:pu	b a + p u	554	77 76	b a + p u - - - - - - - - -		None
471	head	Marinawa	bapu	bapu	b a + p u	554	77 76	b a + p u - - - - - - - - -		None
472	head	Marinawa	ɸuʂka	ɸuʂka	ɸ u + ʂ k a	1628	81 79	ɸ u + ʂ k a - -		None
473	head	Yaminawa	bapu	bapu	b a + p u	554	77 76	b a + p u - - - - - - - - -		None
474	head	Kashinawa_P	βuʂka	βuʂka	β u + ʂ k a	1628	81 79	β u + ʂ k a - -		None
475	head	Kashinawa_B	βuʂka	βuʂka	β u + ʂ k a	1628	81 79	β u + ʂ k a - -		None
476	hair	Matses	manɨdaid	βu	m a + n ɨ d a i d	1629	77 83	m a + n ë d a i d		None
477	hair	Matis	ʂakkete	ʂakkete	ʂ a k k e t e	543	58	ʂ a k + k e + t e		None
478	hair	Marubo	βu	βu	β u	539	9	β u - -		None
479	hair	Katukina	βuu	βuu	β u	539	9	β u - -		None
480	hair	Kanamari	βuu	βuu	β u	539	9	β u - -		None
481	hair	Shipibo_Konibo	βu	βu	β u	539	9	β u - -		None
482	hair	Kapanawa	βu	βu	β u	539	9	β u - -		None
483	hair	Arara	hu	hu	h u	539	81	h u - -		None
484	hair	Shanenawa	ɸu	ɸu	ɸ u	539	9	ɸ u - -		None
485	hair	Yawanawa	βu	βu	β u	539	9	β u - -		None
486	hair	Nukini	βu	βu	β u	539	9	β u - -		None
487	hair	Poyanawa	βu	βu	β u	539	9	β u - -		None
488	hair	Iskonawa	βu	βu	β u	539	9	β u - -		None
489	hair	Chakobo	βu	βu	β u	539	9	β u - -		None
490	hair	Pakawara	wuu	wuu	w uː	539	9	w uː - -		None
491	hair	Kakataibo	βu	βu	β u	539	9	β u - -		None
492	hair	Kaxarari	βɨʂkatʃani	wɨʂkatʃani	β ɨ + ʂ k a + tʃ a n i	542	81 79 10	w u + ʂ k a + tʃ a n i		None
493	hair	Mastanawa	fuʔu	fuʔu	f u ʔ u	539	9	f u ʔ u		None
494	hair	Chaninawa	ɸu	ɸu	ɸ u	539	9	ɸ u - -		None
495	hair	Sharanawa	ɸu	ɸu	ɸ u	539	9	ɸ u - -		None
496	hair	Amawaka	βu	βu	β u	539	9	β u - -		None
497	hair	Nawa	ɸuʔu	ɸuʔu	ɸ u ʔ u	539	9	ɸ u ʔ u		None
498	hair	Marinawa	ɸuʔu	ɸuʔu	ɸ u ʔ u	539	9	ɸ u ʔ u		None
499	hair	Yaminawa	hu	hu	ɸ u	539	9	ɸ u - -		None
500	hair	Kashinawa_P	βu	βu	β u	539	9	β u - -		None
501	hair	Kashinawa_B	βu	βu	β u	539	9	β u - -		None
502	ear	Matses	paβiate	paβiate	p a + β i a t e	310	185 190	p a - + - - - - - - - - - - - - - β i a t e		None
503	ear	Matis	paβɨʂan	paβɨʂan	p a + β ɨ ʂ a n	310	185 186	p a - + - - - - - - - - β ɨ ʂ a n - - - - -		None
504	ear	Marubo	pantʃu	pantʃu	p a n + tʃ u	310	185 226	p a n + - - - - - - tʃ u - - - - - - - - - -		None
505	ear	Katukina	pantxu	pantxu	p a n + ʈʂ u	310	185 226	p a n + - - - - - - ʈʂ u - - - - - - - - - -		None
506	ear	Kanamari	pãtʃo	pãtʃo	p a n + tʃ o	310	185 226	p a n + - - - - - - tʃ o - - - - - - - - - -		None
507	ear	Shipibo_Konibo	paβiki	paβiki	p a + β i k i	310	185 187	p a - + - β i - k i - - - - - - - - - - - -		None
508	ear	Kapanawa	paβinki	paβinki	p a + β i n k i	310	185 187	p a - + - β i n k i - - - - - - - - - - - -		None
509	ear	Arara	patʃi	patʃi	p a + tʃ i	310	185 226	p a - + - - - - - - tʃ i - - - - - - - - - -		None
510	ear	Shanenawa	pahinki	pahinki	p a + h i n k i	310	185 187	p a - + - h i n k i - - - - - - - - - - - -		None
511	ear	Yawanawa	pahinki	pahinki	p a + h i n k i	310	185 187	p a - + - h i n k i - - - - - - - - - - - -		None
512	ear	Nukini	paβiki	paβiki	p a + β i k i	310	185 187	p a - + - β i - k i - - - - - - - - - - - -		None
513	ear	Poyanawa	pabĩki	pabĩki	p a + b ĩ k i	310	185 187	p a - + - b ĩ - k i - - - - - - - - - - - -		None
514	ear	Iskonawa	paβinki	paβinki	p a + β i n k i	310	185 187	p a - + - β i n k i - - - - - - - - - - - -		None
515	ear	Chakobo	paʔuki	pa?uki	p a + ʔ u k i	310	185 187	p a - + ʔ u - k i - - - - - - - - - - - - -		None
516	ear	Pakawara	paʔuki	pa?uki	p a + ʔ u k i	310	185 187	p a - + ʔ u - k i - - - - - - - - - - - - -		None
517	ear	Kakataibo	paβi	paβi	p a + β i	310	185 187	p a - + - β i - - - - - - - - - - - - - - -		None
518	ear	Kaxarari	isãkili	isãkili	i s ã + k i l i	267	191 193	i s + ã k i l i		None
519	ear	Mastanawa	paʧu	paʧu	p a + tʃ u	310	185 226	p a - + - - - - - - tʃ u - - - - - - - - - -		None
520	ear	Chaninawa	dikati	dikati	d i k a + t i	313	194 196	d i k a + t i		None
521	ear	Sharanawa	pat͡ʃu	pat͡ʃu	p a + tʃ u	310	185 226	p a - + - - - - - - tʃ u - - - - - - - - - -		None
522	ear	Amawaka	pawinki	pawinki	p a + w i n k i	310	185 187	p a - + - w i n k i - - - - - - - - - - - -		None
523	ear	Nawa	paʧu	paʧu	p a + tʃ u	310	185 226	p a - + - - - - - - tʃ u - - - - - - - - - -		None
524	ear	Nawa	dikati	dikati	d i k a + t i	313	194 196	d i k a + t i		None
525	ear	Marinawa	paɸiki	paɸiki	p a + ɸ i k i	310	185 187	p a - + - ɸ i - k i - - - - - - - - - - - -		None
526	ear	Yaminawa	paʧu	paʧu	p a + tʃ u	310	185 226	p a - + - - - - - - tʃ u - - - - - - - - - -		None
527	ear	Kashinawa_P	paβinki	paβinki	p a + β i n k i	310	185 187	p a - + - β i n k i - - - - - - - - - - - -		None
528	ear	Kashinawa_B	paβĩki	paβĩki	p a + β ĩ k i	310	185 187	p a - + - β ĩ - k i - - - - - - - - - - - -		None
529	eye	Matses	ɨʂɨ	ɨʂɨ	ɨ ʂ ɨ	332	201	ɨ ʂ ɨ		None
530	eye	Matis	βɨdu	βɨdu	β ɨ + d u	330	198 195	β ɨ + d u - - - - - -		None
531	eye	Marubo	βɨru	βɨru	β ɨ + r u	330	198 195	β ɨ + r u - - - - - -		None
532	eye	Katukina	βiru	βiru	β i + r u	330	198 195	β i + r u - - - - - -		None
533	eye	Kanamari	mβɨru	mβɨru	ⁿβ ɨ + r u	330	198 195	ⁿβ ɨ + r u - - - - - -		None
534	eye	Shipibo_Konibo	βɨru	βɨru	β ɨ + r u	330	198 195	β ɨ + r u - - - - - -		None
535	eye	Kapanawa	βɨru	βɨru	β ɨ + r u	330	198 195	β ɨ + r u - - - - - -		None
536	eye	Arara	βɨrɨ	βɨrɨ	β ɨ + r ɨ	330	198 195	β ɨ + r ɨ - - - - - -		None
537	eye	Shanenawa	ɸɨru	ɸɨru	ɸ ɨ + r u	330	198 195	ɸ ɨ + r u - - - - - -		None
538	eye	Yawanawa	βɨru	βɨru	β ɨ + r u	330	198 195	β ɨ + r u - - - - - -		None
539	eye	Nukini	βɨrɨ	βɨrɨ	β ɨ + r u	330	198 195	β ɨ + r u - - - - - -		None
540	eye	Poyanawa	βɨru	βɨru	β ɨ + r u	330	198 195	β ɨ + r u - - - - - -		None
541	eye	Iskonawa	βɨɾu	βɨɾu	β ɨ + ɾ u	330	198 195	β ɨ + ɾ u - - - - - -		None
542	eye	Chakobo	βɨru	βɨru	β ɨ + r u	330	198 195	β ɨ + r u - - - - - -		None
543	eye	Pakawara	wɨru	wɨru	w ɨ + r u	330	198 195	w ɨ + r u - - - - - -		None
544	eye	Kakataibo	βɨro	βɨro	β ɨ + ɾ u	330	198 195	β ɨ + ɾ u - - - - - -		None
545	eye	Kaxarari	wɨtʃɨ	wɨtʃɨwɨ	w ɨ + tʃ ɨ w ɨ	330	198 0	w ɨ + - - tʃ ɨ w ɨ - -		None
546	eye	Kaxarari	βɨtʃu	βutʃu	β ɨ + tʃ u	330	198 197	β ɨ + - - - - - - tʃ u		None
547	eye	Mastanawa	ɸɨɾu	ɸɨɾu	ɸ ɨ + ɾ u	330	198 195	ɸ ɨ + ɾ u - - - - - -		None
548	eye	Chaninawa	ɸɨɾu	ɸɨɾu	β ɨ + ɾ u	330	198 195	β ɨ + ɾ u - - - - - -		None
549	eye	Sharanawa	ɸɨɾu	ɸɨɾu	ɸ ɨ + ɾ u	330	198 195	ɸ ɨ + ɾ u - - - - - -		None
550	eye	Amawaka	βɨɾu	βɨɾu	β ɨ + ɾ u	330	198 195	β ɨ + ɾ u - - - - - -		None
551	eye	Nawa	ɸɨɾu	ɸɨɾu	ɸ ɨ + ɾ u	330	198 195	ɸ ɨ + ɾ u - - - - - -		None
552	eye	Marinawa	ɸɨɾu	ɸwɨɾu	ɸ ɨ + ɾ u	330	198 195	ɸ ɨ + ɾ u - - - - - -		None
553	eye	Yaminawa	ɸɨɾu	ɸɨɾu	ɸ ɨ + ɾ u	330	198 195	ɸ ɨ + ɾ u - - - - - -		None
554	eye	Kashinawa_P	βɨɾu	βɨɾu	β ɨ + ɾ u	330	198 195	β ɨ + ɾ u - - - - - -		None
555	eye	Kashinawa_B	βɨdu	βɨdu	β ɨ + d u	330	198 195	β ɨ + d u - - - - - -		None
556	nose	Matses	dɨβiate	dɨβiate	d ɨ + β i a t e	830	151 157	d ɨ + - - - - - - - - - - - - - - - β i a t e - -		None
557	nose	Matis	dɨʂan	dɨʂan	d ɨ + ʂ a n	830	151 155	d ɨ + - - - - - - - - - - - - ʂ a n - - - - - - -		None
558	nose	Marubo	rɨkin	rɨkin	r ɨ + k i n	830	151 153	r ɨ + k i n - - - - - - - - - - - - - - - - - - -		None
559	nose	Katukina	renkin	renkin	r ɨ + k i n	830	151 153	r ɨ + k i n - - - - - - - - - - - - - - - - - - -		None
560	nose	Kanamari	rɨkĩ	rɨkĩ	r ɨ + k ĩ	830	151 153	r ɨ + k ĩ - - - - - - - - - - - - - - - - - - - -		None
561	nose	Shipibo_Konibo	rɨkin	rɨkin	r ɨ + k i n	830	151 153	r ɨ + k i n - - - - - - - - - - - - - - - - - - -		None
562	nose	Kapanawa	rɨkin	rɨkin	r ɨ + k i n	830	151 153	r ɨ + k i n - - - - - - - - - - - - - - - - - - -		None
563	nose	Arara	rĩkĩ	rĩkĩ	r ĩ + k ĩ	830	151 153	r ĩ + k ĩ - - - - - - - - - - - - - - - - - - - -		None
564	nose	Shanenawa	rɨkin	rɨkin	r ɨ + k i n	830	151 153	r ɨ + k i n - - - - - - - - - - - - - - - - - - -		None
565	nose	Yawanawa	rɨkin	rɨkin	r ɨ + k i n	830	151 153	r ɨ + k i n - - - - - - - - - - - - - - - - - - -		None
566	nose	Nukini	rɨ̃kɨ̃	rɨ̃kɨ̃	r ɨ̃ + k ɨ̃	830	151 153	r ɨ̃ + k ɨ̃ - - - - - - - - - - - - - - - - - - - -		None
567	nose	Poyanawa	rɨnkĩ	rɨnkĩ	r ɨ + k ĩ	830	151 153	r ɨ + k ĩ - - - - - - - - - - - - - - - - - - - -		None
568	nose	Iskonawa	ɾɨnkĩ	ɾɨnkĩ	ɾ ɨ + k ĩ	830	151 153	ɾ ɨ + k ĩ - - - - - - - - - - - - - - - - - - - -		None
569	nose	Chakobo	rɨʂaki	rɨʂaki	r ɨ + ʂ a k i	830	151 152	r ɨ + - - - - ʂ a k i - - - - - - - - - - - - - -		None
570	nose	Pakawara	rɨkina	rɨkina	r ɨ + k i n a	830	151 153	r ɨ + k i n a - - - - - - - - - - - - - - - - - -		None
571	nose	Kakataibo	rɨkin	rɨkin	r ɨ + k i n	830	151 153	r ɨ + k i n - - - - - - - - - - - - - - - - - - -		None
572	nose	Kaxarari	tʃɨkani	tʃɨkani	r ɨ + k a n i	830	151 153	r ɨ + k a n i - - - - - - - - - - - - - - - - - -		None
573	nose	Mastanawa	ɾɨʧuʔu	ɾɨʧuʔu	ɾ ɨ + tʃ u ʔ u	830	151 154	ɾ ɨ + - - - - - - - - tʃ u ʔ u - - - - - - - - - -		None
574	nose	Chaninawa	ɾɨki	ɾɨki	ɾ ɨ + k i	830	151 153	ɾ ɨ + k i - - - - - - - - - - - - - - - - - - - -		None
575	nose	Sharanawa	ɾɨt͡ʃuku	ɾɨt͡ʃuku	ɾ ɨ + tʃ u k u	830	151 154	ɾ ɨ + - - - - - - - - tʃ u k u - - - - - - - - - -		None
576	nose	Amawaka	ɾɨkin	ɾɨ(n)kin	ɾ ɨ + k i n	830	151 153	ɾ ɨ + k i n - - - - - - - - - - - - - - - - - - -		None
577	nose	Nawa	ɾɨʧa	ɾɨʧa	ɾ ɨ + tʃ a	830	151 156	ɾ ɨ + - - - - - - - - - - - - - - - - - - - - tʃ a		None
578	nose	Marinawa	ɾɨʧuku	ɾɨʧuku	ɾ ɨ + tʃ u k u	830	151 154	ɾ ɨ + - - - - - - - - tʃ u k u - - - - - - - - - -		None
579	nose	Yaminawa	ɾɨʧuʔu	ɾɨʧuʔu	ɾ ɨ + tʃ u ʔ u	830	151 154	ɾ ɨ + - - - - - - - - tʃ u ʔ u - - - - - - - - - -		None
580	nose	Kashinawa_P	dɨki	dɨki	d ɨ + k i	830	151 153	d ɨ + k i - - - - - - - - - - - - - - - - - - - -		None
581	nose	Kashinawa_P	ɾɨki	ɾɨki	ɾ ɨ + k i	830	151 153	ɾ ɨ + k i - - - - - - - - - - - - - - - - - - - -		None
582	nose	Kashinawa_B	dɨkĩ	dɨkĩ	d ɨ + k ĩ	830	151 153	d ɨ + k ĩ - - - - - - - - - - - - - - - - - - - -		None
583	mouth	Matses	ana	ana	a n + a	767	240 242	- a n + a		None
584	mouth	Matis	ana	ana	a n + a	767	240 242	- a n + a		None
585	mouth	Marubo	ana	ana	a n + a	767	240 242	- a n + a		None
586	mouth	Katukina	ana	ana	a n + a	767	240 242	- a n + a		None
587	mouth	Kanamari	kɨʃa	kɨʃa	k ɨ + ʃ a	768	21 239	k ɨ + ʃ a - - - - - -		None
588	mouth	Shipibo_Konibo	kɨʂa	kɨʂa	k ɨ + ʂ a	768	21 239	k ɨ + ʂ a - - - - - -		None
589	mouth	Kapanawa	kɨʂa	kɨʂa	k ɨ + ʂ a	768	21 239	k ɨ + ʂ a - - - - - -		None
590	mouth	Arara	aʃɨa	aʃɨa	a ʃ + ɨ a	1569	253 242	- a ʃ + - - - - ɨ a		None
591	mouth	Shanenawa	aʂɸa	aʂɸa	a ʂ + ɸ a	1569	253 254	- a ʂ + - - ɸ a - -		None
592	mouth	Yawanawa	aʂβa	aʂβa	a ʂ + β a	1569	253 254	- a ʂ + - - β a - -		None
593	mouth	Nukini	kɨha	kɨha	k ɨ + h a	768	21 239	k ɨ + h a - - - - - -		None
594	mouth	Poyanawa	kɨha	kɨha	k ɨ + h a	768	21 239	k ɨ + h a - - - - - -		None
595	mouth	Iskonawa	kɨha	kɨha	k ɨ + h a	768	21 239	k ɨ + h a - - - - - -		None
596	mouth	Chakobo	hana	hana	h a n + a	767	240 242	h a n + a		None
597	mouth	Pakawara	kɨwɨtʃi	kɨwɨtʃi	k ɨ + w ɨ tʃ i	768	21 237 238	k ɨ + - - - - w ɨ tʃ i		None
598	mouth	Kakataibo	kwɨβi	kwɨβi	kʷ ɨ + β i	768	21 237	kʷ ɨ + - - - - β i - -		None
599	mouth	Kaxarari	kɨʂaka	kɨʂaka	k ɨ + ʂ a k a	768	21 239	k ɨ + ʂ a k a - - - -		None
600	mouth	Mastanawa	aʂwa	aʂwa	a ʂ + w a	1569	253 254	- a ʂ + - - w a - -		None
601	mouth	Chaninawa	aʂpa	aʂwa	a ʂ + p a	1569	253 254	- a ʂ + p a - - - -		None
602	mouth	Sharanawa	aʂɸa	aʂɸa	a ʂ + ɸ a	1569	253 254	- a ʂ + - - ɸ a - -		None
603	mouth	Amawaka	kɨça	kɨça	k ɨ + ç a	768	21 239	k ɨ + ç a - - - - - -		None
604	mouth	Nawa	aʂwa	aʂwa	a ʂ + w a	1569	253 254	- a ʂ + - - w a - -		None
605	mouth	Marinawa	aʂɸa	aʂɸa	a ʂ + ɸ a	1569	253 254	- a ʂ + - - ɸ a - -		None
606	mouth	Yaminawa	aʂwã	aʂwã	a ʂ + w a	1569	253 254	- a ʂ + - - w a - -		None
607	mouth	Kashinawa_P	haʂpa	haʂpa	h a ʂ + p a	1569	253 254	h a ʂ + p a - - - -		None
608	mouth	Kashinawa_B	kɨʂa	kɨʂa	k ɨ + ʂ a	768	21 239	k ɨ + ʂ a - - - - - -		None
609	tongue	Matses	ana	ana	a n + a	1330	166 6	- a n + a		None
610	tongue	Matis	ana	ana	a n + a	1330	166 6	- a n + a		None
611	tongue	Marubo	ana	ana rɨβu	a n + a	1330	166 6	- a n + a		None
612	tongue	Katukina	ana	ana	a n + a	1330	166 6	- a n + a		None
613	tongue	Kanamari	hana	hana	h a n + a	1330	166 6	h a n + a		None
614	tongue	Shipibo_Konibo	hana	hana	h a n + a	1330	166 6	h a n + a		None
615	tongue	Kapanawa	hana	hana	h a n + a	1330	166 6	h a n + a		None
616	tongue	Arara	ãda	ãda	ã d + a	1330	166 6	- ã d + a		None
617	tongue	Shanenawa	ana	ana	a n + a	1330	166 6	- a n + a		None
618	tongue	Yawanawa	ana	ana	a n + a	1330	166 6	- a n + a		None
619	tongue	Nukini	anã	anã	a n + a	1330	166 6	- a n + a		None
620	tongue	Poyanawa	anda	anda	a ⁿd + a	1330	166 6	- a ⁿd + a		None
621	tongue	Iskonawa	ana	ana	a n + a	1330	166 6	- a n + a		None
622	tongue	Chakobo	hana	hana	h a n + a	1330	166 6	h a n + a		None
623	tongue	Pakawara	hana	hana	h a n + a	1330	166 6	h a n + a		None
624	tongue	Kakataibo	ana	ana	a n + a	1330	166 6	- a n + a		None
625	tongue	Kaxarari	hana	hana	h a n + a	1330	166 6	h a n + a		None
626	tongue	Mastanawa	ada	ada	a d + a	1330	166 6	- a d + a		None
627	tongue	Chaninawa	a:da	a:da	a d + a	1330	166 6	- a d + a		None
628	tongue	Sharanawa	ada	ada	a d + a	1330	166 6	- a d + a		None
629	tongue	Amawaka	handa	handa	h a ⁿd + a	1330	166 6	h a ⁿd + a		None
630	tongue	Nawa	a:da	a:da	a d + a	1330	166 6	- a d + a		None
631	tongue	Marinawa	anda	anda	a ⁿd + a	1330	166 6	- a ⁿd + a		None
632	tongue	Yaminawa	ada	ada	a d + a	1330	166 6	- a d + a		None
633	tongue	Kashinawa_P	hana	hana	h a n + a	1330	166 6	h a n + a		None
634	tongue	Kashinawa_B	hana	hana	h a n + a	1330	166 6	h a n + a		None
635	tooth [front]	Matses	ʂɨta	ʂɨta	ʂ ɨ + t a	1308	246 247	ʂ ɨ + t a - -		None
636	tooth [front]	Matis	ʂɨta	ʂɨta	ʂ ɨ + t a	1308	246 247	ʂ ɨ + t a - -		None
637	tooth [front]	Marubo	ʂɨta	ʂɨta	ʂ ɨ + t a	1308	246 247	ʂ ɨ + t a - -		None
638	tooth [front]	Katukina	hita	xita	h i + t a	1308	246 247	h i + t a - -		None
639	tooth [front]	Kanamari	ʂɨta	ʂɨta	ʂ ɨ + t a	1308	246 247	ʂ ɨ + t a - -		None
640	tooth [front]	Shipibo_Konibo	ʂɨta	ʂɨta	ʂ ɨ + t a	1308	246 247	ʂ ɨ + t a - -		None
641	tooth [front]	Kapanawa	ʂɨta	ʂɨta	ʂ ɨ + t a	1308	246 247	ʂ ɨ + t a - -		None
642	tooth [front]	Arara	ʂɨta	ʃɨta	ʂ ɨ + t a	1308	246 247	ʂ ɨ + t a - -		None
643	tooth [front]	Shanenawa	ʂɨta	ʂɨta	ʂ ɨ + t a	1308	246 247	ʂ ɨ + t a - -		None
644	tooth [front]	Yawanawa	ʂɨta	ʂɨta	ʂ ɨ + t a	1308	246 247	ʂ ɨ + t a - -		None
645	tooth [front]	Nukini	hita	hita	h i + t a	1308	246 247	h i + t a - -		None
646	tooth [front]	Iskonawa	hɨta	hɨta	h ɨ + t a	1308	246 247	h ɨ + t a - -		None
647	tooth [front]	Chakobo	ʂɨta	ʂɨta	ʂ ɨ + t a	1308	246 247	ʂ ɨ + t a - -		None
648	tooth [front]	Pakawara	ʂɨna	ʂɨna	ʂ ɨ + n a	1308	246 247	ʂ ɨ + - - n a		None
649	tooth [front]	Kakataibo	ʂɨta	ʂɨta	ʂ ɨ + t a	1308	246 247	ʂ ɨ + t a - -		None
650	tooth [front]	Kaxarari	ʂɨta	ʂɨta	ʂ ɨ + t a	1308	246 247	ʂ ɨ + t a - -		None
651	tooth [front]	Mastanawa	piti	piti	p i + t i	1333	244 245	p i + t i		None
652	tooth [front]	Mastanawa	ʂɨta	ʂɨta	ʂ ɨ + t a	1308	246 247	ʂ ɨ + t a - -		None
653	tooth [front]	Chaninawa	piti	piti	p i + t i	1333	244 245	p i + t i		None
654	tooth [front]	Sharanawa	piti	piti	p i + t i	1333	244 245	p i + t i		None
655	tooth [front]	Amawaka	çɨta	çɨta	ç ɨ + t a	1308	246 247	ç ɨ + t a - -		None
656	tooth [front]	Nawa	piti	piti	p i + t i	1333	244 245	p i + t i		None
657	tooth [front]	Nawa	ʂɨta	ʂɨta	ʂ ɨ + t a	1308	246 247	ʂ ɨ + t a - -		None
658	tooth [front]	Marinawa	ʂɨta	ʂɨta	ʂ ɨ + t a	1308	246 247	ʂ ɨ + t a - -		None
659	tooth [front]	Yaminawa	piti	piti	p i + t i	1333	244 245	p i + t i		None
660	tooth [front]	Kashinawa_P	ʂɨta	ʃɨta	ʂ ɨ + t a	1308	246 247	ʂ ɨ + t a - -		None
661	tooth [front]	Kashinawa_B	ʂɨtɨ	ʂɨtɨ	ʂ ɨ + t ɨ	1308	246 247	ʂ ɨ + t ɨ - -		None
662	neck	Matses	tɨnite	tɨnite	t ɨ + n i t e	806	137 144	t ɨ + - - - - - - - - - - - - - - - - - - - n i t e - - - - - - - - - - -		None
663	neck	Matis	tɨtun	tɨtun	t ɨ + t u n	806	137 150	t ɨ + - - - - - - - - - - - - - - - - t u n - - - - - - - - - - - - - - -		None
664	neck	Marubo	tɨʂu	tɨʂu	t ɨ + ʂ u	806	137 139	t ɨ + - - - - ʂ u - - - - - - - - - - - - - - - - - - - - - - - - - - - -		None
665	neck	Katukina	tispun	tispun	t i + s p u n	806	137 147	t i + - - - - - - - - - s p u n - - - - - - - - - - - - - - - - - - - - -		None
666	neck	Kanamari	taʃu	taʃu	t ɨ + ʃ u	806	137 139	t ɨ + - - - - ʃ u - - - - - - - - - - - - - - - - - - - - - - - - - - - -		None
667	neck	Shipibo_Konibo	tɨʂu	tɨʂu	t ɨ + ʂ u	806	137 139	t ɨ + - - - - ʂ u - - - - - - - - - - - - - - - - - - - - - - - - - - - -		None
668	neck	Kapanawa	tɨʂu	tɨʂu	t ɨ + ʂ u	806	137 139	t ɨ + - - - - ʂ u - - - - - - - - - - - - - - - - - - - - - - - - - - - -		None
669	neck	Arara	tɨʃu	tɨʃu	t ɨ + ʃ u	806	137 139	t ɨ + - - - - ʃ u - - - - - - - - - - - - - - - - - - - - - - - - - - - -		None
670	neck	Shanenawa	tɨʂɨ	tɨʂɨ	t ɨ + ʂ u	806	137 139	t ɨ + - - - - ʂ u - - - - - - - - - - - - - - - - - - - - - - - - - - - -		None
671	neck	Yawanawa	tɨʃu	tɨʃu	t ɨ + ʃ u	806	137 139	t ɨ + - - - - ʃ u - - - - - - - - - - - - - - - - - - - - - - - - - - - -		None
672	neck	Nukini	nipika	nipika	n i + p i k a	804	137 145	n i + p i k a		None
673	neck	Nukini	tɨkɨ	tukɨ	t ɨ + k ɨ	806	137 142	t ɨ + - - - - - - - - - - - - - - - - - - - - - - - - - - - - k ɨ - - - -		None
674	neck	Poyanawa	tɨhu	tɨhu	t ɨ + h u	806	137 139	t ɨ + - - - - h u - - - - - - - - - - - - - - - - - - - - - - - - - - - -		None
675	neck	Iskonawa	tɨhu	tɨhu	t ɨ + h u	806	137 139	t ɨ + - - - - h u - - - - - - - - - - - - - - - - - - - - - - - - - - - -		None
676	neck	Chakobo	tɨpuku	tɨpuku	t ɨ + p u k u	806	137 146	t ɨ + p u k u - - - - - - - - - - - - - - - - - - - - - - - - - - - - - -		None
677	neck	Pakawara	tikana	tikana	t i + k a n a	806	137 141	t i + - - - - - - - - - - - - - - - - - - - - - - - - - - - - - - k a n a		None
678	neck	Kakataibo	tɨʂa	tɨʂa	t ɨ + ʂ a	806	137 149	t ɨ + - - - - ʂ a - - - - - - - - - - - - - - - - - - - - - - - - - - - -		None
679	neck	Kaxarari	tɨiwi	tɨiwi	t ɨ + i w i	806	137 138	t ɨ + - - - - - - - - - - - - - i w i - - - - - - - - - - - - - - - - - -		None
680	neck	Mastanawa	tɨʂu	tɨʂu	t ɨ + ʂ u	806	137 139	t ɨ + - - - - ʂ u - - - - - - - - - - - - - - - - - - - - - - - - - - - -		None
681	neck	Chaninawa	tɨsto	tɨsto	t ɨ + s t o	806	137 148	t ɨ + - - - - - - s t o - - - - - - - - - - - - - - - - - - - - - - - - -		None
682	neck	Sharanawa	tɨʂu	tɨʂu	t ɨ + ʂ u	806	137 139	t ɨ + - - - - ʂ u - - - - - - - - - - - - - - - - - - - - - - - - - - - -		None
683	neck	Amawaka	tɨçu	çau	t ɨ + ç u	806	137 139	t ɨ + - - - - ç u - - - - - - - - - - - - - - - - - - - - - - - - - - - -		None
684	neck	Nawa	tɨʂu	tɨʂu	t ɨ + ʂ u	806	137 139	t ɨ + - - - - ʂ u - - - - - - - - - - - - - - - - - - - - - - - - - - - -		None
685	neck	Nawa	tɨmaʂka	tɨmaʂka	t ɨ + m a ʂ k a	806	137 143	t ɨ + - - - - - - - - - - - - - - - - - - - - - - - m a ʂ k a - - - - - -		None
686	neck	Marinawa	tɨʂu	tɨʂu	t ɨ + ʂ u	806	137 139	t ɨ + - - - - ʂ u - - - - - - - - - - - - - - - - - - - - - - - - - - - -		None
687	neck	Yaminawa	tɨʂu	tɨʂu	t ɨ + ʂ u	806	137 139	t ɨ + - - - - ʂ u - - - - - - - - - - - - - - - - - - - - - - - - - - - -		None
688	neck	Kashinawa_P	tɨʂu	tɨʂu	t ɨ + ʂ u	806	137 139	t ɨ + - - - - ʂ u - - - - - - - - - - - - - - - - - - - - - - - - - - - -		None
689	neck	Kashinawa_B	tɨʂu	tɨʂu	t ɨ + ʂ u	806	137 139	t ɨ + - - - - ʂ u - - - - - - - - - - - - - - - - - - - - - - - - - - - -		None
690	belly	Matses	puku	puku	p u k u	54	87 85	p u k u		None
691	belly	Matis	puku	puku	p u k u	54	87 85	p u k u		None
692	belly	Marubo	pustu	pustu	p u s t u	1553	87 86	p u s t u		None
693	belly	Katukina	pustu	pustu	p u s t u	1553	87 86	p u s t u		None
694	belly	Kanamari	posto	posto	p u s t u	1553	87 86	p u s t u		None
695	belly	Shipibo_Konibo	puku	puku	p u k u	54	87 85	p u k u		None
696	belly	Kapanawa	puku	puku	p u k u	54	87 85	p u k u		None
697	belly	Arara	atu	atu	a t u	1554	0	a t u		None
698	belly	Shanenawa	pustu	pustu	p u s t u	1553	87 86	p u s t u		None
699	belly	Yawanawa	pustu	pustu	p u s t u	1553	87 86	p u s t u		None
700	belly	Nukini	naβa	naβa	n a β a	55	91 89	n a - β a		None
701	belly	Nukini	puhtu	puhtu	p u h t u	1553	87 86	p u h t u		None
702	belly	Poyanawa	dahβa	dahβa	d a h β a	55	91 89	d a h β a		None
703	belly	Iskonawa	nahβa	nahβa	n a h β a	55	91	n a h β a		None
704	belly	Chakobo	takɨpɨ	takɨpɨ	t a k ɨ p ɨ	58	7	t a k ɨ p ɨ		None
705	belly	Pakawara	puku	puku	p u k u	54	87 85	p u k u		None
706	belly	Kakataibo	puku	puku	p u k u	54	87 85	p u k u		None
707	belly	Kaxarari	turu	turu	t u r u	60	188 228	t u r u		None
708	belly	Mastanawa	ʂaʔi	ʂaʔi	ʂ a ʔ i	61	229 230	ʂ a ʔ i		None
709	belly	Chaninawa	pusto	pusto	p u s t u	1553	86	p u s t u		None
710	belly	Sharanawa	namɨn	namɨn	n a m ɨ n	62	91 232	n a m ɨ n		None
711	belly	Amawaka	puku	puku	p u k u	54	8	p u k u		None
712	belly	Nawa	atu	atu	a t u	1554	90 231	a t u		None
713	belly	Marinawa	pustu	pustu	p u s t u	1553	87 86	p u s t u		None
714	belly	Yaminawa	pustu	pustu	p u s t u	1553	87 86	p u s t u		None
715	belly	Kashinawa_P	pustu	pustu	p u s t u	1553	87 86	p u s t u		None
716	belly	Kashinawa_B	pustu	pustu	p u s t u	1553	87 86	p u s t u		None
717	back [of body]	Matses	katʂo	katʂo	k a + ʈʂ o	32	203 211	k a + ʈʂ o		None
718	back [of body]	Matis	kaʂuku	kaʂuku	k a + ʂ u k u	32	203 211	k a - - + ʂ u k u		None
719	back [of body]	Marubo	kaʂu	kaʂu	k a + ʂ u	32	203 211	k a + ʂ u		None
720	back [of body]	Katukina	pimana	pimana	p i + m a n a	30	200 202	p i + - - - - - - - - - - m a n a - - - -		None
721	back [of body]	Kanamari	kaʃo	kaʃo	k a + ʃ o	32	203 211	k a - - + ʃ o - -		None
722	back [of body]	Shipibo_Konibo	pɨka	pɨka	p ɨ + k a	30	200 205	p ɨ + - - - - - - - - k a - - - - - - - -		None
723	back [of body]	Kapanawa	pɨka	pɨka	p ɨ + k a	30	200 205	p ɨ + - - - - - - - - k a - - - - - - - -		None
724	back [of body]	Arara	pitʃi	pitʃi	p ɨ + tʃ i	30	200 207	p ɨ + - - - - - - tʃ i - - - - - - - - - -		None
725	back [of body]	Shanenawa	pɨstʃi	pustʃi	p ɨ + tʃ i	30	200 207	p ɨ + - - - - - - tʃ i - - - - - - - - - -		None
726	back [of body]	Nukini	pɨʃi	puʃi	p ɨ + tʃ i	30	200 207	p ɨ + - - - - - - tʃ i - - - - - - - - - -		None
727	back [of body]	Poyanawa	pɨti	pɨti	p ɨ + t i	30	200 206	p ɨ + - - - - - - t i - - - - - - - - - -		None
728	back [of body]	Iskonawa	pɨʧi	pɨʧi	p ɨ + tʃ i	30	200 207	p ɨ + - - - - - - tʃ i - - - - - - - - - -		None
729	back [of body]	Iskonawa	katɨ	katɨ	k a + t ɨ	32	203 206	k a - - + - t ɨ		None
730	back [of body]	Chakobo	katɨ	katɨ	k a + t ɨ	32	203 206	k a - - + - t ɨ		None
731	back [of body]	Kakataibo	kaʂu	kaʂo	k a + ʂ u	32	203 211	k a - - + ʂ o		None
732	back [of body]	Kaxarari	katapu	katapu	k a + t a p u	32	203 210	k a - - + t a p u		None
733	back [of body]	Mastanawa	piʧi	piʧi	p i + tʃ i	30	200 207	p i + - - - - - - tʃ i - - - - - - - - - -		None
734	back [of body]	Chaninawa	pɨʂaβati	pɨʂaβati	p ɨ + ʂ a β a t i	30	200 209	p ɨ + ʂ a β a t i - - - - - - - - - - - -		None
735	back [of body]	Sharanawa	pɨmiti	pɨmiti	p ɨ + m i t i	30	200 208	p ɨ + - - - - - - - - - - - - - - m i t i		None
736	back [of body]	Amawaka	katɨ	katɨ	k a + t ɨ	32	203 206	k a - - + - t ɨ		None
737	back [of body]	Nawa	pɨʧi	pɨʧi	p ɨ + tʃ i	30	200 207	p ɨ + - - - - - - tʃ i - - - - - - - - - -		None
738	back [of body]	Marinawa	pɨʧi	pɨʧi	p ɨ + tʃ i	30	200 207	p ɨ + - - - - - - tʃ i - - - - - - - - - -		None
739	back [of body]	Yaminawa	pɨʧi	piʧi	p ɨ + tʃ i	30	200 207	p ɨ + - - - - - - tʃ i - - - - - - - - - -		None
740	back [of body]	Kashinawa_P	pɨʧi	pɨʧi	p ɨ + tʃ i	30	200 207	p ɨ + - - - - - - tʃ i - - - - - - - - - -		None
741	skin [of person]	Matses	βitsi	βitsi	β i ts i	1063	57 158	β i ts i - -		None
742	skin [of person]	Matis	βidtsi	βidtsi	β i ts i	1063	57 158	β i ts i - -		None
743	skin [of person]	Marubo	ɨʂpi	ɨʂpi	ɨ ʂ p i	1065	36 159	ɨ ʂ p i		None
744	skin [of person]	Katukina	wixiβi	wixiβi	w i ʂ i β i	1063	57 158	w i ʂ i β i		None
745	skin [of person]	Shipibo_Konibo	βitʃi	βitʃi	β i tʃ i	1063	57 158	β i tʃ i - -		None
746	skin [of person]	Kapanawa	βitʃi	βitʃi	β i tʃ i	1063	57 158	β i tʃ i - -		None
747	skin [of person]	Arara	βitʃi	βitʃi	β i tʃ i	1063	57 158	β i tʃ i - -		None
748	skin [of person]	Shanenawa	ɸitʃi	ɸitʃi	ɸ i tʃ i	1063	57 158	ɸ i tʃ i - -		None
749	skin [of person]	Yawanawa	βitʃi	βitʃi	β i tʃ i	1063	57 158	β i tʃ i - -		None
750	skin [of person]	Nukini	βiʃi	βiʃi	β i tʃ i	1063	57 158	β i tʃ i - -		None
751	skin [of person]	Iskonawa	βiʧi	βiʧi	β i tʃ i	1063	57 158	β i tʃ i - -		None
752	skin [of person]	Iskonawa	haka	haka	h a k a	1062	46 61	h a k a		None
753	skin [of person]	Chakobo	βitʃi	βitʃi	β i tʃ i	1063	57 158	β i tʃ i - -		None
754	skin [of person]	Pakawara	witʃi	witʃi	w i tʃ i	1063	57 158	w i tʃ i - -		None
755	skin [of person]	Kakataibo	ʂaka	ʂaka	ʂ a k a	1062	46 61	ʂ a k a		None
756	skin [of person]	Kaxarari	witʃi	witʃi	w i tʃ i	1063	57 158	w i tʃ i - -		None
757	skin [of person]	Mastanawa	ɸiʧi	ɸiʧi	ɸ i tʃ i	1063	57 158	ɸ i tʃ i - -		None
758	skin [of person]	Chaninawa	ɸit͡ʃi	ɸit͡ʃi	ɸ i tʃ i	1063	57 158	ɸ i tʃ i - -		None
759	skin [of person]	Sharanawa	ɸit͡ʃi	ɸit͡ʃi	ɸ i tʃ i	1063	57 158	ɸ i tʃ i - -		None
760	skin [of person]	Amawaka	çaka	punj̃ã	ç a k a	1062	46 61	ç a k a		None
761	skin [of person]	Nawa	ɸiʧi	ɸiʧi	ɸ i tʃ i	1063	57 158	ɸ i tʃ i - -		None
762	skin [of person]	Marinawa	ɸiʧi	ɸiʧi	ɸ i tʃ i	1063	57 158	ɸ i tʃ i - -		None
763	skin [of person]	Yaminawa	ɸiʧi	ɸiʧi	ɸ i tʃ i	1063	57 158	ɸ i tʃ i - -		None
764	skin [of person]	Kashinawa_P	βiʧi	βiʧi	β i tʃ i	1063	57 158	β i tʃ i - -		None
765	skin [of person]	Kashinawa_B	βitʃi	βitʃi	β i tʃ i	1063	57 158	β i tʃ i - -		None
766	tail	Matses	inkuente	inkuente	i n + k u e n t e	1253	160 163	- i n + - k u e n t e		None
767	tail	Matis	ina	ina	i n + a	1253	160 6	- i n + a - - - - - -		None
768	tail	Marubo	ina	ina	i n + a	1253	160 6	- i n + a - - - - - -		None
769	tail	Kanamari	hina	hina	h i n + a	1253	160 6	h i n + a - - - - - -		None
770	tail	Shipibo_Konibo	hina	hina	h i n + a	1253	160 6	h i n + a - - - - - -		None
771	tail	Kapanawa	hina	hina	h i n + a	1253	160 6	h i n + a - - - - - -		None
772	tail	Arara	inda	inda	i ⁿd + a	1253	160 6	- i ⁿd + a - - - - - -		None
773	tail	Shanenawa	ina	ina	i n + a	1253	160 6	- i n + a - - - - - -		None
774	tail	Yawanawa	ina	ina	i n + a	1253	160 6	- i n + a - - - - - -		None
775	tail	Poyanawa	βãti	βãti	β ã t i	1256	169	β ã + t i		None
776	tail	Iskonawa	ina	ina	i n + a	1253	160 6	- i n + a - - - - - -		None
777	tail	Chakobo	hina	hina	h i n + a	1253	160 6	h i n + a - - - - - -		None
778	tail	Kakataibo	ina	ina	i n + a	1253	160 6	- i n + a - - - - - -		None
779	tail	Kaxarari	tʃina	tʃina	tʃ i n + a	1257	164 6	tʃ i n + a - - - -		None
780	tail	Mastanawa	ida	ida	i d + a	1253	160 6	- i d + a - - - - - -		None
781	tail	Chaninawa	ida	ida	i d + a	1253	160 6	- i d + a - - - - - -		None
782	tail	Sharanawa	i:da	i:da	iː d + a	1253	160 6	- iː d + a - - - - - -		None
783	tail	Amawaka	hinda	hinda	h i ⁿd + a	1253	160 6	h i ⁿd + a - - - - - -		None
784	tail	Nawa	ʦimaʂa	ʦimaʂa	ts i + m a ʂ a	519	161 165	ts i - + - m a ʂ a		None
785	tail	Marinawa	inda	inda	i ⁿd + a	1253	160 6	- i ⁿd + a - - - - - -		None
786	tail	Yaminawa	tɨdɨ	tɨdɨ	t ɨ d ɨ	1616	168	t ɨ + d ɨ		None
787	tail	Kashinawa_P	hina	hina	h i n + a	1253	160 6	h i n + a - - - - - -		None
788	tail	Kashinawa_B	hina	hina	h i n + a	1253	160 6	h i n + a - - - - - -		None
789	leg	Matses	nidte	nidte	n i d + t e	688	115 116	n i d + t e		None
790	leg	Matis	tawi	tawi	t a + w i	555	120 121	t a + w i		None
791	leg	Marubo	kiʃi	kiʃi	k i + ʃ i	682	112 114	k i + ʃ i		None
792	leg	Marubo	itaʂɨ	itaʂɨ	i + t a ʂ ɨ	686	111 113	- i + - t a ʂ ɨ - -		None
793	leg	Katukina	kiʂu	kixu	k i + ʂ u	682	112 126	k i + ʂ u		None
794	leg	Kanamari	hitaʃ	hitaʃ	h i + t a ʃ	686	122 113	h i + - t a ʃ - - -		None
795	leg	Kanamari	kiʃi	kiʃi	k i + ʃ i	682	112 114	k i + ʃ i		None
796	leg	Shipibo_Konibo	kiʃi	kiʃi	k i + ʃ i	682	112 114	k i + ʃ i		None
797	leg	Shipibo_Konibo	witaʂ	witaʂ	w i + t a ʂ	686	122 113	w i + - t a ʂ - - -		None
798	leg	Kapanawa	kiʃi	kiʃi	k i + ʃ i	682	112 114	k i + ʃ i		None
799	leg	Kapanawa	witaʂ	witaʂ	w i + t a ʂ	686	122 113	w i + - t a ʂ - - -		None
800	leg	Arara	βitaʃi	βitaʃi	β i + t a ʃ i	686	122 113	β i + - t a ʃ i - -		None
801	leg	Arara	kiʃi	kiʃi	k i + ʃ i	682	112 114	k i + ʃ i		None
802	leg	Shanenawa	taɨ	taɨ	t a + ɨ	687	120 121	t a + ɨ		None
803	leg	Yawanawa	βitaʃ	βitaʃ	β i + t a ʃ	686	122 113	β i + - t a ʃ - - -		None
804	leg	Nukini	βiʃta	βiʃta	β i + ʃ t a	686	122 113	β i + ʃ t a - - - -		None
805	leg	Iskonawa	kiʃi	kiʃi	k i + ʃ i	682	112 114	k i + ʃ i		None
806	leg	Chakobo	wiku	wiku	w i + k u	686	122 123	w i + - - - - - k u		None
807	leg	Pakawara	wiku	wiku	w i + k u	686	122 123	w i + - - - - - k u		None
808	leg	Kakataibo	kisi	kisi	k i + s i	682	112 114	k i + s i		None
809	leg	Kaxarari	witaʂɨ	witaʂɨ	w i + t a ʂ ɨ	686	122 113	w i + - t a ʂ ɨ - -		None
810	leg	Mastanawa	kiʃi	kiʃi	k i + ʃ i	682	112 114	k i + ʃ i		None
811	leg	Chaninawa	kiʃi	kiʃi	k i + ʃ i	682	112 114	k i + ʃ i		None
812	leg	Sharanawa	kiʃi	kiʃi	k i + ʃ i	682	112 114	k i + ʃ i		None
813	leg	Sharanawa	ɸitaʂɨ	ɸitaʂɨ	ɸ i + t a ʂ ɨ	686	122 113	ɸ i + - t a ʂ ɨ - -		None
814	leg	Amawaka	kiʃi	kiʃi	k i + ʃ i	682	112 114	k i + ʃ i		None
815	leg	Nawa	kiʃi	kiʃi	k i + ʃ i	682	112 114	k i + ʃ i		None
816	leg	Nawa	ɸitaʂ	ɸitaʂ	ɸ i + t a ʂ	686	122 113	ɸ i + - t a ʂ - - -		None
817	leg	Marinawa	kiʃi	kiʃi	k i + ʃ i	682	112 114	k i + ʃ i		None
818	leg	Marinawa	ɸitaʃi	ɸitaʃi	ɸ i + t a ʃ i	686	122 113	ɸ i + - t a ʃ i - -		None
819	leg	Yaminawa	kiʃi	kiʃi	k i + ʃ i	682	112 114	k i + ʃ i		None
820	leg	Kashinawa_P	kiʃi	kiʃi	k i + ʃ i	682	112 114	k i + ʃ i		None
821	leg	Kashinawa_B	kiʂi	kiʂi	k i + ʂ i	682	112 114	k i + ʂ i		None
822	foot	Matses	taɨ	taɨ	t a + ɨ	483	212 215	t a + - ɨ		None
823	foot	Matis	taɨ	taɨ	t a + ɨ	483	212 215	t a + - ɨ		None
824	foot	Marubo	taɨ	taɨ	t a + ɨ	483	212 215	t a + - ɨ		None
825	foot	Katukina	taɨ	tae	t a + ɨ	483	212 215	t a + - ɨ		None
826	foot	Kanamari	taʔɨ	ta?ɨ	t a + ʔ ɨ	483	212 215	t a + ʔ ɨ		None
827	foot	Shipibo_Konibo	taɨ	taɨ	t a + ɨ	483	212 215	t a + - ɨ		None
828	foot	Kapanawa	taɨ	taɨ	t a + ɨ	483	212 215	t a + - ɨ		None
829	foot	Arara	taɨ	taɨ	t a + ɨ	483	212 215	t a + - ɨ		None
830	foot	Shanenawa	taɨ	taɨ	t a + ɨ	483	212 215	t a + - ɨ		None
831	foot	Yawanawa	taɨ	taɨ	t a + ɨ	483	212 215	t a + - ɨ		None
832	foot	Nukini	taɨ	taɨ	t a + ɨ	483	212 215	t a + - ɨ		None
833	foot	Poyanawa	taɨ	taɨ	t a + ɨ	483	212 215	t a + - ɨ		None
834	foot	Iskonawa	taɨ	taɨ	t a + ɨ	483	212 215	t a + - ɨ		None
835	foot	Chakobo	taʔɨ	ta?ɨ	t a + ʔ ɨ	483	212 215	t a + ʔ ɨ		None
836	foot	Pakawara	taʔɨ	ta?ɨ	t a + ʔ ɨ	483	212 215	t a + ʔ ɨ		None
837	foot	Kakataibo	taɨ	taɨ	t a + ɨ	483	212 215	t a + - ɨ		None
838	foot	Kaxarari	taɨ	taɨ	t a + ɨ	483	212 215	t a + - ɨ		None
839	foot	Mastanawa	taɨ	taɨ	t a + ɨ	483	212 215	t a + - ɨ		None
840	foot	Chaninawa	taɨ	taɨ	t a + ɨ	483	212 215	t a + - ɨ		None
841	foot	Sharanawa	taɨ	taɨ	t a + ɨ	483	212 215	t a + - ɨ		None
842	foot	Amawaka	taʔɨ	taʔɨ	t a + ʔ ɨ	483	212 215	t a + ʔ ɨ		None
843	foot	Nawa	taɨ	taɨ	t a + ɨ	483	212 215	t a + - ɨ		None
844	foot	Marinawa	uʂpaɾu	uʂpaɾu	u ʂ p a ɾ u	485	214	u ʂ p a ɾ u		None
845	foot	Yaminawa	taɨ	taɨ	t a + ɨ	483	212 215	t a + - ɨ		None
846	foot	Kashinawa_P	taɨ	taɨ	t a + ɨ	483	212 215	t a + - ɨ		None
847	foot	Kashinawa_B	taɨ	taɨ	t a + ɨ	483	212 215	t a + - ɨ		None
848	wing	Matses	podo	podo	p o + d o	1630	183 179	- - - p o + d o -		None
849	wing	Matis	pɨi	pɨi	p ɨ + i	1480	172 174	- - - p ɨ + - i - - - - -		None
850	wing	Marubo	pɨi	pɨi	p ɨ + i	1480	172 174	- - - p ɨ + - i - - - - -		None
851	wing	Shipibo_Konibo	pɨtʃi	pɨtʃi	p ɨ + tʃ i	1480	172 182	- - - p ɨ + - - - - - tʃ i		None
852	wing	Kapanawa	pɨi	pɨi	p ɨ + i	1480	172 174	- - - p ɨ + - i - - - - -		None
853	wing	Arara	pɨtaw	pɨtaw	p ɨ + t a w	1480	172 31	- - - p ɨ + - - t a w - -		None
854	wing	Shanenawa	pɨj	pɨj	p ɨ + i	1480	172 174	- - - p ɨ + - i - - - - -		None
855	wing	Yawanawa	pɨj	pɨj	p ɨ + i	1480	172 174	- - - p ɨ + - i - - - - -		None
856	wing	Iskonawa	pɨi	pɨi	p ɨ + i	1480	172 174	- - - p ɨ + - i - - - - -		None
857	wing	Chakobo	pɨʔi	pɨ?i	p ɨ + ʔ i	1480	172 174	- - - p ɨ + ʔ i - - - - -		None
858	wing	Kakataibo	pɨi	pɨi	p ɨ + i	1480	172 174	- - - p ɨ + - i - - - - -		None
859	wing	Kaxarari	patsasi	patsasi	p a + ts a s i	1484	178 181	p a + ts a s i		None
860	wing	Mastanawa	ampɨj	ampɨj	a m + p ɨ + i	1480	173 172 174	a m + p ɨ + - i - - - - -		None
861	wing	Chaninawa	pɨtau	pɨtau	p ɨ + t a u	1480	172 31	- - - p ɨ + - - t a u - -		None
862	wing	Sharanawa	dujati	dujati	d u j a + t i	1485	175 176	d u j a + t i		None
863	wing	Amawaka	pɨʔi	pɨʔi	p ɨ + ʔ i	1480	172 174	- - - p ɨ + ʔ i - - - - -		None
864	wing	Nawa	pɨtaw	pɨtaw	p ɨ + t a w	1480	172 31	- - - p ɨ + - - t a w - -		None
865	wing	Marinawa	pɨtaw	pɨtaw	p ɨ + t a w	1480	172 31	- - - p ɨ + - - t a w - -		None
866	wing	Yaminawa	pɨta	pɨta	p ɨ + t a	1480	172 177	- - - p ɨ + - - t a - - -		None
867	wing	Kashinawa_P	pɨj	pɨj	p ɨ + i	1480	172 174	- - - p ɨ + - i - - - - -		None
868	wing	Kashinawa_B	pɨi	pɨi	p ɨ + i	1480	172 174	- - - p ɨ + - i - - - - -		None
869	hand	Matses	mɨdante	mɨdante	m ɨ + d a n t e	546	96 99	m ɨ + - - - - - - d a n t e		None
870	hand	Matis	mɨkɨn	mɨkɨn	m ɨ + k ɨ n	546	96 101	m ɨ + k ɨ n - - - - - - - -		None
871	hand	Marubo	mɨβi	mɨβi	m ɨ + β i	546	96 97	m ɨ + β i - - - - - - - - -		None
872	hand	Katukina	meβi	meβi	m e + β i	546	96 97	m e + - - - - β i - - - - -		None
873	hand	Kanamari	mɨβi	mwɨβi	mʷ ɨ + β i	546	96 97	mʷ ɨ + - - - - β i - - - - -		None
874	hand	Shipibo_Konibo	mɨkɨn	mɨkɨn	m ɨ + k ɨ n	546	96 101	m ɨ + k ɨ n - - - - - - - -		None
875	hand	Kapanawa	mɨkɨn	mɨkɨn	m ɨ + k ɨ n	546	96 101	m ɨ + k ɨ n - - - - - - - -		None
876	hand	Arara	βɨhi	βɨhi	b ɨ + h i	546	96 100	b ɨ + - - - - h i - - - - -		None
877	hand	Shanenawa	mɨɸi	mɨɸi	m ɨ + ɸ i	546	96 97	m ɨ + - - - - ɸ i - - - - -		None
878	hand	Yawanawa	mɨhi	mɨhi	m ɨ + h i	546	96 100	m ɨ + - - - - h i - - - - -		None
879	hand	Nukini	mɨwi	mɨwi	m ɨ + w i	546	96 97	m ɨ + - - - - w i - - - - -		None
880	hand	Poyanawa	mɨkɨn	mɨkɨn	m ɨ + k ɨ n	546	96 101	m ɨ + k ɨ n - - - - - - - -		None
881	hand	Iskonawa	mɨˀβi	mɨˀβi	m ɨ + β i	546	96 97	m ɨ + - - - - β i - - - - -		None
882	hand	Chakobo	mɨkɨnɨ	mɨkɨnɨ	m ɨ + k ɨ n ɨ	546	96 101	m ɨ + k ɨ n ɨ - - - - - - -		None
883	hand	Pakawara	mɨkɨna	mɨkɨna	m ɨ + k ɨ n a	546	96 101	m ɨ + k ɨ n a - - - - - - -		None
884	hand	Kakataibo	mɨkɨn	mɨkɨn	m ɨ + k ɨ n	546	96 101	m ɨ + k ɨ n - - - - - - - -		None
885	hand	Kaxarari	mɨkɨlɨ	mɨkɨlɨ	m ɨ + k ɨ l ɨ	546	96 101	m ɨ + k ɨ l ɨ - - - - - - -		None
886	hand	Mastanawa	bɨɸi	bɨɸi	b ɨ + ɸ i	546	96 97	b ɨ + ɸ i - - - - - - - - -		None
887	hand	Chaninawa	βɨkɨ	βɨkɨ	b ɨ + k ɨ	546	96 98	b ɨ + k ɨ - - - - - - - - -		None
888	hand	Chaninawa	βɨɸi	βɨɸi	b ɨ + ɸ i	546	96 97	b ɨ + - - - - ɸ i - - - - -		None
889	hand	Sharanawa	bɨɸi	bɨɸi	b ɨ + ɸ i	546	96 97	b ɨ + - - - - ɸ i - - - - -		None
890	hand	Amawaka	mɨkɨn	mɨkɨn	m ɨ + k ɨ n	546	96 101	m ɨ + k ɨ n - - - - - - - -		None
891	hand	Nawa	bɨkɨ	bɨkɨ	b ɨ + k ɨ	546	96 98	b ɨ + k ɨ - - - - - - - - -		None
892	hand	Marinawa	bɨkɨ	bɨkɨ	b ɨ + k ɨ	546	96 98	b ɨ + k ɨ - - - - - - - - -		None
893	hand	Yaminawa	mɨʔɨ	mɨʔɨ	m ɨ + ʔ ɨ	546	96 0	m ɨ + ʔ ɨ - - - - - - - - -		None
894	hand	Kashinawa_P	mɨki	mɨki	m ɨ + k i	546	96 98	m ɨ + k i - - - - - - - - -		None
895	hand	Kashinawa_B	mɨ̃kɨ̃	mɨ̃kɨ̃	m ɨ̃ + k ɨ̃	546	96 101	m ɨ̃ + k ɨ̃ - - - - - - - - -		None
896	feather [large]	Matses	podo	podo	p o d o	312	117 224	p o d o		None
897	feather [large]	Matis	podo	podo	p o d o	312	117 224	p o d o		None
898	feather [large]	Marubo	pɨi	pɨi	p ɨ + i	375	216 221	p ɨ + - i		None
899	feather [large]	Katukina	rani	rani	r a n i	376	218 222	r a n i		None
900	feather [large]	Kanamari	pɨʔi	pɨ?i	p ɨ + ʔ i	375	216 221	p ɨ + ʔ i		None
901	feather [large]	Shipibo_Konibo	pɨi	pɨi	p ɨ + i	375	216 221	p ɨ + - i		None
902	feather [large]	Kapanawa	pɨi	pɨi	p ɨ + i	375	216 221	p ɨ + - i		None
903	feather [large]	Arara	pɨi	pɨi	p ɨ + i	375	216 221	p ɨ + - i		None
904	feather [large]	Shanenawa	pɨj	pɨj	p ɨ + i	375	216 221	p ɨ + - i		None
905	feather [large]	Yawanawa	pɨi	pɨi	p ɨ + i	375	216 221	p ɨ + - i		None
906	feather [large]	Nukini	kɨru	kɨru	k ɨ r u	380	118 225	k ɨ r u		None
907	feather [large]	Poyanawa	pɨi	pɨi	p ɨ + i	375	216 221	p ɨ + - i		None
908	feather [large]	Iskonawa	pɨi	pɨi	p ɨ + i	375	216 221	p ɨ + - i		None
909	feather [large]	Chakobo	pɨʔi	pɨ?i	p ɨ + ʔ i	375	216 221	p ɨ + ʔ i		None
910	feather [large]	Pakawara	puhi	puhi	p u + h i	375	119 221	p u + h i		None
911	feather [large]	Kakataibo	pɨi	pɨi	p ɨ + i	375	216 221	p ɨ + - i		None
912	feather [large]	Kaxarari	pii	pii	p i + i	375	216 221	p i + - i		None
913	feather [large]	Mastanawa	ʂupu	ʂupu	ʂ u p u	378	124	ʂ u p u		None
914	feather [large]	Chaninawa	pɨi	pɨi	p ɨ + i	375	216 221	p ɨ + - i		None
915	feather [large]	Sharanawa	ʂupu	ʂupu	ʂ u p u	378	124	ʂ u p u		None
916	feather [large]	Amawaka	pɨʔi	pɨʔi	p ɨ + ʔ i	375	216 221	p ɨ + ʔ i		None
917	feather [large]	Nawa	ɾadi	ɾadi	ɾ a d i	376	218 223	ɾ a d i		None
918	feather [large]	Marinawa	ɾandi	ɾandi	ɾ a nd i	376	218 222	ɾ a ⁿd i		None
919	feather [large]	Yaminawa	pɨj	pɨj	p ɨ + i	375	216 221	p ɨ + - i		None
920	feather [large]	Kashinawa_P	pɨj	pɨj	p ɨ + i	375	216 221	p ɨ + - i		None
921	feather [large]	Kashinawa_B	pɨi	pɨi	p ɨ + i	375	216 221	p ɨ + - i		None
922	heart	Matses	uinte	winte	u i n + t e	566	103 109	- u - i n + t e		None
923	heart	Matis	uinte	winte	u i n + t e	566	103 109	- u - i n + t e		None
924	heart	Marubo	winti	winti	w i n + t i	566	103 104	w i - - n + t i		None
925	heart	Katukina	winti	winti	w i n + t i	566	103 104	w i - - n + t i		None
926	heart	Shipibo_Konibo	huinti	huinti	h u i n + t i	566	103 104	h u - i n + t i		None
927	heart	Kapanawa	hwinti	hwinti	h u i n + t i	566	103 104	h u - i n + t i		None
928	heart	Arara	ũti	ũti	ũ + t i	566	103 104	- ũ - - - + t i		None
929	heart	Shanenawa	uinti	uinti	u i n + t i	566	103 104	- u - i n + t i		None
930	heart	Yawanawa	ũĩti	ũĩti	ũ ĩ + t i	566	103 104	- ũ - ĩ - + t i		None
931	heart	Nukini	kɨpĩ	kɨpĩ	k ɨ + p ĩ	569	105 110	k ɨ p ĩ		None
932	heart	Poyanawa	ũĩti	ũĩti	ũ ĩ + t i	566	103 104	- ũ - ĩ - + t i		None
933	heart	Iskonawa	ũĩti	ũĩti	ũ ĩ + t i	566	103 104	- ũ - ĩ - + t i		None
934	heart	Chakobo	huiti	huiti	h u i + t i	566	103 104	h u - i - + t i		None
935	heart	Pakawara	huwiti	huwiti	h u w i + t i	566	103 104	h u w i - + t i		None
936	heart	Kakataibo	nuitu	nuitu	n u i t u	566	5	n u - i - - t u		None
937	heart	Kaxarari	hɨya	hɨya	h ɨ j a	570	103 107	h ɨ - - - + j a		None
938	heart	Mastanawa	uɨnti	uɨnti	u ɨ n + t i	566	103 104	- u - ɨ n + t i		None
939	heart	Chaninawa	uĩti	uĩti	u ĩ + t i	566	103 104	- u - ĩ - + t i		None
940	heart	Sharanawa	ũĩti	ũĩti	ũ ĩ + t i	566	103 104	- ũ - ĩ - + t i		None
941	heart	Amawaka	huinti	huinti	h u i n + t i	566	103 104	h u - i n + t i		None
942	heart	Nawa	uɨnti	uɨnti	u ɨ n + t i	566	103 104	- u - ɨ n + t i		None
943	heart	Marinawa	uɨnti	uɨnti	u ɨ n + t i	566	103 104	- u - ɨ n + t i		None
944	heart	Yaminawa	uwɨti	uwɨti	u w ɨ + t i	566	103 104	- u w ɨ - + t i		None
945	heart	Kashinawa_P	ɸujnti	ɸujnti	ɸ u j/i n + t i	566	103 104	ɸ u - j/i n + t i		None
946	heart	Kashinawa_B	huĩti	huĩti	h u ĩ + t i	566	103 104	h u - ĩ - + t i		None
947	guts	Matses	puku	puku	p u k u	534	92 88	p u k u		None
948	guts	Matis	puku	puku	p u k u	534	92 88	p u k u		None
949	guts	Marubo	puku	puku	p u k u	534	92 88	p u k u		None
950	guts	Katukina	puku	puku	p u k u	534	92 88	p u k u		None
951	guts	Shipibo_Konibo	puku	puku	p u k u	534	92 88	p u k u		None
952	guts	Kapanawa	puku	puku	p u k u	534	92 88	p u k u		None
953	guts	Shanenawa	puku	puku	p u k u	534	92 88	p u k u		None
954	guts	Yawanawa	puku	puku	p u k u	534	92 88	p u k u		None
955	guts	Nukini	puku	puku	p u k u	534	92 88	p u k u		None
956	guts	Poyanawa	βɨtɨh	βɨtɨh	β ɨ t ɨ h	536	233 93	β ɨ t ɨ h		None
957	guts	Iskonawa	puku	puku	p u k u	534	92 88	p u k u		None
958	guts	Chakobo	puku	puku	p u k u	534	92 88	p u k u		None
959	guts	Kakataibo	puku	puku	p u k u	534	92 88	p u k u		None
960	guts	Mastanawa	puʔu	puʔu	p u ʔ u	534	92 88	p u ʔ u		None
961	guts	Chaninawa	puku	puku	p u k u	534	92 88	p u k u		None
962	guts	Sharanawa	puku	puku	p u k u	534	92 88	p u k u		None
963	guts	Amawaka	puku	puku	p u k u	534	92 88	p u k u		None
964	guts	Nawa	puku	puku	p u k u	534	92 88	p u k u		None
965	guts	Marinawa	puku	puku	p u k u	534	92 88	p u k u		None
966	guts	Yaminawa	puʔu	puʔu	p u ʔ u	534	92 88	p u ʔ u		None
967	guts	Kashinawa_P	puku	puku	p u k u	534	92 88	p u k u		None
968	liver	Matses	isese	isese	i + s e s e	709	131 132	i s e s e		None
969	liver	Matis	takua	takua	t a kʷ a	708	17 18	- t a kʷ a		None
970	liver	Marubo	taka	taka	t a k a	708	17 127	- t a k a		None
971	liver	Katukina	taka	taka	t a k a	708	17 127	- t a k a		None
972	liver	Shipibo_Konibo	taka	taka	t a k a	708	17 127	- t a k a		None
973	liver	Kapanawa	taka	taka	t a k a	708	17 127	- t a k a		None
974	liver	Arara	taka	taka	t a k a	708	17 127	- t a k a		None
975	liver	Shanenawa	taka	taka	t a k a	708	17 127	- t a k a		None
976	liver	Yawanawa	taka	taka	t a k a	708	17 127	- t a k a		None
977	liver	Nukini	taka	taka	t a k a	708	17 127	- t a k a		None
978	liver	Poyanawa	taka	taka	t a k a	708	17 127	- t a k a		None
979	liver	Iskonawa	taka	taka	t a k a	708	17 127	- t a k a		None
980	liver	Chakobo	taka	taka	t a k a	708	17 127	- t a k a		None
981	liver	Pakawara	taka	taka	t a k a	708	17 127	- t a k a		None
982	liver	Kakataibo	takwa	takwa	t a kʷ a	708	17 18	- t a kʷ a		None
983	liver	Kaxarari	taka	taka	t a k a	708	17 127	- t a k a		None
984	liver	Mastanawa	taʔa	taʔa	t a ʔ a	708	17 128	- t a ʔ a		None
985	liver	Chaninawa	taka	taka	t a k a	708	17 127	- t a k a		None
986	liver	Sharanawa	taka	taka	t a k a	708	17 127	- t a k a		None
987	liver	Amawaka	tança	tança	t a n ç a	1631	133 130	t a n ç a		None
988	liver	Nawa	taka	taka	t a k a	708	17 127	- t a k a		None
989	liver	Marinawa	taka	taka	t a k a	708	17 127	- t a k a		None
990	liver	Yaminawa	taʔa	taʔa	t a ʔ a	708	17 128	- t a ʔ a		None
991	liver	Kashinawa_P	taka	taka	t a k a	708	17 127	- t a k a		None
992	liver	Kashinawa_B	taka	taka	t a k a	708	17 127	- t a k a		None
993	bone	Matses	kanite	kanite	k a + n i t e	121	0	k a + n i t e		None
994	bone	Matis	wiʃpo	wiʃpo	w i ʃ p o	122	0	w i ʃ p o		None
995	bone	Marubo	ʂau	ʂau	ʂ a u	125	0	ʂ a - u		None
996	bone	Katukina	ʂau	xau	ʂ a u	125	0	ʂ a - u		None
997	bone	Shipibo_Konibo	ʂau	ʂau	ʂ a u	125	0	ʂ a - u		None
998	bone	Kapanawa	ʂaw	ʂaw	ʂ a w	125	0	ʂ a - w		None
999	bone	Arara	ʃau	ʃau	ʃ a u	125	0	ʃ a - u		None
1000	bone	Shanenawa	ʂaw	ʂaw	ʂ a w	125	0	ʂ a - w		None
1001	bone	Yawanawa	ʂau	ʂau	ʂ a u	125	0	ʂ a - u		None
1002	bone	Nukini	hau	hau	h a u	125	0	h a - u		None
1003	bone	Poyanawa	haw	haw	h a w	125	0	h a - w		None
1004	bone	Iskonawa	haw	haw	h a w	125	0	h a - w		None
1005	bone	Chakobo	ʂau	ʂau	ʂ a u	125	0	ʂ a - u		None
1006	bone	Pakawara	ʂau	ʂau	ʂ a u	125	0	ʂ a - u		None
1007	bone	Kakataibo	ʂo	ʂo	ʂ o	125	0	ʂ o - -		None
1008	bone	Kaxarari	ʂahu	ʂahu	ʂ a h u	125	0	ʂ a h u		None
1009	bone	Mastanawa	ʂaw	ʂaw	ʂ a w	125	0	ʂ a - w		None
1010	bone	Chaninawa	ʂau	ʂau	ʂ a u	125	0	ʂ a - u		None
1011	bone	Sharanawa	ʂau	ʂau	ʂ a u	125	0	ʂ a - u		None
1012	bone	Amawaka	çaw	çaw	ç a w	125	0	ç a - w		None
1013	bone	Nawa	ʂaw	ʂaw	ʂ a w	125	0	ʂ a - w		None
1014	bone	Marinawa	ʂaw	ʂaw	ʂ a w	125	0	ʂ a - w		None
1015	bone	Yaminawa	ʂaw	ʂaw	ʂ a w	125	0	ʂ a - w		None
1016	bone	Kashinawa_P	ʂaw	ʂaw	ʂ a w	125	0	ʂ a - w		None
1017	bone	Kashinawa_B	ʂau	ʂau	ʂ a u	125	0	ʂ a - u		None
1018	meat (flesh)	Matses	nami	nami	n a m i	747	129 134	n a m i		None
1019	meat (flesh)	Matis	nami	nami	n a m i	747	129 134	n a m i		None
1020	meat (flesh)	Marubo	nami	nami	n a m i	747	129 134	n a m i		None
1021	meat (flesh)	Katukina	nami	nami	n a m i	747	129 134	n a m i		None
1022	meat (flesh)	Shipibo_Konibo	nami	nami	n a m i	747	129 134	n a m i		None
1023	meat (flesh)	Kapanawa	nami	nami	n a m i	747	129 134	n a m i		None
1024	meat (flesh)	Arara	nambi	nambi	n a mb i	747	129 135	n a mb i		None
1025	meat (flesh)	Shanenawa	nami	nami	n a m i	747	129 134	n a m i		None
1026	meat (flesh)	Yawanawa	nami	nami	n a m i	747	129 134	n a m i		None
1027	meat (flesh)	Nukini	nami	nami	n a m i	747	129 134	n a m i		None
1028	meat (flesh)	Poyanawa	nambi	nambi	n a mb i	747	129 135	n a mb i		None
1029	meat (flesh)	Iskonawa	nami	nami	n a m i	747	129 134	n a m i		None
1030	meat (flesh)	Chakobo	nami	nami	n a m i	747	129 135	n a m i		None
1031	meat (flesh)	Pakawara	nami	nami	n a m i	747	129 134	n a m i		None
1032	meat (flesh)	Kakataibo	nami	nami	n a m i	747	129 134	n a m i		None
1033	meat (flesh)	Kaxarari	lami	lami	l a m i	747	129 135	l a m i		None
1034	meat (flesh)	Mastanawa	dabi	dabi	d a b i	747	129 136	d a b i		None
1035	meat (flesh)	Chaninawa	dabi	dabi	d a b i	747	129 136	d a b i		None
1036	meat (flesh)	Sharanawa	dabi	dabi	d a b i	747	129 136	d a b i		None
1037	meat (flesh)	Amawaka	nambi	nambi	n a mb i	747	129 135	n a mb i		None
1038	meat (flesh)	Nawa	dabi	dabi	d a b i	747	129 136	d a b i		None
1039	meat (flesh)	Marinawa	danbi	danbi	d a mb i	747	129 135	d a mb i		None
1040	meat (flesh)	Yaminawa	dabi	dabi	d a b i	747	129 136	d a b i		None
1041	meat (flesh)	Kashinawa_P	nami	nami	n a m i	747	129 134	n a m i		None
1042	meat (flesh)	Kashinawa_B	nami	nami	n a m i	747	129 134	n a m i		None
1043	fat (grease)	Matses	βɨtʃi	βɨtʃi	β ɨ tʃ i	5	0	β ɨ tʃ i		None
1044	fat (grease)	Matis	ʂɨnio	ʂɨnio	ʂ ɨ n i + o	358	0	ʂ ɨ n i + o		None
1045	fat (grease)	Marubo	ʂɨni	ʂɨni	ʂ ɨ n i	358	0	ʂ ɨ n i - -		None
1046	fat (grease)	Katukina	xene	xene	ʂ e n e	358	0	ʂ e n e - -		None
1047	fat (grease)	Shipibo_Konibo	ʂɨni	ʂɨni	ʂ ɨ n i	358	0	ʂ ɨ n i - -		None
1048	fat (grease)	Kapanawa	ʂɨni	ʂɨni	ʂ ɨ n i	358	0	ʂ ɨ n i - -		None
1049	fat (grease)	Shanenawa	ʂɨni	ʂɨni	ʂ ɨ n i	358	0	ʂ ɨ n i - -		None
1050	fat (grease)	Poyanawa	hɨndi	hɨndi	h ɨ nd i	358	0	h ɨ nd i - -		None
1051	fat (grease)	Iskonawa	hɨni	hɨni	h ɨ n i	358	0	h ɨ n i - -		None
1052	fat (grease)	Chakobo	ʂɨni	ʂɨni	ʂ ɨ n i	358	0	ʂ ɨ n i - -		None
1053	fat (grease)	Kakataibo	ʂɨni	ʂɨni	ʂ ɨ n i	358	0	ʂ ɨ n i - -		None
1054	fat (grease)	Mastanawa	ʃidi	ʃidi	ʃ i d i	358	0	ʃ i d i - -		None
1055	fat (grease)	Chaninawa	ʂɨdi	ʂɨdi	ʂ ɨ d i	358	0	ʂ ɨ d i - -		None
1056	fat (grease)	Sharanawa	ʂɨdi	ʂɨdi	ʂ ɨ d i	358	0	ʂ ɨ d i - -		None
1057	fat (grease)	Amawaka	çɨndi	çɨndi	ç ɨ nd i	358	0	ç ɨ nd i - -		None
1058	fat (grease)	Nawa	ʂɨdi	ʂɨdi	ʂ ɨ d i	358	0	ʂ ɨ d i - -		None
1059	fat (grease)	Marinawa	ʂɨndi	ʂɨndi	ʂ ɨ nd i	358	0	ʂ ɨ nd i - -		None
1060	fat (grease)	Yaminawa	ʂɨdi	ʂɨdi	ʂ ɨ d i	358	0	ʂ ɨ d i - -		None
1061	fat (grease)	Kashinawa_P	ʂɨni	ʂɨni	ʂ ɨ n i	358	0	ʂ ɨ n i - -		None
1062	blood	Matses	intak	intak	i n t a k	106	0	- i n - t a k		None
1063	blood	Matis	imi	imi	i m i	106	0	- i m i - - -		None
1064	blood	Marubo	imi	imi	i m i	106	0	- i m i - - -		None
1065	blood	Katukina	himi	himi	h i m i	106	0	h i m i - - -		None
1066	blood	Shipibo_Konibo	himi	himi	h i m i	106	0	h i m i - - -		None
1067	blood	Kapanawa	himi	himi	h i m i	106	0	h i m i - - -		None
1068	blood	Arara	imbi	imbi	i mb i	106	0	- i mb i - - -		None
1069	blood	Shanenawa	imi	imi	i m i	106	0	- i m i - - -		None
1070	blood	Yawanawa	imi	imi	i m i	106	0	- i m i - - -		None
1071	blood	Nukini	imĩ	imĩ	i m ĩ	106	0	- i m ĩ - - -		None
1072	blood	Poyanawa	imbi	imbi	i mb i	106	0	- i mb i - - -		None
1073	blood	Iskonawa	imi	imi	i m i	106	0	- i m i - - -		None
1074	blood	Chakobo	himi	himi	h i m i	106	0	h i m i - - -		None
1075	blood	Pakawara	himi	himi	h i m i	106	0	h i m i - - -		None
1076	blood	Kakataibo	imi	imi	i m i	106	0	- i m i - - -		None
1077	blood	Kaxarari	himi	himi	h i m i	106	0	h i m i - - -		None
1078	blood	Mastanawa	ibi	ibi	i b i	106	0	- i b i - - -		None
1079	blood	Chaninawa	ibi	ibi	i b i	106	0	- i b i - - -		None
1080	blood	Sharanawa	ibi	ibi	i b i	106	0	- i b i - - -		None
1081	blood	Amawaka	himbi	himbi	h i mb i	106	0	h i mb i - - -		None
1082	blood	Nawa	ibi	ibi	i b i	106	0	- i b i - - -		None
1083	blood	Marinawa	inbi	inbi	i mb i	106	0	- i mb i - - -		None
1084	blood	Yaminawa	ibi	ibi	i b i	106	0	- i b i - - -		None
1085	blood	Kashinawa_P	himi	himi	h i m i	106	0	h i m i - - -		None
1086	blood	Kashinawa_B	himi	himi	h i m i	106	0	h i m i - - -		None
1087	root	Matses	tapun	tapun	t a + p u n	918	248 249	t a + p u n		None
1088	root	Matis	ʂuku	ʂuku	ʂ u + k u	923	250 251	ʂ u k u		None
1089	root	Marubo	tapun	tapun	t a + p u n	918	248 249	t a + p u n		None
1090	root	Shipibo_Konibo	tapun	tapun	t a + p u n	918	248 249	t a + p u n		None
1091	root	Kapanawa	tapun	tapun	t a + p u n	918	248 249	t a + p u n		None
1092	root	Arara	tapu	tapu	t a + p u	918	248 249	t a p u - -		None
1093	root	Shanenawa	tapu	tapu	t a + p u	918	248 249	t a + p u		None
1094	root	Yawanawa	tapun	tapun	t a + p u n	918	248 249	t a + p u n		None
1095	root	Poyanawa	tatʃa	tatʃa	t a + tʃ a	919	248 255	t a + tʃ a		None
1096	root	Iskonawa	tapũ	tapũ	t a + p ũ	918	248 249	t a + p ũ		None
1097	root	Chakobo	tapunu	tapunu	t a + p u n u	918	248 249	t a + p u n u		None
1098	root	Pakawara	tapunu	tapunu	t a + p u n u	918	248 249	t a + p u n u		None
1099	root	Kakataibo	tapun	tapun	t a + p u n	918	248 249	t a + p u n		None
1100	root	Kaxarari	tʃipunu	tʃipunu	tʃ i + p u n u	1581	248 249	tʃ i + p u n u		None
1101	root	Mastanawa	taʧa	taʧa	t a + tʃ a	919	248 255	t a + tʃ a		None
1102	root	Chaninawa	tapu	tapu	t a + p u	918	248 249	t a + p u		None
1103	root	Sharanawa	tat͡ʃa	tat͡ʃa	t a + tʃ a	919	248 255	t a + tʃ a		None
1104	root	Amawaka	hi:	hi:	h iː	925	252	h iː		None
1105	root	Nawa	tapu	tapu	t a + p u	918	248 249	t a + p u		None
1106	root	Marinawa	tapu	tapu	t a + p u	918	248 249	t a + p u		None
1107	root	Yaminawa	tapu	tapu	t a + p u	918	248 249	t a + p u		None
1108	root	Kashinawa_P	taʧa	taʧa	t a + tʃ a	919	248 255	t a + tʃ a		None
1109	root	Kashinawa_B	tatʃa	tatʃa	t a + tʃ a	919	248 255	t a + tʃ a		None
1110	leaf	Matses	podo	podo	p o d o	675	0	p o d o		None
1111	leaf	Matis	podo	podo	p o d o	675	0	p o d o		None
1112	leaf	Marubo	pɨi	pɨi	p ɨ + i	673	0	p ɨ + i		None
1113	leaf	Katukina	pei	pei	p e + i	673	0	p e + i		None
1114	leaf	Shipibo_Konibo	pɨi	pɨi	p ɨ + i	673	0	p ɨ + i		None
1115	leaf	Kapanawa	pɨi	pɨi	p ɨ + i	673	0	p ɨ + i		None
1116	leaf	Arara	dipɨ	dipɨ	d i p ɨ	582	0	d i p ɨ		None
1117	leaf	Shanenawa	pɨj	pɨj	p ɨ + j	673	0	p ɨ + j		None
1118	leaf	Yawanawa	pɨi	pɨi	p ɨ + i	673	0	p ɨ + i		None
1119	leaf	Nukini	mãnɨ	mãnɨ	m ã n ɨ	674	0	m ã n ɨ		None
1120	leaf	Poyanawa	mandi	mandi	m a nd i	674	0	m a ⁿd i		None
1121	leaf	Iskonawa	pɨi	pɨi	p ɨ + i	673	0	p ɨ + i		None
1122	leaf	Chakobo	pɨʔi	pɨ?i	p ɨ + ʔ i	673	0	p ɨ + ʔ i		None
1123	leaf	Pakawara	pɨʔi	pɨ?i	p ɨ + ʔ i	673	0	p ɨ + ʔ i		None
1124	leaf	Kakataibo	pɨi	pɨi	p ɨ + i	673	0	p ɨ + i		None
1125	leaf	Kaxarari	himani	himani	h i + m a n i	674	0	h i + m a n i		None
1126	leaf	Mastanawa	pɨj	pɨj	p ɨ + j	673	0	p ɨ + j		None
1127	leaf	Chaninawa	ʂɨpa	ʂɨpa	ʂ ɨ p a	679	0	ʂ ɨ p a		None
1128	leaf	Sharanawa	pɨi	pɨi	p ɨ + i	673	0	p ɨ + i		None
1129	leaf	Amawaka	mandi	mandi	m a ⁿd i	674	0	m a ⁿd i		None
1130	leaf	Nawa	pɨj	pɨj	p ɨ + j	673	0	p ɨ + j		None
1131	leaf	Marinawa	pɨj	pɨj	p ɨ + j	673	0	p ɨ + j		None
1132	leaf	Yaminawa	pɨj	pɨj	p ɨ + j	673	0	p ɨ + j		None
1133	leaf	Kashinawa_P	pɨj	pɨj	p ɨ + j	673	0	p ɨ + j		None
1134	leaf	Kashinawa_B	pɨy	pɨy	p ɨ + i	673	0	p ɨ + i		None
1135	flower	Matses	βakuɨ	βakuɨ	β a kʷ ɨ	454	0	β a k u ɨ		None
1136	flower	Matis	ua	wa	u a	448	0	- - - - u a		None
1137	flower	Marubo	wa	wa	w a	448	0	- - - - w a		None
1138	flower	Katukina	hawa	hawa	h a w a	451	0	h a w a		None
1139	flower	Shipibo_Konibo	hua	hua	h u a	448	0	- - - h u a		None
1140	flower	Kapanawa	hua	hua	h u a	448	0	- - - h u a		None
1141	flower	Arara	ua	ua	u a	448	0	- - - - u a		None
1142	flower	Shanenawa	nina	nina	n i n a	452	0	n i n a		None
1143	flower	Yawanawa	ua	ua	u a	448	0	- - - - u a		None
1144	flower	Poyanawa	tʃuku	tʃuku	tʃ u k u	453	0	tʃ u k u		None
1145	flower	Iskonawa	ua	ua	u a	448	0	- - - - u a		None
1146	flower	Chakobo	hua	hua	h u a	448	0	- - - h u a		None
1147	flower	Pakawara	hua	hua	h u a	448	0	- - - h u a		None
1148	flower	Kakataibo	rua	rua	u a	448	0	- - - - u a		None
1149	flower	Kaxarari	hihua	hihua	h i + h u a	448	0	h i + h u a		None
1150	flower	Mastanawa	ʧaɾu	ʧaɾu	tʃ a ɾ u	449	0	tʃ a ɾ u		None
1151	flower	Chaninawa	t͡ʃaɾu	t͡ʃaɾu	tʃ a ɾ u	449	0	tʃ a ɾ u		None
1152	flower	Sharanawa	t͡ʃaɾu	t͡ʃaɾu	tʃ a ɾ u	449	0	tʃ a ɾ u		None
1153	flower	Amawaka	t͡ʃaɾu	t͡ʃaɾu	tʃ a ɾ u	449	0	tʃ a ɾ u		None
1154	flower	Nawa	ʧaɾu	ʧaɾu	tʃ a ɾ u	449	0	tʃ a ɾ u		None
1155	flower	Marinawa	ʧaɾu	ʧaɾu	tʃ a ɾ u	449	0	tʃ a ɾ u		None
1156	flower	Yaminawa	ʧaɾu	ʧaɾu	tʃ a ɾ u	449	0	tʃ a ɾ u		None
1157	flower	Kashinawa_P	hwa	hwa	h u a	448	0	- - - h u a		None
1158	flower	Kashinawa_B	hua	hua	h u a	448	0	- - - h u a		None
1159	fruit (berry)	Matses	βakuɨ	βakuɨ	β a kʷ ɨ	489	0	β a k u ɨ		None
1160	fruit (berry)	Matis	tʃitʃo	tʃitʃo	tʃ i tʃ o	389	0	tʃ i tʃ o		None
1161	fruit (berry)	Marubo	βimi	βimi	β i m i	487	0	β i m - i		None
1162	fruit (berry)	Katukina	βimi	βimi	β i m i	487	0	β i m - i		None
1163	fruit (berry)	Kanamari	βimi	βimi	β i m i	487	0	β i m - i		None
1164	fruit (berry)	Shipibo_Konibo	βimi	βimi	β i m i	487	0	β i m - i		None
1165	fruit (berry)	Kapanawa	βimi	βimi	β i m i	487	0	β i m - i		None
1166	fruit (berry)	Arara	βimbi	βimbi	β i m b i	487	0	β i m b i		None
1167	fruit (berry)	Shanenawa	fimi	fimi	f i m i	487	0	f i m - i		None
1168	fruit (berry)	Yawanawa	βimi	βimi	β i m i	487	0	β i m - i		None
1169	fruit (berry)	Nukini	βimĩ	βimĩ	β i m ĩ	487	0	β i m - ĩ		None
1170	fruit (berry)	Poyanawa	ũxi	ũxi	ũ ʂ i	490	0	ũ x i		None
1171	fruit (berry)	Iskonawa	βimi	βimi	β i m i	487	0	β i m - i		None
1172	fruit (berry)	Chakobo	βimi	βimi	β i m i	487	0	β i m - i		None
1173	fruit (berry)	Pakawara	βimi	βimi	β i m i	487	0	β i m - i		None
1174	fruit (berry)	Kakataibo	βimi	βimi	β i m i	487	0	β i m - i		None
1175	fruit (berry)	Kaxarari	wimi	wimi	w i m i	487	0	w i m - i		None
1176	fruit (berry)	Mastanawa	ɸibi	ɸibi	ɸ i b i	487	0	ɸ i - b i		None
1177	fruit (berry)	Chaninawa	ɸibi	ɸibi	ɸ i b i	487	0	ɸ i - b i		None
1178	fruit (berry)	Sharanawa	ɸibi	ɸibi	ɸ i b i	487	0	ɸ i - b i		None
1179	fruit (berry)	Amawaka	wimbi	wimbi	w i m b i	487	0	w i m b i		None
1180	fruit (berry)	Nawa	ɸibi	ɸibi	ɸ i b i	487	0	ɸ i - b i		None
1181	fruit (berry)	Marinawa	ɸinbi	ɸinbi	ɸ i n b i	487	0	ɸ i n b i		None
1182	fruit (berry)	Yaminawa	ɸibi	ɸibi	ɸ i b i	487	0	ɸ i - b i		None
1183	fruit (berry)	Kashinawa_P	βimi	βimi	β i m i	487	0	β i m - i		None
1184	fruit (berry)	Kashinawa_B	βimi	βimi	β i m i	487	0	β i m - i		None
1185	seed	Matses	ɨʂɨ	ɨʂɨ	ɨ ʂ ɨ	999	0	- ɨ ʂ ɨ		None
1186	seed	Matis	ɨʂɨ	ɨʂɨ	ɨ ʂ ɨ	999	0	- ɨ ʂ ɨ		None
1187	seed	Marubo	ɨʂɨ	ɨʂɨ	ɨ ʂ ɨ	999	0	- ɨ ʂ ɨ		None
1188	seed	Katukina	hexhe	hexhe	h e ʂ e	999	0	h e x e		None
1189	seed	Kanamari	hɨsɨ	hɨsɨ	h ɨ s ɨ	999	0	h ɨ s ɨ		None
1190	seed	Shipibo_Konibo	βɨru	βɨru	β ɨ r u	1000	3	β ɨ r u		None
1191	seed	Kapanawa	βɨru	βɨru	β ɨ r u	1000	0	β ɨ r u		None
1192	seed	Arara	ɨʂɨ	ɨʂɨ	ɨ ʂ ɨ	999	0	- ɨ ʂ ɨ		None
1193	seed	Shanenawa	ɨʂɨ	ɨʂɨ	ɨ ʂ ɨ	999	0	- ɨ ʂ ɨ		None
1194	seed	Yawanawa	ɨʂɨ	ɨʂɨ	ɨ ʂ ɨ	999	0	- ɨ ʂ ɨ		None
1195	seed	Nukini	ɨhu	ɨhu	ɨ h u	999	0	- ɨ h u		None
1196	seed	Poyanawa	ɨhɨ	ɨhɨ	ɨ h ɨ	999	0	- ɨ h ɨ		None
1197	seed	Iskonawa	ɨhɨ	ɨhɨ	ɨ h ɨ	999	0	- ɨ h ɨ		None
1198	seed	Chakobo	βɨru	βɨru	β ɨ r u	1000	0	β ɨ r u		None
1199	seed	Pakawara	βiru	βiru	β i r u	1000	0	β i r u		None
1200	seed	Kakataibo	βɨru	βɨru	β ɨ r u	1000	0	β ɨ r u		None
1201	seed	Kaxarari	wanatu	wanatu	w a n a t u	1003	0	w a n a t u		None
1202	seed	Mastanawa	ɨʂɨ	ɨʂɨ	ɨ ʂ ɨ	999	0	- ɨ ʂ ɨ		None
1203	seed	Chaninawa	ɨʂi	ɨʂi	ɨ ʂ i	999	0	- ɨ ʂ i		None
1204	seed	Sharanawa	ɨʂɨ	ɨʂɨ	ɨ ʂ ɨ	999	0	- ɨ ʂ ɨ		None
1205	seed	Amawaka	hɨçɨ	hɨçɨ	h ɨ ç ɨ	999	0	h ɨ ç ɨ		None
1206	seed	Nawa	ɨʂɨ	ɨʂɨ	ɨ ʂ ɨ	999	0	- ɨ ʂ ɨ		None
1207	seed	Marinawa	ɨʂɨ	ɨʂɨ	ɨ ʂ ɨ	999	0	- ɨ ʂ ɨ		None
1208	seed	Yaminawa	ɨʂɨ	ɨʂɨ	ɨ ʂ ɨ	999	0	- ɨ ʂ ɨ		None
1209	seed	Kashinawa_P	hɨʂɨ	hɨʂɨ	h ɨ ʂ ɨ	999	0	h ɨ ʂ ɨ		None
1210	seed	Kashinawa_B	hɨʂɨ	hɨʂɨ	h ɨ ʂ ɨ	999	0	h ɨ ʂ ɨ		None
1211	bark [of tree]	Matses	βitsi	βitsi	β i ts i	49	57	- - - β i ts i		None
1212	bark [of tree]	Matis	βidtsi	βidtsi	β i ts i	49	57	- - - β i ts i		None
1213	bark [of tree]	Marubo	ʂaka	ʂaka	ʂ a k a	48	46	ʂ a k a - -		None
1214	bark [of tree]	Shipibo_Konibo	ʂaka	ʂaka	ʂ a k a	48	46	ʂ a k a - -		None
1215	bark [of tree]	Shipibo_Konibo	βitʃi	βitʃi	β i tʃ i	49	57	- - - β i tʃ i		None
1216	bark [of tree]	Kapanawa	ʂaka	ʂaka	ʂ a k a	48	46	ʂ a k a - -		None
1217	bark [of tree]	Arara	ʃaka	ʃaka	ʃ a k a	48	46	ʃ a k a - -		None
1218	bark [of tree]	Shanenawa	ʂaka	ʂaka	ʂ a k a	48	46	ʂ a k a - -		None
1219	bark [of tree]	Nukini	haka	haka	h a k a	48	46	h a k a - -		None
1220	bark [of tree]	Poyanawa	haka	haka	h a k a	48	46	h a k a - -		None
1221	bark [of tree]	Iskonawa	βiʧi	βiʧi	β i tʃ i	49	57	- - - β i tʃ i		None
1222	bark [of tree]	Iskonawa	haka	haka	h a k a	48	46	h a k a - -		None
1223	bark [of tree]	Chakobo	ʂakata	ʂakata	ʂ a k a t a	48	46	ʂ a k a t a		None
1224	bark [of tree]	Chakobo	βitʃi	βitʃi	β i tʃ i	49	57	- - - β i tʃ i		None
1225	bark [of tree]	Kakataibo	ʂaka	ʂaka	ʂ a k a	48	46	ʂ a k a - -		None
1226	bark [of tree]	Mastanawa	hɨpu	hɨpu	h ɨ p u	51	56	h ɨ p u		None
1227	bark [of tree]	Chaninawa	ʂaka	ʂaka	ʂ a k a	48	46	ʂ a k a - -		None
1228	bark [of tree]	Sharanawa	pɨɸit͡ʃi	pɨɸit͡ʃi	p ɨ + ɸ i tʃ i	49	35 57	p ɨ + ɸ i tʃ i		None
1229	bark [of tree]	Amawaka	çaka	çaka	ç a k a	48	46	ç a k a - -		None
1230	bark [of tree]	Nawa	diditi	diditi	d i d i + t i	50	48	d i d i + t i		None
1231	bark [of tree]	Marinawa	pɨsi	pɨsi	p ɨ s i	52	47	p ɨ s i		None
1232	bark [of tree]	Yaminawa	ɸiʧi	ɸiʧi	ɸ i tʃ i	49	57	- - - ɸ i tʃ i		None
1233	bark [of tree]	Kashinawa_P	ʂaka	ʂaka	ʂ a k a	48	46	ʂ a k a - -		None
1234	bark [of tree]	Kashinawa_B	ʂaka	ʂaka	ʂ a k a	48	46	ʂ a k a - -		None
1235	stick [of wood]	Matses	kueste	kueste	k u e s + t e	1193	54 55	k u e s + t e		None
1236	stick [of wood]	Matis	kueste	kueste	k u e s + t e	1193	54 55	k u e s + t e		None
1237	stick [of wood]	Marubo	tʃinti	tʃinti	tʃ i n t i	1194	45	tʃ i n t i		None
1238	stick [of wood]	Shipibo_Konibo	hiwi	hiwi	h i w i	1191	69	h i w i		None
1239	stick [of wood]	Kapanawa	hiwi	hiwi	h i w i	1191	69	h i w i		None
1240	stick [of wood]	Arara	iwi	iwi	i w i	1191	69	- i w i		None
1241	stick [of wood]	Shanenawa	iɸi	iɸi	i ɸ i	1191	69	- i ɸ i		None
1242	stick [of wood]	Yawanawa	iβi	iβi	i β i	1191	69	- i β i		None
1243	stick [of wood]	Nukini	iβi	iβi	i β i	1191	69	- i β i		None
1244	stick [of wood]	Iskonawa	iwi	iwi	i w i	1191	69	- i w i		None
1245	stick [of wood]	Chakobo	hiwi	hiwi	h i w i	1191	69	h i w i		None
1246	stick [of wood]	Pakawara	iwi	iwi	i w i	1191	69	- i w i		None
1247	stick [of wood]	Kakataibo	i	i	i	1191	69	- i - -		None
1248	stick [of wood]	Kaxarari	hiwi	hiwi	h i w i	1191	69	h i w i		None
1249	stick [of wood]	Mastanawa	iwi	iwi	i w i	1191	69 68	- i w i		None
1250	stick [of wood]	Chaninawa	iβi	iβi	i β i	1191	69	- i β i		None
1251	stick [of wood]	Sharanawa	iwi	iwi	i w i	1191	69	- i w i		None
1252	stick [of wood]	Amawaka	hi	hi	h i	1191	69	h i - -		None
1253	stick [of wood]	Nawa	ibi	ibi	i b i	1191	69 68	- i b i		None
1254	stick [of wood]	Marinawa	ibi	ibi	i b i	1191	69	- i b i		None
1255	stick [of wood]	Yaminawa	ibi	ibi	i b i	1191	69	- i b i		None
1256	stick [of wood]	Kashinawa_P	hiʔ	hiʔ	h i ʔ	1191	69	h i ʔ -		None
1257	stick [of wood]	Kashinawa_B	hi	hi	h i	1191	69	h i - -		None
1258	ashes	Matses	isisapuk	isisapuk	i s i s + a + p u k	26	1541 39	- i s i s + - a - + p u k		None
1259	ashes	Matis	tsismapuk	tsismapuk	ts i s + m a + p u k	26	37 26 39	ts i s - - + m a - + p u k		None
1260	ashes	Marubo	miʃpu	miʃpu	m i ʃ + p u	26	1508 39	- - - - - - m i ʃ + p u -		None
1261	ashes	Shipibo_Konibo	tʃi mapu	tʃi mapu	tʃ i + m a + p u	26	1540 26 39	tʃ i - - - + m a - + p u -		None
1262	ashes	Kapanawa	tʃi mapu	tʃi mapu	tʃ i + m a + p u	26	1540 26 39	tʃ i - - - + m a - + p u -		None
1263	ashes	Arara	bapu	bapu	b a + p u	26	26 39	b a - - - + - - - - p u -		None
1264	ashes	Shanenawa	mapu	mapu	m a + p u	26	26 39	- - - - - - m a - + p u -		None
1265	ashes	Iskonawa	hɨna mapu	hɨna mapu	h ɨ n a + m a + p u	26	1539 26 39	h ɨ n a - + m a - + p u -		None
1266	ashes	Chakobo	tʃiʔimiʃpu	tʃi?imiʃpu	tʃ i ʔ i + m i ʃ + p u	26	1540 1508 39	tʃ i ʔ i - + m i ʃ + p u -		None
1267	ashes	Pakawara	miʃpu	miʃpu	m i ʃ + p u	26	1508 39	- - - - - - m i ʃ + p u -		None
1268	ashes	Kakataibo	tʃimapo	tʃimapo	tʃ i + m a + p o	26	1540 26 39	tʃ i - - - + m a - + p o -		None
1269	ashes	Kaxarari	mapuu	mapuu	m a + p uː	26	26 39	- - - - - - m a - + p uː -		None
1270	ashes	Mastanawa	bapu	bapu	b a + p u	26	26 39	- - - - - - b a + - p u -		None
1271	ashes	Chaninawa	βapu	βapu	β a + p u	26	26 39	β a - - - + - - - - p u -		None
1272	ashes	Sharanawa	t͡ʃibapu	t͡ʃibapu	tʃ i + b a + p u	26	1540 26 39	tʃ i - - - + b a - + p u -		None
1273	ashes	Amawaka	kuɾu	kuɾu	k u ɾ u	28	42	k u ɾ u		None
1274	ashes	Nawa	bapu	bapu	b a + p u	26	26 39	b a - - - + - - - - p u -		None
1275	ashes	Marinawa	bapu	bapu	b a + p u	26	26 39	- - - - - - b a - + p u -		None
1276	ashes	Yaminawa	bapu	bapu	b a + p u	26	26 39	b a - - - + - - - - p u -		None
1277	ashes	Kashinawa_P	mapu	mapu	m a + p u	26	26 39	- - - - - - m a - + p u -		None
1278	ashes	Kashinawa_B	tʃimapu	tʃimapu	tʃ i + m a + p u	26	1540 26 39	tʃ i - - - + m a - + p u -		None
1279	woods (forest)	Matses	nimɨduk	nimɨduk	n i + m ɨ d u k	1511	67	n i + m ɨ d u k		None
1280	woods (forest)	Matis	ni	ni	n i	1511	38	n i		None
1281	woods (forest)	Marubo	ni	ni	n i	1511	38	n i		None
1282	woods (forest)	Katukina	nii	nii	n iː	1511	38	n iː		None
1283	woods (forest)	Shipibo_Konibo	ni	ni	n i	1511	38	n i		None
1284	woods (forest)	Kapanawa	ni	ni	n i	1511	38	n i		None
1285	woods (forest)	Arara	di	di	d i	1511	50	d i - -		None
1286	woods (forest)	Shanenawa	ni	ni	n i	1511	38	n i		None
1287	woods (forest)	Yawanawa	ni	ni	n i	1511	38	n i		None
1288	woods (forest)	Nukini	hamu	hamu	h a m u	1517	60	h a m u		None
1289	woods (forest)	Poyanawa	di	di	d i	1511	50	d i		None
1290	woods (forest)	Iskonawa	ni	ni	n i	1511	38	n i		None
1291	woods (forest)	Chakobo	niʔi	ni?i	n i + ʔ i	1511	38 52	n i + ʔ i		None
1292	woods (forest)	Kakataibo	ni	ni	n i	1511	38	n i		None
1293	woods (forest)	Kaxarari	utʃa	utʃa	u tʃ a	1515	0	u tʃ a		None
1294	woods (forest)	Mastanawa	di:	di:	d iː	1511	50	d iː		None
1295	woods (forest)	Chaninawa	di:	di:	d iː	1511	50	d iː		None
1296	woods (forest)	Sharanawa	di	di	d i	1511	50	d i		None
1297	woods (forest)	Amawaka	niʔi	niʔi	n i + ʔ i	1511	38 52	n i + ʔ i		None
1298	woods (forest)	Nawa	di	di	d i	1511	50	d i		None
1299	woods (forest)	Marinawa	di	di	d i	1511	50	d i		None
1300	woods (forest)	Yaminawa	di	di	d i	1511	50	d i		None
1301	woods (forest)	Kashinawa_P	niβu	niβu	n i + β u	1511	38	n i + β u		None
1302	woods (forest)	Kashinawa_B	ni	ni	n i	1511	38	n i		None
1303	mountain	Matses	makuɨʂ	makuɨʂ	m a + k u ɨ ʂ	760	80 0	m a k u ɨ ʂ - -		None
1304	mountain	Matis	udukute	udukute	u d u k u t e	763	0	u d u k u t e		None
1305	mountain	Marubo	matʃi	matʃi	m a + tʃ i	741	80 82	m a + tʃ i - -		None
1306	mountain	Kanamari	matsi	matsi	m a + ts i	741	80 82	m a + ts i - -		None
1307	mountain	Shipibo_Konibo	manan	manan	m a + n a n	759	80 0	m a n a n		None
1308	mountain	Shipibo_Konibo	matu	matu	m a + t u	741	80 0	m a + t u - -		None
1309	mountain	Kapanawa	manan	manan	m a + n a n	759	80 0	m a n a n		None
1310	mountain	Kapanawa	matʃi	matʃi	m a + tʃ i	741	80 82	m a + tʃ i - -		None
1311	mountain	Arara	batʃi	batʃi	b a + tʃ i	741	82	b a + tʃ i - -		None
1312	mountain	Shanenawa	matʃi	matʃi	m a + tʃ i	741	80 82	m a + tʃ i - -		None
1313	mountain	Yawanawa	matʃi	matʃi	m a + tʃ i	741	80 82	m a + tʃ i - -		None
1314	mountain	Iskonawa	maʧi	maʧi	m a + tʃ i	741	80 82	m a + tʃ i - -		None
1315	mountain	Chakobo	maitɨmatʃi	maitɨmatʃi	m a + tʃ i	741	80 82	m a + tʃ i - -		None
1316	mountain	Pakawara	matʃiβa	matʃiβa	m a + tʃ i β a	741	80 82 0	m a + tʃ i β a		None
1317	mountain	Kakataibo	βaʃi	βaʃi	β a ʃ i	741	82	β a - ʃ i - -		None
1318	mountain	Kaxarari	mɨku	mɨku	m ɨ k u	758	0	m ɨ k u		None
1319	mountain	Kaxarari	mãkuʃai	mãkuʃai	m ã + k u ʃ a j	760	0	m ã k u - ʃ a i		None
1320	mountain	Kaxarari	karɨ	karɨ	k a r ɨ	761	0	k a r ɨ		None
1321	mountain	Mastanawa	bat͡ʃi	ɸat͡ʃi	b a + tʃ i	741	82	b a + tʃ i - -		None
1322	mountain	Chaninawa	bat͡ʃi	bat͡ʃi	b a + tʃ i	741	82	b a + tʃ i - -		None
1323	mountain	Sharanawa	diɸu	diɸu	d i ɸ u	752	0	d i ɸ u		None
1324	mountain	Amawaka	mat͡ʃi	mat͡ʃi	m a + tʃ i	741	80 82	m a + tʃ i - -		None
1325	mountain	Nawa	baʧi	baʧi	b a + tʃ i	741	80 82	b a + tʃ i - -		None
1326	mountain	Marinawa	baʧi	baʧi	b a + tʃ i	741	82	b a + tʃ i - -		None
1327	mountain	Yaminawa	baʧi	baʧi	b a + tʃ i	741	80 82	b a + tʃ i - -		None
1328	mountain	Kashinawa_P	mawa	mawa	m a + w a	756	80 0	m a w a -		None
1329	mountain	Kashinawa_B	matʃi	matʃi	m a + tʃ i	741	80 82	m a + tʃ i - -		None
1330	river	Matses	akte	akte	a k + t e	913	0	a k + t e		None
1331	river	Matis	tʂɨʂɨ	tʂɨʂɨ	ʈʂ ɨ ʂ ɨ	912	0	ʈʂ ɨ ʂ ɨ		None
1332	river	Marubo	waka	waka	w a k a	906	0	w a k a		None
1333	river	Katukina	nua	nua	n u a	908	0	n u a		None
1334	river	Kanamari	nua	nua	n u a	908	0	n u a		None
1335	river	Shipibo_Konibo	paru	paru	p a r u	907	0	p a r u		None
1336	river	Kapanawa	paru	paru	p a r u	907	0	p a r u		None
1337	river	Kapanawa	waka	waka	w a k a	906	0	w a k a		None
1338	river	Arara	βãka	βãka	β ã k a	906	0	β ã k a		None
1339	river	Shanenawa	waka	waka	w a k a	906	0	w a k a		None
1340	river	Yawanawa	βaka	βaka	β a k a	906	0	β a k a		None
1341	river	Poyanawa	waka	waka	w a k a	906	0	w a k a		None
1342	river	Iskonawa	waka	waka	w a k a	906	0	w a k a		None
1343	river	Chakobo	ani	ani	a n i	683	0	- a n i		None
1344	river	Pakawara	ʔani	?ani	ʔ a n i	683	0	ʔ a n i		None
1345	river	Pakawara	paro	paro	p a r o	907	0	p a r o		None
1346	river	Kakataibo	βaka	βaka	β a k a	906	0	β a k a		None
1347	river	Kaxarari	waka	waka	w a k a	906	0	w a k a		None
1348	river	Mastanawa	ɨdɨ	ɨdɨ	ɨ d ɨ	905	0	- ɨ d ɨ		None
1349	river	Chaninawa	ɨdɨ	ɨdɨ	ɨ d ɨ	905	0	- ɨ d ɨ		None
1350	river	Sharanawa	ɨdɨ	ɨdɨ	ɨ d ɨ	905	0	- ɨ d ɨ		None
1351	river	Amawaka	hɨndɨ	hɨndɨ	h ɨ ⁿd ɨ	905	0	h ɨ ⁿd ɨ		None
1352	river	Nawa	ɨdɨ	ɨdɨ	ɨ d ɨ	905	0	- ɨ d ɨ		None
1353	river	Nawa	umpaʂ	umpaʂ	u m p a ʂ	914	0	u m p a ʂ		None
1354	river	Marinawa	ɨndɨ	ɨndɨ	ɨ ⁿd ɨ	905	0	- ɨ ⁿd ɨ		None
1355	river	Yaminawa	waʔa	waʔa	w a ʔ a	906	0	w a ʔ a		None
1356	river	Kashinawa_P	hɨnɨ	hɨnɨ	h ɨ n ɨ	905	0	h ɨ n ɨ		None
1357	river	Kashinawa_B	hɨnɨ	hɨnɨ	h ɨ n ɨ	905	0	h ɨ n ɨ		None
1358	lake	Matses	tʃian	tʃian	tʃ i a n	579	0	tʃ i - a n -		None
1359	lake	Matis	tʃan	tʃan	tʃ a n	579	0	tʃ a - - n -		None
1360	lake	Marubo	jan	jan	j a n	658	0	- j a n - - - - -		None
1361	lake	Katukina	ian	ian	i a n	658	0	i - a n - - - - -		None
1362	lake	Shipibo_Konibo	yan	yan	j a n	658	0	- j a n - - - - -		None
1363	lake	Kapanawa	ian	ian	i a n	658	0	i - a n - - - - -		None
1364	lake	Arara	ĩã	ĩã	ĩ ã	658	0	ĩ - ã - - - - - -		None
1365	lake	Shanenawa	ian	ian	i a n	658	0	i - a n - - - - -		None
1366	lake	Yawanawa	ian	ian	i a n	658	0	i - a n - - - - -		None
1367	lake	Iskonawa	j̃ã	j̃ã	j ã	658	0	- j ã - - - - - -		None
1368	lake	Chakobo	ianɨ	ianɨ	i a n ɨ	658	0	i - a n - ɨ - - -		None
1369	lake	Pakawara	iyana	iyana	i j a n a	658	0	i j a n - a - - -		None
1370	lake	Kakataibo	ian	ian	i a n	658	0	i - a n - - - - -		None
1371	lake	Kaxarari	iyanãtʃua	iyanãtʃua	i j a n + ã tʃ u a	658	0	i j a n + ã tʃ u a		None
1372	lake	Kaxarari	janɨ	janɨ	j a n ɨ	658	0	- j a n - ɨ - - -		None
1373	lake	Mastanawa	ɨdɨ	ɨdɨ	ɨ d ɨ	660	0	ɨ d ɨ		None
1374	lake	Chaninawa	ija	ija	i j a	658	0	i j a - - - - - -		None
1375	lake	Sharanawa	ij̃ã	ij̃ã	i j̃ ã	658	0	i j̃ ã - - - - - -		None
1376	lake	Amawaka	inja	inja	i n j a	658	0	i - - n j a - - -		None
1377	lake	Nawa	ĩjã	ĩjã	ĩ j ã	658	0	ĩ j ã - - - - - -		None
1378	lake	Marinawa	iña	iña	i ɲ a	658	0	i - - ɲ - a - - -		None
1379	lake	Yaminawa	ĩja	ĩja	ĩ j a	658	0	ĩ j a - - - - - -		None
1380	lake	Kashinawa_P	ia	ia	i a	658	0	i - a - - - - - -		None
1381	lake	Kashinawa_B	iã	iã	i ã	658	0	i - ã - - - - - -		None
1382	road (path)	Matses	podked	podqued	p o d k e d	917	0	p o d k e d		None
1383	road (path)	Matis	βai	βai	β a j	915	0	β a - i		None
1384	road (path)	Marubo	βai	βai	β a j	915	0	β a - i		None
1385	road (path)	Katukina	βai	βai	β a j	915	0	β a - i		None
1386	road (path)	Kanamari	βaʔi	βa?i	β a ʔ i	915	0	β a ʔ i		None
1387	road (path)	Shipibo_Konibo	βai	βai	β a j	915	0	β a - i		None
1388	road (path)	Kapanawa	βai	βai	β a j	915	0	β a - i		None
1389	road (path)	Arara	diti	diti	d i + t i	1580	0	d i ( + ) t i		None
1390	road (path)	Shanenawa	niti	niti	n i + t i	1580	0	n i ( + ) t i		None
1391	road (path)	Yawanawa	niti	niti	n i + t i	1580	0	n i ( + ) t i		None
1392	road (path)	Nukini	βai	βai	β a j	915	0	β a - i		None
1393	road (path)	Poyanawa	βai	βai	β a j	915	0	β a - i		None
1394	road (path)	Iskonawa	βai	βai	β a j	915	0	β a - i		None
1395	road (path)	Chakobo	βaʔi	βa?i	β a ʔ i	915	0	β a ʔ i		None
1396	road (path)	Pakawara	wahi	wahi	w a h i	915	0	w a h i		None
1397	road (path)	Kakataibo	βai	βai	β a j	915	0	β a - i		None
1398	road (path)	Kaxarari	wai	wai	w a j	915	0	w a - i		None
1399	road (path)	Mastanawa	ɸaj	ɸaj	ɸ a i	915	0	ɸ a - i		None
1400	road (path)	Chaninawa	ɸaj	ɸaj	ɸ a j	915	0	ɸ a j		None
1401	road (path)	Sharanawa	ɸai	ɸai	ɸ a j	915	0	ɸ a - i		None
1402	road (path)	Amawaka	waʔi	waʔi	w a ʔ i	915	0	w a ʔ i		None
1403	road (path)	Nawa	ɸaj	ɸaj	ɸ a i	915	0	ɸ a - i		None
1404	road (path)	Marinawa	ɸaj	ɸaj	ɸ a j	915	0	ɸ a j		None
1405	road (path)	Yaminawa	wai	wai	w a j	915	0	w a - i		None
1406	road (path)	Kashinawa_P	βaj	βaj	β a j	915	0	β a j		None
1407	road (path)	Kashinawa_B	βai	βai	β a j	915	0	β a - i		None
1408	egg	Matses	βakuɨ	βakuɨ	β a kʷ ɨ	327	0	β a k u - ɨ		None
1409	egg	Matis	tu	tu	t u	328	0	t u		None
1410	egg	Marubo	βatʃi	βatʃi	β a tʃ i	327	0	β a tʃ - - i		None
1411	egg	Katukina	βatxi	βatxi	β a tx/ʈʂ i	327	0	β a t - x i		None
1412	egg	Shipibo_Konibo	βatʃi	βatʃi	β a tʃ i	327	0	β a tʃ - - i		None
1413	egg	Kapanawa	βatʃi	βatʃi	β a tʃ i	327	0	β a tʃ - - i		None
1414	egg	Arara	βatʃi	βatʃi	β a tʃ i	327	0	β a tʃ - i		None
1415	egg	Shanenawa	ɸatʃi	ɸatʃi	ɸ a tʃ i	327	0	ɸ a tʃ - - i		None
1416	egg	Yawanawa	βatʃi	βatʃi	β a tʃ i	327	0	β a tʃ - - i		None
1417	egg	Iskonawa	βaʧi	βaʧi	β a tʃ i	327	0	β a tʃ - - i		None
1418	egg	Chakobo	βatʃi	βatʃi	β a tʃ i	327	0	β a tʃ - - i		None
1419	egg	Pakawara	watʃi	watʃi	w a tʃ i	327	0	w a tʃ - - i		None
1420	egg	Kakataibo	βatsi	βatsi	β a ts i	327	0	β a ts - - i		None
1421	egg	Kaxarari	watʃi	watʃi	w a tʃ i	327	0	w a tʃ - - i		None
1422	egg	Mastanawa	tu	tu	t u	328	0	t u		None
1423	egg	Chaninawa	tu:	tu:	t uː	328	0	t uː		None
1424	egg	Sharanawa	tu	tu	t u	328	0	t u		None
1425	egg	Amawaka	wat͡ʃi	wat͡ʃi	w a tʃ i	327	0	w a tʃ - - i		None
1426	egg	Nawa	tu	tu	t u	328	0	t u		None
1427	egg	Marinawa	tuʔu	tuʔu	t u ʔ u	328	0	t u ʔ u		None
1428	egg	Yaminawa	tu	tu	t u	328	0	t u		None
1429	egg	Kashinawa_P	βaʧi	βaʧi	β a tʃ i	327	0	β a tʃ - - i		None
1430	egg	Kashinawa_B	βatʃi	βatʃi	β a tʃ i	327	0	β a tʃ - - i		None
1431	water	Matses	akte	akte	a k + t e	1391	0	a k + t e		None
1432	water	Matis	waka	waka	w a k a	1391	0	w a k a		None
1433	water	Marubo	waka	waka	w a k a	1391	0	w a k a		None
1434	water	Katukina	waka	waka	w a k a	1391	0	w a k a		None
1435	water	Kanamari	waka	waka	w a k a	1391	0	w a k a		None
1436	water	Shipibo_Konibo	umpaʂ	umpaʂ	u m p a ʂ	1392	0	u m p a ʂ		None
1437	water	Shipibo_Konibo	hɨnɨ	hɨnɨ	h ɨ n ɨ	1390	0	h ɨ n ɨ		None
1438	water	Kapanawa	hɨnɨ	hɨnɨ	h ɨ n ɨ	1390	0	h ɨ n ɨ		None
1439	water	Arara	βaka	βaka	β a k a	1391	0	β a k a		None
1440	water	Shanenawa	ɨnɨ	ɨnɨ	ɨ n ɨ	1390	0	- ɨ n ɨ		None
1441	water	Yawanawa	βaka	βaka	β a k a	1391	0	β a k a		None
1442	water	Nukini	waka	waka	w a k a	1391	0	w a k a		None
1443	water	Poyanawa	waka	waka	w a k a	1391	0	w a k a		None
1444	water	Iskonawa	ɨpaha	ɨpaha	ɨ p a h a	1394	0	ɨ p a h a		None
1445	water	Chakobo	hɨnɨ	hɨnɨ	h ɨ n ɨ	1390	0	h ɨ n ɨ		None
1446	water	Pakawara	hɨnɨ	hɨnɨ	h ɨ n ɨ	1390	0	h ɨ n ɨ		None
1447	water	Kakataibo	unpaʂ	onpaʂ	u n p a ʂ	29	0	o n p a ʂ		Borrowing
1448	water	Kaxarari	waka	waka	w a k a	1391	0	w a k a		None
1449	water	Mastanawa	ɨdɨ	ɨdɨ	ɨ d ɨ	1390	0	- ɨ d ɨ		None
1450	water	Chaninawa	ɨdɨ	ɨdɨ	ɨ d ɨ	1390	0	- ɨ d ɨ		None
1451	water	Sharanawa	ɨdɨ	ɨdɨ	ɨ d ɨ	1390	0	- ɨ d ɨ		None
1452	water	Amawaka	hɨndɨ	hɨndɨ	h ɨ ⁿd ɨ	1390	0	h ɨ ⁿd ɨ		None
1453	water	Nawa	ɨdɨ	ɨdɨ	ɨ d ɨ	1390	0	- ɨ d ɨ		None
1454	water	Marinawa	ɸaka	ɸaka	ɸ a k a	1391	0	ɸ a k a		None
1455	water	Yaminawa	waʔa	waʔa	w a ʔ a	1391	0	w a ʔ a		None
1456	water	Kashinawa_P	hɨnɨ	hɨnɨ	h ɨ n ɨ	1390	0	h ɨ n ɨ		None
1457	water	Kashinawa_P	umpaʂ	umpaʂ	u m p a ʂ	1392	0	u m p a ʂ		None
1458	water	Kashinawa_B	unpaʂ	unpaʂ	u n p a ʂ	1392	0	u n p a ʂ		None
1459	fire	Matses	kuɨte	kuɨte	kʷ ɨ + t e	403	0	k u ɨ + t e - -		None
1460	fire	Matis	mɨʂte	mɨʂte	m ɨ ʂ + t e	409	0	m ɨ ʂ + t e - -		None
1461	fire	Marubo	tʃi	tʃi	tʃ i	402	0	tʃ i - -		None
1462	fire	Katukina	tii	tii	t iː	402	0	t iː - -		None
1463	fire	Kanamari	tʃiʔi	tʃi?i	tʃ i ʔ i	402	0	tʃ i ʔ i		None
1464	fire	Shipibo_Konibo	tʃi	tʃi	tʃ i	402	0	tʃ i - -		None
1465	fire	Kapanawa	tʃii	tʃii	tʃ iː	402	0	tʃ iː - -		None
1466	fire	Arara	tʃi	tʃi	tʃ i	402	0	tʃ i - -		None
1467	fire	Shanenawa	tʃi	tʃi	tʃ i	402	0	tʃ i - -		None
1468	fire	Yawanawa	tʃi	tʃi	tʃ i	402	0	tʃ i - -		None
1469	fire	Nukini	huspiti	huspiti	h u s p i t i	408	0	h u s p i t i		None
1470	fire	Nukini	iʃi	iʃi	i ʃ i	402	0	- i ʃ i		None
1471	fire	Poyanawa	ikutimba	ikutimba	i k u t i m b a	407	0	i k u t i m b a		None
1472	fire	Iskonawa	hɨna	hɨna	h ɨ n a	410	0	h ɨ n a		None
1473	fire	Chakobo	tʃiʔi	tʃi?i	tʃ i ʔ i	402	0	tʃ i ʔ i		None
1474	fire	Pakawara	tʃiʔi	tʃi?i	tʃ i ʔ i	402	0	tʃ i ʔ i		None
1475	fire	Kakataibo	tsi	tsi	ts i	402	0	ts i - -		None
1476	fire	Kaxarari	tʃi	tʃi	tʃ i	402	0	tʃ i - -		None
1477	fire	Mastanawa	ʧi	ʧi	tʃ i	402	0	tʃ i - -		None
1478	fire	Chaninawa	t͡ʃi:	t͡ʃi:	tʃ iː	402	0	tʃ iː - -		None
1479	fire	Sharanawa	t͡ʃi	t͡ʃi	tʃ i	402	0	tʃ i - -		None
1480	fire	Amawaka	t͡ʃiʔi	t͡ʃiʔi	tʃ i ʔ i	402	0	tʃ i ʔ i		None
1481	fire	Nawa	ʧi	ʧi	tʃ i	402	0	tʃ i - -		None
1482	fire	Marinawa	ʧi	ʧi	tʃ i	402	0	tʃ i - -		None
1483	fire	Yaminawa	ʧi	ʧi	tʃ i	402	0	tʃ i - -		None
1484	fire	Kashinawa_P	ʧi	ʧi	tʃ i	402	0	tʃ i - -		None
1485	fire	Kashinawa_B	tʃi	tʃi	tʃ i	402	0	tʃ i - -		None
1486	smoke [noun]	Matses	puʂudkid	puʂudkid	p u ʂ u d + k i d	1096	0	p u ʂ u d + k i d		None
1487	smoke [noun]	Matis	kuin	kuin	k u i n	1092	0	k u - - i n -		None
1488	smoke [noun]	Marubo	kuin	kuin	k u i n	1092	0	k u - - i n -		None
1489	smoke [noun]	Katukina	kuin	kuin	k u i n	1092	0	k u - - i n -		None
1490	smoke [noun]	Kanamari	khoʔi	kho?i	kʰ o ʔ i	1092	0	kʰ o ʔ - i - -		None
1491	smoke [noun]	Shipibo_Konibo	kuin	kuin	k u i n	1092	0	k u - - i n -		None
1492	smoke [noun]	Kapanawa	kuʔin	ku?in	k u ʔ i n	1092	0	k u ʔ - i n -		None
1493	smoke [noun]	Arara	kuĩ	kuĩ	k u ĩ	1092	0	k u - - ĩ - -		None
1494	smoke [noun]	Shanenawa	kuin	kuin	k u i n	1092	0	k u - - i n -		None
1495	smoke [noun]	Yawanawa	nawɨ	nawɨ	n a w ɨ	691	0	n a w ɨ		None
1496	smoke [noun]	Nukini	rumã	rumã	r u m ã	1095	0	r u m ã		None
1497	smoke [noun]	Poyanawa	humbu	humbu	h u m b u	1094	0	h u m b u		None
1498	smoke [noun]	Poyanawa	kũĩ	kũĩ	k ũ ĩ	1092	0	k ũ - - ĩ - -		None
1499	smoke [noun]	Iskonawa	kũĩ	kũĩ	k ũ ĩ	1092	0	k ũ - - ĩ - -		None
1500	smoke [noun]	Chakobo	kuʔini	ku?ini	k u ʔ i n i	1092	0	k u ʔ - i n i		None
1501	smoke [noun]	Pakawara	kuʔina	ku?ina	k u ʔ i n a	1092	0	k u ʔ - i n a		None
1502	smoke [noun]	Kakataibo	kuin	kuin	k u i n	1092	0	k u - - i n -		None
1503	smoke [noun]	Kaxarari	kuani	kuani	kʷ a n i	1092	0	k u - - a n i		None
1504	smoke [noun]	Mastanawa	kunwi	kunwi	k u n w i	1092	0	k u n w i - -		None
1505	smoke [noun]	Chaninawa	kunwi	kunwi	k u n w i	1092	0	k u n w i - -		None
1506	smoke [noun]	Sharanawa	kuwin	kuwin	k u w i n	1092	0	k u - w i n -		None
1507	smoke [noun]	Amawaka	kũʔĩn	kũʔĩn	k ũ ʔ ĩ n	1092	0	k ũ ʔ - ĩ n -		None
1508	smoke [noun]	Nawa	kũwĩ	kũwĩ	k ũ w ĩ	1092	0	k ũ - w ĩ - -		None
1509	smoke [noun]	Marinawa	kunwi	kunwi	k u n w i	1092	0	k u n w i - -		None
1510	smoke [noun]	Yaminawa	kũwi	kũwi	k ũ w i	1092	0	k ũ - w i - -		None
1511	smoke [noun]	Kashinawa_P	kuɨ	kuɨ	k u ɨ	1092	0	k u - - ɨ - -		None
1512	smoke [noun]	Kashinawa_B	kuĩ	kuĩ	k u ĩ	1092	0	k u - - ĩ - -		None
1513	earth [soil]	Matses	nidaid	nidaid	n i + d a i d	319	0	n i + d a i d		None
1514	earth [soil]	Matis	tʂod	tʂod	ʈʂ o d	318	0	ʈʂ o d		None
1515	earth [soil]	Marubo	mai	mai	m a j	317	78	m a - i		None
1516	earth [soil]	Katukina	mai	mai	m a j	317	78	m a - i		None
1517	earth [soil]	Kanamari	mai	mai	m a j	317	78	m a - i		None
1518	earth [soil]	Shipibo_Konibo	mai	mai	m a j	317	78	m a - i		None
1519	earth [soil]	Kapanawa	mai	mai	m a j	317	78	m a - i		None
1520	earth [soil]	Arara	bai	bai	b a j	317	78	b a i - -		None
1521	earth [soil]	Shanenawa	mai	mai	m a j	317	78	m a - i		None
1522	earth [soil]	Yawanawa	mai	mai	m a j	317	78	m a - i		None
1523	earth [soil]	Nukini	naya	naya	n a j a	320	0	n a j a		None
1524	earth [soil]	Nukini	mai	mai	m a j	317	78	m a - i		None
1525	earth [soil]	Poyanawa	baj	baj	b a j	317	78	b a j		None
1526	earth [soil]	Iskonawa	maj	maj	m a i	317	78	m a - i		None
1527	earth [soil]	Chakobo	mai	mai	m a j	317	78	m a - i		None
1528	earth [soil]	Pakawara	mai	mai	m a j	317	78	m a - i		None
1529	earth [soil]	Kakataibo	me	me	m e	317	78	m e		None
1530	earth [soil]	Kaxarari	mawi	mawi	m a w i	317	80 0	m a w i		None
1531	earth [soil]	Mastanawa	baj	baj	b a i	317	78	b a - i		None
1532	earth [soil]	Chaninawa	bai	bai	b a j	317	78	b a - i		None
1533	earth [soil]	Sharanawa	bai	bai	b a j	317	78	b a - i		None
1534	earth [soil]	Amawaka	maj	maj	m a i	317	78	m a - i		None
1535	earth [soil]	Nawa	baj	baj	b a j	317	78	b a j		None
1536	earth [soil]	Marinawa	baj	baj	b a i	317	78	b a - i		None
1537	earth [soil]	Yaminawa	baj	baj	b a i	317	78	b a - i		None
1538	earth [soil]	Kashinawa_P	maj	maj	m a i	317	78	m a - i		None
1539	earth [soil]	Kashinawa_B	mai	mai	m a j	317	78	m a - i		None
1540	dust	Matses	putu	putu	p u t u	303	0	- - - - p u t u		None
1541	dust	Matis	putu	putu	p u t u	303	0	- - - - p u t u		None
1542	dust	Marubo	putu	putu	p u t u	303	0	- - - - p u t u		None
1543	dust	Katukina	maiputu	mai-putu	m a j + p u t u	303	0	m a j + p u t u		None
1544	dust	Kanamari	mai poto	mai poto	m a j + p o t o	303	0	m a j + p o t o		None
1545	dust	Shipibo_Konibo	putu	putu	p u t u	303	0	- - - - p u t u		None
1546	dust	Kapanawa	putu	putu	p u t u	303	0	- - - - p u t u		None
1547	dust	Arara	putu	putu	p u t u	303	0	- - - - p u t u		None
1548	dust	Shanenawa	putu	putu	p u t u	303	0	- - - - p u t u		None
1549	dust	Iskonawa	putu	putu	p u t u	303	0	- - - - p u t u		None
1550	dust	Chakobo	miʃpu	miʃpu	m i ʃ + p u	305	0	m i ʃ p u		None
1551	dust	Kakataibo	putu	putu	p u t u	303	0	- - - - p u t u		None
1552	dust	Kaxarari	mapu	mapu	m a p u	304	0	m a p - - u		None
1553	dust	Mastanawa	bapu	bapu	b a p u	304	0	b a p - - u		None
1554	dust	Chaninawa	bapu	bapu	b a + p u	304	0	b a p - - u		None
1555	dust	Sharanawa	bapuhu	bapuhu	b a p u h u	304	0	b a p u h u		None
1556	dust	Amawaka	t͡ʃiʃpu	t͡ʃiʃpu	tʃ i ʃ + p u	305	0	tʃ i ʃ p u		None
1557	dust	Nawa	bapu	bapu	b a p u	304	0	b a p - - u		None
1558	dust	Marinawa	bapu	bapu	b a p u	304	0	b a p - - u		None
1559	dust	Yaminawa	bapu	bapu	b a p u	304	0	b a p - - u		None
1560	dust	Kashinawa_P	miʃpu	miʃpu	m i ʃ + p u	305	0	m i ʃ p u		None
1561	dust	Kashinawa_P	kuruʔ	kuruʔ	k u r u ʔ	306	0	k u r u ʔ		None
1562	dust	Kashinawa_B	mapu	mapu	m a + p u	304	0	m a p - - u		None
1563	sand	Matses	masi	masi	m a s i	968	0	- - - - - m a s i -		None
1564	sand	Matis	masi	masi	m a s i	968	0	- - - - - m a s i -		None
1565	sand	Marubo	maʃi	maʃi	m a ʃ i	968	0	- - - - - m a ʃ i -		None
1566	sand	Kanamari	maʃaʃ	maʃaʃ	m a ʃ a ʃ	968	0	- - - - - m a ʃ a ʃ		None
1567	sand	Shipibo_Konibo	maʃi	maʃi	m a ʃ i	968	0	- - - - - m a ʃ i -		None
1568	sand	Kapanawa	maʃi	maʃi	m a ʃ i	968	0	- - - - - m a ʃ i -		None
1569	sand	Arara	baʃi	baʃi	b a ʃ i	968	0	b a - - - - - ʃ i -		None
1570	sand	Shanenawa	maʂi	maʂi	m a ʂ i	968	0	- - - - - m a ʂ i -		None
1571	sand	Yawanawa	maʃi	maʃi	m a ʃ i	968	0	- - - - - m a ʃ i -		None
1572	sand	Nukini	mai	mai	m a j	969	0	m a - i -		None
1573	sand	Poyanawa	baʃi	baʃi	b a ʃ i	968	0	b a - - - - - ʃ i -		None
1574	sand	Iskonawa	maʃi	maʃi	m a ʃ i	968	0	- - - - - m a ʃ i -		None
1575	sand	Chakobo	maʂɨnɨ	maʂɨnɨ	m a ʂ ɨ + n ɨ	968	0	m a ʂ ɨ + n ɨ - - -		None
1576	sand	Pakawara	maʃina	maʃina	m a ʃ i + n a	968	0	m a ʃ i + n a - - -		None
1577	sand	Kakataibo	masi	masi	m a s i	968	0	- - - - - m a s i -		None
1578	sand	Kaxarari	hɨnɨmaʂi	hɨnɨmaʂi	h ɨ n ɨ + m a ʂ i	968	0	h ɨ n ɨ + m a ʂ i -		None
1579	sand	Mastanawa	majnhi	majnhi	m a j n + h i	969	0	m a j - n + h i		None
1580	sand	Chaninawa	maiɸi	maiɸi	m a j + ɸ i	969	0	m a - i - + ɸ i		None
1581	sand	Sharanawa	mainɸi	mainɸi	m a i n + ɸ i	969	0	m a - i n + ɸ i		None
1582	sand	Amawaka	maj	maj	m a i	969	0	- - - - - m a - i -		None
1583	sand	Nawa	majɸi	majɸi	m a j + ɸ i	969	0	m a j - - + ɸ i		None
1584	sand	Marinawa	ɨndɨmaj	ɨndɨmaj	ɨ ⁿd ɨ + m a i	969	0	- ɨ ⁿd ɨ + m a - i -		None
1585	sand	Yaminawa	baʃi	baʃi	b a ʃ i	968	0	b a - - - - - ʃ i -		None
1586	sand	Kashinawa_P	maʃi	maʃi	m a ʃ i	968	0	- - - - - m a ʃ i -		None
1587	sand	Kashinawa_B	maʂi	maʂi	m a ʂ i	968	0	- - - - - m a ʂ i -		None
1588	stone	Matses	kuɨnote	kuɨnote	kʷ ɨ n o t e	1203	0	k u ɨ n o t e		None
1589	stone	Matis	maʂaʂ	maʂaʂ	m a ʂ a ʂ	1197	0	m a ʂ a ʂ ( - )		None
1590	stone	Marubo	ʂaʂu	ʂaʂu	ʂ a ʂ u	1607	0	ʂ a ʂ u		None
1591	stone	Katukina	miski	miski	m i s k i	1198	0	m i s k i ( - - )		None
1592	stone	Shipibo_Konibo	makan	makan	m a k a n	1184	0	m a k a n		None
1593	stone	Kapanawa	makan	makan	m a k a n	1184	0	m a k a n		None
1594	stone	Arara	buʃkite	buʃkite	b u ʃ k i t e	1608	0	b u ʃ k i t e		None
1595	stone	Shanenawa	mɨʂkiti	mɨʂkiti	m ɨ ʂ k i t i	1198	0	m ɨ ʂ k i ( t i )		None
1596	stone	Yawanawa	maʂaʂɨ	maʂaʂɨ	m a ʂ a ʂ ɨ	1197	0	m a ʂ a ʂ ( ɨ )		None
1597	stone	Nukini	mɨtɨ	mɨtɨ	m ɨ t ɨ	1202	0	m ɨ t ɨ		None
1598	stone	Poyanawa	ruɨ	ruɨ	r u ɨ	1201	0	r u ɨ		None
1599	stone	Iskonawa	ruɨ	ruɨ	r u ɨ	1201	0	r u ɨ		None
1600	stone	Chakobo	maʂaʂa	maʂaʂa	m a ʂ a ʂ a	1197	0	m a ʂ a ʂ ( a )		None
1601	stone	Pakawara	tumu	tumu	t u m u	1199	0	t u m u		None
1602	stone	Kakataibo	maʂaʂ	maʂaʂ	m a ʂ a ʂ	1197	0	m a ʂ a ʂ ( - )		None
1603	stone	Kaxarari	ʂaʂu	ʂaʂu	ʂ a ʂ u	1607	0	ʂ a ʂ u		None
1604	stone	Mastanawa	tujri	tujri	t u j r i	1200	0	t u - j r i		None
1605	stone	Chaninawa	bakɨʂi	bakɨʂi	b a k ɨ ʂ i	1185	0	b a k ɨ ʂ i		None
1606	stone	Sharanawa	bakɨʂɨ	bakɨʂɨ	b a k ɨ ʂ ɨ	1185	0	b a k ɨ ʂ ɨ		None
1607	stone	Amawaka	maʔkɨç	maʔkɨç	m a ʔ k ɨ ç	1204	0	m a ʔ k ɨ ç		None
1608	stone	Nawa	tukiɾi	tukiɾi	t u k i ɾ i	1200	0	t u k i ɾ i		None
1609	stone	Marinawa	tukiɾi	tukiɾi	t u k i ɾ i	1200	0	t u k i ɾ i		None
1610	stone	Yaminawa	baʔɨʂ	baʔɨʂ	b a ʔ ɨ ʂ	1185	0	b a ʔ ɨ ʂ -		None
1611	stone	Kashinawa_P	miʃki	miʃki	m i ʂ k i	1198	0	m i ʂ k i ( - - )		None
1612	stone	Kashinawa_B	miʂki	miʂki	m i ʂ k i	1198	0	m i ʂ k i ( - - )		None
1613	rain	Matses	ue	we	u e	894	0	u - e		None
1614	rain	Matis	ue	we	u e	894	0	u - e		None
1615	rain	Marubo	ui	ui	u i	894	0	u - i		None
1616	rain	Katukina	ui	ui	u i	894	0	u - i		None
1617	rain	Shipibo_Konibo	ui	ui	u i	894	0	u - i		None
1618	rain	Kapanawa	ui	ui	u i	894	0	u - i		None
1619	rain	Arara	ui	ui	u i	894	0	u - i		None
1620	rain	Shanenawa	ui	ui	u i	894	0	u - i		None
1621	rain	Nukini	awi	awi	a w i	894	0	a w i		None
1622	rain	Nukini	nui	nui	n u i	1632	0	n u - i		None
1623	rain	Poyanawa	ui	ui	u i	894	0	u - i		None
1624	rain	Iskonawa	ui	ui	u i	894	0	u - i		None
1625	rain	Chakobo	ui	ui	u i	894	0	u - i		None
1626	rain	Pakawara	ui	ui	u i	894	0	u - i		None
1627	rain	Kakataibo	uɲe	uɲe	u ɲ e	894	0	u ɲ e		None
1628	rain	Kaxarari	uwahi	uwahi	u w a	894	0	u w a		None
1629	rain	Mastanawa	uwi	uwi	u w i	894	0	u w i		None
1630	rain	Chaninawa	uwi	uwi	u w i	894	0	u w i		None
1631	rain	Sharanawa	uwi	uwi	u w i	894	0	u w i		None
1632	rain	Amawaka	uwi	uwi	u w i	894	0	u w i		None
1633	rain	Nawa	uwi	uwi	u w i	894	0	u w i		None
1634	rain	Marinawa	ubi	ubi	u b i	894	0	u b i		None
1635	rain	Yaminawa	uwi	uwi	u w i	894	0	u w i		None
1636	rain	Kashinawa_P	uj	uj	u i	894	0	u - i		None
1637	rain	Kashinawa_B	ui	ui	u i	894	0	u - i		None
1638	fog	Matses	senadɨn kuɨte	senadɨn kuɨte	s e n a d ɨ n + k u ɨ + t e	476	0	s e n a d ɨ n + k u - ɨ - + t e		None
1639	fog	Matis	nɨʂo βɨjunwate	nɨʂo βɨjunwate	n ɨ ʂ o + β ɨ j u n w a t e	477	0	n ɨ ʂ o + β ɨ j u n w a t e		None
1640	fog	Marubo	wiʃnan	wiʃnan	w i ʃ n a n	467	0	w i ʃ n a n		None
1641	fog	Katukina	ixinna	ixinna	i x/ʂ i n n a	467	0	i x i n n a		None
1642	fog	Shipibo_Konibo	niʃβi	niʃβi	n i ʂ β i	465	0	n i ʂ β i		None
1643	fog	Kapanawa	nɨtɨ kuru	nɨtɨ kuru	n ɨ t ɨ + k u r u	381	0	n ɨ t ɨ + k u r u		None
1644	fog	Arara	batsiki	batsiki	b a ts i k i	470	0	b a ts i k i		None
1645	fog	Shanenawa	kuĩ	kuĩ	k u ĩ	466	0	k u - ĩ -		None
1646	fog	Iskonawa	kuin	kuin	k u i n	466	0	k u - i n		None
1647	fog	Iskonawa	bishai	bishai	b i ʃ a j	473	0	b i ʃ a i		None
1648	fog	Chakobo	kuru	kuru	k u r u	381	0	k u r u		None
1649	fog	Kakataibo	kwenkuru	kwenkuru	kʷ e n k u r u	468	0	kʷ e n k u r u		None
1650	fog	Kaxarari	waikuʂuʂi	waikuʂuʂi	w a j k u ʂ u ʂ i	478	0	w a i k u ʂ u ʂ i		None
1651	fog	Mastanawa	kũĩ	kũĩ	k ũ ĩ	466	0	k ũ - ĩ -		None
1652	fog	Chaninawa	diʃɸi	diʃɸi	d i ʂ ɸ i	465	0	d i ʂ ɸ i		None
1653	fog	Sharanawa	diɸĩ	diɸĩ	d i ɸ ĩ	465	0	d i - ɸ ĩ		None
1654	fog	Amawaka	nɨçbi	nɨçbi	n ɨ ç b i	465	0	n ɨ ç b i		None
1655	fog	Nawa	kuwĩ	kuwĩ	k u w ĩ	466	0	k u w ĩ -		None
1656	fog	Marinawa	diʃɸu	diʃɸu	d i ʃ ɸ u	465	0	d i ʃ ɸ u		None
1657	fog	Yaminawa	kũwi	kũwi	k ũ w i	466	0	k ũ w i -		None
1658	fog	Kashinawa_P	asnɨ	asnɨ	a s n ɨ	479	0	a s n ɨ		None
1659	fog	Kashinawa_B	βahnɨ	βahnɨ	β a h n ɨ	480	0	β a h n ɨ		None
1660	cloud	Matses	aβu	aβu	a β u	123	0	a β u		None
1661	cloud	Matis	aβu	aβu	a β u	123	0	a β u		None
1662	cloud	Marubo	nai	nai	n a j	124	0	n a i		None
1663	cloud	Shipibo_Konibo	nai kuin	nai kuin	n a j + k u i n	124	0	n a i + k u i n - -		None
1664	cloud	Kapanawa	nai kuin	nai kuin	n a j + k u i n	124	0	n a i + k u i n - -		None
1665	cloud	Arara	kũĩ	kũĩ	k ũ ĩ	124	0	k ũ - - - ĩ		None
1666	cloud	Shanenawa	ɸuʂta	ɸuʂta	ɸ u ʂ t a	165	0	ɸ u ʂ t a		None
1667	cloud	Yawanawa	βuʃta	βuʃta	β u ʃ t a	165	0	β u ʃ t a		None
1668	cloud	Iskonawa	nãj̃ kũj̃n	nãj̃ kũj̃n	n ã j̃ + k ũ j̃ n	124	0	n ã j̃ + k ũ j̃ n		None
1669	cloud	Chakobo	tsɨmu	tsɨmu	ts ɨ m u	166	0	ts ɨ m u		None
1670	cloud	Pakawara	tsɨmu	tsɨmu	ts ɨ m u	166	0	ts ɨ m u		None
1671	cloud	Kakataibo	nɨtɨ kuin	nɨtɨ kuin	n ɨ t ɨ + k u i n	124	0	n ɨ t ɨ + k u i n - -		None
1672	cloud	Kaxarari	kuani	kuani	k u a n i	124	0	k u a n - i		None
1673	cloud	Mastanawa	kũĩ	kũĩ	k ũ ĩ	124	0	k ũ - - - ĩ		None
1674	cloud	Chaninawa	kunwi	kunwi	k u n w i	124	0	k u - n w i		None
1675	cloud	Sharanawa	ɸɨ	ɸɨ	ɸ ɨ	165	0	ɸ ɨ		None
1676	cloud	Amawaka	kũʔĩ	kũʔĩ	k ũ ʔ ĩ	124	0	k ũ - ʔ - ĩ		None
1677	cloud	Nawa	kuwĩ	kuwĩ	k u w ĩ	124	0	k u - - w ĩ		None
1678	cloud	Marinawa	ɸu	ɸu	ɸ u	165	0	- ɸ u		None
1679	cloud	Yaminawa	kũwi	kũwi	k ũ w i	124	0	k ũ - - w i		None
1680	cloud	Kashinawa_P	naj kwɨ	naj kwɨ	n a j + k u i	124	0	n a j + k u - - - i		None
1681	cloud	Kashinawa_B	nai	nai	n a j	124	0	n a i		None
1682	wind [breeze]	Matses	kunkekid	kunkekid	k u n k e + k i d	1472	70 0 64	k u n k e + k i d		None
1683	wind [breeze]	Matis	kunkekid	kunkekid	k u n k e + k i d	1472	70 0 64	k u n k e + k i d		None
1684	wind [breeze]	Marubo	jɨwɨ	jɨwɨ	j ɨ w ɨ	1470	0	j ɨ w ɨ -		None
1685	wind [breeze]	Katukina	niwi	niwi	n i w i	1470	0	n i w i -		None
1686	wind [breeze]	Shipibo_Konibo	niwɨ	niwɨ	n i w ɨ	1470	0	n i w ɨ -		None
1687	wind [breeze]	Kapanawa	niwɨ	niwɨ	n i w ɨ	1470	0	n i w ɨ -		None
1688	wind [breeze]	Arara	βɨ	βɨ	β ɨ	1474	0	β ɨ		None
1689	wind [breeze]	Shanenawa	niɸu	niɸu	n i ɸ ɨ	1470	0	n i ɸ ɨ -		None
1690	wind [breeze]	Yawanawa	nɨwɨ	nɨwɨ	n ɨ w ɨ	1470	0	n ɨ w ɨ -		None
1691	wind [breeze]	Nukini	nasi	nasi	n a s i	1625	0	n a s i		None
1692	wind [breeze]	Iskonawa	niwɨ	niwɨ	n i w ɨ	1470	0	n i w ɨ -		None
1693	wind [breeze]	Chakobo	yuʃini	yuʃini	j u ʃ i n i	1473	0	j u ʃ i n i		None
1694	wind [breeze]	Pakawara	huexna	huexna	h u e x/ʂ n a	1475	0	h u e x n a		None
1695	wind [breeze]	Kakataibo	suɲu	suɲu	s u ɲ u	1478	0	s u ɲ u		None
1696	wind [breeze]	Kaxarari	wɨhɨta	wɨhɨta	w ɨ h ɨ t a	1477	0	w ɨ h ɨ t a		None
1697	wind [breeze]	Mastanawa	kũĩ	kũĩ	k ũ ĩ	1476	0	k ũ ĩ		None
1698	wind [breeze]	Chaninawa	ɸɨ	ɸɨ	ɸ ɨ	1474	0	ɸ ɨ		None
1699	wind [breeze]	Sharanawa	diwɨ	diwɨ	d i w ɨ	1470	0	d i w ɨ -		None
1700	wind [breeze]	Amawaka	nijɨ	nijɨ	n i j ɨ	1470	0	n i j ɨ -		None
1701	wind [breeze]	Nawa	dɨwɨ	dɨwɨ	d ɨ w ɨ	1470	0	d ɨ w ɨ -		None
1702	wind [breeze]	Marinawa	diwɨ	diwɨ	d i w ɨ	1470	0	d i w ɨ -		None
1703	wind [breeze]	Yaminawa	dɨwɨ	dɨwɨ	d ɨ w ɨ	1470	0	d ɨ w ɨ -		None
1704	wind [breeze]	Kashinawa_P	niwɨʔ	niwɨʔ	n i w ɨ ʔ	1470	0	n i w ɨ ʔ		None
1705	wind [breeze]	Kashinawa_B	niwɨ	niwɨ	n i w ɨ	1470	0	n i w ɨ -		None
1706	sky	Matses	aβu	aβu	a β u	1070	0	a β u		None
1707	sky	Matis	aβu	aβu	a β u	1070	0	a β u		None
1708	sky	Marubo	nai	nai	n a j	1068	0	n a i - -		None
1709	sky	Katukina	nai	nai	n a j	1068	0	n a i - -		None
1710	sky	Shipibo_Konibo	nai	nai	n a j	1068	0	n a i - -		None
1711	sky	Kapanawa	nai	nai	n a j	1068	0	n a i - -		None
1712	sky	Arara	day	day	d a j	1068	0	d a - j -		None
1713	sky	Shanenawa	nai	nai	n a j	1068	0	n a i - -		None
1714	sky	Yawanawa	nai	nai	n a j	1068	0	n a i - -		None
1715	sky	Nukini	nai	nai	n a j	1068	0	n a i - -		None
1716	sky	Iskonawa	naj	naj	n a i	1068	0	n a i - -		None
1717	sky	Chakobo	naipa	naipa	n a j p a	1068	0	n a i p a		None
1718	sky	Pakawara	naipa	naipa	n a j p a	1068	0	n a i p a		None
1719	sky	Kakataibo	nai	nai	n a j	1068	0	n a i - -		None
1720	sky	Kaxarari	naitʃi	naitʃi	n a j tʃ i	1068	0	n a i tʃ i		None
1721	sky	Mastanawa	daj	daj	d a i	1068	0	d a i - -		None
1722	sky	Chaninawa	dai	dai	d a j	1068	0	d a i - -		None
1723	sky	Chaninawa	bat͡ʃi	bat͡ʃi	b a tʃ i	1072	0	b a tʃ i		None
1724	sky	Sharanawa	dai	dai	d a j	1068	0	d a i - -		None
1725	sky	Amawaka	nai	nai	n a j	1068	0	n a i - -		None
1726	sky	Nawa	daj	daj	d a i	1068	0	d a i - -		None
1727	sky	Marinawa	daj	daj	d a i	1068	0	d a i - -		None
1728	sky	Yaminawa	daj	daj	d a j	1068	0	d a - j -		None
1729	sky	Kashinawa_P	naj	naj	n a i	1068	0	n a i - -		None
1730	sky	Kashinawa_B	nay	nay	n a i	1068	0	n a i - -		None
1731	sun	Matses	uʂɨ	uʂɨ	u ʂ ɨ	1230	0	u ʂ ɨ		None
1732	sun	Matis	tanun	tanun	t a n u n	1229	0	t a n u n		None
1733	sun	Marubo	βari	βari	β a r i	1226	0	β a r i		None
1734	sun	Katukina	βari	βari	β a r i	1226	0	β a r i		None
1735	sun	Kanamari	βari	βari	β a r i	1226	0	β a r i		None
1736	sun	Shipibo_Konibo	βari	βari	β a r i	1226	0	β a r i		None
1737	sun	Kapanawa	βari	βari	β a r i	1226	0	β a r i		None
1738	sun	Arara	ʃɨ̃di	ʃɨ̃di	ʃ ɨ̃ d i	1612	0	- ʃ ɨ̃ d i		None
1739	sun	Shanenawa	ɸari	ɸari	ɸ a r i	1226	0	ɸ a r i		None
1740	sun	Yawanawa	βari	βari	β a r i	1226	0	β a r i		None
1741	sun	Nukini	βari	βari	β a r i	1226	0	β a r i		None
1742	sun	Poyanawa	βari	βari	β a r i	1226	0	β a r i		None
1743	sun	Iskonawa	βaɾi	βaɾi	β a ɾ i	1226	0	β a ɾ i		None
1744	sun	Chakobo	βari	βari	β a r i	1226	0	β a r i		None
1745	sun	Pakawara	wari	wari	w a r i	1226	0	w a r i		None
1746	sun	Kakataibo	βari	βari	β a r i	1226	0	β a r i		None
1747	sun	Kaxarari	watʃi	watʃi	w a tʃ i	1227	0	w a tʃ i		None
1748	sun	Mastanawa	ɸaɾi	ɸaɾi	ɸ a ɾ i	1226	0	ɸ a ɾ i		None
1749	sun	Chaninawa	ɸaɾi	ɸaɾi	ɸ a ɾ i	1226	0	ɸ a ɾ i		None
1750	sun	Sharanawa	ɸaɾi	ɸaɾi	ɸ a ɾ i	1226	0	ɸ a ɾ i		None
1751	sun	Amawaka	waɾi	waɾi	w a ɾ i	1226	0	w a ɾ i		None
1752	sun	Nawa	ɸaɾi	ɸaɾi	ɸ a ɾ i	1226	0	ɸ a ɾ i		None
1753	sun	Marinawa	ɸaɾi	ɸaɾi	ɸ a ɾ i	1226	0	ɸ a ɾ i		None
1754	sun	Yaminawa	ʂɨdi	ʂɨdi	ʂ ɨ d i	1612	0	ʂ ɨ d i		None
1755	sun	Kashinawa_P	βaɾi	βaɾi	β a ɾ i	1226	0	β a ɾ i		None
1756	sun	Kashinawa_B	βadi	βadi	β a d i	1226	0	β a d i		None
1757	star	Matses	wispa	wispa	w i s p a	733	0	w i s p a		None
1758	star	Matis	wispa	wispa	w i s p a	733	0	w i s p a		None
1759	star	Marubo	iʃi	iʃi	i ʃ i	1183	0	- i ʃ i		None
1760	star	Katukina	ixi	ixi	i x/ʂ i	1183	0	- i x i		None
1761	star	Kanamari	hiʃi	hiʃi	h i ʃ i	1183	0	h i ʃ i		None
1762	star	Shipibo_Konibo	wiʃtin	wiʃtin	w i ʃ t i n	1183	0	w i ʃ t i n -		None
1763	star	Kapanawa	wiʃi	wiʃi	w i ʃ i	1183	0	w i ʃ i		None
1764	star	Arara	iʃtĩ	iʃtĩ	i ʃ t ĩ	1183	0	- i ʃ t - - - - ĩ		None
1765	star	Shanenawa	istin	istin	i s t i n	1183	0	- i s t i n -		None
1766	star	Yawanawa	iʃtin	iʃtin	i ʃ t i n	1183	0	- i ʃ t i n -		None
1767	star	Nukini	ɨʃtɨ	ɨʃtɨ	ɨ ʃ t ɨ	1183	0	- ɨ ʃ t ɨ - -		None
1768	star	Poyanawa	βuxa	βuxa	β u x/ʂ a	1182	0	β u x a		None
1769	star	Iskonawa	naj ʧami	naj ʧami	n a j + tʃ a m i	1188	0	n a j + tʃ a m i		None
1770	star	Chakobo	wiʃtima	wiʃtima	w i ʃ t i m a	1183	0	w i ʃ t i m a		None
1771	star	Pakawara	wiʃtima	wiʃtima	w i ʃ t i + m a	1183	0	w i ʃ t - - i + m a		None
1772	star	Kakataibo	ispa	ispa	i s p a	733	0	- i s p a		None
1773	star	Kaxarari	ʂainlali	ʂainlali	ʂ a i n l a l i	1187	0	ʂ a i n l a l i		None
1774	star	Mastanawa	ɨʂta	ɨʂta	ɨ ʂ t a	1183	0	- ɨ ʂ t a - -		None
1775	star	Chaninawa	ɸiʃi	ɸiʃi	ɸ i ʃ i	1183	0	ɸ i ʃ i		None
1776	star	Sharanawa	iʃtɨn	iʃtɨn	i ʃ t ɨ n	1183	0	- i ʃ t ɨ n -		None
1777	star	Amawaka	wiʃi	wiʃi	w i ʃ i	1183	0	w i ʃ i		None
1778	star	Nawa	ɸiʃi	ɸiʃi	ɸ i ʃ i	1183	0	ɸ i ʃ i		None
1779	star	Marinawa	ɸiʃi	ɸiʃi	ɸ i ʃ i	1183	0	ɸ i ʃ i		None
1780	star	Yaminawa	iʃtiwɨɾu	iʃtiwɨɾu	i ʃ t i + w ɨ ɾ u	1183	0	- i ʃ t i - - + w ɨ ɾ u		None
1781	star	Kashinawa_P	βiʃi	βiʃi	β i ʃ i	1183	0	β i ʃ i		None
1782	star	Kashinawa_B	βiʂi	βiʂi	β i ʂ i	1183	0	β i ʂ i		None
1783	day [daytime]	Matses	βadiad	βadiad	β a d i + a d	143	0	β a d i - + a d		None
1784	day [daytime]	Matis	nɨtɨ	nɨtɨ	n ɨ t ɨ	211	0	n ɨ t ɨ		None
1785	day [daytime]	Marubo	βari	βari	β a r i	143	0	β a r i -		None
1786	day [daytime]	Shipibo_Konibo	nɨtɨ	nɨtɨ	n ɨ t ɨ	211	0	n ɨ t ɨ		None
1787	day [daytime]	Kapanawa	nɨtɨ	nɨtɨ	n ɨ t ɨ	211	0	n ɨ t ɨ		None
1788	day [daytime]	Arara	ʃaβa	ʃaβa	ʃ a β a	210	0	ʃ a β a		None
1789	day [daytime]	Shanenawa	ʂawa	ʂawa	ʂ a w a	210	0	ʂ a w a		None
1790	day [daytime]	Yawanawa	ʃaβa	ʃaβa	ʃ a β a	210	0	ʃ a β a		None
1791	day [daytime]	Nukini	pãnari	pãnari	p ã n a r i	215	0	p ã n a r i		None
1792	day [daytime]	Poyanawa	βarikɨa	βarikɨa	β a r i + k ɨ a	143	0	β a r i - + k ɨ a		None
1793	day [daytime]	Iskonawa	pɨhnɨ	pɨhnɨ	p ɨ h n ɨ	217	0	p ɨ h n ɨ		None
1794	day [daytime]	Chakobo	βɨaʔaina	βɨa?aina	β ɨ a ʔ a j n a	218	0	β ɨ a ʔ a i n a		None
1795	day [daytime]	Pakawara	wari	wari	w a r i	143	0	w a r i -		None
1796	day [daytime]	Kakataibo	nɨtɨ	nɨtɨ	n ɨ t ɨ	211	0	n ɨ t ɨ		None
1797	day [daytime]	Kaxarari	yunu	yunu	j u n u	216	0	j u n u		None
1798	day [daytime]	Kaxarari	βatʃih	βatʃih	β a tʃ i h	143	0	β a tʃ i h		None
1799	day [daytime]	Kaxarari	lɨtɨ	lɨtɨ	l ɨ t ɨ	211	0	l ɨ t ɨ		None
1800	day [daytime]	Mastanawa	pɨda ʂaɸa	pɨda ʂaɸa	p ɨ d a + ʂ a ɸ a	149	0	p ɨ d a + ʂ a ɸ a		None
1801	day [daytime]	Chaninawa	ʂaɸa	ʂaɸa	ʂ a ɸ a	210	0	ʂ a ɸ a		None
1802	day [daytime]	Sharanawa	ʂaɸa	ʂaɸa	ʂ a ɸ a	210	0	ʂ a ɸ a		None
1803	day [daytime]	Amawaka	nɨtɨ	nɨtɨ	n ɨ t ɨ	211	0	n ɨ t ɨ		None
1804	day [daytime]	Nawa	ʂaɸa	ʂaɸa	ʂ a ɸ a	210	0	ʂ a ɸ a		None
1805	day [daytime]	Marinawa	ʂaɸa	ʂaɸa	ʂ a ɸ a	210	0	ʂ a ɸ a		None
1806	day [daytime]	Yaminawa	pɨda	pɨda	p ɨ d a	149	0	p ɨ d a		None
1807	day [daytime]	Kashinawa_P	ʂaβa	ʂaβa	ʂ a β a	210	0	ʂ a β a		None
1808	day [daytime]	Kashinawa_B	βadi	βadi	β a d i	143	0	β a d i -		None
1809	night	Matses	intʂɨʂ	intʂɨʂ	i n ʈʂ ɨ ʂ	828	0	i n ʈʂ ɨ ʂ		None
1810	night	Matis	imɨd	imɨd	i m ɨ d	766	0	i m ɨ d		None
1811	night	Marubo	jamɨ	jamɨ	j a m ɨ	823	0	j a m ɨ - - -		None
1812	night	Katukina	yame	yame	j a m e	823	0	j a m e - - -		None
1813	night	Kanamari	yamɨ	yamɨ	j a m ɨ	823	0	j a m ɨ - - -		None
1814	night	Shipibo_Konibo	yamɨ	yamɨ	j a m ɨ	823	0	j a m ɨ - - -		None
1815	night	Kapanawa	yamɨ	yamɨ	j a m ɨ	823	0	j a m ɨ - - -		None
1816	night	Arara	yambu	yambu	j a m b u	823	0	j a m b u - -		None
1817	night	Shanenawa	jamɨ	jamɨ	j a m ɨ	823	0	j a m ɨ - - -		None
1818	night	Yawanawa	iamɨ	iamɨ	j a m ɨ	823	0	j a m ɨ - - -		None
1819	night	Nukini	βaʃki	βaʃki	β a ʃ k i	824	0	β a ʃ k i -		None
1820	night	Poyanawa	jambɨ	jambɨ	j a m b ɨ	823	0	j a m b ɨ - -		None
1821	night	Iskonawa	βakiʃ	βakiʃ	β a k i ʃ	824	0	β a - k i ʃ		None
1822	night	Iskonawa	jamɨ	jamɨ	j a m ɨ	823	0	j a m ɨ - - -		None
1823	night	Chakobo	βakitʃa	βakitʃa	β a k i tʃ a	824	0	β a k i tʃ a		None
1824	night	Kakataibo	imɨ	imɨ	i m ɨ	766	0	i m ɨ -		None
1825	night	Kaxarari	yamɨta	yamɨta	j a m ɨ t a	823	0	j a m ɨ - t a		None
1826	night	Mastanawa	ɸaiʃ	ɸaiʃ	ɸ a i ʃ	824	0	ɸ a - - i ʃ		None
1827	night	Chaninawa	jabɨ	jabɨ	j a b ɨ	823	0	j a - b ɨ - -		None
1828	night	Sharanawa	jabɨ	jabɨ	j a b ɨ	823	0	j a - b ɨ - -		None
1829	night	Amawaka	jambɨ	jambɨ	j a m b ɨ	823	0	j a m b ɨ - -		None
1830	night	Nawa	jabɨ	jabɨ	j a b ɨ	823	0	j a - b ɨ - -		None
1831	night	Marinawa	jambɨ	jambɨ	j a m b ɨ	823	0	j a m b ɨ - -		None
1832	night	Yaminawa	waʔiʃ	waʔiʃ	w a ʔ i ʃ	824	0	w a ʔ - i ʃ		None
1833	night	Kashinawa_P	mɨʂu	mɨʂu	m ɨ ʂ u	825	0	m ɨ ʂ u		None
1834	night	Kashinawa_P	jamɨ	jamɨ	j a m ɨ	823	0	j a m ɨ - - -		None
1835	night	Kashinawa_B	mɨʂumɨdã	mɨʂumɨdã	m ɨ ʂ u	825	0	m ɨ ʂ u		None
1836	year	Matses	seta	seta	s e t a	810	0	s e t a		None
1837	year	Matis	βadi	βadi	β a d i	1526	0	β a d i -		None
1838	year	Marubo	βari	βari	β a r i	1526	0	β a r i -		None
1839	year	Shipibo_Konibo	βari tia	βari tia	β a r i + t i a	1526	0	β a r i - + t i a -		None
1840	year	Kapanawa	βari	βari	β a r i	1526	0	β a r i -		None
1841	year	Yawanawa	βari	βari	β a r i	1526	0	β a r i -		None
1842	year	Iskonawa	βaɾitja	βaɾitja	β a ɾ i + t i a	1526	0	β a ɾ i - + t i a -		None
1843	year	Chakobo	ʂɨnipa	ʂɨnipa	ʂ ɨ n i + p a	1527	0	ʂ ɨ n i + p a		None
1844	year	Kakataibo	βaritia	βaritia	β a r i + t i a	1526	0	β a r i - + t i a -		None
1845	year	Kaxarari	lɨta	lɨta	l ɨ t a	1529	0	l ɨ t a		None
1846	year	Mastanawa	ɸaɾi ʃidi	ɸaɾi ʃidi	ɸ a ɾ i + ʃ i d i	1526	0	ɸ a ɾ i - + ʃ i d i		None
1847	year	Chaninawa	ɸaɾi	ɸaɾi	ɸ a ɾ i	1526	0	ɸ a ɾ i -		None
1848	year	Sharanawa	ɸaɾitian	ɸaɾitian	ɸ a ɾ i + t i a n	1526	0	ɸ a ɾ i - + t i a n		None
1849	year	Amawaka	waɾitian	waɾitian	w a ɾ i + t i a n	1526	0	w a ɾ i - + t i a n		None
1850	year	Nawa	ɸaɾi	ɸaɾi	ɸ a ɾ i	1526	0	ɸ a ɾ i -		None
1851	year	Marinawa	ɸaɾitja	ɸaɾitja	ɸ a ɾ i + t i a	1526	0	ɸ a ɾ i - + t i a -		None
1852	year	Yaminawa	ʂɨdia	ʂɨdia	ʂ ɨ d i + a	1527	0	ʂ ɨ d i + a		None
1853	year	Kashinawa_P	βaɾiʔ	βaɾiʔ	β a ɾ i ʔ	1526	0	β a ɾ i ʔ		None
1854	rope (cord)	Matses	βuku	βuku	β u k u	930	0	β u k u		None
1855	rope (cord)	Matis	nai	nai	n a j	931	0	n a i		None
1856	rope (cord)	Marubo	iʃi	iʃi	i ʃ i	926	0	- i ʃ i		None
1857	rope (cord)	Katukina	tukarasiβi	tukarasiβi	t u k a r a s i β i	932	0	t u k a r a s i β i		None
1858	rope (cord)	Shipibo_Konibo	niʃi	niʃi	n i ʃ i	926	0	n i ʃ i		None
1859	rope (cord)	Shipibo_Konibo	risβi	risβi	r i s β i	927	0	r i s β - - i		None
1860	rope (cord)	Kapanawa	rispi	risβi	r i s p i	927	0	r i s p - - i		None
1861	rope (cord)	Arara	risĩ	risĩ	r i s ĩ	926	0	r i s ĩ		None
1862	rope (cord)	Yawanawa	rɨsβi	rɨsβi	r ɨ s β i	927	0	r ɨ s β - - i		None
1863	rope (cord)	Poyanawa	risβi	risβɨ	r i s β i	927	0	r i s β - - i		None
1864	rope (cord)	Iskonawa	nishi	nishi	n i ʃ i	926	0	n i ʃ i		None
1865	rope (cord)	Chakobo	niʃi	niʃi	n i ʃ i	926	0	n i ʃ i		None
1866	rope (cord)	Chakobo	rispitʃi	rispitʃi	r i s p i tʃ i	927	0	r i s p i tʃ i		None
1867	rope (cord)	Pakawara	taʃka	taʃka	t a ʃ k a	929	0	t a ʃ k a		None
1868	rope (cord)	Kakataibo	nisi	nisi	n i s i	926	0	n i s i		None
1869	rope (cord)	Mastanawa	diʃi	diʃi	d i ʃ i	926	0	d i ʃ i		None
1870	rope (cord)	Chaninawa	diʃi	diʃi	d i ʃ i	926	0	d i ʃ i		None
1871	rope (cord)	Sharanawa	diʃi	diʃi	d i ʃ i	926	0	d i ʃ i		None
1872	rope (cord)	Amawaka	niʃi	niʃi	n i ʃ i	926	0	n i ʃ i		None
1873	rope (cord)	Nawa	diʃi	diʃi	d i ʃ i	926	0	d i ʃ i		None
1874	rope (cord)	Nawa	ɾɨspi	ɾɨspi	ɾ ɨ s p i	927	0	ɾ ɨ s p - - i		None
1875	rope (cord)	Marinawa	diʃi	diʃi	d i ʃ i	926	0	d i ʃ i		None
1876	rope (cord)	Yaminawa	diʃi	diʃi	d i ʃ i	926	0	d i ʃ i		None
1877	rope (cord)	Kashinawa_P	dispi	dispi	d i s p i	927	0	d i s p - - i		None
1878	rope (cord)	Kashinawa_P	niʃi	niʃi	n i ʃ i	926	0	n i ʃ i		None
1879	salt	Matses	sa	sa	s a	962	0	s a - -		None
1880	salt	Matis	sa	sa	s a	962	0	s a - -		None
1881	salt	Marubo	katʃi	katʃi	k a tʃ i	961	0	k a tʃ i		None
1882	salt	Shipibo_Konibo	taʃi	taʃi	t a ʃ i	956	0	t a ʃ i		None
1883	salt	Kapanawa	taʃi	taʃi	t a ʃ i	956	0	t a ʃ i		None
1884	salt	Arara	buka	buka	b u k a	966	0	b u k a		None
1885	salt	Shanenawa	ruʂan	ruʂan	r u ʂ a n	959	0	r u ʂ a n		None
1886	salt	Yawanawa	βatanti	βatanti	β a t a n t i	958	0	β a t a n t i		None
1887	salt	Poyanawa	xau	xau	x/ʂ a u	962	0	x a u -		None
1888	salt	Iskonawa	sari	sari	s a r i	962	0	s a r i		None
1889	salt	Chakobo	tʃupara	tʃupara	tʃ u p a r a	965	0	tʃ u p a r a		None
1890	salt	Pakawara	yutʃi	yutʃi	j u tʃ i	960	0	j u tʃ i		None
1891	salt	Kakataibo	tasi	tasi	t a s i	956	0	t a s i		None
1892	salt	Kaxarari	salu	salu	s a l u	962	15	s a l u		None
1893	salt	Mastanawa	saw	saw	s a w	962	0	s a - w		None
1894	salt	Chaninawa	sau	sau	s a u	962	0	s a u -		None
1895	salt	Sharanawa	sau	sau	s a u	962	0	s a u -		None
1896	salt	Amawaka	taʃi	taʃi	t a ʃ i	956	0	t a ʃ i		None
1897	salt	Nawa	taʃi	taʃi	t a ʃ i	956	0	t a ʃ i		None
1898	salt	Marinawa	taʃi	taʃi	t a ʃ i	956	0	t a ʃ i		None
1899	salt	Yaminawa	taʃi	taʃi	t a ʃ i	956	0	t a ʃ i		None
1900	salt	Kashinawa_P	sal	sal	s a l	962	0	s a l		None
1901	salt	Kashinawa_B	dɨβuʂa	dɨβuʂa	d ɨ β u ʂ a	963	0	d ɨ β u ʂ a		None
1902	I	Matses	u	u	u	1544	0	u		None
1903	I	Matis	ɨ	ɨ	ɨ	1544	0	ɨ		None
1904	I	Marubo	ɨa	ɨa	ɨ a	1544	0	ɨ a		None
1905	I	Katukina	ea	ea	e a	1544	0	e a		None
1906	I	Shipibo_Konibo	ɨ	ɨ	ɨ	1544	0	ɨ		None
1907	I	Kapanawa	ɨ	ɨ	ɨ	1544	0	ɨ		None
1908	I	Arara	ɨ	ɨ	ɨ	1544	0	ɨ -		None
1909	I	Shanenawa	ɨ	ɨ	ɨ	1544	0	ɨ		None
1910	I	Yawanawa	ɨ	ɨ	ɨ	1544	0	ɨ		None
1911	I	Nukini	ɨ	ɨ	ɨ	1544	0	ɨ		None
1912	I	Poyanawa	ɨ	ɨ	ɨ	1544	0	ɨ		None
1913	I	Iskonawa	ɨ	ɨ	ɨ	1544	0	ɨ		None
1914	I	Chakobo	ɨ	ɨ	ɨ	1544	0	ɨ		None
1915	I	Pakawara	ɨ	ɨ	ɨ	1544	0	ɨ		None
1916	I	Kakataibo	ɨ	ɨ	ɨ	1544	0	ɨ		None
1917	I	Kaxarari	ɨhɨ	ɨhɨ	ɨ h ɨ	1544	0	ɨ h ɨ		None
1918	I	Mastanawa	ɨ	ɨ	ɨ	1544	0	ɨ		None
1919	I	Chaninawa	ɨ	ɨ	ɨ	1544	0	ɨ		None
1920	I	Sharanawa	ɨ	ɨ	ɨ	1544	0	ɨ		None
1921	I	Amawaka	ija	ija	i j a	1544	0	i j a		None
1922	I	Nawa	ɨ	ɨ	ɨ	1544	0	ɨ		None
1923	I	Marinawa	ɨ	ɨ	ɨ	1544	0	ɨ		None
1924	I	Yaminawa	ɨn	ɨn	ɨ n	1544	0	ɨ n		None
1925	I	Kashinawa_P	ɨ	ɨ	ɨ	1544	0	ɨ		None
1926	I	Kashinawa_B	ɨ	ɨ	ɨ	1544	0	ɨ		None
1927	thou [you]	Matses	mi	mi	m i	1313	0	m i - -		None
1928	thou [you]	Matis	mi	mi	m i	1313	0	m i - -		None
1929	thou [you]	Marubo	mia	mia	m i a	1313	0	m i - a		None
1930	thou [you]	Katukina	mia	mia	m i a	1313	0	m i - a		None
1931	thou [you]	Shipibo_Konibo	mi	mi	m i	1313	0	m i - -		None
1932	thou [you]	Kapanawa	mi	mi	m i	1313	0	m i - -		None
1933	thou [you]	Arara	mi	mi	m i	1313	0	m i - - -		None
1934	thou [you]	Shanenawa	mi	mi	m i	1313	0	m i - -		None
1935	thou [you]	Yawanawa	mi	mi	m i	1313	0	m i - -		None
1936	thou [you]	Nukini	mi	mi	m i	1313	0	m i - -		None
1937	thou [you]	Poyanawa	mi	mi	m i	1313	0	m i - -		None
1938	thou [you]	Iskonawa	mi	mi	m i	1313	0	m i - -		None
1939	thou [you]	Chakobo	mi	mi	m i	1313	0	m i - -		None
1940	thou [you]	Pakawara	mi	mi	m i	1313	0	m i - -		None
1941	thou [you]	Kakataibo	mi	mi	m i	1313	0	m i - -		None
1942	thou [you]	Kaxarari	mihi	mihi	m i h i	1313	0	m i h i		None
1943	thou [you]	Mastanawa	mi	mi	m i	1313	0	m i - -		None
1944	thou [you]	Chaninawa	mi	mi	m i	1313	0	m i - -		None
1945	thou [you]	Sharanawa	mi	mi	m i	1313	0	m i - -		None
1946	thou [you]	Amawaka	mija	mija	m i j a	1313	0	m i j a		None
1947	thou [you]	Nawa	mi	mi	m i	1313	0	m i - -		None
1948	thou [you]	Marinawa	mi	mi	m i	1313	0	m i - -		None
1949	thou [you]	Yaminawa	mi	mi	m i	1313	0	m i - -		None
1950	thou [you]	Kashinawa_P	mi	mi	m i	1313	0	m i - -		None
1951	thou [you]	Kashinawa_B	mi	mi	m i	1313	0	m i - -		None
1952	he	Matses	a	a	a	548	0	- a		None
1953	he	Matis	a	a	a	548	0	- a		None
1954	he	Marubo	a	a	a	548	0	- a		None
1955	he	Katukina	ha	ha	h a	548	0	h a		None
1956	he	Shipibo_Konibo	ha	ha	h a	548	0	h a		None
1957	he	Kapanawa	ha	ha	h a	548	0	h a		None
1958	he	Shanenawa	a	a	a	548	0	- a		None
1959	he	Yawanawa	a	a	a	548	0	- a		None
1960	he	Poyanawa	a	a	a	548	0	- a		None
1961	he	Iskonawa	a	a	a	548	0	- a		None
1962	he	Chakobo	ha	ha	h a	548	0	h a		None
1963	he	Pakawara	ha	ha	h a	548	0	h a		None
1964	he	Kakataibo	a	a	a	548	0	- a		None
1965	he	Kaxarari	ua	wautʃitɨ	u a	495	0	u - a		None
1966	he	Mastanawa	ua	ua	u a	495	0	u - a		None
1967	he	Chaninawa	na	na	n a	549	0	n a		None
1968	he	Sharanawa	ua	ua	u a	495	0	u - a		None
1969	he	Amawaka	ua	ua	u a	495	0	u - a		None
1970	he	Nawa	da	da	d a	549	0	d a		None
1971	he	Marinawa	uwa	uwa	u w a	495	0	u w a		None
1972	he	Yaminawa	da	da	d a	549	0	d a		None
1973	he	Kashinawa_P	ha	ha	h a	548	0	h a		None
1974	he	Kashinawa_B	ha	ha	h a	548	0	h a		None
1975	we	Matses	nuki	nuki	n u + k i	1398	0	n u - - + k i		None
1976	we	Matis	nuki	nuki	n u + k i	1398	0	n u - - + k i		None
1977	we	Marubo	nukɨ	nukɨ	n u + k ɨ	1398	0	n u - - + k ɨ		None
1978	we	Shipibo_Konibo	nu	nu	n u	1398	0	n u - -		None
1979	we	Kapanawa	nukɨ	nukɨ	n u + k ɨ	1398	0	n u - - + k ɨ		None
1980	we	Arara	nɨ	nɨ	n ɨ	1398	0	n ɨ - -		None
1981	we	Shanenawa	nu	nu	n u	1398	0	n u - -		None
1982	we	Yawanawa	nu	nu	n u	1398	0	n u - -		None
1983	we	Poyanawa	nu	nu	n u	1398	0	n u - -		None
1984	we	Iskonawa	nu	nu	n u	1398	0	n u - -		None
1985	we	Chakobo	nu	nu	n u	1398	0	n u - -		None
1986	we	Pakawara	nu	nu	n u	1398	0	n u - -		None
1987	we	Kakataibo	nu	nu	n u	1398	0	n u - -		None
1988	we	Kaxarari	luhu	luhu	l u h u	1398	0	l u h u		None
1989	we	Mastanawa	nu	nu	n u	1398	0	n u - -		None
1990	we	Sharanawa	nu	nu	n u	1398	0	n u - -		None
1991	we	Amawaka	nu	nu	n u	1398	0	n u - -		None
1992	we	Nawa	nu	nu	n u	1398	0	n u - -		None
1993	we	Marinawa	dukuɸu	dukuɸu	d u + k u + ɸ u	1398	0	d u - - + k u + ɸ u		None
1994	we	Yaminawa	duʔu	duʔu	d u ʔ u	1398	0	d u ʔ u		None
1995	we	Kashinawa_P	dasiβi	dasiβi	d a s i β i	1402	0	d a s i β i		None
1996	we	Kashinawa_P	nu	nu	n u	1398	0	n u - -		None
1997	we	Kashinawa_B	nu	nu	n u	1398	0	n u - -		None
1998	ye [you all]	Matses	mi	mi	m i	843	0	m i		None
1999	ye [you all]	Matis	mi	mi	m i	843	0	m i		None
2000	ye [you all]	Marubo	matu	matu	m a + t u	1525	0	m a + t u		None
2001	ye [you all]	Katukina	ma	ma	m a	1525	0	m a		None
2002	ye [you all]	Shipibo_Konibo	ma	ma	m a	1525	0	m a		None
2003	ye [you all]	Kapanawa	ma	ma	m a	1525	0	m a		None
2004	ye [you all]	Arara	ma	ma	m a	1525	0	m a - - - -		None
2005	ye [you all]	Shanenawa	ma	ma	m a	1525	0	m a		None
2006	ye [you all]	Yawanawa	ma	ma	m a	1525	0	m a		None
2007	ye [you all]	Poyanawa	ma	ma	m a	1525	0	m a		None
2008	ye [you all]	Iskonawa	mi	mi	m i	843	0	m i		None
2009	ye [you all]	Iskonawa	ma	ma	m a	1525	0	m a		None
2010	ye [you all]	Chakobo	matu	matu	m a + t u	1525	0	m a + t u		None
2011	ye [you all]	Pakawara	mi	mi	m i	843	0	m i		None
2012	ye [you all]	Kakataibo	mitsu	mitsu	m i + ts u	843	0	m i + ts u		None
2013	ye [you all]	Kaxarari	matu	matu	m a + t u	1525	0	m a + t u		None
2014	ye [you all]	Mastanawa	ma	ma	m a	1525	0	m a		None
2015	ye [you all]	Chaninawa	ma	ma	m a	1525	0	m a		None
2016	ye [you all]	Sharanawa	ma	ma	m a	1525	0	m a		None
2017	ye [you all]	Amawaka	ma	ma	m a	1525	0	m a		None
2018	ye [you all]	Nawa	ma	ma	m a	1525	0	m a		None
2019	ye [you all]	Marinawa	maɸu	maɸu	m a + ɸ u	1525	0	m a + ɸ u		None
2020	ye [you all]	Yaminawa	batu	batu	b a + t u	1525	0	b a + t u		None
2021	ye [you all]	Kashinawa_P	matuβu	matuβu	m a + t u + β u	1525	0	m a + t u + β u		None
2022	ye [you all]	Kashinawa_B	ma	ma	m a	1525	0	m a		None
2023	they	Matses	a	a	a	1259	0	a		None
2024	they	Matis	a	a	a	1259	0	a		None
2025	they	Marubo	atuβu	atuβu	a + t u + β u	1259	0	a + t u + β u		None
2026	they	Katukina	ha	ha	h a	1259	0	h a		None
2027	they	Shipibo_Konibo	ha	ha	h a	1259	0	h a		None
2028	they	Kapanawa	ha	ha	h a	1259	0	h a		None
2029	they	Shanenawa	a	a	a	1259	0	a		None
2030	they	Yawanawa	a	a	a	1259	0	a		None
2031	they	Poyanawa	a	a	a	1259	0	a		None
2032	they	Iskonawa	a	a	a	1259	0	a		None
2033	they	Chakobo	hatu	hatu	h a + t u	1259	0	h a + t u		None
2034	they	Pakawara	a	a	a	1259	0	a		None
2035	they	Kakataibo	atu	atu	a + t u	1259	0	a + t u		None
2036	they	Kaxarari	ua	wautʃitɨwɨ	u a	1618	0	u a		None
2037	they	Mastanawa	ua	ua	u a	1618	0	u a		None
2038	they	Chaninawa	naɸu	naɸu	n a + ɸ u	1259	0	n a + ɸ u		None
2039	they	Sharanawa	ua	ua	u a	1618	0	u a		None
2040	they	Amawaka	ua	ua	u a	1618	0	u a		None
2041	they	Nawa	daɸu	daɸu	d a + ɸ u	1262	0	d a + ɸ u		None
2042	they	Marinawa	uatũ	uatũ	u a + t ũ	1618	0	u a + t ũ		None
2043	they	Yaminawa	dahu	dahu	d a + h u	1262	0	d a + h u		None
2044	they	Kashinawa_P	haβu	haβu	h a + β u	1259	0	h a + β u		None
2045	they	Kashinawa_B	ha	ha	h a	1259	0	h a		None
2046	who [interr.]	Matses	tsutsi	tsutsi	ts u ts i	1443	0	ts u ts - i		None
2047	who [interr.]	Matis	tsutsi	tsutsi	ts u ts i	1443	0	ts u ts - i		None
2048	who [interr.]	Marubo	tsua	tsua	ts u a	1443	0	ts u - - a		None
2049	who [interr.]	Katukina	txua	txua	ʈʂ u a	1443	0	ʈʂ u - - a		None
2050	who [interr.]	Shipibo_Konibo	tsu	tsu	ts u a	1443	0	ts u - - a		None
2051	who [interr.]	Kapanawa	tsua	tsua	ts u a	1443	0	ts u - - a		None
2052	who [interr.]	Arara	tua	tua	t u a	1443	0	t u - - a - -		None
2053	who [interr.]	Shanenawa	tsua	tsua	ts u a	1443	0	ts u - - a		None
2054	who [interr.]	Yawanawa	tsu	tsu	ts u	1443	0	ts u - - -		None
2055	who [interr.]	Iskonawa	tsu	tsu	ts u	1443	0	ts u - - -		None
2056	who [interr.]	Chakobo	tsuwɨni	tsuwɨni	ts u w ɨ n i	1443	0	ts u w ɨ n i		None
2057	who [interr.]	Kakataibo	ui	ui	u i	1446	0	u i		None
2058	who [interr.]	Kaxarari	tsuhũ	tsuhũ	ts u h ũ	1443	0	ts u h ũ		None
2059	who [interr.]	Mastanawa	tsua	tsua	ts u a	1443	0	ts u - - a		None
2060	who [interr.]	Chaninawa	t͡suamɨ	t͡suamɨ	ts u a + m ɨ	1443	0	ts u - - a + m ɨ		None
2061	who [interr.]	Sharanawa	t͡suan	t͡suan	ts u a	1443	0	ts u - - a		None
2062	who [interr.]	Amawaka	t͡sua	t͡sua	ts u a	1443	0	ts u - - a		None
2063	who [interr.]	Nawa	tsua	tsua	ts u a	1443	0	ts u - - a		None
2064	who [interr.]	Marinawa	tsunwa	tsunwa	ts u n w a	1443	0	ts u n w a		None
2065	who [interr.]	Yaminawa	tswa	tswa	ts u a	1443	0	ts u - - a		None
2066	who [interr.]	Kashinawa_P	tsua	tsua	ts u a	1443	0	ts u - - a		None
2067	who [interr.]	Kashinawa_B	tsua	tsua	ts u a	1443	0	ts u - - a		None
2068	what [interr.]	Matses	atotsi	atotsi	a t o + ts i	1415	0	a t o + ts i		None
2069	what [interr.]	Matis	awɨda	awɨda	a w ɨ d a	1412	0	a w ɨ d a		None
2070	what [interr.]	Marubo	awɨ	awɨ	a w ɨ	1412	0	- a w - - ɨ		None
2071	what [interr.]	Shipibo_Konibo	hawɨ	hawɨ	h a w ɨ	1412	0	h a w - - ɨ		None
2072	what [interr.]	Kapanawa	hawa	hawa	h a w a	1412	0	h a w - - a		None
2073	what [interr.]	Shanenawa	hawɨ	hawɨ	h a w ɨ	1412	0	h a w - - ɨ		None
2074	what [interr.]	Yawanawa	awɨ	awɨ	a w ɨ	1412	0	- a w - - ɨ		None
2075	what [interr.]	Iskonawa	ahuja	ahuja	a h u j a	1417	0	a h u j a		None
2076	what [interr.]	Iskonawa	awɨ	awɨ	a w ɨ	1412	0	- a w - - ɨ		None
2077	what [interr.]	Chakobo	hawɨ	hawɨ	h a w ɨ	1412	0	h a w - - ɨ		None
2078	what [interr.]	Kakataibo	a ɲu	a ɲu	a + ɲ u	1416	0	a + ɲ u		None
2079	what [interr.]	Kaxarari	hawã	hawã	h a w ã	1412	0	h a w - - ã		None
2080	what [interr.]	Mastanawa	awa	awa	a w a	1412	0	- a w - - a		None
2081	what [interr.]	Chaninawa	awamɨ	awamɨ	a w a m ɨ	1412	0	- a w a m ɨ		None
2082	what [interr.]	Sharanawa	awa	awa	a w a	1412	0	- a w - - a		None
2083	what [interr.]	Amawaka	haɨ	haɨ	h a ɨ	1412	0	h a - - - ɨ		None
2084	what [interr.]	Nawa	awa	awa	a w a	1412	0	- a w - - a		None
2085	what [interr.]	Marinawa	awa	awa	a w a	1412	0	- a w - - a		None
2086	what [interr.]	Yaminawa	awa	awa	a w a	1412	0	- a w - - a		None
2087	what [interr.]	Kashinawa_P	hawa	hawa	h a w a	1412	0	h a w - - a		None
2088	what [interr.]	Kashinawa_B	hawa	hawa	h a w a	1412	0	h a w - - a		None
2089	this	Matses	nɨid	nɨid	n ɨ i d	1307	0	- n ɨ i d		None
2090	this	Matis	nɨkid	nɨkid	n ɨ + k i d	1307	64	- n ɨ - - + k i d		None
2091	this	Marubo	na	na	n a	1305	0	n a - - -		None
2092	this	Katukina	nia	nia	n i a	1622	0	- n i a -		None
2093	this	Shipibo_Konibo	natu	natu	n a + t u	1305	0	n a + t u		None
2094	this	Kapanawa	nɨa	nɨa	n ɨ a	1622	0	- n ɨ a -		None
2095	this	Shanenawa	na	na	n a	1305	0	n a - - -		None
2096	this	Yawanawa	na	na	n a	1305	0	n a - - -		None
2097	this	Iskonawa	na	na	n a	1305	0	n a - - -		None
2098	this	Chakobo	na	na	n a	1305	0	n a - - -		None
2099	this	Kakataibo	ɨnɨ	ɨnɨ	ɨ n ɨ	1307	0	ɨ n ɨ - -		None
2100	this	Kaxarari	liya	liya	l i j a	1306	0	l i j a		None
2101	this	Kaxarari	yaka	yaka	j a k a	1306	0	j a k a		None
2102	this	Mastanawa	da	da	d a	1305	0	- - - d a		None
2103	this	Chaninawa	da	da	d a	1305	0	- - - d a		None
2104	this	Sharanawa	da	da	d a	1305	0	- - - d a		None
2105	this	Amawaka	na	na	n a	1305	0	n a - - -		None
2106	this	Nawa	da	da	d a	1305	0	- - - d a		None
2107	this	Marinawa	da	da	d a	1305	0	- - - d a		None
2108	this	Yaminawa	da	da	d a	1305	0	- - - d a		None
2109	this	Kashinawa_P	na	na	n a	1305	0	n a - - -		None
2110	rotten [log]	Matses	pisen	pisen	p i s e n	933	0	p i s e n		None
2111	rotten [log]	Matis	pisi	pisi	p i s i	933	0	p i s i -		None
2112	rotten [log]	Marubo	patu	patu	p a t u	935	0	p a t u		None
2113	rotten [log]	Katukina	payu	payu	p a j u	935	0	p a j u		None
2114	rotten [log]	Shipibo_Konibo	payu	payu	p a j u	935	0	p a j u		None
2115	rotten [log]	Kapanawa	payu	payu	p a j u	935	0	p a j u		None
2116	rotten [log]	Arara	tʃapu	tʃapu	tʃ a p u	934	0	tʃ a p u		None
2117	rotten [log]	Shanenawa	tʃaka	tʃaka	tʃ a k a	940	0	tʃ a k a		None
2118	rotten [log]	Yawanawa	tʃapu	tʃapu	tʃ a p u	934	0	tʃ a p u		None
2119	rotten [log]	Nukini	pisi	pisi	p i s i	933	0	p i s i -		None
2120	rotten [log]	Chakobo	βuaʂa	βuaʂa	β u a ʂ a	942	0	β u a ʂ a		None
2121	rotten [log]	Chakobo	pisi	pisi	p i s i	933	16	p i s i -		None
2122	rotten [log]	Kakataibo	pisikɨ	pisikɨ	p i s i + k ɨ	933	0	p i s i - + k ɨ		None
2123	rotten [log]	Kaxarari	patsa	patsa	p a ts a	1584	0	p a ts a -		None
2124	rotten [log]	Mastanawa	pisi	pisi	p i s i	933	0	p i s i -		None
2125	rotten [log]	Chaninawa	pisi	pisi	p i s i	933	0	p i s i -		None
2126	rotten [log]	Sharanawa	pisi	pisi	p i s i	933	0	p i s i -		None
2127	rotten [log]	Amawaka	pisi	pisi	p i s i	933	0	p i s i -		None
2128	rotten [log]	Nawa	pisi	pisi	p i s i	933	0	p i s i -		None
2129	rotten [log]	Marinawa	pisi	pisi	p i s i	933	0	p i s i -		None
2130	rotten [log]	Yaminawa	pisi	pisi	p i s i	933	0	p i s i -		None
2131	rotten [log]	Kashinawa_P	ʧapu	ʧapu	tʃ a p u	934	0	tʃ a p u		None
2132	rotten [log]	Kashinawa_B	tʃapu	tʃapu	tʃ a p u	934	0	tʃ a p u		None
2133	dirty	Matses	βɨtʃiʃ	βɨtʃiʃ	β ɨ tʃ i ʃ	898	0	β ɨ tʃ i ʃ		None
2134	dirty	Matis	wisu	wisu	w i s u	150	0	w i s u		None
2135	dirty	Marubo	tʂuʂta	tʂuʂta	ʈʂ u ʂ t a	250	0	ʈʂ u ʂ t a		None
2136	dirty	Marubo	mɨʂu	mɨʂu	m ɨ ʂ u	251	0	m ɨ ʂ u		None
2137	dirty	Katukina	txuxtxa	txuxtxa	ʈʂ u x/ʂ ʈʂ a	250	0	ʈʂ u x/ʂ ʈʂ a		None
2138	dirty	Shipibo_Konibo	kɨras	kɨras	k ɨ r a s	255	0	k ɨ r a s		None
2139	dirty	Kapanawa	riʃta	riʃta	r i ʃ t a	161	0	r i ʃ t a		None
2140	dirty	Arara	tɨʃta	tɨʃta	t ɨ ʃ t a	250	0	t ɨ ʃ t a		None
2141	dirty	Shanenawa	fui	fui	f u j	253	0	f u i		None
2142	dirty	Yawanawa	hui	hui	h u j	253	0	h u i		None
2143	dirty	Nukini	βuhta	βuhta	β u h t a	155	0	β u h t a		None
2144	dirty	Poyanawa	βɨsta	βɨsta	β ɨ s t a	155	0	β ɨ s t a		None
2145	dirty	Chakobo	tʃɨkɨ	tʃɨkɨ	tʃ ɨ k ɨ	162	0	tʃ ɨ k ɨ		None
2146	dirty	Kakataibo	aisama	aisama	a j s a m a	257	0	a i s a m a		None
2147	dirty	Kaxarari	tʂɨʂɨ	tʂɨʂɨ	ʈʂ ɨ ʂ ɨ	256	0	ʈʂ ɨ ʂ ɨ		None
2148	dirty	Mastanawa	ʧuʂta	ʧuʂta	tʃ u ʂ t a	250	0	tʃ u ʂ t a		None
2149	dirty	Chaninawa	t͡ʃuʂta	t͡ʃuʂta	tʃ u ʂ t a	250	0	tʃ u ʂ t a		None
2150	dirty	Sharanawa	t͡ʃuʂta	t͡ʃuʂta	tʃ u ʂ t a	250	0	tʃ u ʂ t a		None
2151	dirty	Amawaka	kɨmbu	kɨmbu	k ɨ m b u	260	0	k ɨ m b u		None
2152	dirty	Nawa	ʧuʂta	ʧuʂta	tʃ u ʂ t a	250	0	tʃ u ʂ t a		None
2153	dirty	Marinawa	ʧuʂta	ʧuʂta	tʃ u ʂ t a	250	0	tʃ u ʂ t a		None
2154	dirty	Yaminawa	ʧuʂta	ʧuʂta	tʃ u ʂ t a	250	0	tʃ u ʂ t a		None
2155	dirty	Kashinawa_P	dɨtis	dɨtis	d ɨ t i s	252	0	d ɨ t i s		None
2156	dirty	Kashinawa_P	mɨʂu	mɨʂu	m ɨ ʂ u	251	0	m ɨ ʂ u		None
2157	dirty	Kashinawa_B	dɨtis	dɨtis	d ɨ t i s	252	0	d ɨ t i s		None
2158	sit	Matses	tsad	tsad	ts a d	1054	0	ts a d		None
2159	sit	Matis	tsad	tsad	ts a d	1054	0	ts a d		None
2160	sit	Marubo	tsau	tsau	ts a u	1054	0	ts a - u		None
2161	sit	Katukina	βeuai	βeu-ai	β e w a	1597	0	β e u a i		None
2162	sit	Shipibo_Konibo	yakat	yakat	j a k a t	1056	0	j a k a t		None
2163	sit	Kapanawa	tsauti	tsauti	ts a u + t i	1054	0	ts a - u + t i		None
2164	sit	Shanenawa	tsaw	tsaw	ts a w	1054	0	ts a w		None
2165	sit	Yawanawa	tsaw	tsaw	ts a w	1054	0	ts a w		None
2166	sit	Iskonawa	βɨwi	βɨwi	β ɨ w i	1597	0	β ɨ w i		None
2167	sit	Chakobo	tsaʔu	tsa?u	ts a ʔ u	1054	0	ts a ʔ u		None
2168	sit	Pakawara	yakat	yakat	j a k a t	1056	30	j a k a t		None
2169	sit	Kakataibo	tso	tso	ts o	1054	0	ts o - -		None
2170	sit	Mastanawa	tsawa	tsawa	ts a w + a	1054	19	ts a w + a		None
2171	sit	Chaninawa	t͡sauwi	t͡sauwi	ts a u + w i	1054	0	ts a - u + w i		None
2172	sit	Sharanawa	t͡sauwɨ	t͡sauwɨ	ts a u + w ɨ	1054	0	ts a - u + w ɨ		None
2173	sit	Amawaka	t͡saʔu	t͡saʔu	ts a ʔ u	1054	0	ts a ʔ u		None
2174	sit	Nawa	tsau	tsau	ts a u	1054	0	ts a - u		None
2175	sit	Marinawa	tsawbi	tsawbi	ts a w + b i	1054	0	ts a w + b i		None
2176	sit	Yaminawa	tsawa	tsawa	ts a w + a	1054	20	ts a w + a		None
2177	sit	Kashinawa_P	tsua	tsua	ts u a	1054	0	ts u - a		None
2178	stand	Matses	nid	nid	n i d	1179	0	n i d -		None
2179	stand	Matis	nid	nid	n i d	1179	0	n i d -		None
2180	stand	Marubo	ni	ni	n i	1179	0	n i - -		None
2181	stand	Shipibo_Konibo	ni	ni	n i	1179	0	n i - -		None
2182	stand	Kapanawa	niti	nɨtɨ	n i t i	1179	0	n i t i		None
2183	stand	Iskonawa	ni	ni	n i	1179	0	n i - -		None
2184	stand	Chakobo	ni	ni	n i	1179	0	n i - -		None
2185	stand	Kakataibo	niru	niru	n i + r u	1179	0	n i - - + r u		None
2186	stand	Kaxarari	nitʃi	nitʃi	n i + tʃ i	1179	0	n i - - + tʃ i		None
2187	stand	Mastanawa	diwɨ	diwɨ	d i + w ɨ	1179	0	d i + w ɨ		None
2188	stand	Chaninawa	di	di	d i	1179	0	d i		None
2189	stand	Sharanawa	di	di	d i	1179	0	d i		None
2190	stand	Amawaka	niʔi	niʔi	n i + ʔ i	1179	0	n i - - + ʔ i		None
2191	stand	Nawa	dija	dija	d i + j a	1179	0	d i + j a		None
2192	stand	Marinawa	di	di	d i	1179	0	d i		None
2193	stand	Yaminawa	dija	dija	d i + j a	1179	0	d i + j a		None
2194	stand	Kashinawa_P	nja	nja	n i a	1179	0	n i - a		None
2195	lie [be lying down]	Matses	we	we	w e	636	0	w e		None
2196	lie [be lying down]	Matis	sukuad	sukuad	s u kʷ a d	617	0	s u k u a d		None
2197	lie [be lying down]	Marubo	raka	raka	r a k a	689	0	r a k a - -		None
2198	lie [be lying down]	Katukina	raka	raka	r a k a	689	0	r a k a - -		None
2199	lie [be lying down]	Shipibo_Konibo	raka	raka	r a k a	689	0	r a k a - -		None
2200	lie [be lying down]	Kapanawa	raka	raka	r a k a	689	0	r a k a - -		None
2201	lie [be lying down]	Shanenawa	raka	raka	r a k a	689	27	r a k a - -		None
2202	lie [be lying down]	Nukini	raka	raka	r a k a	689	0	r a k a - -		None
2203	lie [be lying down]	Poyanawa	raka	raka	r a k a	689	0	r a k a - -		None
2204	lie [be lying down]	Iskonawa	ɾaka	ɾaka	ɾ a k a	689	0	ɾ a k a - -		None
2205	lie [be lying down]	Chakobo	raka	raka	r a k a	689	0	r a k a - -		None
2206	lie [be lying down]	Pakawara	rakat	rakat	r a k a t	689	25	r a k a - t		None
2207	lie [be lying down]	Kakataibo	raka	raka	r a k a	689	0	r a k a - -		None
2208	lie [be lying down]	Kaxarari	tsiso	tsiso	ts i s o	605	0	ts i s o		None
2209	lie [be lying down]	Mastanawa	ɾaʔaj	ɾaʔaj	ɾ a ʔ a i	689	23	ɾ a ʔ a i -		None
2210	lie [be lying down]	Chaninawa	ɾaka	ɾaka	ɾ a k a	689	0	ɾ a k a - -		None
2211	lie [be lying down]	Sharanawa	ɾaka	ɾaka	ɾ a k a	689	0	ɾ a k a - -		None
2212	lie [be lying down]	Amawaka	ɾaka	ɾaka	ɾ a k a	689	0	ɾ a k a - -		None
2213	lie [be lying down]	Nawa	ɾaka	ɾaka	ɾ a k a	689	24	ɾ a k a - -		None
2214	lie [be lying down]	Marinawa	ɾaka	ɾaka	ɾ a k a	689	0	ɾ a k a - -		None
2215	lie [be lying down]	Yaminawa	laʔaj	laʔaj	l a ʔ a j	689	28	l a ʔ a - j		None
2216	lie [be lying down]	Kashinawa_P	daka	daka	d a k a	689	0	d a k a - -		None
2217	float	Matses	nuad	nuad	n u a d	425	0	n u a d		None
2218	float	Matis	nuad	nuad	n u a d	425	0	n u a d		None
2219	float	Marubo	nunu	nunu	n u n u	424	0	n u n u - -		None
2220	float	Shipibo_Konibo	tuʂβa	tuʂβa	t u ʂ β a	426	0	t u ʂ β a		None
2221	float	Kapanawa	nunu	nunu	n u n u	424	0	n u n u - -		None
2222	float	Kapanawa	tuʂβa	tuʂβa	t u ʂ β a	426	0	t u ʂ β a		None
2223	float	Iskonawa	nunu	nunu	n u n u	424	0	n u n u - -		None
2224	float	Chakobo	nunu	nunu	n u n u	424	0	n u n u - -		None
2225	float	Kakataibo	βɨspo	βɨspo	β ɨ s p o	430	0	β ɨ s p o		None
2226	float	Mastanawa	dudua	dudua	d u d u a	424	0	d u d u - a		None
2227	float	Chaninawa	dudu	dudu	d u d u	424	0	d u d u - -		None
2228	float	Sharanawa	dudu	dudu	d u d u	424	0	d u d u - -		None
2229	float	Amawaka	nundu	nundu	n u ⁿd u	424	0	n u ⁿd u - -		None
2230	float	Nawa	tupi	tupi	t u p i	431	0	t u p i		None
2231	float	Marinawa	dunduj	dunduj	d u ⁿd u j	424	0	d u ⁿd u j -		None
2232	float	Yaminawa	dudua	dudua	d u d u a	424	0	d u d u - a		None
2233	float	Kashinawa_P	nunwa	nunwa	n u n w a	424	0	n u n w a		None
2234	blow [wind]	Matses	kunke	kunke	k u n + k e	1565	70 58	k u n + - k e		None
2235	blow [wind]	Matis	kunke	kunke	k u n + k e	1565	70 58	k u n + - k e		None
2236	blow [wind]	Marubo	ʂuβi iki	ʂuβi iki	ʂ u β i + i k i	112	0	ʂ u β i + i k i		None
2237	blow [wind]	Shipibo_Konibo	ʂu	ʂu	ʂ u	111	0	ʂ u - -		None
2238	blow [wind]	Kapanawa	ʂuanki	ʂuanki	ʂ u a n + k i	111	0	ʂ u - - a n - - - + - k i		None
2239	blow [wind]	Arara	ʂũã	ʂũã	ʂ ũ ã	111	0	ʂ ũ - - - - - ã		None
2240	blow [wind]	Shanenawa	ʂuan	ʂuan	ʂ u a n	111	0	ʂ u - - a n - - -		None
2241	blow [wind]	Yawanawa	sui	sui	s u j	111	0	s u - i		None
2242	blow [wind]	Poyanawa	hun	hun	h u n	111	0	h u - - - n - - -		None
2243	blow [wind]	Iskonawa	hun hun ik	hun hun ik	h u n + h u n + i k	111	0	h u n + h u n + i k		None
2244	blow [wind]	Iskonawa	puyu puyu ik	puyu puyu ik	p u j u + p u j u + i k	115	0	p u j u + p u j u + i k		None
2245	blow [wind]	Chakobo	ʂuʔa	ʂu?a	ʂ u ʔ a	111	0	ʂ u - - - ʔ - a -		None
2246	blow [wind]	Kakataibo	ʂunka	ʂunka	ʂ u n k a	111	0	ʂ u - - - n k a -		None
2247	blow [wind]	Kaxarari	kuha	kuha	k u h a	1564	0	k u h a		None
2248	blow [wind]	Mastanawa	ʂunaj	ʂunaj	ʂ u n a j	111	0	ʂ u - - - n - a j		None
2249	blow [wind]	Chaninawa	ʂũwankin	ʂũnwaki	ʂ ũ w a n k i	111	0	ʂ ũ - w a n k i -		None
2250	blow [wind]	Sharanawa	ʂũnwaki	ʂũnwaki	ʂ ũ n w a k i	111	0	ʂ ũ n w a - k i -		None
2251	blow [wind]	Amawaka	çunki	çunki	ç u n k i	111	0	ç u - - - n k i -		None
2252	blow [wind]	Nawa	ʂuanki	ʂuanki	ʂ u a n k i	111	0	ʂ u - - a n k i -		None
2253	blow [wind]	Marinawa	ʂunwaki	ʂunwaki	ʂ u n w a k i	111	0	ʂ u n w a - k i -		None
2254	blow [wind]	Yaminawa	ʃuwaʔi	ʃuwaʔi	ʃ u w a ʔ i	111	0	ʃ u - w a ʔ - i -		None
2255	blow [wind]	Kashinawa_P	ʂuanka	ʂuanka	ʂ u a n k a	111	0	ʂ u - - a n k a -		None
2256	blow [wind]	Kashinawa_B	ʂuwaki	ʂuwaki	ʂ u w a k i	111	0	ʂ u - w a - k i -		None
2257	walk	Matses	kapu	kapu	k a p u	1368	0	k a p u		None
2258	walk	Matis	kapo	kapo	k a + p o	1368	0	k a - - + p o		None
2259	walk	Marubo	ka	ka	k a	1368	0	k a - -		None
2260	walk	Katukina	hinna	hinna	h i nː a	1371	0	h i nː a		None
2261	walk	Kanamari	koʃi	koʃi	k o ʃ i	1334	0	k o ʃ i		None
2262	walk	Shipibo_Konibo	ni	ni	n i	1369	0	n i		None
2263	walk	Kapanawa	nitʃi	nitʃi	n i + tʃ i	1369	0	n i + tʃ i		None
2264	walk	Yawanawa	kawan	kãw̃̃̃ã	k a w a n	1368	0	k a w a n		None
2265	walk	Iskonawa	ni	ni	n i	1369	0	n i		None
2266	walk	Chakobo	βuʔuna	βu?una	β u ʔ u n a	1373	0	β u ʔ u n a		None
2267	walk	Pakawara	ka	ka	k a	1368	0	k a - -		None
2268	walk	Kakataibo	niti	niti	n i + t i	1369	0	n i + t i		None
2269	walk	Kaxarari	kã	kã	k ã	1368	0	k ã - -		None
2270	walk	Mastanawa	kai	kaj	k a	1368	0	k a - i		None
2271	walk	Chaninawa	ka	ka	k a	1368	0	k a - -		None
2272	walk	Sharanawa	ka	ka	k a	1368	0	k a - -		None
2273	walk	Amawaka	kaʔi	kaʔi	k a ʔ i	1368	0	k a ʔ i		None
2274	walk	Nawa	ka	ka	k a	1368	0	k a - -		None
2275	walk	Marinawa	ka	ka	k a	1368	0	k a - -		None
2276	walk	Yaminawa	kai	kaj	k a	1368	0	k a - i		None
2277	walk	Kashinawa_P	ni	ni	n i	1369	0	n i		None
2278	fly [verb]	Matses	kapu	kapu	k a + p u	457	0	k a + p u		None
2279	fly [verb]	Matis	kapo	kapo	k a + p o	457	0	k a + p o		None
2280	fly [verb]	Marubo	nuja	nuja	n u j a	456	0	n u - - j a -		None
2281	fly [verb]	Shipibo_Konibo	nuya	nuya	n u j a	456	0	n u - - j a -		None
2282	fly [verb]	Kapanawa	nuya	nuya	n u j a	456	0	n u - - j a -		None
2283	fly [verb]	Arara	pɨraĩ	pɨraĩ	p ɨ r a ĩ	460	0	p ɨ r a ĩ		None
2284	fly [verb]	Shanenawa	nuja	nuja	n u j a	456	0	n u - - j a -		None
2285	fly [verb]	Yawanawa	nuja	nuja	n u j a	456	0	n u - - j a -		None
2286	fly [verb]	Poyanawa	jũnda	jũnda	j ũ ⁿd a	459	0	j ũ ⁿd a		None
2287	fly [verb]	Iskonawa	juna	juna	j u n a	459	0	j u n a		None
2288	fly [verb]	Chakobo	nuya	nuya	n u j a	456	0	n u - - j a -		None
2289	fly [verb]	Kakataibo	noan	noan	n o a n	955	0	n o a n		None
2290	fly [verb]	Kaxarari	hatʃakikɨ	hatʃakikɨ	h a tʃ a k i k ɨ	462	0	h a tʃ a k i k ɨ		None
2291	fly [verb]	Mastanawa	duʔujai	duʔujaj	d u ʔ u j a	456	0	d u ʔ u j a i		None
2292	fly [verb]	Chaninawa	duja	duja	d u j a	456	0	d u - - j a -		None
2293	fly [verb]	Sharanawa	duja	duja	d u j a	456	0	d u - - j a -		None
2294	fly [verb]	Amawaka	maka	maka	m a k a	464	0	m a k a		None
2295	fly [verb]	Nawa	duja	duja	d u j a	456	0	d u - - j a -		None
2296	fly [verb]	Marinawa	duja	duja	d u j a	456	0	d u - - j a -		None
2297	fly [verb]	Yaminawa	jujaj	jujaj	j u j a j	456	0	j u j a j		None
2298	fly [verb]	Kashinawa_P	nuja	nuja	n u j a	456	0	n u - - j a -		None
2299	fly [verb]	Kashinawa_B	nuja	nuja	n u j a	456	0	n u - - j a -		None
2300	swim	Matses	tantan	tantan	t a n t a n	1248	0	t a n t a n		None
2301	swim	Matis	nun	nun	n u n	1241	0	n u n - -		None
2302	swim	Marubo	nuna	nuna	n u n a	1241	0	n u n a -		None
2303	swim	Katukina	nuna	nuna	n u n a	1241	0	n u n a -		None
2304	swim	Shipibo_Konibo	nunu	nunu	n u n u	1241	0	n u n u -		None
2305	swim	Kapanawa	nuna	nuna	n u n a	1241	0	n u n a -		None
2306	swim	Arara	tupi	tupi	t u p i	1242	0	t u - p i - - - - -		None
2307	swim	Shanenawa	tunpi	tupi	t u n p i	1242	0	t u n p i -		None
2308	swim	Yawanawa	tupin	tupin	t u p i n	1242	0	t u - p i n		None
2309	swim	Poyanawa	ua	ua	u a	1247	0	u a		None
2310	swim	Iskonawa	tunpi	tunpi	t u n p i	1242	0	t u n p i -		None
2311	swim	Chakobo	aʃi	aʃi	a ʃ i	1245	0	a ʃ i		None
2312	swim	Chakobo	nono	nono	n o n o	1241	0	n o n o -		None
2313	swim	Pakawara	nunan	nunan	n u n a n	1241	0	n u n a n		None
2314	swim	Kakataibo	mɨɲu	mɨɲu	m ɨ ɲ u	1250	0	m ɨ ɲ u		None
2315	swim	Kaxarari	natai	natai	n a t a	1249	0	n a t a		None
2316	swim	Mastanawa	tunpi	tupitjaj	t u n p i	1242	0	t u n p i -		None
2317	swim	Chaninawa	tupi	tupi	t u p i	1242	0	t u - p i -		None
2318	swim	Sharanawa	tunpi	tupi	t u n p i	1242	0	t u n p i -		None
2319	swim	Amawaka	pukɨ	pukɨ	p u k ɨ	1243	0	p u k ɨ		None
2320	swim	Nawa	pukɨ	pukɨ	p u k ɨ	1243	0	p u k ɨ		None
2321	swim	Marinawa	pukɨ	pukɨ	p u k ɨ	1243	0	p u k ɨ		None
2322	swim	Yaminawa	tunpi	tupitadi	t u n p i	1242	0	t u n p i -		None
2323	swim	Kashinawa_P	nuna	nuna	n u n a	1241	0	n u n a -		None
2324	swim	Kashinawa_B	nunai	nunai	n u n a	1241	0	n u n a -		None
2325	flow	Matses	tʂɨwɨd	tʂɨwɨd	ʈʂ ɨ w ɨ d	439	0	ʈʂ ɨ w ɨ d		None
2326	flow	Matis	ʂuke	ʂuke	ʂ u k e	435	0	ʂ u k e		None
2327	flow	Marubo	aβa	aβa	a β a	440	0	- - - - - a β a		None
2328	flow	Shipibo_Konibo	iʃtua	iʃtua	i ʃ t u a	437	0	i ʃ t u a		None
2329	flow	Kapanawa	ɨnɨ aβa	ɨnɨ βaii	ɨ n ɨ + a β a	440	0	ɨ n ɨ + - a β a		None
2330	flow	Iskonawa	hu hu ik	hu hu ik	h u + h u + i k	441	0	h u # h u # i k		None
2331	flow	Chakobo	wawa	wawa	w a w a	440	0	- - - - w a w a		None
2332	flow	Kakataibo	aβa	ʔiβu	a β a	440	0	- - - - - a β a		None
2333	flow	Mastanawa	sinbɨ	sibɨj	s i n b ɨ	434	0	s i n b ɨ		None
2334	flow	Chaninawa	kuʃi	kuʃi	k u ʃ i	433	0	k u ʃ i		None
2335	flow	Sharanawa	ɸu	ɸu	ɸ u	438	0	ɸ u		None
2336	flow	Amawaka	ka	ka	k a	447	0	k a		None
2337	flow	Nawa	pukɨ	pukɨ	p u k ɨ	379	0	p u k ɨ		None
2338	flow	Marinawa	kuʃi	kuʃi	k u ʃ i	433	0	k u ʃ i		None
2339	flow	Marinawa	sinbɨ	sinbɨ	s i n b ɨ	434	0	s i n b ɨ		None
2340	flow	Yaminawa	kuʃi	kuʃi	k u ʃ i	433	0	k u ʃ i		None
2341	flow	Kashinawa_P	kuʃi	kuʃi	k u ʃ i	433	0	k u ʃ i		None
2342	come	Matses	tʃo	tʃo	tʃ o	178	0	tʃ o		None
2343	come	Matis	tʃo	tʃo	tʃ o	178	0	tʃ o		None
2344	come	Marubo	uri	uri	u r i	176	0	- u r i		None
2345	come	Shipibo_Konibo	hu	hu	h u	176	0	h u - -		None
2346	come	Kapanawa	hu	hu	h u	176	0	h u - -		None
2347	come	Arara	ua	ua	u a	176	0	- u - a		None
2348	come	Shanenawa	u	u	u	176	0	- u - -		None
2349	come	Yawanawa	u	uwi	u	176	0	- u - -		None
2350	come	Nukini	u	ua	u	176	0	- u - -		None
2351	come	Poyanawa	u	u	u	176	0	- u - -		None
2352	come	Iskonawa	u	u	u	176	0	- u - -		None
2353	come	Chakobo	hu	hu	h u	176	0	h u - -		None
2354	come	Chakobo	βɨka	βɨka	β ɨ k a	183	0	β ɨ k a		None
2355	come	Pakawara	u	u	u	176	0	- u - -		None
2356	come	Kakataibo	u	u	u	176	0	- u - -		None
2357	come	Kaxarari	hu	hu	h u	176	0	h u - -		None
2358	come	Mastanawa	u	ɨuwɨ	u	176	0	- u - -		None
2359	come	Chaninawa	u	uwɨ	u	176	0	- u - -		None
2360	come	Sharanawa	u	u	u	176	0	- u - -		None
2361	come	Amawaka	huʔi	huʔi	h u ʔ i	176	0	h u ʔ i		None
2362	come	Nawa	u	u	u	176	0	- u - -		None
2363	come	Marinawa	u	u	u	176	0	- u - -		None
2364	come	Yaminawa	u	u	u	176	0	- u - -		None
2365	come	Kashinawa_P	hu	hu	h u	176	0	h u - -		None
2366	come	Kashinawa_B	hu	hu	h u	176	0	h u - -		None
2367	fall [drop]	Matses	paɨd	paɨd	p a ɨ d	334	0	- - - p a - ɨ d -		None
2368	fall [drop]	Matis	pakɨd	pakɨd	p a k ɨ d	334	0	- - - p a k ɨ d -		None
2369	fall [drop]	Marubo	pakɨ	pakɨ	p a k ɨ	334	0	- - - p a k ɨ - -		None
2370	fall [drop]	Katukina	paki	paki	p a k i	334	0	- - - p a k i - -		None
2371	fall [drop]	Shipibo_Konibo	pakɨt	pakɨt	p a k ɨ t	334	0	- - - p a k ɨ t -		None
2372	fall [drop]	Kapanawa	pakɨ	pakɨ	p a k ɨ	334	0	- - - p a k ɨ - -		None
2373	fall [drop]	Arara	pakɨ	pakɨ	p a k ɨ	334	0	- - - p a k ɨ - -		None
2374	fall [drop]	Shanenawa	pakɨ	pakɨ	p a k ɨ	334	0	- - - p a k ɨ - -		None
2375	fall [drop]	Yawanawa	pakɨ	pakɨ	p a k ɨ	334	0	- - - p a k ɨ - -		None
2376	fall [drop]	Iskonawa	pakɨ	pakɨ	p a k ɨ	334	0	- - - p a k ɨ - -		None
2377	fall [drop]	Chakobo	pakɨ	pakɨ	p a k ɨ	334	0	- - - p a k ɨ - -		None
2378	fall [drop]	Chakobo	poʂo	poʂo	p o ʂ o	339	0	p o ʂ o		None
2379	fall [drop]	Kakataibo	nipakɨ	nipakɨ	n i + p a k ɨ	334	0	n i + p a k ɨ - -		None
2380	fall [drop]	Kaxarari	kawa	kawa	k a w a	335	0	k a w - - a		None
2381	fall [drop]	Kaxarari	wilo	wilo	w i l o	338	0	w i l o		None
2382	fall [drop]	Mastanawa	paɨa	paɨa	p a ɨ a	334	0	- - - p a - ɨ a -		None
2383	fall [drop]	Chaninawa	pakɨ	pakɨ	p a k ɨ	334	0	- - - p a k ɨ - -		None
2384	fall [drop]	Sharanawa	pakɨ	pakɨ	p a k ɨ	334	0	- - - p a k ɨ - -		None
2385	fall [drop]	Amawaka	pakɨʔɨ	pakɨʔɨ	p a k ɨ ʔ ɨ	334	0	- - - p a k ɨ ʔ ɨ		None
2386	fall [drop]	Nawa	pakɨ	pakɨ	p a k ɨ	334	0	- - - p a k ɨ - -		None
2387	fall [drop]	Marinawa	pakɨ	pakɨ	p a k ɨ	334	0	- - - p a k ɨ - -		None
2388	fall [drop]	Yaminawa	paʔɨ	paʔɨ	p a ʔ ɨ	334	0	- - - p a ʔ ɨ - -		None
2389	fall [drop]	Kashinawa_P	kawana	kawana	k a w a n a	335	0	k a w a n a		None
2390	fall [drop]	Kashinawa_B	tinika	tinika	t i n i k a	340	0	t i n i k a		None
2391	hold [in hand]	Matses	sanan	sanan	s a n a n	601	0	s a n a n		None
2392	hold [in hand]	Matis	tɨdin	tɨdin	t ɨ d i n	538	0	t ɨ d i n		None
2393	hold [in hand]	Marubo	tuin	tuin	t u i n	598	0	t u i n -		None
2394	hold [in hand]	Katukina	tuina	tuyna	t u i n a	598	0	t u i n a		None
2395	hold [in hand]	Shipibo_Konibo	tsoma	βi	ts o m a	597	0	ts o m a		None
2396	hold [in hand]	Kapanawa	tsoma	βi	ts o m a	597	0	ts o m a		None
2397	hold [in hand]	Shanenawa	tʃuma	tʃuma	tʃ u m a	597	0	tʃ u m a		None
2398	hold [in hand]	Iskonawa	achi	achi	a tʃ i	596	0	- a tʃ i		None
2399	hold [in hand]	Chakobo	atʃa	atʃa	a tʃ a	596	0	- a tʃ a		None
2400	hold [in hand]	Kakataibo	βi	tuin	β i	599	0	β i		None
2401	hold [in hand]	Mastanawa	aʧi	aʧi	a tʃ i	596	0	- a tʃ i		None
2402	hold [in hand]	Chaninawa	t͡suba	t͡suba	ts u b a	597	0	ts u b a		None
2403	hold [in hand]	Sharanawa	t͡suba	t͡suba	ts u b a	597	0	ts u b a		None
2404	hold [in hand]	Amawaka	at͡ʃi	at͡ʃi	a tʃ i	596	0	- a tʃ i		None
2405	hold [in hand]	Nawa	aʧi	aʧi	a tʃ i	596	0	- a tʃ i		None
2406	hold [in hand]	Marinawa	jata	jata	j a t a	212	0	j a t a		None
2407	hold [in hand]	Yaminawa	aʧi	aʧi	a tʃ i	596	0	- a tʃ i		None
2408	hold [in hand]	Kashinawa_P	tsuma	tsuma	ts u m a	597	0	ts u m a		None
2409	give	Matses	mene	mene	m e + n e	496	0	m e + n e		None
2410	give	Matis	mene	mene	m e n e	496	0	m e - n e		None
2411	give	Marubo	ina	ina	i n a	491	0	- i n a -		None
2412	give	Katukina	ina	ina	i n a	491	0	- i n a -		None
2413	give	Shipibo_Konibo	mɨni	mɨni	m ɨ n i	496	0	m ɨ - n i		None
2414	give	Kapanawa	inan	inan	i n a n	491	0	- i n a n		None
2415	give	Shanenawa	inan	inan	i n a n	491	0	- i n a n		None
2416	give	Yawanawa	inan	inan	i n a n	491	0	- i n a n		None
2417	give	Poyanawa	inan	inan	i n a n	491	0	- i n a n		None
2418	give	Iskonawa	mini	mini	m i n i	496	0	m i - n i		None
2419	give	Iskonawa	inan	inan	i n a n	491	0	- i n a n		None
2420	give	Chakobo	mɨ	mɨ	m ɨ	496	0	m ɨ - - -		None
2421	give	Kakataibo	ʔinan	ʔinan	ʔ i n a n	491	0	ʔ i n a n		None
2422	give	Mastanawa	ina	ina	i n a	491	0	- i n a -		None
2423	give	Chaninawa	inan	inan	i n a n	491	0	- i n a n		None
2424	give	Sharanawa	inan	inan	i n a n	491	0	- i n a n		None
2425	give	Amawaka	inan	ina	i n a n	491	0	- i n a n		None
2426	give	Nawa	ina	ina	i n a	491	0	- i n a -		None
2427	give	Marinawa	ina	ina	i n a	491	0	- i n a -		None
2428	give	Yaminawa	bidi	biʔdi	b i d i	496	0	b i - d i		None
2429	give	Kashinawa_P	inan	inan	i n a n	491	0	- i n a n		None
2430	pull	Matses	ʂɨkka	ʂɨkka	ʂ ɨ k + k a	851	0	ʂ ɨ k + k a		None
2431	pull	Matis	tɨkka	tɨkka	t ɨ k + k a	851	0	t ɨ k + k a		None
2432	pull	Marubo	tɨri	tɨri	t ɨ r i	851	0	t ɨ r i		None
2433	pull	Shipibo_Konibo	nini	nini	n i n i	874	0	n i n i		None
2434	pull	Kapanawa	nini	nini	n i n i	874	0	n i n i		None
2435	pull	Arara	nindi	nindi	n i ⁿd i	874	0	n i n d i		None
2436	pull	Shanenawa	nini	nini	n i n i	874	0	n i n i		None
2437	pull	Yawanawa	nini	nini	n i n i	874	0	n i n i		None
2438	pull	Iskonawa	ha ha ak	ha ha ak	h a + h a + a k	879	0	h a # h a # a k		None
2439	pull	Chakobo	nini	nini	n i n i	874	0	n i n i		None
2440	pull	Kakataibo	nini	nini	n i n i	874	0	n i n i		None
2441	pull	Kaxarari	waraha	waraha	w a r a h a	878	0	w a r a h a		None
2442	pull	Mastanawa	didi	didi	d i d i	874	0	d i d i		None
2443	pull	Chaninawa	didi	didi	d i d i	874	0	d i d i		None
2444	pull	Sharanawa	didi	didi	d i d i	874	0	d i d i		None
2445	pull	Amawaka	nindi	nindi	n i ⁿd i	874	0	n i ⁿd i		None
2446	pull	Nawa	didi	didi	d i d i	874	0	d i d i		None
2447	pull	Marinawa	dindi	dindi	d i ⁿd i	874	0	d i ⁿd i		None
2448	pull	Yaminawa	didi	didi	d i d i	874	0	d i d i		None
2449	pull	Kashinawa_P	nini	nini	n i n i	874	0	n i n i		None
2450	pull	Kashinawa_B	nini	nini	n i n i	874	0	n i n i		None
2451	push	Matses	tsikunne	tsikunne	ts i k u n n e	832	0	ts i k u n n e		None
2452	push	Matis	kune	kune	k u n e	832	0	k u n e		None
2453	push	Marubo	masta	masta	m a s t a	889	0	m a s t a		None
2454	push	Katukina	xutu	xutu	x/ʂ u t u	884	0	x u t u -		None
2455	push	Shipibo_Konibo	ʂutun	ʂutun	ʂ u t u n	884	0	ʂ u t u n		None
2456	push	Kapanawa	wɨra	wɨra	w ɨ r a n	886	0	w ɨ r a n		None
2457	push	Kapanawa	ʂutun	ʂutun	ʂ u t u n	884	0	ʂ u t u n		None
2458	push	Shanenawa	pakɨ	pakɨ	p a k ɨ	883	0	p a k ɨ		None
2459	push	Yawanawa	tsiki	tsiki	ts i k i	883	0	ts i k i		None
2460	push	Iskonawa	tɨtu	tɨtu	t ɨ t u	887	0	t ɨ t u		None
2461	push	Chakobo	tʃima	tʃima	tʃ i m a	891	0	tʃ i m a		None
2462	push	Kakataibo	tʃatʃi	tʃatʃi	tʃ a tʃ i	887	0	tʃ a tʃ i		None
2463	push	Kaxarari	kuita	kuita	k u i t a	890	0	k u i t a		None
2464	push	Mastanawa	pɨʂu	pɨʂu	p ɨ ʂ u	883	0	p ɨ ʂ u		None
2465	push	Chaninawa	pɨt͡si	pɨt͡sikidi	p ɨ ts i	883	0	p ɨ ts i		None
2466	push	Sharanawa	pɨt͡si	pɨt͡sikidi	p ɨ ts i	883	0	p ɨ ts i		None
2467	push	Amawaka	wɨɾan	mɨɾa	w ɨ ɾ a n	886	0	w ɨ ɾ a n		None
2468	push	Nawa	pɨtsi	pɨtsi	p ɨ ts i	883	0	p ɨ ts i		None
2469	push	Marinawa	pɨtsi	pɨtsikɨdi	p ɨ ts i	883	0	p ɨ ts i		None
2470	push	Yaminawa	pɨʂɨ	pɨʂɨ	p ɨ ʂ ɨ	883	0	p ɨ ʂ ɨ		None
2471	push	Kashinawa_P	ʂutu	ʂutu	ʂ u t u	884	0	ʂ u t u -		None
2472	turn [intr. v.]	Matses	βidiad	βidiad	β i d i a d	1345	0	β i d i a d		None
2473	turn [intr. v.]	Matis	βidikiakɨd	βidikiakɨd	β i d i + k i a + k ɨ d	1345	0	β i d i - - + k i a + k ɨ d		None
2474	turn [intr. v.]	Marubo	βɨsukɨ	βɨsukɨ	β ɨ s u k ɨ	1016	0	β ɨ s u k ɨ		None
2475	turn [intr. v.]	Katukina	hiku	hiku	h i k u	1354	0	h i k u		None
2476	turn [intr. v.]	Shipibo_Konibo	raβɨ	raβɨ	r a β ɨ	1343	0	r a β - - ɨ		None
2477	turn [intr. v.]	Kapanawa	raβɨ	raβɨ	r a β ɨ	1343	0	r a β - - ɨ		None
2478	turn [intr. v.]	Arara	ua	ua	u a	1350	0	u a		None
2479	turn [intr. v.]	Yawanawa	nitã	nitã	n i t ã	1351	0	n i t ã		None
2480	turn [intr. v.]	Iskonawa	maja	maja	m a j a	1349	0	m a j a		None
2481	turn [intr. v.]	Chakobo	βupi	βupi	β u p i	1356	0	β u p i		None
2482	turn [intr. v.]	Kakataibo	kwanankɨ	kwanankɨ	kʷ a n a n k ɨ	1348	0	kʷ a n a n k ɨ		None
2483	turn [intr. v.]	Kaxarari	pu	pu	p u	1353	0	p u		None
2484	turn [intr. v.]	Mastanawa	ɾaɸɨ	ɸuswakaw	ɸ u sʷ a k a w	1346	0	ɸ u sʷ a k a w		None
2485	turn [intr. v.]	Chaninawa	ɾaɸɨ	ɾaɸɨ	ɾ a ɸ ɨ	1343	0	ɾ a ɸ - - ɨ		None
2486	turn [intr. v.]	Sharanawa	ɾaɸɨ	ɾaɸɨ	ɾ a ɸ ɨ	1343	0	ɾ a ɸ - - ɨ		None
2487	turn [intr. v.]	Amawaka	maja	huʔi	m a j a	443	0	m a j a		None
2488	turn [intr. v.]	Nawa	ɾaɸɨ	ũnwĩ	ɾ a ɸ ɨ	1343	0	ɾ a ɸ - - ɨ		None
2489	turn [intr. v.]	Marinawa	ɾaɸɨ	ɾaɸɨ	ɾ a ɸ ɨ	1343	0	ɾ a ɸ - - ɨ		None
2490	turn [intr. v.]	Yaminawa	lawɨ	lawɨ	l a w ɨ	1343	0	l a w - - ɨ		None
2491	turn [intr. v.]	Kashinawa_P	daβɨkɨ	daβɨkɨ	d a β ɨ k ɨ	1343	0	d a β ɨ k ɨ		None
2492	turn [intr. v.]	Kashinawa_B	anuhu	anuhu	a n u h u	1347	0	a n u h u		None
2493	throw	Matses	ne	ne	n e	1316	0	n e ( - )		None
2494	throw	Matis	ne	ne	n e	1316	0	n e ( - )		None
2495	throw	Marubo	untʃi	untʃi	u n tʃ i	1320	0	u n tʃ i		None
2496	throw	Shipibo_Konibo	puta	puta	p u t a	1314	0	p u - t a		None
2497	throw	Kapanawa	tsaka	tsaka	ts a k a	1315	0	ts a k a		None
2498	throw	Shanenawa	puta	puta	p u t a	1314	0	p u - t a		None
2499	throw	Yawanawa	puta	puta	p u t a	1314	0	p u - t a		None
2500	throw	Poyanawa	puta	puta	p u t a	1314	0	p u - t a		None
2501	throw	Iskonawa	miɾi	miɾi	m i ɾ i	1318	0	m i ɾ i		None
2502	throw	Chakobo	nia	nia	n i a	1316	0	n i ( a )		None
2503	throw	Kakataibo	niti	pu	n i	1316	0	n i ( - )		None
2504	throw	Kaxarari	nia	nial	n i a	1316	0	n i ( a )		None
2505	throw	Mastanawa	puta	puta	p u t a	1314	0	p u - t a		None
2506	throw	Mastanawa	tsaka	tsaka	ts a k a	1315	0	ts a k a		None
2507	throw	Chaninawa	t͡saka	t͡saka	ts a k a	1315	0	ts a k a		None
2508	throw	Sharanawa	puta	puta	p u t a	1314	0	p u - t a		None
2509	throw	Amawaka	t͡saka	t͡saka	ts a k a	1315	0	ts a k a		None
2510	throw	Nawa	puta	puta	p u t a	1314	0	p u - t a		None
2511	throw	Marinawa	puta	puta	p u t a	1314	0	p u - t a		None
2512	throw	Yaminawa	puʔta	puʔta	p u ʔ t a	1314	0	p u ʔ t a		None
2513	throw	Yaminawa	tsaʔa	tsaʔa	ts a ʔ a	1315	0	ts a ʔ a		None
2514	throw	Kashinawa_P	puta	puta	p u t a	1314	0	p u - t a		None
2515	throw	Kashinawa_P	tsaka	tsaka	ts a k a	1315	0	ts a k a		None
2516	play	Matses	mamɨn	mamɨn	m a m ɨ n	867	0	m a m ɨ n		None
2517	play	Matis	tʃuke	tʃuke	tʃ u k e	868	0	tʃ u k e		None
2518	play	Marubo	wɨsia	wɨsia	w ɨ s i a	869	0	w ɨ s i a		None
2519	play	Marubo	usan	usan	u s a n	864	0	u s a n		None
2520	play	Shipibo_Konibo	tsini	tsini	ts i n i	866	0	ts i n i		None
2521	play	Kapanawa	ʃiru	ʃiru	ʃ i r u	1064	0	ʃ i r u		None
2522	play	Arara	ʃuʃui	ʃuʃui	ʃ u ʃ u i	862	0	ʃ u ʃ u i		None
2523	play	Shanenawa	ʂuʂu	ʂuʂu	ʂ u ʂ u	862	0	ʂ u ʂ u		None
2524	play	Yawanawa	ʃuʃu	ʃuʃu	ʂ u ʂ u	862	0	ʂ u ʂ u		None
2525	play	Iskonawa	mɨka	mɨka	m ɨ k a	863	0	m ɨ k a		None
2526	play	Chakobo	kaʂa	kaʂa	k a ʂ a	861	0	k a ʂ a		None
2527	play	Kakataibo	kwai	kwai	kʷ a j	809	0	kʷ a - i		None
2528	play	Mastanawa	kaʂɨ	kaʂɨ	k a ʂ ɨ	861	0	k a ʂ ɨ		None
2529	play	Chaninawa	kaʂɨ	kaʂɨ	k a ʂ ɨ	861	0	k a ʂ ɨ		None
2530	play	Sharanawa	kaʂɨ	kaʂɨ	k a ʂ ɨ	861	0	k a ʂ ɨ		None
2531	play	Amawaka	mɨka	mɨka	m ɨ k a	863	0	m ɨ k a		None
2532	play	Nawa	kaʂɨ	kaʂɨ	k a ʂ ɨ	861	0	k a ʂ ɨ		None
2533	play	Marinawa	kaʂɨ	kaʂɨ	k a ʂ ɨ	861	0	k a ʂ ɨ		None
2534	play	Yaminawa	kaʂɨ	kaʂɨ	k a ʂ ɨ	861	0	k a ʂ ɨ		None
2535	play	Yaminawa	ʂuʂu	ʂuʂu	ʂ u ʂ u	862	0	ʂ u ʂ u		None
2536	play	Kashinawa_P	βɨjusa	βɨjusa	β ɨ j u s a	870	0	β ɨ j u s a		None
2537	wash	Matses	pan	pan	p a n	1158	0	- - p a n		None
2538	wash	Matis	ʃik	ʃik	ʃ i k	1389	0	ʃ i k		None
2539	wash	Marubo	tʃaka	tʃaka	tʃ a k a	1384	0	tʃ a k a		None
2540	wash	Katukina	txua	txua	ʈʂ u a	1384	0	ʈʂ u - a		None
2541	wash	Shipibo_Konibo	patsa	patsa	p a ts a	1383	0	p a ts a -		None
2542	wash	Kapanawa	dapan	dapan	d a p a n	1105	0	d a p a n		None
2543	wash	Kapanawa	patsa	patsa	p a ts a	1383	0	p a ts a -		None
2544	wash	Arara	pãsa	pãsa	p ã s a	1383	0	p ã s - a - - - - -		None
2545	wash	Shanenawa	tʃuka	tʃuka	tʃ u k a	1384	0	tʃ u k a		None
2546	wash	Yawanawa	tʃuka	tʃuka	tʃ u k a	1384	0	tʃ u k a		None
2547	wash	Poyanawa	ʧuki	ʧuki	tʃ u k i	1384	0	tʃ u k i		None
2548	wash	Iskonawa	ʧuka	ʧuka	tʃ u k a	1384	0	tʃ u k a		None
2549	wash	Chakobo	tʃuku	tʃuku	tʃ u k u	1384	0	tʃ u k u		None
2550	wash	Pakawara	aʃi	aʃi	a ʃ i	1383	0	a ʃ i		None
2551	wash	Kakataibo	tʃuka	tʃuka	tʃ u k a	1384	0	tʃ u k a		None
2552	wash	Kaxarari	palo	palo	p a l o	1386	0	p a l o		None
2553	wash	Mastanawa	patsa	patsa	p a ts a	1383	0	p a ts a -		None
2554	wash	Chaninawa	pat͡san	pat͡san	p a ts a n	1383	0	p a ts a n		None
2555	wash	Sharanawa	t͡ʃuka	t͡ʃuka	tʃ u k a	1384	0	tʃ u k a		None
2556	wash	Sharanawa	pat͡san	pat͡san	p a ts a n	1383	0	p a ts a n		None
2557	wash	Amawaka	pat͡san	pat͡san	p a ts a n	1383	0	p a ts a n		None
2558	wash	Nawa	patsa	patsaj	p a ts a	1383	0	p a ts a -		None
2559	wash	Nawa	ʧuka	ʧuka	tʃ u k a	1384	0	tʃ u k a		None
2560	wash	Marinawa	patsa	patsaj	p a ts a	1383	0	p a ts a -		None
2561	wash	Marinawa	ʧuka	ʧukaj	tʃ u k a	1384	0	tʃ u k a		None
2562	wash	Yaminawa	patsa	patsa	p a ts a	1383	0	p a ts a -		None
2563	wash	Kashinawa_P	patsa	patsa	p a ts a	1383	0	p a ts a -		None
2564	wipe	Matses	uk	uk	u k	1489	0	u k		None
2565	wipe	Matis	uk	uk	u k	1489	0	u k		None
2566	wipe	Marubo	tuʃku	tuʃku	t u ʃ + k u	1490	0	t u ʃ + k u		None
2567	wipe	Katukina	matxi	matxi	m a ʈʂ i	1491	0	m a ʈʂ i		None
2568	wipe	Katukina	rini	rini	r i n i	1492	0	r i n i		None
2569	wipe	Shipibo_Konibo	sua	sua	s u a	1487	0	s u a		None
2570	wipe	Kapanawa	wasa	wasa	w a s a	1626	0	w a s a		None
2571	wipe	Kapanawa	sua	sua	s u a	1487	0	s u a		None
2572	wipe	Iskonawa	sua	sua	s u a	1487	0	s u a		None
2573	wipe	Chakobo	sinu	sinu	s i n u	1498	0	s i n u		None
2574	wipe	Chakobo	masa	masa	m a s a	1491	0	m a s a		None
2575	wipe	Kakataibo	tɨrɨn	tɨrɨn	t ɨ r ɨ n	1486	0	t ɨ r ɨ - n -		None
2576	wipe	Mastanawa	tɨɾɨa	tɨɾɨa	t ɨ ɾ ɨ a	1486	0	t ɨ ɾ ɨ - - a		None
2577	wipe	Chaninawa	t͡ʃuka	t͡ʃuka	tʃ u k a	1160	0	tʃ u k a		None
2578	wipe	Sharanawa	tɨɾɨa	tɨɾɨa	t ɨ ɾ ɨ a	1486	0	t ɨ ɾ ɨ - - a		None
2579	wipe	Amawaka	mat͡su	mat͡su	m a ts u	1491	0	m a ts u		None
2580	wipe	Nawa	ʂaɾa	ʂaɾa	ʂ a ɾ a	1488	0	ʂ a ɾ - - a		None
2581	wipe	Marinawa	tɨɾɨaki	tɨɾɨaki	t ɨ ɾ ɨ a k i	1486	0	t ɨ ɾ ɨ a k i		None
2582	wipe	Yaminawa	ʃaɾawa	ʃaɾawa	ʃ a ɾ a w a	1488	0	ʃ a ɾ a w a		None
2583	wipe	Kashinawa_P	jinkɨwa	jinkɨwa	j i n k ɨ w a	1500	0	j i n k ɨ w a		None
2584	rub	Matses	daʂun	da-ʂun	d a ʂ u n	949	0	d a ʂ u n		None
2585	rub	Matis	tɨkɨka	tɨkɨka	t ɨ k ɨ + k a	1587	0	t ɨ k ɨ + k a		None
2586	rub	Marubo	tuʃku	tuʃku	t u ʃ + k u	1586	0	t u ʃ + k u		None
2587	rub	Shipibo_Konibo	ʂɨyu	ʂɨyu	ʂ ɨ j u	944	0	ʂ ɨ j u		None
2588	rub	Kapanawa	tuyu	tuyu	t u j u	944	0	t u j u		None
2589	rub	Kapanawa	rɨnkɨ	rɨnkɨ	r ɨ n k ɨ	1172	0	r ɨ n k ɨ		None
2590	rub	Poyanawa	haki	haki	h a k i	948	0	h a k i		None
2591	rub	Chakobo	sinu	sinu	s i n u	953	0	s i n u		None
2592	rub	Chakobo	masa	masa	m a s a	946	0	m a s a		None
2593	rub	Kakataibo	tʃɨka	tʃɨka	tʃ ɨ k a	945	0	tʃ ɨ k a		None
2594	rub	Mastanawa	tɨɾɨa	tɨɾɨa	t ɨ ɾ ɨ a	943	0	t ɨ ɾ - ɨ - a		None
2595	rub	Chaninawa	ɸiʃkia	ɸiʃkia	ɸ i ʃ k i a	952	0	ɸ i ʃ k i a		None
2596	rub	Sharanawa	tɨɾɨa	tɨɾɨa	t ɨ ɾ ɨ a	943	0	t ɨ ɾ - ɨ - a		None
2597	rub	Amawaka	tɨɾɨki	tɨɾɨki	t ɨ ɾ ɨ k i	943	0	t ɨ ɾ - ɨ k i		None
2598	rub	Nawa	tɨɾaki	tɨɾaki	t ɨ ɾ a k i	943	0	t ɨ ɾ - a k i		None
2599	rub	Marinawa	tɨɾɨaki	tɨɾɨaki	t ɨ ɾ ɨ a k i	943	0	t ɨ ɾ ɨ a k i		None
2600	rub	Yaminawa	lɨjuwi	lɨjuwi	l ɨ j u w i	1585	0	l ɨ j u w i		None
2601	rub	Kashinawa_P	huʂwa	huʂwa	h u ʂʷ a	950	0	h u ʂʷ a		None
2602	count [verb]	Matses	tan	tan	t a n	184	0	t a n		None
2603	count [verb]	Marubo	tana	tana	t a n a	184	0	t a n a - -		None
2604	count [verb]	Katukina	katse	katse	k a ts e	188	0	k a ts e		None
2605	count [verb]	Shipibo_Konibo	tupun	tupun	t u p u n	446	0	t u p u n		None
2606	count [verb]	Kapanawa	tupun	tupun	t u p u n	445	0	t u p u n		None
2607	count [verb]	Iskonawa	tupun	tupun	t u p u n	275	0	t u p u n		None
2608	count [verb]	Chakobo	tuka	tuka	t u k a	192	0	t u k a		None
2609	count [verb]	Kakataibo	tupu	tupu	t u p u	311	0	t u p u -		None
2610	count [verb]	Mastanawa	tanaɸa	tanaɸa	t a n a ɸ a	184	0	t a n a ɸ a		None
2611	count [verb]	Chaninawa	tanawa	tanawa	t a n a w a	184	0	t a n a w a		None
2612	count [verb]	Sharanawa	tanawa	tanawa	t a n a w a	184	0	t a n a w a		None
2613	count [verb]	Amawaka	tanan	tanan	t a n a n	184	0	t a n a n -		None
2614	count [verb]	Nawa	tanawa	tanawaj	t a n a w a	184	0	t a n a w a		None
2615	count [verb]	Marinawa	tana	tana	t a n a	184	0	t a n a - -		None
2616	count [verb]	Yaminawa	adɨ	adɨ	a d ɨ	186	0	a d ɨ		None
2617	count [verb]	Kashinawa_P	tana	tana	t a n a	184	0	t a n a - -		None
2618	kill	Matses	ak	ak	a k	639	0	a k		None
2619	kill	Matis	ak	ak	a k	639	0	a k		None
2620	kill	Marubo	jamama	jamama	j a m a m a	645	0	j a m a m a		None
2621	kill	Katukina	atan	atan	a t a n	646	0	a t a n		None
2622	kill	Katukina	maki	maki	m a k i	552	0	m a k i		None
2623	kill	Shipibo_Konibo	rɨtɨ	rɨtɨ	r ɨ t ɨ	638	0	r ɨ t ɨ		None
2624	kill	Kapanawa	rɨtɨ	rɨtɨ	r ɨ t ɨ	638	0	r ɨ t ɨ		None
2625	kill	Arara	rɨtɨ	rɨtɨ	r ɨ t ɨ	638	0	r ɨ t ɨ -		None
2626	kill	Shanenawa	rɨtɨ	rɨtɨ	r ɨ t ɨ	638	0	r ɨ t ɨ		None
2627	kill	Yawanawa	rɨtɨ	rɨtɨ	r ɨ t ɨ	638	0	r ɨ t ɨ		None
2628	kill	Nukini	rɨtɨ	rɨtɨ	r ɨ t ɨ	638	0	r ɨ t ɨ		None
2629	kill	Poyanawa	kuja	kuja	k u j a	644	0	k u j a		None
2630	kill	Iskonawa	marɨ	marɨ	m a + r ɨ	638	0	m a + r ɨ - -		None
2631	kill	Chakobo	kaka	kaka	k a k a	639	0	k a k a		None
2632	kill	Chakobo	tɨpas	tɨpas	t ɨ p a s	550	0	t ɨ p a s		None
2633	kill	Pakawara	aha	aha	a h a	639	0	a h a		None
2634	kill	Kakataibo	rɨ	rɨ	r ɨ	638	0	r ɨ - -		None
2635	kill	Kaxarari	ʔa	?a	ʔ a	639	0	- ʔ a		None
2636	kill	Mastanawa	ɾɨtɨ	ɾɨtɨ	ɾ ɨ t ɨ	638	0	ɾ ɨ t ɨ		None
2637	kill	Chaninawa	ɾɨtɨ	ɾɨtɨ	ɾ ɨ t ɨ	638	0	ɾ ɨ t ɨ		None
2638	kill	Sharanawa	ɾɨtɨ	ɾɨtɨ	ɾ ɨ t ɨ	638	0	ɾ ɨ t ɨ		None
2639	kill	Amawaka	ɾɨtɨ	ɾɨtɨ	ɾ ɨ t ɨ	638	0	ɾ ɨ t ɨ		None
2640	kill	Nawa	ɾɨtɨ	ɾɨtɨj	ɾ ɨ t ɨ	638	0	ɾ ɨ t ɨ		None
2641	kill	Marinawa	ɾɨtɨ	ɾɨtɨ	ɾ ɨ t ɨ	638	0	ɾ ɨ t ɨ		None
2642	kill	Yaminawa	ɾɨtɨ	ɾɨtɨ	ɾ ɨ t ɨ	638	0	ɾ ɨ t ɨ		None
2643	kill	Kashinawa_P	tɨnia	tɨnja	t ɨ n j a	647	0	t ɨ n j a		None
2644	hit	Matses	kues	kues	k u e s	515	0	k u e s		None
2645	hit	Matis	kues	kues	k u e s	515	0	k u e s		None
2646	hit	Marubo	riʃki	riʃki	r i ʃ k i	587	0	r i ʃ k i		None
2647	hit	Katukina	rixki	rixki	r i x/ʂ k i	587	0	r i x k i		None
2648	hit	Shipibo_Konibo	riʃki	riʃki	r i ʃ k i	587	0	r i ʃ k i		None
2649	hit	Kapanawa	riʃki	riʃki	r i ʃ k i	587	0	r i ʃ k i		None
2650	hit	Arara	kɨʃa	kɨʃa	k ɨ ʃ a	585	0	k ɨ - ʃ a		None
2651	hit	Shanenawa	kuʂa	kuʂa	k u ʂ a	585	0	k u ʂ a		None
2652	hit	Yawanawa	kuʃa	kuʃa	k u ʃ a	585	0	k u ʃ a		None
2653	hit	Poyanawa	burutu	burutu	b u r u t u	592	0	b u r u t u		None
2654	hit	Iskonawa	mɨ	mɨ	m ɨ	588	0	m ɨ - -		None
2655	hit	Chakobo	tʃaka	tʃaka	tʃ a k a	589	0	tʃ a k a		None
2656	hit	Chakobo	tuʂ	tuʂ	t u ʂ	532	0	t u ʂ		None
2657	hit	Chakobo	raʃi	raʃi	r a ʃ i	590	0	r a ʃ i		None
2658	hit	Kakataibo	mɨ	mɨ	m ɨ	588	0	m ɨ - -		None
2659	hit	Mastanawa	kuʂa	kuʂa	k u ʂ a	585	0	k u ʂ a		None
2660	hit	Chaninawa	sɨtɨ	sɨtɨ	s ɨ t ɨ	586	0	s ɨ t ɨ		None
2661	hit	Chaninawa	kuʃa	kuʃa	k u ʃ a	585	0	k u ʃ a		None
2662	hit	Sharanawa	t͡sɨtɨ	t͡sɨtɨ	ts ɨ t ɨ	586	0	ts ɨ t ɨ		None
2663	hit	Amawaka	mɨʔɨ	mɨʔɨ	m ɨ ʔ ɨ	588	0	m ɨ ʔ ɨ		None
2664	hit	Nawa	sɨtɨ	sɨtɨj	s ɨ t ɨ	586	0	s ɨ t ɨ		None
2665	hit	Marinawa	sɨtɨ	sɨtɨ	s ɨ t ɨ	586	0	s ɨ t ɨ		None
2666	hit	Yaminawa	sɨtɨ	sɨtɨ	s ɨ t ɨ	586	0	s ɨ t ɨ		None
2667	hit	Kashinawa_P	ʧaka	ʧaka	tʃ a k a	589	0	tʃ a k a		None
2668	fight	Matses	kuesnan	kues-nan	k u e s + n a n	395	0	k u e s + - n a n		None
2669	fight	Matis	kuesnan	kues-nan	k u e s + n a n	395	0	k u e s + - n a n		None
2670	fight	Marubo	wɨakinan	wɨakinan	w ɨ a k i n a n	1180	0	w ɨ a k i n a n		None
2671	fight	Shipibo_Konibo	rɨtianan	rɨtianan	r ɨ t i + a n a n	394	0	r ɨ t i - - - - + a n a n		None
2672	fight	Kapanawa	rɨtɨnankan	rɨtɨnankan	r ɨ t ɨ + n a n + k a n	392	0	r ɨ t ɨ - - - - + - n a n + k a n		None
2673	fight	Arara	rɨtɨ	rɨtɨ	r ɨ t ɨ	392	0	r ɨ t ɨ - - - -		None
2674	fight	Poyanawa	ikina	ikina	i k i n a	321	0	i k i n a		None
2675	fight	Iskonawa	muʃa	muʃa	m u ʃ a	396	0	m u ʃ a		None
2676	fight	Chakobo	niana	niana	n i a n a	393	0	n i a n a		None
2677	fight	Chakobo	ikina	ikina	i k i n a	321	0	i k i n a		None
2678	fight	Kakataibo	mɨanan	mɨanan	m ɨ + a n a n	642	0	m ɨ - - + a n a n		None
2679	fight	Mastanawa	ʂɨtɨna	ʂɨtɨna	ʂ ɨ t ɨ + n a	392	0	ʂ ɨ t ɨ - - - - + - n a -		None
2680	fight	Chaninawa	sɨtɨnan	sɨtɨnan	s ɨ t ɨ n a n	392	0	s ɨ t ɨ n a n -		None
2681	fight	Sharanawa	t͡sɨtɨnaka	t͡sɨtɨnaka	ts ɨ t ɨ n a k a	392	0	ts ɨ t ɨ n a k a		None
2682	fight	Amawaka	mɨʔɨna	mɨʔɨna	m ɨ ʔ ɨ + n a	316	0	m ɨ ʔ ɨ + - n a -		None
2683	fight	Nawa	ʂɨtɨnaj	ʂɨtɨnaj	ʂ ɨ t ɨ + n a	392	0	ʂ ɨ t ɨ - - - - + - n a -		None
2684	fight	Marinawa	ʂɨtɨna	ʂɨtɨna	ʂ ɨ t ɨ + n a	392	0	ʂ ɨ t ɨ - - - - + - n a -		None
2685	fight	Yaminawa	ʂɨtɨna	ʂɨtɨna	ʂ ɨ t ɨ + n a	392	0	ʂ ɨ t ɨ - - - - + - n a -		None
2686	fight	Kashinawa_P	dɨti	dɨtja	d ɨ t i	398	0	d ɨ t i - - - -		None
2687	fight	Kashinawa_P	ʂɨtɨ	ʂutu	ʂ ɨ t ɨ	392	0	ʂ ɨ t ɨ - - - -		None
2688	stab [or pierce]	Matses	se	se	s e	1606	0	s e		None
2689	stab [or pierce]	Matis	tuska	tuska	t u s + k a	1174	0	t u s + k a		None
2690	stab [or pierce]	Marubo	rɨtɨ	rɨtɨ	r ɨ t ɨ	1605	0	r ɨ t ɨ		None
2691	stab [or pierce]	Shipibo_Konibo	tʃatʃi	tʃatʃi	tʃ a tʃ i	1168	0	tʃ a tʃ i		None
2692	stab [or pierce]	Kapanawa	nakuki	nakuki	n a k u k i	1178	0	n a k u k i		None
2693	stab [or pierce]	Kapanawa	tʃatʃi	tʃatʃi	tʃ a tʃ i	1168	0	tʃ a tʃ i		None
2694	stab [or pierce]	Poyanawa	du	du	d u	1175	0	d u		None
2695	stab [or pierce]	Iskonawa	masta	masta	m a s t a	1170	0	m a s t a		None
2696	stab [or pierce]	Chakobo	tsaka	tsaka	ts a k a	1169	0	ts a k a		None
2697	stab [or pierce]	Kakataibo	pɨti	pɨti	p ɨ + t i	191	0	p ɨ + t i		None
2698	stab [or pierce]	Kaxarari	tʃulawa	tʃulawa	tʃ u l a w a	1173	0	tʃ u l a w a		None
2699	stab [or pierce]	Kaxarari	poha	poha	p o h a	1177	0	p o h a		None
2700	stab [or pierce]	Mastanawa	sɨwɨ	sɨwɨ	s ɨ w ɨ	27	0	s ɨ w ɨ		None
2701	stab [or pierce]	Chaninawa	ʂu	ʂu	ʂ u	1167	0	ʂ u - - - -		None
2702	stab [or pierce]	Sharanawa	ʂu	ʂu	ʂ u	1167	0	ʂ u - - - -		None
2703	stab [or pierce]	Amawaka	çuwi	çuwi	ç u w i	1167	0	ç u w - - i		None
2704	stab [or pierce]	Nawa	basta	bastaj	b a s t a	1170	0	b a s t a		None
2705	stab [or pierce]	Marinawa	tsɨwɨ	tsɨwɨ	ts ɨ w ɨ	27	0	ts ɨ w ɨ		None
2706	stab [or pierce]	Yaminawa	ʂuwiwa	ʂuwiwa	ʂ u w i w a	1167	0	ʂ u w i w a		None
2707	stab [or pierce]	Kashinawa_P	ʂuki	ʂukja	ʂ u k i	1167	0	ʂ u k - - i		None
2708	cut [verb]	Matses	te	te	t e	195	0	t e		None
2709	cut [verb]	Matis	te	te	t e	195	0	t e		None
2710	cut [verb]	Marubo	ʂatɨ	ʂatɨ	ʂ a t ɨ	193	0	ʂ a t ɨ		None
2711	cut [verb]	Katukina	rera	rera	r e r a	206	0	r e r a		None
2712	cut [verb]	Shipibo_Konibo	ʂatɨ	ʂatɨ	ʂ a t ɨ	193	0	ʂ a t ɨ		None
2713	cut [verb]	Kapanawa	ʂatɨ	ʂatɨ	ʂ a t ɨ	193	0	ʂ a t ɨ		None
2714	cut [verb]	Arara	ʃati	ʃati	ʃ a t i	193	0	ʃ a t i -		None
2715	cut [verb]	Shanenawa	ʂatɨ	ʂatɨ	ʂ a t ɨ	193	0	ʂ a t ɨ		None
2716	cut [verb]	Yawanawa	wɨʃa	wɨʃa	w ɨ ʃ a	203	0	w ɨ ʃ a		None
2717	cut [verb]	Nukini	hatɨ	hatɨ	h a t ɨ	193	0	h a t ɨ		None
2718	cut [verb]	Poyanawa	marka	marka	m a r k a	204	0	m a r k a		None
2719	cut [verb]	Iskonawa	hatɨ	hatɨ	h a t ɨ	193	0	h a t ɨ		None
2720	cut [verb]	Chakobo	pɨrɨʂa	pɨrɨʂa	p ɨ r ɨ ʂ a	209	0	p ɨ r ɨ ʂ a		None
2721	cut [verb]	Chakobo	tsɨiʔa	tsɨi?a	ts ɨ j ʔ a	201	0	ts ɨ i ʔ a		None
2722	cut [verb]	Chakobo	kɨsa	kɨɨsa	k ɨ s a	198	0	k ɨ s a		None
2723	cut [verb]	Kakataibo	ʂatɨ	ʂatɨ	ʂ a t ɨ	193	0	ʂ a t ɨ		None
2724	cut [verb]	Kaxarari	buʂte	buʂte	b u ʂ t e	205	0	b u ʂ t e		None
2725	cut [verb]	Mastanawa	ʂatɨ	ʂatɨ	ʂ a t ɨ	193	0	ʂ a t ɨ		None
2726	cut [verb]	Chaninawa	ʂatɨ	ʂatɨ	ʂ a t ɨ	193	0	ʂ a t ɨ		None
2727	cut [verb]	Sharanawa	ʂatɨ	ʂatɨ	ʂ a t ɨ	193	0	ʂ a t ɨ		None
2728	cut [verb]	Amawaka	çatɨ	çatɨ	ç a t ɨ	193	0	ç a t ɨ		None
2729	cut [verb]	Nawa	ʂatɨ	ʂatɨj	ʂ a t ɨ	193	0	ʂ a t ɨ		None
2730	cut [verb]	Marinawa	ʂatɨ	ʂatɨ	ʂ a t ɨ	193	0	ʂ a t ɨ		None
2731	cut [verb]	Yaminawa	ʂata	ʂata	ʂ a t a	193	0	ʂ a t a		None
2732	cut [verb]	Kashinawa_P	mɨʂtja	mɨʂtja	m ɨ ʂ t j a	207	0	m ɨ ʂ t j a		None
2733	split	Matses	kuɨʂ	kuɨʂ	kʷ ɨ ʂ	1602	0	k u ɨ ʂ		None
2734	split	Matis	pos	pos	p o s	400	0	p o s		None
2735	split	Marubo	tuʂa	tuʂa	t u ʂ a	1599	0	t u ʂ a		None
2736	split	Shipibo_Konibo	kaʂkɨ	kaʂkɨ	k a ʂ k ɨ	1138	0	k a ʂ k ɨ		None
2737	split	Kapanawa	kaʂkɨ	kaʂkɨ	k a ʂ k ɨ	1138	0	k a ʂ k ɨ		None
2738	split	Yawanawa	kɨʃa	kɨʃa	k ɨ ʃ a	1141	0	k ɨ ʃ a		None
2739	split	Iskonawa	kahkɨ	kahkɨ	k a h k ɨ	1138	0	k a h k ɨ		None
2740	split	Chakobo	matuʂ	matuʂ	m a t u ʂ	1140	0	m a t u ʂ		None
2741	split	Kakataibo	tuka	tuka	t u k a	1139	0	t u k a		None
2742	split	Mastanawa	kaʂkɨ	kaʂkɨ	k a ʂ k ɨ	1138	0	k a ʂ k ɨ		None
2743	split	Chaninawa	kaʂkɨ	kaʂkɨ	k a ʂ k ɨ	1138	0	k a ʂ k ɨ		None
2744	split	Sharanawa	tɨkɨ	tɨkɨ	t ɨ k ɨ	1139	0	t ɨ k ɨ		None
2745	split	Amawaka	çatɨ	çatɨ	ç a t ɨ	1142	0	ç a t ɨ		None
2746	split	Nawa	pɨʂa	pɨʂaj	p ɨ ʂ a	1600	0	p ɨ ʂ a		None
2747	split	Marinawa	kaʂkɨ	kaʂkɨ	k a ʂ k ɨ	1138	0	k a ʂ k ɨ		None
2748	split	Yaminawa	kaʂkɨ	kaʂkɨ	k a ʂ k ɨ	1138	0	k a ʂ k ɨ		None
2749	split	Kashinawa_P	pɨʂa	pɨʂa	p ɨ ʂ a	1600	0	p ɨ ʂ a		None
2750	split	Kashinawa_P	kaʂki	kaʂki	k a ʂ k i	1138	0	k a ʂ k i		None
2751	scratch [an itch]	Matses	ʃueʃka	ʃueʃka	ʃ u e ʃ + k a	985	0	ʃ u e ʃ + k a		None
2752	scratch [an itch]	Matis	ʂɨkɨdke	ʂɨkɨdke	ʂ ɨ k ɨ d + k e	990	58	ʂ ɨ k ɨ d + k e		None
2753	scratch [an itch]	Marubo	turɨska	turɨska	t u r ɨ s + k a	985	0	t u r ɨ s + k a		None
2754	scratch [an itch]	Katukina	rani	rani	r a n i	986	0	r a n i		None
2755	scratch [an itch]	Shipibo_Konibo	ʂua	ʂua	ʂ u a	983	0	ʂ u - a		None
2756	scratch [an itch]	Kapanawa	raβɨʂ	raβɨʂ	r a β ɨ ʂ	972	0	r a β ɨ ʂ		None
2757	scratch [an itch]	Kapanawa	ʂua	ʂua	ʂ u a	983	0	ʂ u - a		None
2758	scratch [an itch]	Shanenawa	ʂua	ʂua	ʂ u a	983	0	ʂ u - a		None
2759	scratch [an itch]	Iskonawa	ʧuɨh ʧuɨh ik	ʧuɨh ʧuɨh ik	tʃ u ɨ h tʃ u ɨ h i k	993	0	tʃ u ɨ h tʃ u ɨ h i k		None
2760	scratch [an itch]	Chakobo	ʂua	ʂua	ʂ u a	983	0	ʂ u - a		None
2761	scratch [an itch]	Kakataibo	ʂua	ʂua	ʂ u a	983	0	ʂ u - a		None
2762	scratch [an itch]	Mastanawa	ʂuwa	ʂuwa	ʂ u w a	983	0	ʂ u w a		None
2763	scratch [an itch]	Chaninawa	ʂuwa	ʂuwa	ʂ u w a	983	0	ʂ u w a		None
2764	scratch [an itch]	Sharanawa	ʂuwa	ʂuwa	ʂ u w a	983	0	ʂ u w a		None
2765	scratch [an itch]	Amawaka	çuwa	çuwa	ç u w a	983	0	ç u w a		None
2766	scratch [an itch]	Nawa	ʂuwa	ʂuwaj	ʂ u w a	983	0	ʂ u w a		None
2767	scratch [an itch]	Marinawa	ʂu	ʂu	ʂ u	983	0	ʂ u - -		None
2768	scratch [an itch]	Yaminawa	ʂuwa	ʂuwa	ʂ u w a	983	0	ʂ u w a		None
2769	scratch [an itch]	Kashinawa_P	ʂua	ʂwaj	ʂ u a	983	0	ʂ u - a		None
2770	dig	Matses	wɨdɨʂka	wɨdɨʂka	w ɨ d ɨ ʂ k a	242	0	w ɨ d ɨ ʂ k a		None
2771	dig	Matis	naʂ	naʂ	n a ʂ	243	0	n a ʂ		None
2772	dig	Marubo	pukin	pukin	p u k i n	232	0	p u - k i n		None
2773	dig	Shipibo_Konibo	tʃinit	tʃinit	tʃ i n i t	239	0	tʃ i n i t		None
2774	dig	Kapanawa	pukin	pukin	p u k i n	232	0	p u - k i n		None
2775	dig	Shanenawa	maipɨju	maipɨju	m a j + p ɨ j u	1228	0	m a i + p ɨ j u		None
2776	dig	Yawanawa	natsa	natsa	n a ts a	237	0	n a ts a		None
2777	dig	Iskonawa	pɨnaha	pɨnaha	p ɨ n a h a	246	0	p ɨ n a h a		None
2778	dig	Chakobo	wɨyu	wɨyu	w ɨ j u	248	0	w ɨ j u		None
2779	dig	Kakataibo	naɨ	naɨ	n a ɨ	235	0	n a ɨ		None
2780	dig	Kaxarari	tʃil	tʃil	tʃ i l	244	0	tʃ i l		None
2781	dig	Mastanawa	punʔi	punʔi	p u n ʔ i	232	0	p u n ʔ i -		None
2782	dig	Mastanawa	piwɨ	piwɨ	p i w ɨ	234	0	p i w ɨ		None
2783	dig	Chaninawa	pɨwɨ	pɨwɨj	p ɨ w ɨ	234	0	p ɨ w ɨ		None
2784	dig	Sharanawa	ʂuwi	ʂuwi	ʂ u w i	240	0	ʂ u w i		None
2785	dig	Sharanawa	kidi	kidi	k i d i	233	0	k i d i		None
2786	dig	Amawaka	puki	puki	p u k i	232	0	p u - k i -		None
2787	dig	Nawa	puki	puki	p u k i	232	0	p u - k i -		None
2788	dig	Marinawa	kindi	kindi	k i ⁿd i	233	0	k i ⁿd i		None
2789	dig	Yaminawa	punʔi	punʔi	p u n ʔ i	232	0	p u n ʔ i -		None
2790	dig	Kashinawa_P	puki	pukja	p u k i	232	0	p u - k i -		None
2791	dig	Kashinawa_P	kini	kini	k i n i	233	0	k i n i		None
2792	dig	Kashinawa_B	βaʂã	βaʂã	β a ʂ ã	245	0	β a ʂ ã		None
2793	squeeze	Matses	tsuidka	tsuidka	ts u i d + k a	1604	0	ts u i d + k a		None
2794	squeeze	Matis	tsuidka	tsuidka	ts u i d + k a	1604	0	ts u i d + k a		None
2795	squeeze	Marubo	tɨju	tɨju	t ɨ j u	1152	0	t ɨ j u		None
2796	squeeze	Shipibo_Konibo	βitaʂ	βitaʂ	β i t a ʂ	1151	0	β i t a ʂ		None
2797	squeeze	Kapanawa	βitaʂ	βitaʂ	β i t a ʂ	1151	0	β i t a ʂ		None
2798	squeeze	Shanenawa	rɨiu	rɨiu	r ɨ j u	1152	0	r ɨ - i u		None
2799	squeeze	Iskonawa	mutsara	mutsara	m u ts a r a	1156	0	m u ts a r a		None
2800	squeeze	Chakobo	nɨtsi	nɨtsi	n ɨ ts i	1166	0	n ɨ ts i		None
2801	squeeze	Chakobo	tsiakana	tsiakana	ts i a k a n a	1149	0	ts i a k a n a		None
2802	squeeze	Kakataibo	tsɨnka	tsɨnka	ts ɨ n k a	1258	0	ts ɨ n k a		None
2803	squeeze	Mastanawa	jɨɾɨa	jɨɾɨa	j ɨ ɾ ɨ a	1150	0	j ɨ ɾ ɨ a - -		None
2804	squeeze	Chaninawa	jɨɾɨaki	jɨɾɨaki	j ɨ ɾ ɨ a k i	1150	0	j ɨ ɾ ɨ a k i		None
2805	squeeze	Sharanawa	jɨɾɨak	jɨɾɨaki	j ɨ ɾ ɨ a k	1150	0	j ɨ ɾ ɨ a k -		None
2806	squeeze	Amawaka	at͡ʃi	at͡ʃi	a tʃ i	1153	0	a tʃ i		None
2807	squeeze	Nawa	jɨɾaki	jɨɾaki	j ɨ ɾ a k i	1150	0	j ɨ ɾ - a k i		None
2808	squeeze	Marinawa	jɨɾɨa	jɨɾɨa	j ɨ ɾ ɨ a	1150	0	j ɨ ɾ ɨ a - -		None
2809	squeeze	Yaminawa	lɨjɨ	lɨjɨwi	l ɨ j ɨ	1152	0	l ɨ j ɨ -		None
2810	squeeze	Kashinawa_P	tsinki	tsinkja	ts i n k i	1246	0	ts i n k i		None
2811	bite	Matses	pe	pe	p e	93	0	p e		None
2812	bite	Matis	pe	pe	p e	93	0	p e		None
2813	bite	Marubo	naʂa	naʃa	n a + ʂ a	1558	0	n a + - - ʂ a		None
2814	bite	Katukina	naʂa	naxa	n a + ʂ a	1558	0	n a + - - ʂ a		None
2815	bite	Shipibo_Konibo	natɨʂ	natɨʂ	n a + t ɨ ʂ	1558	0	n a + t ɨ ʂ -		None
2816	bite	Kapanawa	natɨʂ	natɨʂ	n a + t ɨ ʂ	1558	0	n a + t ɨ ʂ -		None
2817	bite	Arara	daka	daka	d a + k a	90	0	d a k a		None
2818	bite	Shanenawa	naka	naka	n a + k a	90	0	n a k a		None
2819	bite	Yawanawa	naka	naka	n a + k a	90	0	n a k a		None
2820	bite	Poyanawa	daça	daça	d a + ç a	1558	0	d a + - - ç a		None
2821	bite	Iskonawa	kiwi	kiwi	k i w i	89	0	k i w i		None
2822	bite	Chakobo	tɨʂa	tɨʂa	t ɨ ʂ a	1558	0	- - - t ɨ ʂ a		None
2823	bite	Kakataibo	natɨʂ	natɨʂ	n a + t ɨ ʂ	7	0	n a + t ɨ ʂ -		Borrowing
2824	bite	Kaxarari	ʃɨla	ʃɨla	ʃ ɨ l a	96	0	ʃ ɨ l a		None
2825	bite	Mastanawa	ʂatɨ	ʂatɨa	ʂ a t ɨ	1558	0	ʂ a - t ɨ - -		None
2826	bite	Mastanawa	kɨju	kɨju	k ɨ j u	89	0	k ɨ j u		None
2827	bite	Chaninawa	kɨju	kɨjuj	k ɨ j u	89	0	k ɨ j u		None
2828	bite	Sharanawa	kɨju	kɨjuwi	k ɨ j u	89	0	k ɨ j u		None
2829	bite	Amawaka	natɨçɨ	naʔtɨçɨ	n a + t ɨ ç ɨ	1558	0	n a + t ɨ ç ɨ		None
2830	bite	Nawa	kɨju	kɨjuɸi	k ɨ j u	89	0	k ɨ j u		None
2831	bite	Marinawa	kɨju	kɨju	k ɨ j u	89	0	k ɨ j u		None
2832	bite	Yaminawa	kɨju	kɨjuwi	k ɨ j u	89	0	k ɨ j u		None
2833	bite	Kashinawa_P	kɨju	kɨjwa	k ɨ j u	89	0	k ɨ j u		None
2834	bite	Kashinawa_B	kɨju	kɨjuwi	k ɨ j u	89	0	k ɨ j u		None
2835	burn [tr. v.]	Matses	nɨdɨnka	nɨdɨnka	n ɨ d ɨ n k a	147	0	n ɨ d ɨ n k a		None
2836	burn [tr. v.]	Matis	tʂamo	tʂamo	ʈʂ a m o	148	0	ʈʂ a m o		None
2837	burn [tr. v.]	Marubo	kuwa	kua	k u w a	140	0	k u w a		None
2838	burn [tr. v.]	Katukina	ku	ku	k u	140	0	k u - -		None
2839	burn [tr. v.]	Shipibo_Konibo	mɨnu	mɨnu	m ɨ n u	141	0	m ɨ n u		None
2840	burn [tr. v.]	Kapanawa	mawa	mawa	m a w a	116	0	m a w a		None
2841	burn [tr. v.]	Kapanawa	kua	kua	k u a	140	0	k u - a		None
2842	burn [tr. v.]	Arara	kuai	kuai	k u a	140	0	k u - a - i		None
2843	burn [tr. v.]	Shanenawa	tʃiwa	tʃiwa	tʃ i w a	107	0	tʃ i w a		None
2844	burn [tr. v.]	Yawanawa	ku	ku	k u	140	0	k u - -		None
2845	burn [tr. v.]	Poyanawa	kua	kua	k u a	140	0	k u - a		None
2846	burn [tr. v.]	Iskonawa	kuwa	kua	k u w a	140	0	k u w a		None
2847	burn [tr. v.]	Chakobo	mɨʂa	mɨʂa	m ɨ ʂ a	154	0	m ɨ ʂ a		None
2848	burn [tr. v.]	Chakobo	pɨrɨʔa	pɨrɨ?a	p ɨ r ɨ ʔ a	144	0	p ɨ r ɨ ʔ a		None
2849	burn [tr. v.]	Kakataibo	ʂarao	ʂarao	ʂ a r a o	118	0	ʂ a r a o		None
2850	burn [tr. v.]	Kaxarari	ʂalaw	ʂalaw	ʂ a l a w	118	0	ʂ a l a w		None
2851	burn [tr. v.]	Mastanawa	kuwa	kuwa	k u w a	140	0	k u w a		None
2852	burn [tr. v.]	Chaninawa	kuwa	kuwaj	k u w a	140	0	k u w a		None
2853	burn [tr. v.]	Sharanawa	kuwa	kuwai	k u w a	140	0	k u w a		None
2854	burn [tr. v.]	Amawaka	kuʔu	kuʔuj	k u ʔ u	140	0	k u ʔ u		None
2855	burn [tr. v.]	Nawa	kũwĩ	kũwĩ	k ũ w ĩ	140	0	k ũ w ĩ		None
2856	burn [tr. v.]	Marinawa	kuwa	kuwa	k u w a	140	0	k u w a		None
2857	burn [tr. v.]	Yaminawa	kuwa	kuwa	k u w a	140	0	k u w a		None
2858	burn [tr. v.]	Kashinawa_P	mɨnu	mɨnwa	m ɨ n u	141	0	m ɨ n u		None
2859	burn [tr. v.]	Kashinawa_B	mɨnu	mɨnui	m ɨ n u	141	0	m ɨ n u		None
2860	tie [verb]	Matses	nɨʂ	nɨʂ	n ɨ ʂ	1323	0	n ɨ ʂ -		None
2861	tie [verb]	Matis	nɨʂ	nɨʂ	n ɨ ʂ	1323	0	n ɨ ʂ -		None
2862	tie [verb]	Marubo	nɨʂa	nɨʂa	n ɨ ʂ a	1323	0	n ɨ ʂ a		None
2863	tie [verb]	Katukina	nixa	nixa	n i x/ʂ a	1323	0	n i x a		None
2864	tie [verb]	Shipibo_Konibo	nɨʂa	nɨʂa	n ɨ ʂ a	1323	0	n ɨ ʂ a		None
2865	tie [verb]	Kapanawa	nɨʂa	nɨʂa	n ɨ ʂ a	1323	0	n ɨ ʂ a		None
2866	tie [verb]	Shanenawa	niʂa	niʂa	n i ʂ a	1323	0	n i ʂ a		None
2867	tie [verb]	Poyanawa	dɨa	dɨa	d ɨ a	1323	0	d ɨ - a		None
2868	tie [verb]	Iskonawa	nɨa	nɨa	n ɨ a	1323	0	n ɨ - a		None
2869	tie [verb]	Chakobo	nɨa	nɨa	n ɨ a	1323	0	n ɨ - a		None
2870	tie [verb]	Chakobo	nɨʔa	nɨ?a	n ɨ ʔ a	1323	0	n ɨ ʔ a		None
2871	tie [verb]	Kakataibo	nɨa	nɨa	n ɨ a	1323	0	n ɨ - a		None
2872	tie [verb]	Kaxarari	bure	bure	b u r e	1328	0	b u r e		None
2873	tie [verb]	Mastanawa	dɨʂa	dɨʂa	d ɨ ʂ a	1323	0	d ɨ ʂ a		None
2874	tie [verb]	Chaninawa	dɨʂa	dɨʂaj	d ɨ ʂ a	1323	0	d ɨ ʂ a		None
2875	tie [verb]	Sharanawa	dɨʂa	dɨʂaj	d ɨ ʂ a	1323	0	d ɨ ʂ a		None
2876	tie [verb]	Amawaka	nɨça	nɨçaj	n ɨ ç a	1323	0	n ɨ ç a		None
2877	tie [verb]	Nawa	dɨʂa	dɨʂa	d ɨ ʂ a	1323	0	d ɨ ʂ a		None
2878	tie [verb]	Marinawa	dɨʂa	dɨʂa	d ɨ ʂ a	1323	0	d ɨ ʂ a		None
2879	tie [verb]	Yaminawa	dɨʂa	dɨʂa	d ɨ ʂ a	1323	0	d ɨ ʂ a		None
2880	tie [verb]	Kashinawa_P	βɨʃɨa	βɨʃɨa	β ɨ ʃ ɨ a	1327	0	β ɨ ʃ ɨ a		None
2881	tie [verb]	Kashinawa_P	nɨa	nɨa	n ɨ a	1323	0	n ɨ - a		None
2882	sew	Matses	tuska	tuska	t u s + k a	1012	0	t u s + k a		None
2883	sew	Matis	kunkun	kunkun	k u n + k u n	1011	0	k u n + k u n		None
2884	sew	Marubo	nuʂɨ	nuʂɨ	n u ʂ ɨ	1006	0	n u ʂ ɨ		None
2885	sew	Katukina	tariraru	tariraru	t a r i r a r u	1010	0	t a r i r a r u		None
2886	sew	Shipibo_Konibo	kɨʂɨ	kɨʂɨ	k ɨ ʂ ɨ	1005	0	- k ɨ ʂ - - ɨ		None
2887	sew	Kapanawa	kɨʂɨ	kɨʂɨ	k ɨ ʂ ɨ	1005	0	- k ɨ ʂ - - ɨ		None
2888	sew	Yawanawa	ʂɨwa	ʂɨwa	ʂ ɨ w a	1005	0	ʂ ɨ w a		None
2889	sew	Iskonawa	hɨwa	hɨwa	h ɨ w a	1005	0	h ɨ w a		None
2890	sew	Chakobo	kɨʂa	kɨʂa	k ɨ ʂ a	1005	0	- k ɨ ʂ - - a		None
2891	sew	Kakataibo	unu	unu	u n u	995	0	u n u		None
2892	sew	Mastanawa	ɨʔɨʃi	ɨʔɨʃi	ɨ ʔ ɨ ʃ i	1005	0	ɨ ʔ ɨ ʃ - - i		None
2893	sew	Chaninawa	ikɨʂɨ	ikɨʂɨ	i k ɨ ʂ ɨ	1005	0	i k ɨ ʂ - - ɨ		None
2894	sew	Sharanawa	ikɨʂɨ	ikɨʂɨi	i k ɨ ʂ ɨ	1005	0	i k ɨ ʂ - - ɨ		None
2895	sew	Amawaka	kɨçɨ	kɨçɨi	k ɨ ç ɨ	1005	0	- k ɨ ç - - ɨ		None
2896	sew	Nawa	ikɨʂɨ	ɨkɨʂɨ	i k ɨ ʂ ɨ	1005	0	i k ɨ ʂ - - ɨ		None
2897	sew	Marinawa	ikɨʃi	ikɨʃi	i k ɨ ʃ i	1005	0	i k ɨ ʃ - - i		None
2898	sew	Yaminawa	kɨʃiwa	kɨʃiwa	k ɨ ʃ i w a	1005	0	- k ɨ ʃ i w a		None
2899	sew	Kashinawa_P	kɨʂɨ	kɨʂɨa	k ɨ ʂ ɨ	1005	0	- k ɨ ʂ - - ɨ		None
2900	see	Matses	is	is	i s	996	0	- i s - -		None
2901	see	Matis	is	is	i s	996	0	- i s - -		None
2902	see	Marubo	uin	win	u i n	997	0	u - i n		None
2903	see	Katukina	uin	uin	u i n	997	0	u - i n		None
2904	see	Shipibo_Konibo	uin	win	u i n	997	0	u - i n		None
2905	see	Kapanawa	his	his	h i s	996	0	h i s - -		None
2906	see	Arara	ũĩ	ũĩ	ũ ĩ	997	0	- ũ - - ĩ		None
2907	see	Shanenawa	uin	uin	u i n	997	0	u - i n		None
2908	see	Yawanawa	uin	uin	u i n	997	0	u - i n		None
2909	see	Iskonawa	uin	uin	u i n	997	0	u - i n		None
2910	see	Chakobo	his	his	h i s	996	0	h i s - -		None
2911	see	Pakawara	hispa	hispa	h i s p a	996	0	h i s p a		None
2912	see	Kakataibo	is	is	i s	996	0	- i s - -		None
2913	see	Kaxarari	waya	waya	w a j a	998	0	w a j a		None
2914	see	Mastanawa	unwɨ	unwɨ	u n w ɨ	997	0	u n w ɨ		None
2915	see	Chaninawa	unwi	unwi	u n w i	997	0	u n w i		None
2916	see	Sharanawa	ũw̃ĩ	ũw̃ĩ	ũ w ĩ	997	0	ũ - w ĩ		None
2917	see	Amawaka	iʔin	iʔi	i ʔ i n	979	0	i ʔ i n		None
2918	see	Nawa	ũwĩ	ũwĩ	ũ w ĩ	997	0	ũ - w ĩ		None
2919	see	Marinawa	unwɨ	unwɨ	u n w ɨ	997	0	u n w ɨ		None
2920	see	Yaminawa	unwɨ	unwɨ	u n w ɨ	997	0	u n w ɨ		None
2921	see	Kashinawa_P	uɨja	uɨja	u ɨ j a	997	0	u ɨ j a		None
2922	see	Kashinawa_B	uĩ	uĩ	u ĩ	997	0	u - ĩ -		None
2923	hear	Matses	tantia	tantia	t a n t i + a	562	0	t a n t i + a		None
2924	hear	Matis	kuak	kuak	kʷ a k	1282	0	kʷ a k		None
2925	hear	Marubo	ninkan	ninkan	n i n k a n	559	0	n i n k a n		None
2926	hear	Katukina	ninka	ninka	n i n k a	559	0	n i n k a -		None
2927	hear	Shipibo_Konibo	ninkat	ninkat	n i n k a t	559	0	n i n k a t		None
2928	hear	Kapanawa	ninka	ninka	n i n k a	559	0	n i n k a -		None
2929	hear	Arara	dika	dika	d i k a	559	0	d i - k a - -		None
2930	hear	Shanenawa	ninka	ninka	n i n k a	559	0	n i n k a -		None
2931	hear	Yawanawa	nika	nika	n i k a	559	0	n i - k a -		None
2932	hear	Poyanawa	tapi	tapi	t a p i	560	0	t a p i		None
2933	hear	Iskonawa	nika	nika	n i k a	559	0	n i - k a -		None
2934	hear	Chakobo	nika	nika	n i k a	559	0	n i - k a -		None
2935	hear	Kakataibo	kwa	kwa	kʷ a	1282	0	kʷ a -		None
2936	hear	Kaxarari	ka	ka	k a	1282	0	k a -		None
2937	hear	Mastanawa	dia	djaj	d i a	559	0	d i - - a -		None
2938	hear	Chaninawa	dikaj	dikaj	d i k a dʒ	559	0	d i - k a dʒ		None
2939	hear	Sharanawa	dika	dikai	d i k a	559	0	d i - k a -		None
2940	hear	Amawaka	ninkaj	ninkaj	n i n k a dʒ	559	0	n i n k a dʒ		None
2941	hear	Nawa	dika	dika	d i k a	559	0	d i - k a -		None
2942	hear	Marinawa	dika	dika	d i k a	559	0	d i - k a -		None
2943	hear	Yaminawa	diʔa	diʔa	d i ʔ a	559	0	d i - ʔ a -		None
2944	hear	Kashinawa_P	ninka	ninka	n i n k a	559	0	n i n k a -		None
2945	hear	Kashinawa_B	nĩka	nĩkai	n ĩ k a	559	0	n ĩ - k a -		None
2946	smell [tr. v.]	Matses	ʂɨd	ʂɨd	ʂ ɨ d	1087	0	ʂ ɨ - - d -		None
2947	smell [tr. v.]	Matis	ʂɨd	ʂɨd	ʂ ɨ d	1087	0	ʂ ɨ - - d -		None
2948	smell [tr. v.]	Marubo	ʂɨtɨ	ʂɨtɨ	ʂ ɨ t ɨ	1087	0	ʂ ɨ - - t ɨ		None
2949	smell [tr. v.]	Katukina	xiti	xiti	x/ʂ i t i	1087	0	x i - - t i		None
2950	smell [tr. v.]	Shipibo_Konibo	ʂɨtɨ	ʂɨtɨ	ʂ ɨ t ɨ	1087	0	ʂ ɨ - - t ɨ		None
2951	smell [tr. v.]	Kapanawa	ʂɨtɨ	ʂɨtɨ	ʂ ɨ t ɨ	1087	0	ʂ ɨ - - t ɨ		None
2952	smell [tr. v.]	Shanenawa	ʂɨtɨ	ʂɨtɨ	ʂ ɨ t ɨ	1087	0	ʂ ɨ - - t ɨ		None
2953	smell [tr. v.]	Yawanawa	ʃɨtɨ	ʃɨtɨ	ʃ ɨ t ɨ	1087	0	ʃ ɨ - - t ɨ		None
2954	smell [tr. v.]	Poyanawa	hɨtɨ	hɨtɨ	h ɨ t ɨ	1087	0	h ɨ - - t ɨ		None
2955	smell [tr. v.]	Iskonawa	hɨtɨ	hɨtɨ	h ɨ t ɨ	1087	0	h ɨ - - t ɨ		None
2956	smell [tr. v.]	Chakobo	ʂɨtɨ	ʂɨtɨ	ʂ ɨ t ɨ	1087	0	ʂ ɨ - - t ɨ		None
2957	smell [tr. v.]	Kakataibo	ʂɨ	ʂɨ	ʂ ɨ	1087	0	ʂ ɨ - - - -		None
2958	smell [tr. v.]	Kaxarari	kiʂi	kiʂi	k i ʂ i	1087	0	k i ʂ i		None
2959	smell [tr. v.]	Mastanawa	ʂɨtɨa	ʂɨtɨa	ʂ ɨ t ɨ a	1087	0	ʂ ɨ t ɨ - a		None
2960	smell [tr. v.]	Chaninawa	ʂɨtaj	ʂɨtaj	ʂ ɨ t a dʒ	1087	0	ʂ ɨ t a dʒ -		None
2961	smell [tr. v.]	Sharanawa	ʂɨtɨj	ʂɨtɨj	ʂ ɨ t ɨ dʒ	1087	0	ʂ ɨ t ɨ dʒ -		None
2962	smell [tr. v.]	Amawaka	çɨʔtɨ	çɨʔtɨ	ç ɨ ʔ t ɨ	1087	0	ç ɨ ʔ - t ɨ		None
2963	smell [tr. v.]	Nawa	ʂɨtɨ	ʂɨtɨ	ʂ ɨ t ɨ	1087	0	ʂ ɨ - - t ɨ		None
2964	smell [tr. v.]	Marinawa	ʂɨtɨ	ʂɨtɨ	ʂ ɨ t ɨ	1087	0	ʂ ɨ - - t ɨ		None
2965	smell [tr. v.]	Yaminawa	ʂɨtɨ	ʂɨtɨ	ʂ ɨ t ɨ	1087	0	ʂ ɨ - - t ɨ		None
2966	smell [tr. v.]	Kashinawa_P	ʂɨtɨa	ʂɨtɨa	ʂ ɨ t ɨ a	1087	0	ʂ ɨ t ɨ - a		None
2967	know [facts]	Matses	tanti	tantia	t a n t i + a	652	0	t a n t i + a		None
2968	know [facts]	Matis	tanawa	tanawa	t a n a + w a	652	0	t a n a + w a		None
2969	know [facts]	Marubo	tana	tana	t a n a	652	0	t a n a		None
2970	know [facts]	Katukina	tana	tana	t a n a	652	0	t a n a		None
2971	know [facts]	Shipibo_Konibo	unan	unan	u n a n	651	0	u n a n		None
2972	know [facts]	Kapanawa	unan	unan	u n a n	651	0	u n a n		None
2973	know [facts]	Arara	tapi	tapi	t a p i	650	0	t a p - i -		None
2974	know [facts]	Shanenawa	tapin	tapian	t a p i n	650	0	t a p i n		None
2975	know [facts]	Yawanawa	tapin	tapin	t a p i n	650	0	t a p i n		None
2976	know [facts]	Iskonawa	unan	unan	u n a n	651	0	u n a n		None
2977	know [facts]	Chakobo	kaʔɨ	ka?ɨ	k a ʔ ɨ	654	0	k a ʔ ɨ		None
2978	know [facts]	Kakataibo	unan	unan	u n a n	651	0	u n a n		None
2979	know [facts]	Kaxarari	hayusĩ	hayusĩ	h a j u s ĩ	655	0	h a j u s ĩ		None
2980	know [facts]	Mastanawa	tapi	tapja	t a p i	650	0	t a p i -		None
2981	know [facts]	Chaninawa	tapi	tapi	t a p i	650	0	t a p i -		None
2982	know [facts]	Sharanawa	tapin	tapian	t a p i n	650	0	t a p i n		None
2983	know [facts]	Amawaka	unan	unan	u n a n	651	0	u n a n		None
2984	know [facts]	Nawa	tapi	tapi	t a p i	650	0	t a p i -		None
2985	know [facts]	Marinawa	tapi	tapi	t a p i	650	0	t a p i -		None
2986	know [facts]	Yaminawa	tapĩ	tapĩ	t a p ĩ	650	0	t a p ĩ -		None
2987	know [facts]	Kashinawa_P	unan	unan	u n a n	651	0	u n a n		None
2988	know [facts]	Kashinawa_P	tapi	tapi	t a p i	650	0	t a p i -		None
2989	know [facts]	Kashinawa_B	tapĩ	tapĩ	t a p ĩ	650	0	t a p ĩ -		None
2990	think	Matses	tanti	tantia	t a n t i	1302	0	t a n t i		None
2991	think	Matis	sinan	sinan	s i n a n	1295	0	s i n a n		None
2992	think	Marubo	ʃina	ʃina	ʃ i n a	1295	0	ʃ i n a -		None
2993	think	Katukina	xina	xina	x/ʂ i n a	1295	0	x i n a -		None
2994	think	Shipibo_Konibo	ʃinan	ʃinan	ʃ i n a n	1295	0	ʃ i n a n		None
2995	think	Kapanawa	ʃinan	ʃinan	ʃ i n a n	1295	0	ʃ i n a n		None
2996	think	Arara	ʃinã	ʃinã	ʃ i n ã	1295	0	ʃ i n ã - -		None
2997	think	Shanenawa	ʃinan	ʃinan	ʃ i n a n	1295	0	ʃ i n a n		None
2998	think	Yawanawa	ʃinan	ʃinan	ʃ i n a n	1295	0	ʃ i n a n		None
2999	think	Iskonawa	ʃinan	ʃinan	ʃ i n a n	1295	0	ʃ i n a n		None
3000	think	Chakobo	ʃina	ʃina	ʃ i n a	1295	0	ʃ i n a -		None
3001	think	Kakataibo	sinan	sinan	s i n a n	1295	0	s i n a n		None
3002	think	Kaxarari	ʂinã	ʂinã	ʂ i n ã	1295	0	ʂ i n ã -		None
3003	think	Mastanawa	ʃina	ʃina	ʃ i n a	1295	0	ʃ i n a -		None
3004	think	Chaninawa	ʃinan	ʃinaj	ʃ i n a n	1295	0	ʃ i n a n		None
3005	think	Sharanawa	ʃinan	ʃinain	ʃ i n a n	1295	0	ʃ i n a n		None
3006	think	Amawaka	ʃinan	ʃinan	ʃ i n a n	1295	0	ʃ i n a n		None
3007	think	Nawa	ʃina	ʃina	ʃ i n a	1295	0	ʃ i n a -		None
3008	think	Marinawa	ʃina	ʃina	ʃ i n a	1295	0	ʃ i n a -		None
3009	think	Yaminawa	ʃina	ʃina	ʃ i n a	1295	0	ʃ i n a -		None
3010	think	Kashinawa_P	ʃina	ʃina	ʃ i n a	1295	0	ʃ i n a -		None
3011	think	Kashinawa_B	ʃinã	ʃinã	ʃ i n ã	1295	0	ʃ i n ã -		None
3012	fear [verb]	Matses	dakuɨden	dakuɨden	d a kʷ ɨ d e n	366	0	- - d a kʷ ɨ d e n		None
3013	fear [verb]	Matis	dakuden	dakuden	d a k u d e n	366	0	- - d a k u d e n		None
3014	fear [verb]	Marubo	rakɨʂun	rakɨʂun	r a k ɨ ʂ u n	366	0	- - r a k ɨ ʂ u n		None
3015	fear [verb]	Shipibo_Konibo	rakɨ	rakɨ	r a k ɨ	366	0	- - r a k ɨ - - -		None
3016	fear [verb]	Kapanawa	rakɨ	rakɨti	r a k ɨ	366	0	- - r a k ɨ - - -		None
3017	fear [verb]	Arara	bɨsɨai	bɨsɨai	b ɨ s ɨ a	368	0	b ɨ s ɨ a i		None
3018	fear [verb]	Shanenawa	ratɨ	ratɨ	r a t ɨ	563	0	r a t ɨ		None
3019	fear [verb]	Yawanawa	ratɨ	ratɨ	r a t ɨ	563	0	r a t ɨ		None
3020	fear [verb]	Nukini	ʃirakɨ	ʃirakɨ	ʃ i r a k ɨ	366	0	ʃ i r a k ɨ - - -		None
3021	fear [verb]	Poyanawa	raki	raki	r a k i	366	0	- - r a k i - - -		None
3022	fear [verb]	Chakobo	rakɨ	rakɨ	r a k ɨ	366	0	- - r a k ɨ - - -		None
3023	fear [verb]	Chakobo	ratɨ	ratɨ	r a t ɨ	563	0	r a t ɨ		None
3024	fear [verb]	Kakataibo	rakwɨ	rakwɨ	r a kʷ ɨ	366	0	- - r a kʷ ɨ - - -		None
3025	fear [verb]	Kaxarari	tʂakɨta	tʂakɨta	ʈʂ a k ɨ t a	366	0	- - ʈʂ a k ɨ t a -		None
3026	fear [verb]	Mastanawa	bɨsa	bɨsa	b ɨ s a	368	0	b ɨ s a		None
3027	fear [verb]	Chaninawa	ɾatɨ	ɾatɨ	ɾ a t ɨ	563	0	ɾ a t ɨ		None
3028	fear [verb]	Sharanawa	ɾatɨ	ɾatɨ	ɾ a t ɨ	563	0	ɾ a t ɨ		None
3029	fear [verb]	Amawaka	ɾakɨ	ɾakɨ	ɾ a k ɨ	366	0	- - ɾ a k ɨ - - -		None
3030	fear [verb]	Nawa	bɨsɨ	bɨsɨ	b ɨ s ɨ	368	0	b ɨ s ɨ		None
3031	fear [verb]	Nawa	ɾatɨ	ɾatɨ	ɾ a t ɨ	563	0	ɾ a t ɨ		None
3032	fear [verb]	Marinawa	ɾatɨ	ɾatɨ	ɾ a t ɨ	563	0	ɾ a t ɨ		None
3033	fear [verb]	Marinawa	kuwɨi	kuwɨi	k u w ɨ	373	0	k u w ɨ i		None
3034	fear [verb]	Yaminawa	ɾatɨ	ɾatɨ	ɾ a t ɨ	563	0	ɾ a t ɨ		None
3035	fear [verb]	Yaminawa	latɨ	latɨ	l a t ɨ	563	0	l a t ɨ		None
3036	fear [verb]	Kashinawa_P	datɨ	datɨ	d a t ɨ	563	0	d a t ɨ		None
3037	fear [verb]	Kashinawa_B	datɨ	datɨi	d a t ɨ	563	0	d a t ɨ		None
3038	laugh	Matses	mamɨn	mamɨn	m a m ɨ n	669	0	m a m ɨ n		None
3039	laugh	Matis	den	den	d e n	670	0	d e n		None
3040	laugh	Marubo	usan	usan	u s a n	661	0	u s a n -		None
3041	laugh	Katukina	hiwer	hiwer	h i w e r	671	0	h i w e r		None
3042	laugh	Shipibo_Konibo	usan	usan	u s a n	661	0	u s a n -		None
3043	laugh	Kapanawa	usan	usan	u s a n	661	0	u s a n -		None
3044	laugh	Kapanawa	βitsati	βitsati	β i ts a t i	663	0	β i ts a t i		None
3045	laugh	Arara	ʃɨtʃa	ʃɨtʃa	ʃ ɨ tʃ a	662	0	ʃ ɨ tʃ a		None
3046	laugh	Shanenawa	ʂutʃi	ʂutʃi	ʂ u tʃ i	662	0	ʂ u tʃ i		None
3047	laugh	Yawanawa	uʃan	uʃan	u ʃ a n	661	0	u ʃ a n -		None
3048	laugh	Poyanawa	βitsa	βitsa	β i ts a	663	0	β i ts a		None
3049	laugh	Chakobo	usa	usa	u s a	661	0	u s a - -		None
3050	laugh	Chakobo	tsiri	tsiri	ts i r i	667	0	ts i r i		None
3051	laugh	Kakataibo	usan	usan	u s a n	661	0	u s a n -		None
3052	laugh	Kaxarari	usan	usan	u s a n	661	0	u s a n -		None
3053	laugh	Mastanawa	ɸitsa	ɸitsa	ɸ i ts a	663	0	ɸ i ts - - a		None
3054	laugh	Chaninawa	ʂɨt͡ʃi	ʂɨt͡ʃi	ʂ ɨ tʃ i	662	0	ʂ ɨ tʃ i		None
3055	laugh	Sharanawa	ʂɨt͡ʃi	ʂɨt͡ʃi	ʂ ɨ tʃ i	662	0	ʂ ɨ tʃ i		None
3056	laugh	Amawaka	mɨka	mɨka	m ɨ k a	666	0	m ɨ k a		None
3057	laugh	Nawa	sɨʧi	sɨʧi	s ɨ tʃ i	662	0	s ɨ tʃ i		None
3058	laugh	Nawa	ɸitsa	ɸitsa	ɸ i ts a	663	0	ɸ i ts - - a		None
3059	laugh	Marinawa	sɨʧi	sɨʧi	s ɨ tʃ i	662	0	s ɨ tʃ i		None
3060	laugh	Yaminawa	ɸitsa	ɸitsaj	ɸ i ts a	663	0	ɸ i ts - - a		None
3061	laugh	Kashinawa_P	usa	usa	u s a	661	0	u s a - -		None
3062	laugh	Kashinawa_B	uʂɨĩ	uʂɨĩ	u ʂ ɨ ĩ	661	0	u ʂ ɨ - ĩ		None
3063	hunt	Matses	kapu	kapu	k a p u	619	0	k a p u		None
3064	hunt	Matis	kapo	kapo	k a + p o	619	0	k a + p o		None
3065	hunt	Marubo	nika	nika	n i k a	629	0	n i - k a		None
3066	hunt	Katukina	nii	nii	n iː	629	0	n iː - - -		None
3067	hunt	Shipibo_Konibo	yumera	yumera	j u m e r a	620	0	j u m e r a		None
3068	hunt	Kapanawa	yumɨra	yumɨra	j u m ɨ r a	620	0	j u m ɨ r a		None
3069	hunt	Arara	di	di	d i	616	0	- - d i		None
3070	hunt	Shanenawa	ni	ni	n i	629	0	n i - - -		None
3071	hunt	Nukini	aiβũ	aiβũ	a j β ũ	630	0	a i β ũ		None
3072	hunt	Chakobo	pasu	pasu	p a s u	547	0	p a s u		None
3073	hunt	Kakataibo	ɲu ʔa	ɲu ʔa	ɲ u + ʔ a	625	0	ɲ u # ʔ a		None
3074	hunt	Kaxarari	utʃa	utʃa	u tʃ a	627	0	u tʃ a		None
3075	hunt	Mastanawa	di	dja	d i	628	0	d i		None
3076	hunt	Chaninawa	dika	di:ka	d i + k a	629	0	d i + k a		None
3077	hunt	Sharanawa	ɾɨtɨ	ɾɨtɨ	ɾ ɨ t ɨ	616	0	ɾ ɨ t ɨ		None
3078	hunt	Amawaka	biʔana	bi ʔana	b i ʔ a n a	621	0	b i ʔ a n a		None
3079	hunt	Amawaka	ɾɨtɨ	ɾɨtɨ	ɾ ɨ t ɨ	616	0	ɾ ɨ t ɨ		None
3080	hunt	Nawa	di ka	di ka	d i + k a	629	0	d i + k a		None
3081	hunt	Marinawa	ɾɨtɨ	ɾɨtɨ	ɾ ɨ t ɨ	616	0	ɾ ɨ t ɨ		None
3082	hunt	Yaminawa	mɨpɨna	mɨpɨnaj	m ɨ p ɨ n a	632	0	m ɨ p ɨ n a		None
3083	hunt	Kashinawa_P	tsaka	tsaka	ts a k a	668	0	ts a k a		None
3084	hunt	Kashinawa_B	piajaka	piajaka	p i a j a k a	626	0	p i a j a k a		None
3085	drink [verb]	Matses	ak	ak	a k	274	0	a k		None
3086	drink [verb]	Matis	ak	ak	a k	274	0	a k		None
3087	drink [verb]	Marubo	a	a	a	23	0	a		None
3088	drink [verb]	Katukina	aka	aka	a k a	25	0	a k a		None
3089	drink [verb]	Shipibo_Konibo	ʂɨa	ʂɨa	ʂ ɨ a	272	0	ʂ ɨ a		None
3090	drink [verb]	Kapanawa	ʂɨa	ʂɨa	ʂ ɨ a	272	0	ʂ ɨ a		None
3091	drink [verb]	Arara	numã	numã	n u m ã	282	0	n u m ã		None
3092	drink [verb]	Shanenawa	aja	aja	a j a	277	0	a j a		None
3093	drink [verb]	Yawanawa	aja	aia	a j a	277	0	a j a		None
3094	drink [verb]	Nukini	aya	aya	a j a	277	0	a j a		None
3095	drink [verb]	Poyanawa	aja	aja	a j a	277	0	a j a		None
3096	drink [verb]	Iskonawa	aja	aja	a j a	277	0	a j a		None
3097	drink [verb]	Chakobo	a	a	a	18	0	a		None
3098	drink [verb]	Kakataibo	kwaʂkati	kwaʂkati	kʷ a ʂ k a + t i	105	0	kʷ a ʂ k a + t i		None
3099	drink [verb]	Kaxarari	kula	kula	k u l a	278	0	k u l a		None
3100	drink [verb]	Mastanawa	aja	aja	a j a	277	0	a j a		None
3101	drink [verb]	Chaninawa	aja	aja	a j a	277	0	a j a		None
3102	drink [verb]	Sharanawa	aja	aja	a j a	277	0	a j a		None
3103	drink [verb]	Amawaka	aja	aja	a j a	277	0	a j a		None
3104	drink [verb]	Nawa	aja	aja	a j a	277	0	a j a		None
3105	drink [verb]	Marinawa	aja	aja	a j a	277	0	a j a		None
3106	drink [verb]	Yaminawa	aja	ajaj	a j a	277	0	a j a		None
3107	drink [verb]	Kashinawa_P	nuʂwa	nuʂwa	n u ʂʷ a	279	0	n u ʂʷ a		None
3108	drink [verb]	Kashinawa_B	aya	aya	a j a	277	0	a j a		None
3109	eat	Matses	pe	pe	p e	322	0	p e - -		None
3110	eat	Matis	pe	pe	p e	322	0	p e - -		None
3111	eat	Marubo	pi	pi	p i	322	0	p i - -		None
3112	eat	Katukina	pi	pipa	p i	322	0	p i - -		None
3113	eat	Shipibo_Konibo	pi	pi	p i	322	0	p i - -		None
3114	eat	Kapanawa	pi	pi	p i	322	0	p i - -		None
3115	eat	Arara	pi	pi	p i	322	0	p - - i		None
3116	eat	Shanenawa	pi	pi	p i	322	0	p i - -		None
3117	eat	Yawanawa	pi	pi	p i	322	0	p i - -		None
3118	eat	Nukini	pi	pi	p i	322	0	p i - -		None
3119	eat	Poyanawa	pi	pi	p i	322	0	p i - -		None
3120	eat	Iskonawa	pi	pi	p i	322	0	p i - -		None
3121	eat	Chakobo	pi	pi	p i	322	0	p i - -		None
3122	eat	Pakawara	pi	pi	p i	322	0	p i - -		None
3123	eat	Kakataibo	pi	pi	p i	322	0	p i - -		None
3124	eat	Kaxarari	pi	pi	p i	322	0	p i - -		None
3125	eat	Mastanawa	pi	pi	p i	322	0	p i - -		None
3126	eat	Chaninawa	pi:	pi:	p iː	322	0	p iː - -		None
3127	eat	Sharanawa	pi	pi	p i	322	0	p i - -		None
3128	eat	Amawaka	pi	hiɾi	p i	322	0	p i - -		None
3129	eat	Nawa	pi	pi	p i	322	0	p i - -		None
3130	eat	Marinawa	pi	pi	p i	322	0	p i - -		None
3131	eat	Yaminawa	piʔi	piʔi	p i ʔ i	322	0	p i ʔ i		None
3132	eat	Kashinawa_P	pi	pja	p i	322	0	p i - -		None
3133	eat	Kashinawa_B	pi	pi	p i	322	0	p i - -		None
3134	suck	Matses	tʃiʃ	tʃiʃ	tʃ i ʃ	1220	0	tʃ i ʃ		None
3135	suck	Matis	tʃiʃ	tʃiʃ	tʃ i ʃ	1220	0	tʃ i ʃ		None
3136	suck	Marubo	ujua	ujua	u j u	1218	0	u j u		None
3137	suck	Katukina	aki	aki	a k i	1223	0	a k i		None
3138	suck	Katukina	kuku	kuku	k u k u	1217	0	k u - k u		None
3139	suck	Shipibo_Konibo	βia	βia	β i a	1222	0	β i a		None
3140	suck	Shipibo_Konibo	uyu	uyu	u j u	1218	0	u j u		None
3141	suck	Kapanawa	kuku	kuku	k u + k u	1217	0	k u + k u		None
3142	suck	Kapanawa	uyu	uyu	u j u	1218	0	u j u		None
3143	suck	Shanenawa	kuku	kuku	k u k u	1217	0	k u - k u		None
3144	suck	Yawanawa	kuku	kuku	k u k u	1217	0	k u - k u		None
3145	suck	Poyanawa	kuku	kuku	k u k u	1217	0	k u - k u		None
3146	suck	Iskonawa	kuku	kuku	k u k u	1217	0	k u - k u		None
3147	suck	Chakobo	tsupaʔa	tsupa?a	ts u p a ʔ a	1610	0	ts u p a ʔ a		None
3148	suck	Kakataibo	ku	uɲu	k u	1217	0	k u - - -		None
3149	suck	Mastanawa	kuʔu	kuʔu	k u ʔ u	1217	0	k u ʔ - u		None
3150	suck	Chaninawa	kuku	kukuj	k u k u	1217	0	k u - k u		None
3151	suck	Sharanawa	kukui	kuku(w)i	k u k u	1217	0	k u - k u		None
3152	suck	Amawaka	kuku	kuʔku	k u k u	1217	0	k u - k u		None
3153	suck	Nawa	kuku	kuku	k u k u	1217	0	k u - k u		None
3154	suck	Marinawa	kuku	kuku	k u k u	1217	0	k u - k u		None
3155	suck	Yaminawa	kuʔuwi	kuʔuwi	k u ʔ u	1217	0	k u ʔ - u		None
3156	suck	Kashinawa_P	kuku	kuku	k u k u	1217	0	k u - k u		None
3157	vomit [verb]	Matses	uk	uk	u k	1363	0	u k		None
3158	vomit [verb]	Matis	uk	uk	u k	1363	0	u k		None
3159	vomit [verb]	Marubo	anan	anan	a n a n	1361	0	- a n a n		None
3160	vomit [verb]	Katukina	βupi	βupi	β u p i	1365	0	β u p i		None
3161	vomit [verb]	Shipibo_Konibo	kinan	kinan	k i n a n	1332	0	k i n a n		None
3162	vomit [verb]	Kapanawa	hana	hanaiki	h a n a	1361	0	h a n a -		None
3163	vomit [verb]	Kapanawa	kinan	kinani	k i n a n	1332	0	k i n a n		None
3164	vomit [verb]	Arara	anã	anã	a n ã	1361	0	- a n ã - - - -		None
3165	vomit [verb]	Shanenawa	anan	anan	a n a n	1361	0	- a n a n		None
3166	vomit [verb]	Yawanawa	anan	anan	a n a n	1361	0	- a n a n		None
3167	vomit [verb]	Nukini	anan	anan	a n a n	1361	0	- a n a n		None
3168	vomit [verb]	Poyanawa	anan	anan	a n a n	1361	0	- a n a n		None
3169	vomit [verb]	Iskonawa	anan	anan	a n a n	1361	0	- a n a n		None
3170	vomit [verb]	Chakobo	hana	hana	h a n a	1361	0	h a n a -		None
3171	vomit [verb]	Kakataibo	ana	ana	a n a	1361	0	- a n a -		None
3172	vomit [verb]	Kaxarari	hilũ	hilũ	h i l ũ	1364	0	h i l ũ		None
3173	vomit [verb]	Mastanawa	ana	ana	a n a	1361	0	- a n a -		None
3174	vomit [verb]	Chaninawa	ana	anaj	a n a	1361	0	- a n a -		None
3175	vomit [verb]	Sharanawa	anaj	anaj	a n a dʒ	1361	0	- a n a dʒ		None
3176	vomit [verb]	Amawaka	hana	hana	h a n a	1361	0	h a n a -		None
3177	vomit [verb]	Nawa	ana	ana	a n a	1361	0	- a n a -		None
3178	vomit [verb]	Marinawa	ana	ana	a n a	1361	0	- a n a -		None
3179	vomit [verb]	Kashinawa_P	hana	hana	h a n a	1361	0	h a n a -		None
3180	vomit [verb]	Kashinawa_B	hanaĩ	hanaĩ	h a n a	1361	0	h a n a -		None
3181	spit [verb]	Matses	piʃtuka	piʃtuka	p i ʃ t u + k a	1136	0	p i ʃ t u + k a		None
3182	spit [verb]	Matis	pid	pid	p i d	325	0	p i d -		None
3183	spit [verb]	Marubo	tuʃpa	tuʃpa	t u ʃ p a	1137	0	t u ʃ p a		None
3184	spit [verb]	Katukina	kemu	kemu	k e m u	1135	0	k e m u		None
3185	spit [verb]	Shipibo_Konibo	tuʃβa	tuʃβa	t u ʃ β a	1137	0	t u ʃ β a		None
3186	spit [verb]	Kapanawa	tuʂβan	tuʂβan	t u ʂ β a + n	1137	0	t u ʂ β a + n		None
3187	spit [verb]	Poyanawa	kunβu	kunβu	k u n β u	1130	0	k u n β u		None
3188	spit [verb]	Iskonawa	kuʃβu ik	kuʃβu ik	k u ʃ β u + i k	1321	0	k u ʃ β u # i k		None
3189	spit [verb]	Chakobo	kuʃu	kuʃu	k u ʃ u	1132	0	k u ʃ u		None
3190	spit [verb]	Kakataibo	tuʃuki	tuʃuki	t u ʃ u + k i	97	0	t u ʃ u k i		None
3191	spit [verb]	Mastanawa	bɨʧu	bɨʧu	b ɨ tʃ u	1129	0	b ɨ tʃ u		None
3192	spit [verb]	Chaninawa	bit͡ʃu	bit͡ʃuj	b i tʃ u	1129	0	b i tʃ u		None
3193	spit [verb]	Sharanawa	bichu	bichu(w)i	b i tʃ u	1129	0	b i tʃ u		None
3194	spit [verb]	Amawaka	kuçu	kuçtu	k u ç u	1132	0	k u ç u		None
3195	spit [verb]	Nawa	bɨʧu	bɨʧuɸi	b ɨ tʃ u	1129	0	b ɨ tʃ u		None
3196	spit [verb]	Marinawa	bɨʧu	bɨʧu	b ɨ tʃ u	1129	0	b ɨ tʃ u		None
3197	spit [verb]	Yaminawa	bɨʧu	bɨʧuwi	b ɨ tʃ u	1129	0	b ɨ tʃ u		None
3198	spit [verb]	Kashinawa_P	miʧu	miʧwa	m i ʧ u	1134	0	m i ʧ u		None
3199	sleep	Matses	uʂ	uʂ	u ʂ	1073	0	u ʂ -		None
3200	sleep	Matis	uʂ	uʂ	u ʂ	1073	0	u ʂ -		None
3201	sleep	Marubo	uʂa	uʂa	u ʂ a	1073	0	u ʂ a		None
3202	sleep	Katukina	uxa	uxa	u x/ʂ a	1073	0	u x/ʂ a		None
3203	sleep	Shipibo_Konibo	uʂa	uʂa	u ʂ a	1073	0	u ʂ a		None
3204	sleep	Kapanawa	uʂa	uʂai	u ʂ a	1073	0	u ʂ a		None
3205	sleep	Arara	uʃa	uʃa	u ʃ a	1073	0	u ʃ a		None
3206	sleep	Shanenawa	uʂa	uʂa	u ʂ a	1073	0	u ʂ a		None
3207	sleep	Yawanawa	uʃa	uʃa	u ʃ a	1073	0	u ʃ a		None
3208	sleep	Nukini	uha	uha	u h a	1073	0	u h a		None
3209	sleep	Poyanawa	uhu	uhu	u h u	1073	0	u h u		None
3210	sleep	Iskonawa	uhu	uhu	u h u	1073	0	u h u		None
3211	sleep	Chakobo	uʂa	uʂa	u ʂ a	1073	0	u ʂ a		None
3212	sleep	Pakawara	uʃa	uʃa	u ʃ a	1073	0	u ʃ a		None
3213	sleep	Kakataibo	uʂ	uʂ	u ʂ	1073	0	u ʂ -		None
3214	sleep	Kaxarari	uʂa	uʂa	u ʂ a	1073	0	u ʂ a		None
3215	sleep	Mastanawa	uʂa	uʂa	u ʂ a	1073	0	u ʂ a		None
3216	sleep	Chaninawa	uʂa	uʂaj	u ʂ a	1073	0	u ʂ a		None
3217	sleep	Sharanawa	uʂa	uʂaj	u ʂ a	1073	0	u ʂ a		None
3218	sleep	Amawaka	uça	uça	u ç a	1073	0	u ç a		None
3219	sleep	Nawa	uʂa	uʂa	u ʂ a	1073	0	u ʂ a		None
3220	sleep	Marinawa	uʂa	uʂa	u ʂ a	1073	0	u ʂ a		None
3221	sleep	Yaminawa	uʂa	uʂa	u ʂ a	1073	0	u ʂ a		None
3222	sleep	Kashinawa_P	uʂa	uʂa	u ʂ a	1073	0	u ʂ a		None
3223	sleep	Kashinawa_B	uʂa	uʂa	u ʂ a	1073	0	u ʂ a		None
3224	breathe	Matses	tiβoke	tiβoke	t i β o k e	136	0	t i β o k e		None
3225	breathe	Matis	ʂakanke	ʂakanke	ʂ a k a n + k e	127	0	ʂ a k a - n - - + k e		None
3226	breathe	Marubo	ʃinan	ʃinanβi	ʃ i n a n	135	0	ʃ i n a n		None
3227	breathe	Katukina	atix	atix	a t i x/ʂ	134	0	a t i x		None
3228	breathe	Shipibo_Konibo	huin	huin	h u i n	128	0	h u i n - -		None
3229	breathe	Kapanawa	huin	huini	h u i n	128	0	h u i n - -		None
3230	breathe	Kapanawa	tɨβai	tɨβai	t ɨ β a	139	0	t ɨ β a i		None
3231	breathe	Arara	sakã	sakã	s a k ã	127	0	s a k ã - - - -		None
3232	breathe	Shanenawa	ʂakan	ʂakan	ʂ a k a n	127	0	ʂ a k a - n - -		None
3233	breathe	Iskonawa	huan	huan	h u a n	128	0	h u a n - -		None
3234	breathe	Chakobo	ʂaka	ʂaka	ʂ a k a	127	0	ʂ a k a - - - -		None
3235	breathe	Chakobo	ʂɨo	ʂɨo	ʂ ɨ o	138	0	ʂ ɨ o		None
3236	breathe	Kakataibo	oin	oin	o i n	128	0	- o i n - -		None
3237	breathe	Kaxarari	huinwa	huinwa	h u i n w a	128	0	h u i n w a		None
3238	breathe	Mastanawa	ʂaʔa	ʂaʔa	ʂ a ʔ a	127	0	ʂ a ʔ a - - - -		None
3239	breathe	Chaninawa	ʂakan iki	ʂakaiki	ʂ a k a n + i k i	127	0	ʂ a k a - n - - + i k i		None
3240	breathe	Sharanawa	ʂakainki	ʂakainki	ʂ a k a j n k i	127	0	ʂ a k a i n k i		None
3241	breathe	Amawaka	çakan	çakan	ç a k a n	127	0	ç a k a - n - -		None
3242	breathe	Nawa	ʂaka	ʂaka	ʂ a k a	127	0	ʂ a k a - - - -		None
3243	breathe	Marinawa	ʂakainki	ʂakainki	ʂ a k a j n k i	127	0	ʂ a k a i n k i		None
3244	breathe	Yaminawa	ʂaʔan	ʂaʔaʔi	ʂ a ʔ a n	127	0	ʂ a ʔ a - n - -		None
3245	breathe	Kashinawa_P	ʂɨtɨa	ʂɨtɨa	ʂ ɨ t ɨ a	133	0	ʂ ɨ t ɨ a		None
3246	breathe	Kashinawa_B	ʂuĩsinɨi	ʂuĩsinɨi	ʂ u ĩ s i n ɨ i	132	0	ʂ u ĩ s i n ɨ i		None
3247	swell	Matses	βidiske	βidiske	β i + d i s k e	1232	0	β i + d i s k e		None
3248	swell	Matis	βidiske	βidiske	β i + d i s k e	1232	0	β i + d i s k e		None
3249	swell	Marubo	suru	suru	s u r u	1234	0	s u r u		None
3250	swell	Shipibo_Konibo	ɨstɨa	ɨstɨa	ɨ s t ɨ a	1615	0	ɨ s t ɨ a		None
3251	swell	Shipibo_Konibo	suika	suika	s u i k a	1231	0	s u i k a		None
3252	swell	Kapanawa	sui	suiti	s u i	1231	0	s u i - -		None
3253	swell	Kapanawa	suru	suruti	s u r u	1234	0	s u r u		None
3254	swell	Yawanawa	suika	suika	s u i k a	1231	0	s u i k a		None
3255	swell	Iskonawa	suik	suik	s u i k	1231	0	s u i k -		None
3256	swell	Chakobo	bai	bai	b a i	1239	0	b a i		None
3257	swell	Kakataibo	tiski	tiskiti	t i s k i	1232	0	- - - t i s k i		None
3258	swell	Mastanawa	ɸaɾaʃia	ɸaɾaʃia	ɸ a ɾ a ʃ i a	1613	0	ɸ a ɾ a ʃ i - a		None
3259	swell	Chaninawa	ɸaɾaʂika	ɸaɾaʂika	ɸ a ɾ a ʂ i k a	1613	0	ɸ a ɾ a ʂ i k a		None
3260	swell	Sharanawa	suika	su:ika	s u i k a	1231	0	s u i k a		None
3261	swell	Amawaka	nuwa	nuwa	n u w a	1237	0	n u w a		None
3262	swell	Nawa	ɸaɾaʃi	ɸaɾaʃi	ɸ a ɾ a ʃ i	1613	0	ɸ a ɾ a ʃ - - i		None
3263	swell	Marinawa	ɸaɾaʂɨka	ɸaɾaʂɨka	ɸ a ɾ a ʂ ɨ k a	1613	0	ɸ a ɾ a ʂ ɨ k a		None
3264	swell	Yaminawa	waɾaʃiʔa	waɾaʃiʔa	w a ɾ a ʃ i ʔ a	1613	0	w a ɾ a ʃ i ʔ a		None
3265	swell	Kashinawa_P	suika	sujka	s u i k a	1231	0	s u i k a		None
3266	swell	Kashinawa_P	ʂaʂa	ʂaʂa	ʂ a ʂ a	1236	0	ʂ a ʂ a		None
3267	live	Matses	ik	ik	i k	704	0	i k		None
3268	live	Matis	amaimen	amaimen	a m a j m e n	702	0	a m a i m e n		None
3269	live	Marubo	nisa	nisa	n i s a	701	0	n i s a		None
3270	live	Shipibo_Konibo	ha	ha	h a	706	0	h a		None
3271	live	Kapanawa	hiwɨ	hiwɨti	h i w ɨ	696	0	h i w ɨ		None
3272	live	Shanenawa	ɨnijupa	ɨnijupa	ɨ n i j u p a	705	0	ɨ n i j u p a		None
3273	live	Iskonawa	ɨwɨ	ɨwɨ	ɨ w ɨ	696	0	- ɨ w ɨ		None
3274	live	Chakobo	βɨsu	βɨsu	β ɨ s u	699	0	β ɨ s u		None
3275	live	Kakataibo	tso	tso	ts o	707	0	ts o		None
3276	live	Kaxarari	lui	lui	l u i	700	0	l u i		None
3277	live	Mastanawa	dia	djaj	d i a	694	0	d i - a		None
3278	live	Chaninawa	dia	dia	d i a	694	0	d i - a		None
3279	live	Sharanawa	dia	di:a	d i a	694	0	d i - a		None
3280	live	Amawaka	inu	inu	i n u	698	0	i n u		None
3281	live	Nawa	ika	ika	i k a	704	0	i k a		None
3282	live	Marinawa	dia	dija	d i a	694	0	d i j a		None
3283	live	Yaminawa	dija	dija	d i a	694	0	d i - a		None
3284	live	Yaminawa	tsawa	tsawa	ts a w a	678	0	ts a w a		None
3285	live	Kashinawa_P	hiwɨ	hiwɨa	h i w ɨ	696	0	h i w ɨ		None
3286	live	Kashinawa_B	hiwi	hiwi	h i w i	696	0	h i w i		None
3287	die	Matses	wɨnɨs	wɨnɨs	w ɨ n ɨ s	227	0	w ɨ n ɨ s		None
3288	die	Matis	na	nan	n a	220	0	n a		None
3289	die	Marubo	βupi	βupi	β u p i	224	0	β u p i		None
3290	die	Katukina	βupi	βupi	β u p i	224	0	β u p i		None
3291	die	Shipibo_Konibo	mawat	mawat	m a w a t	223	0	m a w a t		None
3292	die	Kapanawa	mawa	mawati	m a w a	223	0	m a w a -		None
3293	die	Arara	da	da	d a	220	0	- - d a - -		None
3294	die	Shanenawa	na	na	n a	220	0	n a		None
3295	die	Yawanawa	na	na	n a	220	0	n a		None
3296	die	Poyanawa	ajaka	ajaka	a j a k a	226	0	a j a k a		None
3297	die	Iskonawa	mahka	mahka	m a h k a	231	0	m a h k a		None
3298	die	Chakobo	na	na	n a	220	0	n a		None
3299	die	Chakobo	rɨso	rɨso	r ɨ s o	225	0	r ɨ s o		None
3300	die	Kakataibo	βama	βama	β a m a	230	0	β a m a		None
3301	die	Kaxarari	hɨtʃi	hɨtʃi	h ɨ tʃ i	228	0	h ɨ tʃ i		None
3302	die	Mastanawa	mɨda	mɨdaj	m ɨ d a	220	0	m ɨ d a		None
3303	die	Chaninawa	da	da	d a	220	0	d a		None
3304	die	Sharanawa	da	da:i	d a	220	0	d a		None
3305	die	Amawaka	na	naʔi	n a	220	0	n a		None
3306	die	Nawa	da	daj	d a	220	0	d a		None
3307	die	Marinawa	da	daj	d a	220	0	d a		None
3308	die	Yaminawa	da	daj	d a	220	0	d a		None
3309	die	Kashinawa_P	mawa	mawa	m a w a	223	0	m a w a -		None
3310	die	Kashinawa_B	dɨβu	dɨβu	d ɨ β u	229	0	d ɨ β u		None
3311	say	Matses	ke	ke	k e	981	0	- k e		None
3312	say	Matis	ke	ke	k e	981	0	- k e		None
3313	say	Marubo	iki	iki	i k i	981	0	i k i		None
3314	say	Shipibo_Konibo	yui	yui	j u i	971	0	j u - i		None
3315	say	Kapanawa	yui	yui	j u i	971	0	j u - i		None
3316	say	Arara	tsã	tsã	ts ã	980	0	ts ã		None
3317	say	Shanenawa	ju	ju	j u	971	0	j u - -		None
3318	say	Yawanawa	jui	jui	j u i	971	0	j u - i		None
3319	say	Iskonawa	βana	βana	β a n a	974	0	β a n a		None
3320	say	Chakobo	i	i	i	981	0	i - -		None
3321	say	Kakataibo	ka	ka	k a	981	0	- k a		None
3322	say	Kaxarari	huya	huya	h u j a	1588	0	h u j a		None
3323	say	Mastanawa	juwi	juwja	j u w i	977	0	j u w i		None
3324	say	Chaninawa	jui	juwi	j u	971	0	j u - -		None
3325	say	Sharanawa	juwi	juwi	j u w i	971	0	j u w i		None
3326	say	Amawaka	jui	juʔi	j u i	971	0	j u - i		None
3327	say	Nawa	juwi	juwi	j u w i	971	0	j u w i		None
3328	say	Marinawa	jui	juwi	j u i	971	0	j u - i		None
3329	say	Yaminawa	juwi	juwi	j u w i	971	0	j u w i		None
3330	say	Kashinawa_P	jui	juj	j u i	971	0	j u - i		None
3331	say	Kashinawa_P	ʧani	ʧanja	tʃ a n i	975	0	tʃ a n i		None
3332	say	Kashinawa_B	hãtʃa	hãtʃa	h ã tʃ a	973	0	h ã tʃ a		None
3333	sing	Matses	kuɨdɨn	kuɨdɨn	kʷ ɨ d ɨ n	1045	0	k u ɨ d ɨ n		None
3334	sing	Matis	noman	noman	n o m a n	1050	0	n o m a n		None
3335	sing	Marubo	kuka	kukai	k u k a	1395	0	k u k a		None
3336	sing	Katukina	kanta	kanta	k a n t a	1331	0	k a n t a		None
3337	sing	Shipibo_Konibo	βɨwa	βɨwa	β ɨ w a	1336	0	β ɨ w - a		None
3338	sing	Kapanawa	βɨwai	βɨwai	β ɨ w a	1336	0	β ɨ w a i		None
3339	sing	Arara	ki	ki	k i	1342	0	k i - - - -		None
3340	sing	Shanenawa	ka	ka	k a	1352	0	k a		None
3341	sing	Poyanawa	rɨwɨ	rɨwɨ	r ɨ w ɨ	1043	0	r ɨ w ɨ - - - -		None
3342	sing	Iskonawa	rɨwin ik	rɨwin ik	r ɨ w i n + i k	1043	0	r ɨ w i n # i k		None
3343	sing	Chakobo	kɨkɨ	kɨkɨ	k ɨ k ɨ	1044	0	k ɨ k ɨ		None
3344	sing	Kakataibo	tupu	tupu	t u p u	1596	0	t u p u		None
3345	sing	Mastanawa	ɸana	ɸanaj	ɸ a n a	1042	0	ɸ a n a - - - -		None
3346	sing	Chaninawa	ɸana	ɸana	ɸ a n a	1042	0	ɸ a n a - - - -		None
3347	sing	Sharanawa	ɸana	ɸana	ɸ a n a	1042	0	ɸ a n a - - - -		None
3348	sing	Amawaka	wɨa	wɨa	w ɨ a	1595	0	- - w ɨ a		None
3349	sing	Nawa	ɸana iki	ɸana iki	ɸ a n a + i k i	1042	0	ɸ a n a # i k i		None
3350	sing	Marinawa	ɸana iki	ɸanajki	ɸ a n a + i k i	1042	0	ɸ a n a - - - - + - i k i		None
3351	sing	Yaminawa	wana ik	wana ik	w a n a + i k	1042	0	w a n a # i k		None
3352	sing	Kashinawa_P	nawa	nawa	n a w a	1049	0	n a w a		None
3353	heavy	Matses	iwɨ	iwɨ	i w ɨ	573	0	i w ɨ		None
3354	heavy	Matis	iwɨ	iwɨ	i w ɨ	573	0	i w ɨ		None
3355	heavy	Marubo	ɨwɨ	ɨwɨ	ɨ w ɨ	573	0	ɨ w ɨ		None
3356	heavy	Katukina	ewe	ewe	e w e	573	0	e w e		None
3357	heavy	Shipibo_Konibo	ɨwɨ	ɨwɨ	ɨ w ɨ	573	0	ɨ w ɨ		None
3358	heavy	Kapanawa	iwɨ	iwɨ	i w ɨ	573	0	i w ɨ		None
3359	heavy	Arara	juitapa	juitapa	j u i t a p a	576	0	j u i t a p a		None
3360	heavy	Shanenawa	juitapa	juitapa	j u i t a p a	576	0	j u i t a p a		None
3361	heavy	Yawanawa	iwɨ	iwɨ	i w ɨ	573	0	i w ɨ		None
3362	heavy	Iskonawa	hakama	hakama	h a k a m a	575	0	h a - k a m a		None
3363	heavy	Chakobo	iwɨ	iwɨ	i w ɨ	573	0	i w ɨ		None
3364	heavy	Pakawara	iwɨ	iwɨ	i w ɨ	573	0	i w ɨ		None
3365	heavy	Kakataibo	iɨ	iɨ	i ɨ	573	0	i ɨ		None
3366	heavy	Kaxarari	naiwɨ	naiwɨ	n a j w ɨ	573	0	n a i w ɨ		None
3367	heavy	Mastanawa	ɨwɨ	ɨwɨ	ɨ w ɨ	573	0	ɨ w ɨ		None
3368	heavy	Chaninawa	ɨwɨ	ɨwɨ	ɨ w ɨ	573	0	ɨ w ɨ		None
3369	heavy	Sharanawa	ɨwɨ	ɨwɨ	ɨ w ɨ	573	0	ɨ w ɨ		None
3370	heavy	Amawaka	ijɨ	ijɨ	i j ɨ	573	0	i j ɨ		None
3371	heavy	Nawa	ɨwɨ	ɨwɨ	ɨ w ɨ	573	0	ɨ w ɨ		None
3372	heavy	Marinawa	iwɨ	iwɨ	i w ɨ	573	0	i w ɨ		None
3373	heavy	Yaminawa	ɨwɨ	ɨwɨ	ɨ w ɨ	573	0	ɨ w ɨ		None
3374	heavy	Kashinawa_P	ʂankama	ʂankama	ʂ a n k a m a	575	0	ʂ a n k a m a		None
3375	heavy	Kashinawa_B	ʂãkama	ʂãkama	ʂ ã k a m a	575	0	ʂ ã - k a m a		None
3376	smooth	Matses	ise	ise	i s e	1102	0	i s e		None
3377	smooth	Matis	ise	ise	i s e	1102	0	i s e		None
3378	smooth	Marubo	majun	majun	m a j u n	1098	0	m a - j u n		None
3379	smooth	Katukina	manyu	manyu	m a n j u	1098	0	m a n j u -		None
3380	smooth	Shipibo_Konibo	yɨnkɨn	yɨnkɨn	j ɨ n k ɨ n	1100	0	j ɨ n k ɨ n -		None
3381	smooth	Kapanawa	yɨnkɨni	yɨnkɨni	j ɨ n k ɨ n i	1100	0	j ɨ n k ɨ n i		None
3382	smooth	Arara	maĩũ	maĩũ	m a ĩ ũ	1098	0	m a - ĩ ũ -		None
3383	smooth	Yawanawa	mayun	mayun	m a j u n	1098	0	m a - j u n		None
3384	smooth	Iskonawa	βara	βara	β a r a	1101	0	β a r a -		None
3385	smooth	Chakobo	para	para	p a r a	1101	0	p a r a -		None
3386	smooth	Kakataibo	βaran	βaran	β a r a n	1101	0	β a r a n		None
3387	smooth	Kaxarari	isuwi	isuwi	i s u w i	1106	0	i s u w i		None
3388	smooth	Mastanawa	ɲinɸa	ɲinɸa	ɲ i n ɸ a	1099	0	ɲ i n ɸ a		None
3389	smooth	Mastanawa	maɲu	maɲu	m a ɲ u	1098	0	m a ɲ - u -		None
3390	smooth	Chaninawa	jɨɸa	jɨɸa	j ɨ ɸ a	1099	0	j ɨ ɸ a		None
3391	smooth	Sharanawa	jɨɸa	jɨɸa	j ɨ ɸ a	1099	0	j ɨ ɸ a		None
3392	smooth	Amawaka	junkun	junkun	j u n k u n	1100	0	j u n k u n -		None
3393	smooth	Nawa	ʂaɾawa	ʂaɾawa	ʂ a ɾ a w a	1107	0	ʂ a ɾ a w a		None
3394	smooth	Marinawa	jɨɸa	jɨɸa	j ɨ ɸ a	1099	0	j ɨ ɸ a		None
3395	smooth	Yaminawa	ɲinwa	ɲinwa	ɲ i n w a	1099	0	ɲ i n w a		None
3396	smooth	Kashinawa_P	maju	majwa	m a j u	1098	0	m a - j u -		None
3397	smooth	Kashinawa_P	jinkɨwa	jinkɨwa	j i n k ɨ w a	1100	0	j i n k ɨ w a		None
3398	smooth	Kashinawa_B	maju	mayũ	m a j u	1098	0	m a - j u -		None
3399	warm (hot weather)	Matses	tʃu	tʃu	tʃ u	1378	0	tʃ u		None
3400	warm (hot weather)	Matses	itsis	itsis	i ts i s	1375	0	i ts i s -		None
3401	warm (hot weather)	Matis	itis	itis	i t i s	1375	0	i t i s -		None
3402	warm (hot weather)	Marubo	ʂana	ʂana	ʂ a n a	1374	0	ʂ a n a -		None
3403	warm (hot weather)	Katukina	xana	xana	x/ʂ a n a	1374	0	x a n a -		None
3404	warm (hot weather)	Shipibo_Konibo	ʂana	ʂana	ʂ a n a	1374	0	ʂ a n a -		None
3405	warm (hot weather)	Kapanawa	ʂana	ʂana	ʂ a n a	1374	0	ʂ a n a -		None
3406	warm (hot weather)	Arara	ʃada	ʃada	ʃ a d a	1374	0	- ʃ a - - d a -		None
3407	warm (hot weather)	Shanenawa	ʂana	ʂana	ʂ a n a	1374	0	ʂ a n a -		None
3408	warm (hot weather)	Yawanawa	ʂana	ʂana	ʂ a n a	1374	0	ʂ a n a -		None
3409	warm (hot weather)	Poyanawa	ũtisi	ũtisi	ũ t i s i	1375	0	ũ t i s i		None
3410	warm (hot weather)	Iskonawa	hana	hana	h a n a	1374	0	h a n a -		None
3411	warm (hot weather)	Chakobo	itsisa	itsisa	i ts i s a	1375	0	i ts i s a		None
3412	warm (hot weather)	Chakobo	waʔa	wa?a	w a ʔ a	1376	0	w a ʔ a		None
3413	warm (hot weather)	Pakawara	ikini	ikini	i k i n i	1377	0	i k i n i		None
3414	warm (hot weather)	Kakataibo	itsis	itsis	i ts i s	1375	0	i ts i s -		None
3415	warm (hot weather)	Kaxarari	itsisi	itsisi	i ts i s i	1375	0	i ts i s i		None
3416	warm (hot weather)	Mastanawa	ʂada	ʂada	ʂ a d a	1374	0	ʂ a d a -		None
3417	warm (hot weather)	Chaninawa	ʂada	ʂada	ʂ a d a	1374	0	ʂ a d a -		None
3418	warm (hot weather)	Sharanawa	ʂada	ʂada	ʂ a d a	1374	0	ʂ a d a -		None
3419	warm (hot weather)	Amawaka	it͡sis	it͡sis	i ts i s	1375	0	i ts i s -		None
3420	warm (hot weather)	Nawa	ʂada	ʂada	ʂ a d a	1374	0	ʂ a d a -		None
3421	warm (hot weather)	Marinawa	ʂanda	ʂanda	ʂ a ⁿd a	1374	0	ʂ a ⁿd a -		None
3422	warm (hot weather)	Yaminawa	ʂadaʔ	ʂadaʔ	ʂ a d a ʔ	1374	0	ʂ a d a ʔ		None
3423	warm (hot weather)	Kashinawa_P	kuwa	kuwaj	k u w a	1379	0	k u w a		None
3424	warm (hot weather)	Kashinawa_B	kuĩ	kuĩ	k u ĩ	1380	0	k u ĩ		None
3425	cold [weather]	Matses	iken	iken	i k e n	171	0	i k e n - - -		None
3426	cold [weather]	Matses	dawɨβud	dawɨβud	d a w ɨ + β u d	173	0	d a w ɨ + β u d		None
3427	cold [weather]	Matis	iken	iken	i k e n	171	0	i k e n - - -		None
3428	cold [weather]	Marubo	matsi	matsi	m a ts i	170	0	m a ts i		None
3429	cold [weather]	Katukina	mati	mati	m a t i	170	0	m a t i		None
3430	cold [weather]	Shipibo_Konibo	matsi	matsi	m a ts i	170	0	m a ts i		None
3431	cold [weather]	Kapanawa	matsi	matsi	m a ts i	170	0	m a ts i		None
3432	cold [weather]	Arara	batsi	batsi	b a ts i	170	0	b a - - ts - i		None
3433	cold [weather]	Shanenawa	matsi	matsi	m a ts i	170	0	m a ts i		None
3434	cold [weather]	Yawanawa	matsi	matsi	m a ts i	170	0	m a ts i		None
3435	cold [weather]	Nukini	matsi	matsi	m a ts i	170	0	m a ts i		None
3436	cold [weather]	Nukini	ikiniki	ikiniki	i k i n i k i	171	0	i k i n i k i		None
3437	cold [weather]	Poyanawa	basi	basi	b a s i	170	0	b a s i		None
3438	cold [weather]	Iskonawa	ikiniki	matsi	i k i n i k i	171	0	i k i n i k i		None
3439	cold [weather]	Chakobo	ʂupi	ʂupi	ʂ u p i	175	0	ʂ u p i		None
3440	cold [weather]	Chakobo	matsi	matsi	m a ts i	170	0	m a ts i		None
3441	cold [weather]	Kakataibo	matsi	matsi	m a ts i	170	0	m a ts i		None
3442	cold [weather]	Kaxarari	ikani	ikani	i k a n i	171	0	i k a n - - i		None
3443	cold [weather]	Mastanawa	batsi	batsi	b a ts i	170	0	b a ts i		None
3444	cold [weather]	Chaninawa	bat͡si	bat͡si	b a ts i	170	0	b a ts i		None
3445	cold [weather]	Sharanawa	bat͡si	bat͡si	b a ts i	170	0	b a ts i		None
3446	cold [weather]	Amawaka	mat͡si	mat͡si	m a ts i	170	0	m a ts i		None
3447	cold [weather]	Nawa	batsi	batsi	b a ts i	170	0	b a ts i		None
3448	cold [weather]	Marinawa	batsi	batsi	b a ts i	170	0	b a ts i		None
3449	cold [weather]	Yaminawa	batsi	batsi	b a ts i	170	0	b a ts i		None
3450	cold [weather]	Kashinawa_P	matsi	matsi	m a ts i	170	0	m a ts i		None
3451	cold [weather]	Kashinawa_B	matʂi	matʂi	m a ʈʂ i	170	0	m a ʈʂ i		None
3452	sharp [knife]	Matses	kuɨnu	kuɨnu	kʷ ɨ n u	1014	0	k u ɨ n - u		None
3453	sharp [knife]	Matis	tʃimu	tʃimu	tʃ i m u	1018	0	tʃ i m u		None
3454	sharp [knife]	Marubo	kɨwan	kɨwan	k ɨ w a n	1019	0	k ɨ w a n		None
3455	sharp [knife]	Katukina	riski	riski	r i s k i	1020	0	r i s k i		None
3456	sharp [knife]	Shipibo_Konibo	kɨnʂu	kɨnʂu	k ɨ n ʂ u	1589	0	k ɨ - n ʂ u		None
3457	sharp [knife]	Kapanawa	kɨʂu	kɨʂu	k ɨ ʂ u	1589	0	k ɨ - - ʂ u		None
3458	sharp [knife]	Arara	duanipa	duanipa	d u a n i p a	1022	0	d u a n i p a		None
3459	sharp [knife]	Iskonawa	kɨntu	kɨntu	k ɨ n t u	1014	0	k ɨ - n t u		None
3460	sharp [knife]	Chakobo	kɨnu	kɨnu	k ɨ n u	1014	0	k ɨ - n - u		None
3461	sharp [knife]	Pakawara	ɨika	ɨika	ɨ j k a	1017	0	ɨ i k a		None
3462	sharp [knife]	Kakataibo	kwɨnu	kwɨnu	kʷ ɨ n u	1014	0	kʷ ɨ - n - u		None
3463	sharp [knife]	Mastanawa	kɨdu	kɨdu	k ɨ d u	1014	0	k ɨ - - d u		None
3464	sharp [knife]	Chaninawa	kɨdu	kɨdu	k ɨ d u	1014	0	k ɨ - - d u		None
3465	sharp [knife]	Sharanawa	kɨdu	kɨdu	k ɨ d u	1014	0	k ɨ - - d u		None
3466	sharp [knife]	Amawaka	kɨndu	kɨndu	k ɨ ⁿd u	1014	0	k ɨ - - ⁿd u		None
3467	sharp [knife]	Nawa	kɨdu	kɨdu	k ɨ d u	1014	0	k ɨ - - d u		None
3468	sharp [knife]	Marinawa	kɨndu	kɨndu	k ɨ ⁿd u	1014	0	k ɨ - - ⁿd u		None
3469	sharp [knife]	Yaminawa	kɨdu	kɨdu	k ɨ d u	1014	0	k ɨ - - d u		None
3470	sharp [knife]	Kashinawa_P	kɨnu	kɨnu	k ɨ n u	1014	0	k ɨ - n - u		None
3471	dull [knife]	Matses	kuɨnma	kuɨnma	kʷ ɨ n + m a	297	51 0	k u ɨ n + m a - -		None
3472	dull [knife]	Matis	kuɨnma	kuɨnma	kʷ ɨ n + m a	297	51 71	k u ɨ n + m a - -		None
3473	dull [knife]	Marubo	kɨntu	kɨntu	k ɨ n t u	296	0	k ɨ n t u		None
3474	dull [knife]	Shipibo_Konibo	ʂɨntu	ʂɨntu	ʂ ɨ n t u	296	0	ʂ ɨ n t u		None
3475	dull [knife]	Kapanawa	xintu	xintu	x i n t u	296	0	x i n t u		None
3476	dull [knife]	Iskonawa	hɨntu	hɨntu	h ɨ n t u	296	0	h ɨ n t u		None
3477	dull [knife]	Chakobo	tʃipu	tʃipu	tʃ i p u	298	0	tʃ i p u		None
3478	dull [knife]	Kakataibo	ʂɨntu	ʂɨntu	ʂ ɨ n t u	296	0	ʂ ɨ n t u		None
3479	dull [knife]	Mastanawa	ʃitu	ʃitu	ʃ i t u	296	0	ʃ i - t u		None
3480	dull [knife]	Chaninawa	ʂɨtu	ʂɨtu	ʂ ɨ t u	296	0	ʂ ɨ - t u		None
3481	dull [knife]	Sharanawa	ʂɨtu	ʂɨtu	ʂ ɨ t u	296	0	ʂ ɨ - t u		None
3482	dull [knife]	Amawaka	çɨntu	çɨntu	ç ɨ n t u	296	0	ç ɨ n t u		None
3483	dull [knife]	Nawa	ʂɨtu	ʂɨtu	ʂ ɨ t u	296	0	ʂ ɨ - t u		None
3484	dull [knife]	Marinawa	ʂɨtu	ʂɨtu	ʂ ɨ t u	296	0	ʂ ɨ - t u		None
3485	dull [knife]	Yaminawa	mata	mata	m a t a	299	0	m a t a		None
3486	dull [knife]	Kashinawa_P	ʃintu	ʃintu	ʃ i n t u	296	0	ʃ i n t u		None
3487	straight	Matses	kue	kue	k u e	1210	0	k u e		None
3488	straight	Matis	kue	kue	k u e	1210	0	k u e		None
3489	straight	Marubo	mɨki	mɨki	m ɨ k i	1212	0	m ɨ k i		None
3490	straight	Katukina	muki	muki	m u k i	1212	0	m u k i		None
3491	straight	Shipibo_Konibo	puntɨ	puntɨ	p u n t ɨ	1208	0	p u n t ɨ		None
3492	straight	Kapanawa	puntɨ	puntɨ	p u n t ɨ	1208	0	p u n t ɨ		None
3493	straight	Arara	kaiakaβi	kaiakaβi	k a i a k a β i	1207	0	k a i a k a β i		None
3494	straight	Shanenawa	mɨstɨ	mɨstɨn	m ɨ s t ɨ	1206	0	m ɨ s t ɨ -		None
3495	straight	Yawanawa	mistan	mistan	m i s t a n	1206	0	m i s t a n		None
3496	straight	Chakobo	mɨstɨ	mɨstɨ	m ɨ s t ɨ	1206	0	m ɨ s t ɨ -		None
3497	straight	Kakataibo	puntɨ	puntɨ	p u n t ɨ	1208	0	p u n t ɨ		None
3498	straight	Kaxarari	kayakã	kayakã	k a j a k ã	1207	0	k a j - - a k ã		None
3499	straight	Mastanawa	kajaʔaɸi	kajaʔaɸi	k a j a ʔ a ɸ i	1207	0	k a j a ʔ a ɸ i		None
3500	straight	Chaninawa	bɨstɨ	bɨstɨ	b ɨ s t ɨ	1206	0	b ɨ s t ɨ -		None
3501	straight	Sharanawa	kajaka	kajaka	k a j a k a	1207	0	k a j - - a k a		None
3502	straight	Amawaka	mɨstɨ	mɨstɨ	m ɨ s t ɨ	1206	0	m ɨ s t ɨ -		None
3503	straight	Nawa	wɨsti	wɨsti	w ɨ s t i	1206	0	w ɨ s t i -		None
3504	straight	Marinawa	bɨstɨ	bɨstɨ	b ɨ s t ɨ	1206	0	b ɨ s t ɨ -		None
3505	straight	Yaminawa	mɨstɨj	mɨstɨj	m ɨ s t ɨ	1206	0	m ɨ s t ɨ -		None
3506	straight	Kashinawa_P	justuma	justuma	j u s t u m a	1211	0	j u s t u m a		None
3507	straight	Kashinawa_B	juʂtuma	yuʂtuma	j u ʂ t u m a	1211	0	j u ʂ t u m a		None
3508	black	Matses	tʂɨʂɨ	tʂɨʂɨ	ʈʂ ɨ ʂ ɨ	99	0	ʈʂ - ɨ - ʂ ɨ		None
3509	black	Matis	wisu	wisu	w i s u	98	0	w i s - - u		None
3510	black	Marubo	tʂɨʂɨ	tʂɨʂɨ	ʈʂ ɨ ʂ ɨ	99	0	ʈʂ - ɨ - ʂ ɨ		None
3511	black	Marubo	isu	isu	i s u	98	0	- i s - - u		None
3512	black	Katukina	txeshe	txeshe	tx/ʈʂ e ʃ e	99	0	t x e - ʃ e		None
3513	black	Shipibo_Konibo	wisu	wisu	w i s u	98	0	w i s - - u		None
3514	black	Kapanawa	wisu	wisu	w i s u	98	0	w i s - - u		None
3515	black	Arara	tɨʃɨ	tɨʃɨ	t ɨ ʃ ɨ	1563	0	t - ɨ - ʃ ɨ		None
3516	black	Shanenawa	tɨʂɨ	tuʂu	t ɨ ʂ ɨ	1563	0	t - ɨ - ʂ ɨ		None
3517	black	Yawanawa	tʃɨhʃɨ	tʃɨhʃɨ	tʃ ɨ h ʃ ɨ	99	0	tʃ - ɨ h ʃ ɨ		None
3518	black	Nukini	βisu	βisu	β i s u	98	0	β i s - - u		None
3519	black	Poyanawa	ʧɨhɨ	ʧɨhɨ	tʃ ɨ h ɨ	99	0	tʃ - ɨ h - ɨ		None
3520	black	Iskonawa	ʧɨhɨ	ʧɨhɨ	tʃ ɨ h ɨ	99	0	tʃ - ɨ h - ɨ		None
3521	black	Chakobo	tʃɨkɨ	tʃɨkɨ	tʃ ɨ k ɨ	1562	0	tʃ - ɨ - k ɨ		None
3522	black	Pakawara	tʃɨkɨ	tʃɨkɨ	tʃ ɨ k ɨ	1562	0	tʃ - ɨ - k ɨ		None
3523	black	Kakataibo	tunan	tunan	t u n a n	102	0	t u n a n		None
3524	black	Kaxarari	tʃɨʂɨ	tʃɨʂɨ	tʃ ɨ ʂ ɨ	99	0	tʃ - ɨ - ʂ ɨ		None
3525	black	Mastanawa	ɸɨsu	ɸɨsu(pa)	ɸ ɨ s u	98	0	ɸ ɨ s - - u		None
3526	black	Chaninawa	ɸisu	ɸisu	ɸ i s u	98	0	ɸ i s - - u		None
3527	black	Sharanawa	ɸisu	ɸisu	ɸ i s u	98	0	ɸ i s - - u		None
3528	black	Amawaka	t͡ʃaʔu	t͡ʃaʔu	tʃ a ʔ u	103	0	tʃ a ʔ u		None
3529	black	Nawa	ɸisu	ɸisu	ɸ i s u	98	0	ɸ i s - - u		None
3530	black	Marinawa	ɸisu	ɸisu	ɸ i s u	98	0	ɸ i s - - u		None
3531	black	Marinawa	ʧɨʂɨ	ʧɨʂɨ	tʃ ɨ ʂ ɨ	99	0	tʃ - ɨ - ʂ ɨ		None
3532	black	Yaminawa	ɸɨsu	ɸɨsu	ɸ ɨ s u	98	0	ɸ ɨ s - - u		None
3533	black	Kashinawa_P	mɨʂu	mɨʂu	m ɨ ʂ u	1561	0	m ɨ ʂ - - u		None
3534	black	Kashinawa_B	mɨʂupa	mɨʂupa	m ɨ ʂ u p a	1561	0	m ɨ ʂ u p a		None
3535	white	Matses	uʂu	uʂu	u ʂ u	1439	0	- u ʂ - - u		None
3536	white	Matis	wasa	wasa	w a s a	1624	0	w a s a		None
3537	white	Marubo	uʂu	uʂu	u ʂ u	1439	0	- u ʂ - - u		None
3538	white	Katukina	uxu	uxu	u x/ʂ u	1439	0	- u x - - u		None
3539	white	Shipibo_Konibo	huʂu	huʂu	h u ʂ u	1439	0	h u ʂ - - u		None
3540	white	Kapanawa	huʂu	huʂu	h u ʂ u	1439	0	h u ʂ - - u		None
3541	white	Arara	oʃɨpa	oʃɨpa	o ʃ ɨ p a	1621	0	- o ʃ ɨ p a		None
3542	white	Yawanawa	uʃu	uʃu	u ʃ u	1439	0	- u ʃ - - u		None
3543	white	Nukini	uhu	uhu	u h u	1439	0	- u h - - u		None
3544	white	Poyanawa	uhu	uhu	u h u	1439	0	- u h - - u		None
3545	white	Iskonawa	rauh	rauh	r a u h	1396	0	r a u h		None
3546	white	Chakobo	huʂu	huʂu	h u ʂ u	1439	0	h u ʂ - - u		None
3547	white	Pakawara	huʂu	huʂu	h u ʂ u	1439	0	h u ʂ - - u		None
3548	white	Kakataibo	uʂu	uʂu	u ʂ u	1439	0	- u ʂ - - u		None
3549	white	Kaxarari	wakuʂu	wakuʂu	w a k u ʂ u	1623	0	w a k u ʂ u		None
3550	white	Mastanawa	uʂu	uʂu(pa)	u ʂ u	1439	0	- u ʂ - - u		None
3551	white	Chaninawa	uʂu	uʂu	u ʂ u	1439	0	- u ʂ - - u		None
3552	white	Sharanawa	uʂu	uʂu	u ʂ u	1439	0	- u ʂ - - u		None
3553	white	Amawaka	huçu	huçu	h u ç u	1439	0	h u ç - - u		None
3554	white	Nawa	uʂu	uʂu	u ʂ u	1439	0	- u ʂ - - u		None
3555	white	Marinawa	uʂu	uʂu	u ʂ u	1439	0	- u ʂ - - u		None
3556	white	Yaminawa	uʂu	uʂu	u ʂ u	1439	0	- u ʂ - - u		None
3557	white	Kashinawa_P	huʂu	huʂu	h u ʂ u	1439	0	h u ʂ - - u		None
3558	white	Kashinawa_B	huʂupa	huʂupa	h u ʂ u p a	1439	0	h u ʂ u p a		None
3559	red	Matses	piu	piu	p i u	904	0	p i u		None
3560	red	Matis	pɨd	pɨd	p ɨ d	904	0	p ɨ d		None
3561	red	Marubo	unʃin	unʃin	u n ʃ i n	875	0	- u n ʃ i n		None
3562	red	Katukina	unji	unji	u n j i	875	0	- u n j i -		None
3563	red	Shipibo_Konibo	huʃin	huʃin	h u ʃ i n	875	0	h u - ʃ i n		None
3564	red	Kapanawa	huʃin	huʃin	h u ʃ i n	875	0	h u - ʃ i n		None
3565	red	Arara	uʃinipa	uʃinipa	u ʃ i n i p a	875	0	- u - ʃ i n i p a		None
3566	red	Shanenawa	uʂuni	uʂuni	u ʂ u n i	875	0	u ʂ u n i		None
3567	red	Yawanawa	uʃin	uʃin	u ʃ i n	875	0	- u - ʃ i n		None
3568	red	Poyanawa	taʃi	taʃi	t a ʃ i	903	0	t a ʃ - - i		None
3569	red	Iskonawa	uʃin	uʃin	u ʃ i n	875	0	- u - ʃ i n		None
3570	red	Chakobo	piʃi	piʃi	p i ʃ i	895	0	p i - ʃ i -		None
3571	red	Pakawara	ʃini	ʃini	ʃ i n i	875	0	- ʃ i n i		None
3572	red	Kakataibo	tʃɨʂka	tʃɨʂka	tʃ ɨ ʂ k a	897	0	tʃ ɨ ʂ k a		None
3573	red	Kaxarari	puʂɨ	puʂɨ	p u ʂ ɨ	902	0	p u - ʂ ɨ -		None
3574	red	Mastanawa	unʃi	unʃi	u n ʃ i	875	0	- u n ʃ i -		None
3575	red	Chaninawa	uʃin	uʃin	u ʃ i n	875	0	- u - ʃ i n		None
3576	red	Sharanawa	uʃin	uʃin	u ʃ i n	875	0	- u - ʃ i n		None
3577	red	Amawaka	winʃi	winʃi	w i n ʃ i	853	0	w i n ʃ i -		None
3578	red	Nawa	uʃi	uʃi	u ʃ i	875	0	- u - ʃ i -		None
3579	red	Marinawa	uʃi	uʃi	u ʃ i	875	0	- u - ʃ i -		None
3580	red	Yaminawa	ũʃi	ũʃi	ũ ʃ i	875	0	- ũ - ʃ i -		None
3581	red	Kashinawa_P	taʂi	taʂi	t a ʂ i	903	0	t a ʂ - - i		None
3582	red	Kashinawa_B	taʂipa	taʂipa	t a ʂ i p a	903	0	t a ʂ i p a		None
3583	yellow	Matses	βɨʂpiu	βɨʂpiu	β ɨ ʂ p i u	1537	0	β ɨ ʂ p i u		None
3584	yellow	Matis	ʃin	ʃin	ʃ i n	1531	0	ʃ i n -		None
3585	yellow	Marubo	kaʂta	kaʂta	k a ʂ t a	1533	0	k a ʂ t a		None
3586	yellow	Katukina	manjin	manjin	m a n j i n	1531	0	m a n j i n		None
3587	yellow	Shipibo_Konibo	panʃin	panʃin	p a n ʃ i n	1531	0	p a n ʃ i n -		None
3588	yellow	Kapanawa	paʃin	paʃin	p a ʃ i n	1531	0	p a - ʃ i n -		None
3589	yellow	Arara	pãʃi	pãʃi	p ã ʃ i	1531	0	p ã - ʃ i - -		None
3590	yellow	Shanenawa	paʂini	paʂini	p a ʂ i n i	1531	0	p a - ʂ i n i		None
3591	yellow	Yawanawa	paʃin	paʃin	p a ʃ i n	1531	0	p a - ʃ i n -		None
3592	yellow	Nukini	pãʃi	pãʃi	p ã ʃ i	1531	0	p ã - ʃ i - -		None
3593	yellow	Poyanawa	panxin	panxin	p a n x/ʂ i n	1531	0	p a n x i n -		None
3594	yellow	Iskonawa	taʃi	taʃi	t a ʃ i	1531	0	t a - ʃ i - -		None
3595	yellow	Chakobo	ʃini	ʃini	ʃ i n i	1531	0	ʃ i n i		None
3596	yellow	Kakataibo	panʃin	panʃin	p a n ʃ i n	1531	0	p a n ʃ i n -		None
3597	yellow	Kaxarari	ʂini	ʂini	ʂ i n i	1531	0	ʂ i n i		None
3598	yellow	Mastanawa	aɾawa	aɾawa	a ɾ a w a	1532	0	a ɾ a w a		None
3599	yellow	Chaninawa	aɾawa	aɾawa	a ɾ a w a	1532	0	a ɾ a w a		None
3600	yellow	Sharanawa	aɾawa	aɾawa	a ɾ a w a	1532	0	a ɾ a w a		None
3601	yellow	Amawaka	nawa	nawa	n a w a	1532	0	n a w a		None
3602	yellow	Nawa	aɾawã	aɾawã	a ɾ a w ã	1532	0	a ɾ a w ã		None
3603	yellow	Marinawa	ʧasda	ʧasda	tʃ a s d a	1533	0	tʃ a s d a		None
3604	yellow	Yaminawa	ʧaʂta	ʧaʂta	tʃ a ʂ t a	1533	0	tʃ a ʂ t a		None
3605	yellow	Kashinawa_P	paʃin	paʃin	p a ʃ i n	1531	0	p a - ʃ i n -		None
3606	yellow	Kashinawa_B	paʃin	paʃin	p a ʃ i n	1531	0	p a - ʃ i n -		None
3607	green [color]	Matses	umu	umu	u m u	517	0	u m u		None
3608	green [color]	Matis	ɨmu	ɨmu	ɨ m u	517	0	ɨ m u		None
3609	green [color]	Marubo	ʂanɨ	ʂanɨ	ʂ a n ɨ	526	0	ʂ a n ɨ		None
3610	green [color]	Katukina	shau	shau	ʃ a u	530	0	ʃ a - u		None
3611	green [color]	Shipibo_Konibo	yankun	yankun	j a n k u n	518	0	j a n k u n		None
3612	green [color]	Kapanawa	yankun	yankun	j a n k u n	518	0	j a n k u n		None
3613	green [color]	Arara	ʃininipa	ʃininipa	ʃ i n i n i p a	533	0	ʃ i n i n i p a		None
3614	green [color]	Shanenawa	ʂu	ʂu	ʂ u	530	0	ʂ u - -		None
3615	green [color]	Yawanawa	ʂuku	ʂuku	ʂ u k u	530	0	ʂ u k u		None
3616	green [color]	Nukini	huku	huku	h u k u	530	0	h u k u		None
3617	green [color]	Poyanawa	ikamba	ikamba	i k a m b a	524	0	i k a m b a		None
3618	green [color]	Iskonawa	ho	ho	h o	530	0	h o		None
3619	green [color]	Chakobo	niaβa	niaβa	n i a β a	516	0	n i a β a		None
3620	green [color]	Kakataibo	ʂu	kurua	ʂ u	530	0	ʂ u - -		None
3621	green [color]	Kaxarari	yara	yara	j a r a	527	0	j a r a		None
3622	green [color]	Mastanawa	ʂu	ʂu	ʂ u	530	0	ʂ u - -		None
3623	green [color]	Chaninawa	ʂu	ʂu	ʂ u	530	0	ʂ u - -		None
3624	green [color]	Sharanawa	ʂu	ʂu	ʂ u	530	0	ʂ u - -		None
3625	green [color]	Amawaka	nawa	nawa	n a w a	492	0	n a - w a		None
3626	green [color]	Nawa	tuna	tuna	t u n a	525	0	t u n a		None
3627	green [color]	Marinawa	ʂu	ʂu	ʂ u	530	0	ʂ u - -		None
3628	green [color]	Yaminawa	paʂa	paʂa	p a ʂ a	522	0	p a ʂ a		None
3629	green [color]	Yaminawa	ʂu	ʂu	ʂ u	530	0	ʂ u - -		None
3630	green [color]	Kashinawa_P	nankɨ	nankɨ	n a n k ɨ	528	0	n a n k ɨ		None
3631	green [color]	Kashinawa_B	huʂiama	huʂiama	h u ʂ i a m a	529	0	h u ʂ i a m a		None
3632	new	Matses	tʃuka	tʃuka	tʃ u k a	818	0	tʃ u k a		None
3633	new	Matis	paʂa	paʂa	p a ʂ a	813	0	p a ʂ a		None
3634	new	Marubo	βɨna	βɨna	β ɨ n a	812	0	β ɨ n a		None
3635	new	Katukina	βena	βena	β e n a	812	0	β e n a		None
3636	new	Shipibo_Konibo	βɨna	βɨna	β ɨ n a	812	0	β ɨ n a		None
3637	new	Kapanawa	βɨna	βɨna	β ɨ n a	812	0	β ɨ n a		None
3638	new	Arara	βɨnda	βɨnda	β ɨ ⁿd a	812	0	β ɨ n d a		None
3639	new	Arara	pɨʃkɨ	pɨʃkɨ	p ɨ ʃ k ɨ	817	0	p ɨ ʃ k ɨ		None
3640	new	Shanenawa	fɨna	fɨna	f ɨ n a	812	0	f ɨ n a		None
3641	new	Yawanawa	βɨna	βɨna	β ɨ n a	812	0	β ɨ n a		None
3642	new	Poyanawa	βɨhu	βɨhu	β ɨ h u	812	0	β ɨ h u		None
3643	new	Iskonawa	βɨna	βɨna	β ɨ n a	812	0	β ɨ n a		None
3644	new	Chakobo	paʂa	paʂa	p a ʂ a	813	0	p a ʂ a		None
3645	new	Kakataibo	io	io	i o	820	0	i o		None
3646	new	Kaxarari	xawɨlakɨ	xawɨlakɨ	x/ʂ a w ɨ l a k ɨ	819	0	x a w ɨ l a k ɨ		None
3647	new	Mastanawa	ɸɨda	ɸɨda	ɸ ɨ d a	812	0	ɸ ɨ d a		None
3648	new	Chaninawa	ɸɨda	ɸɨda	ɸ ɨ d a	812	0	ɸ ɨ d a		None
3649	new	Sharanawa	ɸɨda	ɸɨda	ɸ ɨ d a	812	0	ɸ ɨ d a		None
3650	new	Amawaka	wɨnda	wɨnda	w ɨ ⁿd a	812	0	w ɨ ⁿd a		None
3651	new	Nawa	ɸɨda	ɸɨda	ɸ ɨ d a	812	0	ɸ ɨ d a		None
3652	new	Marinawa	ɸɨnda	ɸɨnda	ɸ ɨ ⁿd a	812	0	ɸ ɨ ⁿd a		None
3653	new	Yaminawa	ɸɨda	ɸɨda	ɸ ɨ d a	812	0	ɸ ɨ d a		None
3654	new	Kashinawa_P	βɨna	βɨna	β ɨ n a	812	0	β ɨ n a		None
3655	new	Kashinawa_B	βɨna	βɨna	β ɨ n a	812	0	β ɨ n a		None
3656	old [adj.]	Matses	ʂɨni	ʂɨni	ʂ ɨ n i	833	0	ʂ ɨ n i -		None
3657	old [adj.]	Matis	ʂɨni	ʂɨni	ʂ ɨ n i	833	0	ʂ ɨ n i -		None
3658	old [adj.]	Marubo	ʂɨni	ʂɨni	ʂ ɨ n i	833	0	ʂ ɨ n i -		None
3659	old [adj.]	Katukina	shenia	sheni-a	ʃ e n i a	833	0	ʃ e n i a		None
3660	old [adj.]	Shipibo_Konibo	payu	payu	p a j u	837	0	p a j u		None
3661	old [adj.]	Kapanawa	ʂɨni	ʂɨni	ʂ ɨ n i	833	0	ʂ ɨ n i -		None
3662	old [adj.]	Arara	ãdihɨ	ãdihɨ	ã d i h ɨ	842	0	ã d i h ɨ		None
3663	old [adj.]	Shanenawa	ani	ani	a n i	805	0	a n i		None
3664	old [adj.]	Yawanawa	ʃini	ʃini	ʃ i n i	833	0	ʃ i n i -		None
3665	old [adj.]	Nukini	nusi	nusi	n u s i	834	0	n u s i		None
3666	old [adj.]	Poyanawa	iwa	iwa	i w a	838	0	i w a		None
3667	old [adj.]	Iskonawa	hɨni	hɨni	h ɨ n i	833	0	h ɨ n i -		None
3668	old [adj.]	Chakobo	yusi	yusi	j u s i	834	0	j u s i		None
3669	old [adj.]	Pakawara	nui	nui	n u i	834	0	n u i		None
3670	old [adj.]	Kakataibo	ʂɨni	ʂɨni	ʂ ɨ n i	833	0	ʂ ɨ n i -		None
3671	old [adj.]	Kaxarari	tʃapawɨ	tʃapawɨ	tʃ a p a w ɨ	839	0	tʃ a p a w ɨ		None
3672	old [adj.]	Mastanawa	ʂɨdi	ʂɨdi	ʂ ɨ d i	833	0	ʂ ɨ d i -		None
3673	old [adj.]	Chaninawa	ʂɨdi	ʂɨdi	ʂ ɨ d i	833	0	ʂ ɨ d i -		None
3674	old [adj.]	Sharanawa	ʂɨdi	ʂɨdi	ʂ ɨ d i	833	0	ʂ ɨ d i -		None
3675	old [adj.]	Amawaka	çɨndi	çɨndi	ç ɨ ⁿd i	833	0	ç ɨ ⁿd i -		None
3676	old [adj.]	Nawa	ʂɨdi	ʂɨdi	ʂ ɨ d i	833	0	ʂ ɨ d i -		None
3677	old [adj.]	Marinawa	ʂɨndi	ʂɨndi	ʂ ɨ ⁿd i	833	0	ʂ ɨ ⁿd i -		None
3678	old [adj.]	Yaminawa	ʂɨdi	ʂɨdi	ʂ ɨ d i	833	0	ʂ ɨ d i -		None
3679	old [adj.]	Kashinawa_P	ʂɨni	ʂɨni	ʂ ɨ n i	833	0	ʂ ɨ n i -		None
3680	old [adj.]	Kashinawa_B	mɨstɨβu	mɨstɨβu	m ɨ s t ɨ β u	840	0	m ɨ s t ɨ β u		None
3681	good	Matses	βɨda	βɨda	β ɨ d a	503	0	β ɨ d a		None
3682	good	Matis	βɨda	βɨda	β ɨ d a	503	0	β ɨ d a		None
3683	good	Marubo	rua	rua	r u a	499	0	- r u - - a		None
3684	good	Katukina	ruapa	rua-pa	r u a p a	499	0	- r u a p a		None
3685	good	Shipibo_Konibo	hakun	hakun	h a k u n	502	0	h a k u n		None
3686	good	Kapanawa	siri	siri	s i r i	498	0	s i r - - i		None
3687	good	Kapanawa	hakun	hakun	h a k u n	502	0	h a k u n		None
3688	good	Arara	ʃara	ʃara	ʃ a r a	498	0	ʃ a r - - a		None
3689	good	Shanenawa	ʃaraka	ʂaraka	ʃ a r a k a	498	0	ʃ a r a k a		None
3690	good	Yawanawa	ʃara	ʃara	ʃ a r a	498	0	ʃ a r - - a		None
3691	good	Nukini	iru	iru	i r u	499	0	i r u - - -		None
3692	good	Poyanawa	iru	iru	i r u	499	0	i r u - - -		None
3693	good	Iskonawa	iru	iru	i r u	499	0	i r u - - -		None
3694	good	Chakobo	hia	hia	h i a	506	0	h i a		None
3695	good	Kakataibo	upi	upi	u p i	500	0	u p i		None
3696	good	Kaxarari	tsuwi	tsuwi	ts u w i	505	0	ts u w i		None
3697	good	Mastanawa	ʃaɾa	ʂaɾa	ʂ a ɾ a	498	0	ʂ a ɾ - - a		None
3698	good	Chaninawa	ʃaɾa	ʃaɾa	ʃ a ɾ a	498	0	ʃ a ɾ - - a		None
3699	good	Sharanawa	ʃaɾa	ʃaɾa	ʃ a ɾ a	498	0	ʃ a ɾ - - a		None
3700	good	Amawaka	ʃaɾa	ʃaɾa	ʃ a ɾ a	498	0	ʃ a ɾ - - a		None
3701	good	Nawa	ʃaɾa	ʃaɾa	ʃ a ɾ a	498	0	ʃ a ɾ - - a		None
3702	good	Marinawa	ʃaɾa	ʂaɾa	ʂ a ɾ a	498	0	ʂ a ɾ - - a		None
3703	good	Yaminawa	ʃaɾa	ʂaɾa	ʃ a ɾ a	498	0	ʃ a ɾ - - a		None
3704	good	Yaminawa	ʃala	ʂala	ʃ a l a	498	0	ʃ a l - - a		None
3705	good	Kashinawa_P	pɨ	pɨ	p ɨ	500	0	- p ɨ		None
3706	good	Kashinawa_B	pi	pi	p i	500	0	- p i		None
3707	bad	Matses	iksa	iksa	i k s a	1550	0	i k s a		None
3708	bad	Matis	iksama	iksama	i k s a + m a	1550	0	i k s a + m - a		None
3709	bad	Marubo	iʃna	iʃna	i ʃ n a	46	0	i ʃ n a		None
3710	bad	Shipibo_Konibo	hakunma	hakun-ma	h a k u n + m a	41	0	h a k u n + m - a		None
3711	bad	Kapanawa	iruma	tiruma	i r u + m a	33	0	i r u + m a		None
3712	bad	Kapanawa	hakunma	hakunma	h a k u n + m a	41	0	h a k u n + m - a		None
3713	bad	Arara	ʃaramba	ʃaramba	ʃ a r a m b a	37	0	ʃ a r a m b a		None
3714	bad	Shanenawa	ʃarama	ʂarama	ʃ a r a + m a	37	0	ʃ a r a + m - a		None
3715	bad	Yawanawa	tʃaka	tʃaka	tʃ a k a	38	0	tʃ a k - - a		None
3716	bad	Nukini	iruma	iruma	i r u + m a	33	0	i r - - u + m - a		None
3717	bad	Poyanawa	irumba	irumba	i r u + ⁿb a	33	0	i r u + ⁿb a		None
3718	bad	Iskonawa	miʧa	miʧa	m i tʃ a	1551	0	m i tʃ a		None
3719	bad	Iskonawa	iruma	iruma	i r u + m a	33	0	i r u + m a		None
3720	bad	Chakobo	kaʂaʂɨni	kaʂaʂɨni	k a ʂ a ʂ ɨ n i	43	0	k a ʂ a ʂ ɨ n i		None
3721	bad	Kakataibo	aisama	aisama	a j + s a + m a	39	0	a i + s a + m a		None
3722	bad	Kaxarari	tsɨwɨma	tsɨwɨma	ts ɨ w ɨ + m a	35	0	ts ɨ w ɨ + m a		None
3723	bad	Mastanawa	ʧaʔa	ʧaʔa	tʃ a ʔ a	38	0	tʃ a ʔ - - a		None
3724	bad	Chaninawa	t͡ʃaka	t͡ʃaka	tʃ a k a	38	0	tʃ a k - - a		None
3725	bad	Sharanawa	t͡ʃaka	t͡ʃaka	tʃ a k a	38	0	tʃ a k - - a		None
3726	bad	Amawaka	iɾuma	iɾuma	i ɾ u + m a	33	0	i ɾ u + m a		None
3727	bad	Nawa	ʧaka	ʧaka	tʃ a k a	38	0	tʃ a k - - a		None
3728	bad	Marinawa	ʧaka	ʧaka	tʃ a k a	38	0	tʃ a k - - a		None
3729	bad	Yaminawa	ʧaʔa	ʧaʔa	tʃ a ʔ a	38	0	tʃ a ʔ - - a		None
3730	bad	Kashinawa_P	ʧakaβu	ʧakaβu	tʃ a k a + β u	38	0	tʃ a k a + β u		None
3731	bad	Kashinawa_B	tʃakaβu	tʃakaβu	tʃ a k a + β u	38	0	tʃ a k a + β u		None
3732	wet	Matses	tʂuku	tʂuku	ʈʂ u k u	1406	0	ʈʂ u k u		None
3733	wet	Matis	tʂuβɨd	tʂuβɨd	ʈʂ u β ɨ d	1406	0	ʈʂ u β ɨ d		None
3734	wet	Marubo	mɨtʃa	mɨtʃa	m ɨ tʃ a	1404	0	m ɨ tʃ a		None
3735	wet	Katukina	metxa	metxa	m e ʈʂ a	1404	0	m e ʈʂ a		None
3736	wet	Shipibo_Konibo	mɨtʃa	mɨtʃa	m ɨ tʃ a	1404	0	m ɨ tʃ a		None
3737	wet	Kapanawa	mɨtʃa	mɨtʃa	m ɨ tʃ a	1404	0	m ɨ tʃ a		None
3738	wet	Arara	bɨtʃa	bɨtʃa	b ɨ tʃ a	1404	0	- - b ɨ tʃ - a		None
3739	wet	Shanenawa	mɨtʃa	mutʃia	m ɨ tʃ a	1404	0	m ɨ tʃ a		None
3740	wet	Poyanawa	bɨʃa	bɨʃa	b ɨ ʃ a	1404	0	b ɨ ʃ a		None
3741	wet	Iskonawa	mɨʧa	mɨʧa	m ɨ tʃ a	1404	0	m ɨ tʃ a		None
3742	wet	Chakobo	tʃaʂa	tʃaaʂa	tʃ a ʂ a	1400	0	tʃ a ʂ a		None
3743	wet	Chakobo	mɨsa	musa	m ɨ s a	1404	0	m ɨ s a		None
3744	wet	Kakataibo	tʃaβa	tʃaβa	tʃ a β a	1403	0	tʃ a β a		None
3745	wet	Kaxarari	hɨnla	hɨnla	h ɨ n l a	1411	0	h ɨ n l a		None
3746	wet	Mastanawa	bɨʧa	bɨʧa	b ɨ tʃ a	1404	0	b ɨ tʃ a		None
3747	wet	Chaninawa	bɨt͡ʃa	bɨt͡ʃa	b ɨ tʃ a	1404	0	b ɨ tʃ a		None
3748	wet	Sharanawa	bɨt͡ʃa	bɨt͡ʃa	b ɨ tʃ a	1404	0	b ɨ tʃ a		None
3749	wet	Amawaka	mɨt͡ʃa	mɨt͡ʃa	m ɨ tʃ a	1404	0	m ɨ tʃ a		None
3750	wet	Nawa	bɨʧa	bɨʧa	b ɨ tʃ a	1404	0	b ɨ tʃ a		None
3751	wet	Marinawa	bɨʧa	bɨʧa	b ɨ tʃ a	1404	0	b ɨ tʃ a		None
3752	wet	Yaminawa	bɨʧa	bɨʧa	b ɨ tʃ a	1404	0	b ɨ tʃ a		None
3753	wet	Kashinawa_P	ʧajka	ʧajka	tʃ a j k a	1410	0	tʃ a j k a		None
3754	wet	Kashinawa_B	mɨtʃa	mɨtʃa	m ɨ tʃ a	1404	0	m ɨ tʃ a		None
3755	dry [adj./v.]	Matses	tanun	tanun	t a n u n	290	0	t a n u n		None
3756	dry [adj./v.]	Matis	kudu	kudu	k u d u	168	0	k u d u		None
3757	dry [adj./v.]	Marubo	ɨʂta	ɨʂta	ɨ ʂ t a	289	0	ɨ ʂ t a		None
3758	dry [adj./v.]	Katukina	putu	putu	p u t u	163	0	p u t - - u		None
3759	dry [adj./v.]	Shipibo_Konibo	tʃuʃia	tʃuʃia	tʃ u ʃ i a	285	0	tʃ u ʃ i a		None
3760	dry [adj./v.]	Shipibo_Konibo	mɨtʃama	mɨtʃama	m ɨ tʃ a m a	182	0	m ɨ tʃ a m a		None
3761	dry [adj./v.]	Kapanawa	putuni	putuni	p u t u + n i	163	0	p u t - - u + n i		None
3762	dry [adj./v.]	Kapanawa	tʃuʃi	tʃuʃi	tʃ u ʃ i	285	0	tʃ u ʃ i -		None
3763	dry [adj./v.]	Arara	ʃaka	ʃaka	ʃ a k a	286	0	ʃ a k a		None
3764	dry [adj./v.]	Shanenawa	mɨtu	mɨtu	m ɨ t u	284	0	m ɨ t - - u		None
3765	dry [adj./v.]	Yawanawa	ʂaka	ʂaka	ʂ a k a	286	0	ʂ a k a		None
3766	dry [adj./v.]	Poyanawa	basku	basku	b a s k u	288	0	b a s k u		None
3767	dry [adj./v.]	Chakobo	ʃina	ʃina	ʃ i n a	181	0	ʃ i n a		None
3768	dry [adj./v.]	Chakobo	hanu	hanu	h a n u	293	0	h a n u		None
3769	dry [adj./v.]	Kakataibo	ɨski	ɨski	ɨ s k i	185	0	ɨ s k i		None
3770	dry [adj./v.]	Kaxarari	pu	pu	p u	163	0	p u		None
3771	dry [adj./v.]	Mastanawa	bɨtu	bɨtu	b ɨ t u	284	0	b ɨ t - - u		None
3772	dry [adj./v.]	Mastanawa	ʃina	ʃina	ʃ i n a	181	0	ʃ i n a		None
3773	dry [adj./v.]	Chaninawa	bɨtu	bɨtu	b ɨ t u	284	0	b ɨ t - - u		None
3774	dry [adj./v.]	Sharanawa	bɨtu	bɨtu	b ɨ t u	284	0	b ɨ t - - u		None
3775	dry [adj./v.]	Amawaka	mɨtu	mɨtu	m ɨ t u	284	0	m ɨ t - - u		None
3776	dry [adj./v.]	Nawa	bɨtu	bɨtu	b ɨ t u	284	0	b ɨ t - - u		None
3777	dry [adj./v.]	Marinawa	bɨtu	bɨtu	b ɨ t u	284	0	b ɨ t - - u		None
3778	dry [adj./v.]	Yaminawa	bɨtu	bɨtu	b ɨ t u	284	0	b ɨ t - - u		None
3779	dry [adj./v.]	Kashinawa_P	mɨtu	mɨtu	m ɨ t u	284	0	m ɨ t - - u		None
3780	dry [adj./v.]	Kashinawa_B	mɨtu	mɨtu	m ɨ t u	284	0	m ɨ t - - u		None
3781	here	Matses	nɨ	nɨ	n ɨ	577	0	n ɨ -		None
3782	here	Matis	nɨ	nɨ	n ɨ	577	0	n ɨ -		None
3783	here	Marubo	nɨnu	nɨnu	n ɨ n u	577	0	n ɨ n u		None
3784	here	Katukina	nɨnu	nenu	n ɨ n u	577	0	n ɨ n u		None
3785	here	Katukina	ninu	ninu	n i n u	577	0	n i n u		None
3786	here	Shipibo_Konibo	nɨ	nɨ	n ɨ	577	0	n ɨ - -		None
3787	here	Kapanawa	nɨnu	nɨnu	n ɨ n u	577	0	n ɨ n u		None
3788	here	Kapanawa	nɨaβi	nɨaβi	n ɨ a + β i	577	0	n ɨ a + β i		None
3789	here	Arara	nandu	nandu	n a ⁿd u	577	0	n a n - d u		None
3790	here	Shanenawa	nɨnu	nɨnu	n ɨ n u	577	0	n ɨ n u		None
3791	here	Yawanawa	nɨnu	nɨnu	n ɨ n u	577	0	n ɨ n u		None
3792	here	Poyanawa	nindu	nĩdu	n i nd u	577	0	n i nd u		None
3793	here	Iskonawa	ninu	ninu	n i n u	577	0	n i n u		None
3794	here	Chakobo	nɨa	nëa	n ɨ a	577	0	n ɨ a		None
3795	here	Chakobo	nɨbi	nëbi	n ɨ b i	577	0	n ɨ b i		None
3796	here	Chakobo	nɨri	nëri	n ɨ r i	577	0	n ɨ r i		None
3797	here	Kakataibo	ɨnu	ɨnu	ɨ n u	577	0	- ɨ n u		None
3798	here	Mastanawa	dɨdu	dɨdu	d ɨ d u	577	0	d ɨ d u		None
3799	here	Chaninawa	tɨdu	tɨdu	t ɨ d u	577	0	t ɨ d u		None
3800	here	Sharanawa	dɨdu	dɨdu	d ɨ d u	577	0	d ɨ d u		None
3801	here	Amawaka	nɨndu	nɨndu	n ɨ ⁿd u	577	0	n ɨ ⁿd u		None
3802	here	Nawa	dɨdu	dɨdu	d ɨ d u	577	0	d ɨ d u		None
3803	here	Marinawa	dɨndu	dɨndu	d ɨ ⁿd u	577	0	d ɨ ⁿd u		None
3804	here	Yaminawa	dɨdu	dɨdu	d ɨ d u	577	0	d ɨ d u		None
3805	here	Kashinawa_P	nɨnu	nɨnu	n ɨ n u	577	0	n ɨ n u		None
3806	near	Matses	nɨβi	nɨβi	n ɨ β i	792	0	n ɨ β i		None
3807	near	Matis	nɨ	nɨ	n ɨ	792	0	n ɨ		None
3808	near	Marubo	urama	urama	u r a + m a	790	0	u r - - a + m a		None
3809	near	Katukina	rami	rami	r a m i	1579	0	- r a m i		None
3810	near	Katukina	tukema	tuke-ma	t u k e m a	1577	0	t u k e m - - - a		None
3811	near	Shipibo_Konibo	utʃuma	utʃu-ma	u tʃ u + m a	1578	0	u tʃ u + m a		None
3812	near	Kapanawa	utʃuma	utʃuma	u tʃ u + m a	1578	0	u tʃ u + m a		None
3813	near	Kapanawa	pataʂ	pataʂ	p a t a ʂ	800	0	p a t a ʂ		None
3814	near	Arara	tʃaimba	tʃaimba	tʃ a i mb a	796	0	- - tʃ a - i m b a		None
3815	near	Shanenawa	tʃaima	tʃjama	tʃ a j m a	796	0	tʃ a - i m - - - a		None
3816	near	Yawanawa	tʃaima	tʃaima	tʃ a j m a	796	0	tʃ a - i m - - - a		None
3817	near	Iskonawa	ninuhuku	ninuhuku	n i + n u + h u k u	795	0	n i + n u + h u k u		None
3818	near	Chakobo	βasima	βasima	β a s i m a	791	0	β a s i m a		None
3819	near	Chakobo	βika	βika	β i k a	799	0	β i k a		None
3820	near	Kakataibo	urama	urama	u r a m a	790	0	u r a m a		None
3821	near	Kaxarari	utʂama	utʂama	u ʈʂ a m a	1495	0	u ʈʂ a m a		None
3822	near	Mastanawa	ʧajbaʂta	ʧaj baʂta	tʃ a j b a ʂ t a	796	0	tʃ a j - b a ʂ t a		None
3823	near	Chaninawa	t͡ʃajba	t͡ʃajba	tʃ a j b a	796	0	tʃ a j - b - - - a		None
3824	near	Sharanawa	t͡ʃaibaʃta	t͡ʃai baʃta	tʃ a j b a ʃ t a	796	0	tʃ a - i b a ʃ t a		None
3825	near	Amawaka	uɾama	uɾama	u ɾ a m a	790	0	u ɾ a m a		None
3826	near	Nawa	ʧaiba	ʧajba	tʃ a i b a	796	0	tʃ a - i b - - - a		None
3827	near	Marinawa	ʧajbaʂta	ʧaj baʂta	tʃ a j b a ʂ t a	796	0	tʃ a j - b a ʂ t a		None
3828	near	Yaminawa	ʧajba	ʧajba	tʃ a i b a	796	0	tʃ a - i b - - - a		None
3829	near	Kashinawa_P	ʧajma	ʧajma	tʃ a j m a	796	0	tʃ a j - m - - - a		None
3830	near	Kashinawa_B	tʃajma	tʃajma	tʃ a j m a	796	0	tʃ a j - m - - - a		None
3831	far	Matses	u	u	u	349	0	u		None
3832	far	Matis	mɨduk	mɨduk	m ɨ d u k	350	0	m ɨ d u k		None
3833	far	Marubo	ura	ura	u r a	345	0	u r a		None
3834	far	Katukina	tuke	tuke	t u k e	352	0	t u k e		None
3835	far	Shipibo_Konibo	utʃu	utʃu	u tʃ u	343	0	u tʃ u		None
3836	far	Kapanawa	nɨnoma	nɨnoma	n ɨ n o m a	354	0	n ɨ n o m a		None
3837	far	Kapanawa	utʃu	utʃu	u tʃ u	343	0	u tʃ u		None
3838	far	Arara	tʃai	tʃai	tʃ a j	342	0	tʃ a i -		None
3839	far	Shanenawa	tʃai	tʃaj	tʃ a j	342	0	tʃ a i		None
3840	far	Yawanawa	tʃai	tʃai	tʃ a j	342	0	tʃ a i		None
3841	far	Iskonawa	ʧituma	ʧituma	tʃ i t u m a	347	0	tʃ i t u m a		None
3842	far	Chakobo	βasi	βasi	β a s i	356	0	β a s i		None
3843	far	Chakobo	nɨama	nɨama	n ɨ a m a	344	0	n ɨ a m a		None
3844	far	Pakawara	nɨama	nɨama	n ɨ a m a	344	0	n ɨ a m a		None
3845	far	Kakataibo	ura	ura	u r a	345	0	u r a		None
3846	far	Kaxarari	wautʃi	wautʃi	w a u tʃ i	351	0	w a u tʃ i		None
3847	far	Mastanawa	ʧai	ʧaj	tʃ a j	342	0	tʃ a i		None
3848	far	Chaninawa	t͡ʃai	t͡ʃai	tʃ a j	342	0	tʃ a i		None
3849	far	Sharanawa	t͡ʃai	t͡ʃai	tʃ a j	342	0	tʃ a i		None
3850	far	Amawaka	t͡ʃai	t͡ʃai	tʃ a j	342	0	tʃ a i		None
3851	far	Nawa	ʧai	ʧaj	tʃ a j	342	0	tʃ a i		None
3852	far	Marinawa	ʧai	ʧaj	tʃ a j	342	0	tʃ a i		None
3853	far	Yaminawa	ʧai	ʧaj	tʃ a j	342	0	tʃ a i		None
3854	far	Kashinawa_P	ʧai	ʧaj	tʃ a j	342	0	tʃ a i		None
3855	far	Kashinawa_B	tʃai	tʃaj	tʃ a j	353	0	tʃ a i		None
3856	big	Matses	nua	nua	n u a	66	0	n u a		None
3857	big	Matis	noa	noa	n o a	66	0	n o a		None
3858	big	Marubo	ani	ani	a n i	64	0	a n - - i		None
3859	big	Katukina	anipa	ani-pa	a n i p a	64	0	a n i p a		None
3860	big	Shipibo_Konibo	ani	ani	a n i	64	0	a n - - i		None
3861	big	Kapanawa	ani	ani	a n i	64	0	a n - - i		None
3862	big	Arara	iwapa	iwapa	i w a p a	63	0	i w a p a		None
3863	big	Shanenawa	ɨwapa	ɨwapa	ɨ w a p a	63	0	ɨ w a p a		None
3864	big	Yawanawa	iwapa	iwapa	i w a p a	63	0	i w a p a		None
3865	big	Nukini	rɨpa	rɨpa	r ɨ p a	1555	0	r ɨ p a		None
3866	big	Poyanawa	hukumba	hukumba	h u k u m b a	70	0	h u k u m b a		None
3867	big	Iskonawa	mihira	mihira	m i h i r a	73	0	m i h i r a		None
3868	big	Chakobo	tʃaʔita	tʃa?ita	tʃ a ʔ i t a	67	0	tʃ a ʔ i t a		None
3869	big	Kakataibo	tʃa	tʃa	tʃ a	72	0	tʃ a		None
3870	big	Kaxarari	laki	laki	l a k i	71	0	l a k i		None
3871	big	Mastanawa	ɨwapa	ɨwapa	ɨ w a p a	63	0	ɨ w a p a		None
3872	big	Chaninawa	iwapa	iwapa	i w a p a	63	0	i w a p a		None
3873	big	Sharanawa	ɨwapa	ɨwapa	ɨ w a p a	63	0	ɨ w a p a		None
3874	big	Amawaka	tuʔa	tuʔa	t u ʔ a	67	0	t u ʔ a		None
3875	big	Nawa	ɨwapa	ɨwapa	ɨ w a p a	63	0	ɨ w a p a		None
3876	big	Marinawa	ɨwapa	ɨwapa	ɨ w a p a	63	0	ɨ w a p a		None
3877	big	Yaminawa	ɨwapa	ɨwapa	ɨ w a p a	63	0	ɨ w a p a		None
3878	big	Kashinawa_P	ɨwapa	ɨwapa	ɨ w a p a	63	0	ɨ w a p a		None
3879	big	Kashinawa_B	iwapa	iwapa	i w a p a	63	0	i w a p a		None
3880	wide	Matses	nua	nua	n u a	1452	0	n u a		None
3881	wide	Matis	noa	noa	n o a	1452	0	n o a		None
3882	wide	Marubo	ani	ani	a n i	1451	0	a n i		None
3883	wide	Shipibo_Konibo	ani	ani	a n i	1451	0	a n i		None
3884	wide	Shipibo_Konibo	naʂβa	naʂβa	n a ʂ β a	1449	0	n a ʂ β a		None
3885	wide	Kapanawa	pɨʂtin	pɨʂtin	p ɨ ʂ t i n	1459	0	p ɨ ʂ t i n		None
3886	wide	Kapanawa	naʂβa	naʂβa	n a ʂ β a	1449	0	n a ʂ β a		None
3887	wide	Iskonawa	nahβa	nahβa	n a h β a	1449	0	n a h β a		None
3888	wide	Chakobo	tʃaʔita	tʃa?ita	tʃ a ʔ i t a	1454	0	tʃ a ʔ i t a		None
3889	wide	Mastanawa	pɨta	pɨta	p ɨ t a	1450	0	p ɨ t a		None
3890	wide	Chaninawa	pɨta	pɨta	p ɨ t a	1450	0	p ɨ t a		None
3891	wide	Sharanawa	aʂɸa	aʂɸa	a ʂ ɸ a	1449	0	- a ʂ ɸ a		None
3892	wide	Amawaka	tuʔa	tuʔa	t u ʔ a	1454	0	t u ʔ a		None
3893	wide	Nawa	ɨwapa	ɨwapa	ɨ w a p a	1453	0	ɨ w a p a		None
3894	wide	Nawa	aʂpa	aʂpa	a ʂ p a	1449	0	- a ʂ p a		None
3895	wide	Marinawa	aʂɸa	aʂɸa	a ʂ ɸ a	1449	0	- a ʂ ɸ a		None
3896	wide	Yaminawa	pɨta	pɨta	p ɨ t a	1450	0	p ɨ t a		None
3897	wide	Kashinawa_P	ɨwapa	ɨwapa	ɨ w a p a	1453	0	ɨ w a p a		None
3898	thick	Matses	nua	nua	n u a	1268	0	n u a		None
3899	thick	Matis	noa	noa	n o a	1268	0	n o a		None
3900	thick	Marubo	ani	ani	a n i	1274	0	a n i		None
3901	thick	Shipibo_Konibo	kɨʂtu	kɨʂtu	k ɨ ʂ t u	1266	0	k ɨ ʂ t u		None
3902	thick	Kapanawa	kɨʂtu	kɨʂtu	k ɨ ʂ t u	1266	0	k ɨ ʂ t u		None
3903	thick	Arara	iwapa ʃandi	iwapa ʃandi	i w a p a + ʃ a ⁿd i	1276	0	i w a p a # ʃ a n d i		None
3904	thick	Shanenawa	kɨʂtu	kɨʂtu	k ɨ ʂ t u	1266	0	k ɨ ʂ t u		None
3905	thick	Yawanawa	ɨwapa	ɨwapa	ɨ w a p a	1267	0	ɨ w a p - - - - a		None
3906	thick	Poyanawa	hukumba	hukumba	h u k u m b a	1273	0	h u k u m b a		None
3907	thick	Chakobo	uti	uti	u t i	1260	0	u t i		None
3908	thick	Kakataibo	kɨʃto	kɨʃto	k ɨ ʃ t o	1266	0	k ɨ ʃ t o		None
3909	thick	Kaxarari	lakĩ	lakĩ	l a k ĩ	1275	0	l a k ĩ		None
3910	thick	Mastanawa	ɨwapa	ɨwapa	ɨ w a p a	1267	0	ɨ w a p - - - - a		None
3911	thick	Chaninawa	iwapa	iwapa	i w a p a	1267	0	i w a p - - - - a		None
3912	thick	Sharanawa	kɨʂtu	kɨʂtu	k ɨ ʂ t u	1266	0	k ɨ ʂ t u		None
3913	thick	Amawaka	kɨçtu	kɨçtu	k ɨ ç t u	1266	0	k ɨ ç t u		None
3914	thick	Nawa	kɨʂtu	kɨʂtu	k ɨ ʂ t u	1266	0	k ɨ ʂ t u		None
3915	thick	Marinawa	kɨʂtu	kɨʂtu	k ɨ ʂ t u	1266	0	k ɨ ʂ t u		None
3916	thick	Yaminawa	ɨwapa	ɨwapa	ɨ w a p a	1267	0	ɨ w a p - - - - a		None
3917	thick	Kashinawa_P	kɨʂtu	kɨʂtu	k ɨ ʂ t u	1266	0	k ɨ ʂ t u		None
3918	thick	Kashinawa_B	iwapaʂani	iwapaʂani	i w a p a ʂ a n i	1267	0	i w a p a ʂ a n i		None
3919	small	Matses	pistsɨk	pistsɨk	p i s + ts ɨ k	1075	0	- - - - - p i s + ts ɨ k - -		None
3920	small	Matis	papitsɨk	papitsɨk	p a p i + ts ɨ k	1060	0	p a p i + ts ɨ k		None
3921	small	Marubo	iʃtuʃta	iʃtuʃta	i ʃ t u ʃ + t a	1077	0	i ʃ t u ʃ + t a		None
3922	small	Marubo	anima	anima	a n i + m a	1066	0	- a n i + m a -		None
3923	small	Katukina	pixtxa	pixtxa	p i x/ʂ ʈʂ a	1075	0	- - - - - p i x/ʂ - - - - ʈʂ a		None
3924	small	Shipibo_Konibo	maʂku	maʂku	m a ʂ + k u	1082	0	m a ʂ + k u		None
3925	small	Kapanawa	piʃka	piʃka	p i ʃ k a	1075	0	- - - - - p i ʃ k a - - - -		None
3926	small	Kapanawa	hanima	hanima	h a n i + m a	1066	0	h a n i + m a -		None
3927	small	Arara	iwapamba	iwapamba	i w a p a m b a	1076	0	i w a p a m b - - - a		None
3928	small	Shanenawa	ɨwapama	ɨwapama	ɨ w a p a m a	1076	0	ɨ w - - a p a - m a		None
3929	small	Yawanawa	iwapama	iwapama	i w a p a m a	1076	0	i w - - a p a - m a		None
3930	small	Nukini	piʃta	piʃta	p i ʃ t a	1075	0	- - - - - p i ʃ t a - - - -		None
3931	small	Chakobo	miʃni	miʃni	m i ʃ n i	1079	0	m i ʃ n i		None
3932	small	Chakobo	pista	pistia	p i s t a	1075	0	- - - - - p i s t a - - - -		None
3933	small	Pakawara	miʃni	miʃni	m i ʃ n i	1079	0	m i ʃ n i		None
3934	small	Kakataibo	tʃukuma	tʃukuma	tʃ u k u m a	1059	0	tʃ u k u m a		None
3935	small	Kaxarari	lakima	lakima	l a k i m a	1061	0	l a k i m a		None
3936	small	Mastanawa	ʧuʧuʂta	ʧuʧuʂta	tʃ u tʃ u ʂ t a	1078	0	tʃ u tʃ u ʂ t a		None
3937	small	Chaninawa	t͡ʃut͡ʃuʃta	t͡ʃut͡ʃuʃta	tʃ u tʃ u ʃ t a	1078	0	tʃ u tʃ u ʃ t a		None
3938	small	Sharanawa	ɨwapaba	ɨwapaba	ɨ w a p a b a	1076	0	ɨ w a p a b - - - a		None
3939	small	Amawaka	piʃta	piʃta	p i ʃ t a	1075	0	- - - - - p i ʃ t a - - - -		None
3940	small	Nawa	ɨwapabaʃta	ɨwapabaʃta	ɨ w a p a b a ʃ t a	1076	0	ɨ w a p a b a ʃ t a		None
3941	small	Marinawa	ɨwapa baʂta	ɨwapa baʂta	ɨ w a p a b a ʂ t a	1081	0	ɨ w a p a b a ʂ t a		None
3942	small	Yaminawa	piʃta	piʃta	p i ʃ t a	1075	0	- - - - - p i ʃ t a - - - -		None
3943	small	Kashinawa_P	pɨʃi	pɨʃi	p ɨ ʃ i	1075	0	- - - - - p ɨ ʃ - i - - - -		None
3944	small	Kashinawa_B	ɨpamapiʂta	ɨpamapiʂta	ɨ p a m a p i ʂ t a	1075	0	ɨ p a m a p i ʂ t a - - - -		None
3945	thin	Matses	kasi	kasi	k a s i	1279	0	k a s i		None
3946	thin	Matis	kasi	kasi	k a s i	1279	0	k a s i		None
3947	thin	Marubo	iʃtuʃta	iʃtuʃta	i ʃ t u ʃ t a	1277	0	i ʃ t u ʃ t a		None
3948	thin	Marubo	anima	anima	a n i + m a	1284	0	a n i + m a		None
3949	thin	Katukina	txuu	txuu	tx/ʈʂ uː	1292	0	t x uː		None
3950	thin	Shipibo_Konibo	wiriʃ	wiriʃ	w i r i ʃ	1278	0	w i r i ʃ		None
3951	thin	Kapanawa	paʂβi	paʂβi	p a ʂ β i	1290	0	p a ʂ β i		None
3952	thin	Kapanawa	wiriʃ	wiriʃ	w i r i ʃ	1278	0	w i r i ʃ		None
3953	thin	Arara	βɨʃna	βɨʃna	β ɨ ʃ n a	1280	0	β ɨ ʃ n a		None
3954	thin	Shanenawa	maina	maina	m a j n a	1283	0	m a i n a		None
3955	thin	Yawanawa	maina	maina	m a j n a	1283	0	m a i n a		None
3956	thin	Nukini	pahna	pahna	p a h n a	1288	0	p a h n a		None
3957	thin	Poyanawa	imbata	imbata	i m b a t a	1285	0	i - m b a t a		None
3958	thin	Iskonawa	imata	imata	i m a t a	1285	0	i - - m a t a		None
3959	thin	Chakobo	siwiki	siwiki	s i w i k i	1294	0	s i w i k i		None
3960	thin	Chakobo	βɨʂpa	βɨʂpa	β ɨ ʂ p a	1286	0	β ɨ ʂ p a		None
3961	thin	Kakataibo	βɨntsin	βɨntsin	β ɨ n ts i n	1516	0	β ɨ n ts i n		None
3962	thin	Kaxarari	lakima	lakima	l a k i m a	1524	0	l a k i m a		None
3963	thin	Mastanawa	iɾabada	iɾabada	i ɾ a b a d a	1285	0	i ɾ a b a d a		None
3964	thin	Chaninawa	ʂauʂta	ʂauʂta	ʂ a u ʂ t a	1619	0	ʂ a u ʂ t a		None
3965	thin	Sharanawa	ʂauʂta	ʂauʂta	ʂ a u ʂ t a	1619	0	ʂ a u ʂ t a		None
3966	thin	Amawaka	wɨçna	wɨçna	w ɨ ç n a	1280	0	w ɨ ç n a		None
3967	thin	Nawa	kawaʃaɾa	kawaʃaɾa	k a w a ʃ a ɾ a	1289	0	k a w a ʃ a ɾ a		None
3968	thin	Marinawa	ʂauʂta	ʂauʂta	ʂ a u ʂ t a	1619	0	ʂ a u ʂ t a		None
3969	thin	Marinawa	ɸuʂnaʂta	ɸuʂnaʂta	ɸ ɨ ʂ n a ʂ t a	1502	0	ɸ ɨ ʂ n a ʂ t a		None
3970	thin	Yaminawa	iɾabada	iɾabada	i ɾ a b a d a	1285	0	i ɾ a b a d a		None
3971	thin	Kashinawa_P	mɨsi	mɨsi	m ɨ s i	1508	0	m ɨ s i		None
3972	thin	Kashinawa_B	mɨsipiʂta	mɨsipiʂta	m ɨ s i p i ʂ t a	1508	0	m ɨ s i p i ʂ t a		None
3973	narrow	Matses	ania	ania	a n i a	781	0	a n i a		None
3974	narrow	Matis	papitsɨk	papitsɨk	p a p i + ts ɨ k	780	0	p a p i + ts ɨ k		None
3975	narrow	Marubo	iʃtuʃta	iʃtuʃta	i ʃ t u ʃ + t a	1539	0	i ʃ t u ʃ + t a		None
3976	narrow	Shipibo_Konibo	hɨstɨ	hɨstɨ	h ɨ s t ɨ	782	0	h ɨ s t ɨ		None
3977	narrow	Kapanawa	kuntsu	kuntsu	k u n ts u	777	0	k u n ts u		None
3978	narrow	Kapanawa	naʂβama	naʂβama	n a ʂ β a + m a	785	0	n a ʂ β a + m a		None
3979	narrow	Arara	pasĩ	pasĩ	p a s ĩ	1574	0	p a s ĩ		None
3980	narrow	Shanenawa	siku	siku	s i k u	1571	0	s i k u		None
3981	narrow	Yawanawa	iɨrɨika	iɨrɨika	i ɨ r ɨ j k a	784	0	i ɨ r ɨ i k a		None
3982	narrow	Poyanawa	iruiʃta	iruiʃta	i r u i ʃ t a	1573	0	i r u i ʃ t a		None
3983	narrow	Chakobo	yamaria	yamaria	j a m a r i a	789	0	j a m a r i a		None
3984	narrow	Kakataibo	antsukus	antsukus	a n ts u k u s	92	0	a n ts u k u s		None
3985	narrow	Kaxarari	inikɨma	inikɨma	i n i k ɨ m a	779	0	i n i k ɨ m a		None
3986	narrow	Mastanawa	ʧuʧuʂta	ʧuʧuʂta	tʃ u tʃ u ʂ t a	775	0	tʃ u tʃ u ʂ t a		None
3987	narrow	Chaninawa	at͡suʂta	at͡suʂta	a ts u ʂ t a	1570	0	- a ts u ʂ t a		None
3988	narrow	Sharanawa	at͡suʂta	at͡suʂta	a ts u ʂ t a	1570	0	- a ts u ʂ t a		None
3989	narrow	Amawaka	piʃta	piʃta	p i ʃ t a	1567	0	p i ʃ t a		None
3990	narrow	Nawa	aʦuʃta	aʦuʃta	a ts u ʃ t a	1570	0	- a ts u ʃ t a		None
3991	narrow	Marinawa	atsuʂta	atsuʂta	a ts u ʂ t a	1570	0	- a ts u ʂ t a		None
3992	narrow	Yaminawa	kɨtsu	kɨtsu	k ɨ ts u	1572	0	k ɨ - ts u		None
3993	narrow	Kashinawa_P	haʂu	haʂu	h a ʂ u	776	0	h a ʂ u		None
3994	narrow	Kashinawa_B	mɨsi	mɨsi	m ɨ s i	1575	0	m ɨ s i		None
3995	long	Matses	ɨnapen	ɨnapen	ɨ n a p e n	720	0	ɨ n a p e n		None
3996	long	Matis	ʂunu	ʂunu	ʂ u n u	719	0	ʂ u n u		None
3997	long	Marubo	kɨja	kɨja	k ɨ j a	718	0	k ɨ j a		None
3998	long	Shipibo_Konibo	nɨnkɨ	nɨnkɨ	n ɨ n k ɨ	713	0	n ɨ n k ɨ		None
3999	long	Kapanawa	nɨnkɨ	nɨnkɨ	n ɨ n k ɨ	713	0	n ɨ n k ɨ		None
4000	long	Kapanawa	tʃai	tʃai	tʃ a j	681	0	tʃ a j - - - - -		None
4001	long	Arara	tʃajnipa	tʃajnipa	tʃ a j n i p a	681	0	tʃ a j n i p a -		None
4002	long	Yawanawa	ɨwapa	ɨwapa	ɨ w a p a	711	0	ɨ w a p a		None
4003	long	Nukini	ʃai	ʃai	ʃ a j	681	0	ʃ a j - - - - -		None
4004	long	Poyanawa	hukumba	hukumba	h u k u m b a	721	0	h u k u m b a		None
4005	long	Iskonawa	ʧainɨwan	ʧainɨwan	tʃ a j n ɨ w a n	681	0	tʃ a j n ɨ w a n		None
4006	long	Chakobo	tɨtɨka	tɨtɨka	t ɨ t ɨ k a	722	0	t ɨ t ɨ k a		None
4007	long	Kakataibo	tʃaʂkɨ	tʃaʂkɨ	tʃ a ʂ k ɨ	1540	0	tʃ a ʂ k ɨ		None
4008	long	Kaxarari	pala	pala	p a l a	717	0	p a l a		None
4009	long	Mastanawa	ʧai	ʧaj	tʃ a j	681	0	tʃ a j - - - - -		None
4010	long	Chaninawa	t͡ʃai	t͡ʃaj	tʃ a j	681	0	tʃ a j - - - - -		None
4011	long	Sharanawa	t͡ʃai	t͡ʃai	tʃ a j	681	0	tʃ a j - - - - -		None
4012	long	Amawaka	t͡ʃai	t͡ʃai	tʃ a j	681	0	tʃ a j - - - - -		None
4013	long	Nawa	ʧai	ʧaj	tʃ a j	681	0	tʃ a j - - - - -		None
4014	long	Marinawa	ʧaidipa	ʧajdipa	tʃ a j d i p a	681	0	tʃ a j d i p a -		None
4015	long	Yaminawa	ʧajdipa	ʧajdipa	tʃ a j d i p a	681	0	tʃ a j d i p a -		None
4016	long	Kashinawa_P	ʧaipa	ʧajpa	tʃ a j p a	681	0	tʃ a j p a - - -		None
4017	long	Kashinawa_B	iwapa	iwapa	i w a p a	711	0	i w a p a		None
4018	short	Matses	βuʂku	βuʂku	β u ʂ k u	1594	0	β u ʂ k u		None
4019	short	Matis	tuku	tuku	t u k u	1593	0	t u k u -		None
4020	short	Marubo	tukuʂta	tukuʂta	t u k u + ʂ t a	1542	0	t u k u ʂ + t a		None
4021	short	Shipibo_Konibo	maʂku	maʂku	m a ʂ k u	1028	0	m a ʂ k u		None
4022	short	Kapanawa	kɨyatama	kɨyatama	k ɨ j a t a + m a	1041	0	k ɨ j a t a + m a		None
4023	short	Kapanawa	maʂku	maʂku	m a ʂ k u	1028	0	m a ʂ k u		None
4024	short	Arara	hutu	hutu	h u t u	1591	0	h u - t u		None
4025	short	Shanenawa	ɸuti	ɸuti	ɸ u t i	1023	0	ɸ u - t i		None
4026	short	Yawanawa	hutu	hutu	h u t u	1023	0	h u - t u		None
4027	short	Nukini	βũtu	βũtu	β ũ t u	1023	0	β ũ - t u		None
4028	short	Poyanawa	naman	naman	n a m a n	1026	0	n a m a n -		None
4029	short	Iskonawa	βustu	βustu	β u s t u	1023	0	β u s t u		None
4030	short	Chakobo	namanu	namanu	n a m a n u	1026	0	n a m a n u		None
4031	short	Kakataibo	mɨtu	mɨtu	m ɨ t u	1040	0	m ɨ - t u		None
4032	short	Kaxarari	tɨtɨkama	tɨtɨkama	t ɨ t ɨ k a m a	1029	0	t ɨ t ɨ k a m a		None
4033	short	Mastanawa	ɨʂtɨiʃta	ɨʂtɨiʃta	ɨ ʂ t ɨ i ʃ t a	1024	0	ɨ ʂ t ɨ i ʃ t a		None
4034	short	Chaninawa	ʂatɨ	ʂatɨ	ʂ a t ɨ	1027	0	ʂ a t ɨ		None
4035	short	Sharanawa	ʂatɨ	ʂatɨ	ʂ a t ɨ	1027	0	ʂ a t ɨ		None
4036	short	Amawaka	tuɾu	tuɾu	t u ɾ u	1541	0	t u ɾ u		None
4037	short	Nawa	kɨjabaʃta	kɨjabaʃta	k ɨ j a b a ʃ t a	1031	0	k ɨ j a b a ʃ t a		None
4038	short	Marinawa	ɨʂtɨiʃta	ɨʂtɨiʃta	ɨ ʂ t ɨ i ʃ t a	1024	0	ɨ ʂ t ɨ i ʃ t a		None
4039	short	Yaminawa	tiʂu piʃta	tiʂu piʃta	t i ʂ u p i ʃ t a	1033	0	t i ʂ u p i ʃ t a		None
4040	short	Yaminawa	ʧajbaʃta	ʧajbaʃta	tʃ a j b a ʃ t a	1036	0	tʃ a j b a ʃ t a		None
4041	short	Kashinawa_P	ʧɨsti	ʧɨsti	tʃ ɨ s t i	1592	0	tʃ ɨ s t - - i		None
4042	short	Kashinawa_B	tʃistɨpi	tʃistɨpi	tʃ i s t ɨ p i	1592	0	tʃ i s t ɨ p i		None
4043	one	Matses	aβentsɨk	aβentsɨk	a + β e n + ts ɨ k	846	0	a + β e n + ts ɨ k		None
4044	one	Matis	epapa	epapa	e p a p a	847	0	e p a p a		None
4045	one	Marubo	wɨstiʃta	wɨstiʃta	w ɨ s t i ʃ t a	850	0	w ɨ s t i ʃ t - a		None
4046	one	Katukina	westi	westi	w e s t i	850	0	w e s t i - - - -		None
4047	one	Katukina	wistxi	wistxi	w i s ʈʂ i	850	0	w i s ʈʂ i - - - -		None
4048	one	Kanamari	wɨste	wɨste	w ɨ s t e	850	0	w ɨ s t e - - - -		None
4049	one	Shipibo_Konibo	wɨstiura	wɨstiura	w ɨ s t i + u r a	850	0	w ɨ s t i + u r a		None
4050	one	Kapanawa	wɨsti	wɨsti	w ɨ s t i	850	0	w ɨ s t i - - - -		None
4051	one	Arara	βiʃti	βiʃti	β i ʃ t i	850	0	β i ʃ t i - - - -		None
4052	one	Shanenawa	wistisi	wistisi	w i s t i s i	850	0	w i s t i s i - -		None
4053	one	Yawanawa	wɨsti	wɨsti	w ɨ s t i	850	0	w ɨ s t i - - - -		None
4054	one	Poyanawa	raβukamba	raβukamba	r a β u k a m b a	845	0	r a β u k a m b a		None
4055	one	Iskonawa	wistɨwan	wistɨwan	w i s t ɨ w a n	850	0	w i s t ɨ w a n -		None
4056	one	Chakobo	wɨstita	wɨsti-ta	w ɨ s t i t a	850	0	w ɨ s t i t a - -		None
4057	one	Pakawara	wistiʃna	wistiʃna	w i s t i ʃ n a	850	0	w i s t i ʃ n - a		None
4058	one	Kakataibo	atʃuʃi	atʃuʃi	a tʃ u ʃ i	848	0	a tʃ u ʃ i		None
4059	one	Kaxarari	wɨspi	wɨspi	w ɨ s p i	850	0	w ɨ s p i - - - -		None
4060	one	Mastanawa	ɸɨsti	ɸɨsti	ɸ ɨ s t i	850	0	ɸ ɨ s t i - - - -		None
4061	one	Chaninawa	ɸɨsti	ɸɨsti	ɸ ɨ s t i	850	0	ɸ ɨ s t i - - - -		None
4062	one	Sharanawa	ɸɨsti	ɸɨsti	ɸ ɨ s t i	850	0	ɸ ɨ s t i - - - -		None
4063	one	Amawaka	ti	ti	t i	850	0	- - - t i - - - -		None
4064	one	Nawa	ɸɨsti	ɸɨsti	ɸ ɨ s t i	850	0	ɸ ɨ s t i - - - -		None
4065	one	Marinawa	ɸɨsti	ɸɨsti	ɸ ɨ s t i	850	0	ɸ ɨ s t i - - - -		None
4066	one	Yaminawa	ɸisti	ɸisti	ɸ i s t i	850	0	ɸ i s t i - - - -		None
4067	one	Kashinawa_P	βɨstiʧa	βɨstiʧa	β ɨ s t i tʃ a	850	0	β ɨ s t i tʃ a - -		None
4068	one	Kashinawa_B	βɨʂtitʃa	βɨʂtitʃa	β ɨ ʂ t i tʃ a	850	0	β ɨ ʂ t i tʃ a - -		None
4069	two	Matses	daɨd	daɨd	d a ɨ d	1358	0	- - d a - ɨ d -		None
4070	two	Matis	daβɨdpa	daβɨdpa	d a β ɨ d + p a	1358	0	- - d a β ɨ d - + p a		None
4071	two	Marubo	raβɨβakin	raβɨβakin	r a β ɨ + β a k i n	1358	0	- - r a β ɨ - - + β a k i n		None
4072	two	Katukina	niskaβuiskuin	niska-βuis-kuin	n i s k a β u i s k u i n	1360	0	n i s k a β u i s k u i n		None
4073	two	Kanamari	raβɨ	raβɨ	r a β ɨ	1358	0	- - r a β ɨ - -		None
4074	two	Shipibo_Konibo	raβɨ	raβɨ	r a β ɨ	1358	0	- - r a β ɨ - -		None
4075	two	Kapanawa	raβɨ	raβɨ	r a β ɨ	1358	0	- - r a β ɨ - -		None
4076	two	Arara	ravɨnɨ	ravɨnɨ	r a v ɨ n ɨ	1358	0	- - r a v - - - - ɨ n - ɨ		None
4077	two	Shanenawa	raɸu	raɸu	r a ɸ u	1358	0	- - r a ɸ u - -		None
4078	two	Yawanawa	raβɨ	raβɨ	r a β ɨ	1358	0	- - r a β ɨ - -		None
4079	two	Poyanawa	raβɨ	raβɨ	r a β ɨ	1358	0	- - r a β ɨ - -		None
4080	two	Iskonawa	naɾaβɨ	naɾaβɨ	n a ɾ a β ɨ	1358	0	n a ɾ a β ɨ - -		None
4081	two	Chakobo	rabɨta	rabɨta	r a b ɨ t a	1358	0	r a b ɨ t a		None
4082	two	Pakawara	rawɨ	rawɨ	r a w ɨ	1358	0	- - r a w ɨ - -		None
4083	two	Kakataibo	raβɨ	raβɨ	r a β ɨ	1358	0	- - r a β ɨ - -		None
4084	two	Kaxarari	tʃawɨta	tʃawɨta	tʃ a w ɨ t a	1358	0	- - tʃ a w ɨ t a		None
4085	two	Mastanawa	ɾahɨ	ɾahɨ	ɾ a h ɨ	1358	0	- - ɾ a h ɨ - -		None
4086	two	Chaninawa	ɾaɸɨ	ɾaɸɨ	ɾ a ɸ ɨ	1358	0	- - ɾ a ɸ ɨ - -		None
4087	two	Sharanawa	ɾaɸɨ	ɾaɸɨ	ɾ a ɸ ɨ	1358	0	- - ɾ a ɸ ɨ - -		None
4088	two	Amawaka	ɾawɨ	ɾawɨ	ɾ a w ɨ	1358	0	- - ɾ a w ɨ - -		None
4089	two	Nawa	ɾaɸɨ	ɾaɸɨ	ɾ a ɸ ɨ	1358	0	- - ɾ a ɸ ɨ - -		None
4090	two	Marinawa	ɾaɸɨ	ɾaɸɨ	ɾ a ɸ ɨ	1358	0	- - ɾ a ɸ ɨ - -		None
4091	two	Yaminawa	ɾawɨ	ɾawɨ	ɾ a w ɨ	1358	0	- - ɾ a w ɨ - -		None
4092	two	Yaminawa	lawɨ	lawɨ	l a w ɨ	1358	0	- - l a w ɨ - -		None
4093	two	Kashinawa_P	dawɨ	dawɨ	d a w ɨ	1358	0	- - d a w ɨ - -		None
4094	two	Kashinawa_B	daβɨ	daβɨ	d a β ɨ	1358	0	- - d a β ɨ - -		None
4095	many	Matses	dadpen	dadpen	d a d p e n	729	0	d a d p e n		None
4096	many	Matis	dadempa	dadempa	d a d e m p a	729	0	d a d e m p a		None
4097	many	Marubo	antsa	antsa	a n ts a	715	0	a n ts a		None
4098	many	Katukina	uti	uti	u t i	725	0	- u t i		None
4099	many	Shipibo_Konibo	itʃa	itʃa	i tʃ a	735	0	i tʃ a - -		None
4100	many	Kapanawa	aʃua	aʃua	a ʃ w a	738	0	a ʃ u a		None
4101	many	Kapanawa	itʃa	itʃa	i tʃ a	735	0	i tʃ a - -		None
4102	many	Arara	itʃapa	itʃapa	i tʃ a p a	735	0	i tʃ a p a		None
4103	many	Shanenawa	itʃa	itʃa	i tʃ a	735	0	i tʃ a - -		None
4104	many	Yawanawa	itʃa	itʃa	i tʃ a	735	0	i tʃ a - -		None
4105	many	Poyanawa	rumba	rumba	r u m b a	742	0	r u m b a		None
4106	many	Iskonawa	hɨtʃuma	hɨtʃuma	h ɨ tʃ u m a	710	0	h ɨ tʃ u m a		None
4107	many	Chakobo	wɨstima	wɨstima	w ɨ s t i m a	693	0	w ɨ s t i m a		None
4108	many	Pakawara	kütʃa	kütʃa	k y tʃ a	723	0	k y tʃ a		None
4109	many	Kakataibo	itsa	itsa	i ts a	735	0	i ts a - -		None
4110	many	Kaxarari	naki	naki	n a k i	739	0	n a k i		None
4111	many	Mastanawa	iʧapa	iʧapa	i tʃ a p a	735	0	i tʃ a p a		None
4112	many	Chaninawa	it͡ʃapa	it͡ʃapa	i tʃ a p a	735	0	i tʃ a p a		None
4113	many	Sharanawa	it͡ʃapa	it͡ʃapa	i tʃ a p a	735	0	i tʃ a p a		None
4114	many	Amawaka	it͡ʃa	it͡ʃa	i tʃ a	735	0	i tʃ a - -		None
4115	many	Nawa	iʧapa	iʧapa	i tʃ a p a	735	0	i tʃ a p a		None
4116	many	Marinawa	iʧapa	iʧapa	i tʃ a p a	735	0	i tʃ a p a		None
4117	many	Yaminawa	iʧapa	iʧapa	i tʃ a p a	735	0	i tʃ a p a		None
4118	many	Kashinawa_P	iʧapa	iʧapa	i tʃ a p a	735	0	i tʃ a p a		None
4119	few	Matses	daɨdpaktsɨk	daɨdpaktsɨk	d a ɨ d + p a k + ts ɨ k	388	0	d a - ɨ d + p a k + ts ɨ k		None
4120	few	Matses	tɨma	tɨma	t ɨ m a	384	0	- - t ɨ m a - - - - - - -		None
4121	few	Matis	daβɨdtsɨk	daβɨdtsɨk	d a β ɨ d + ts ɨ k	388	0	d a β ɨ d + ts ɨ k		None
4122	few	Marubo	antsa miʃta	antsa miʃta	a n ts a m i ʃ t a	1559	0	- a n ts - a - m i - ʃ t a		None
4123	few	Katukina	utima	uti-ma	u t i m a	1552	0	- u t i m a - - - - - - -		None
4124	few	Shipibo_Konibo	itʃayama	itʃayama	i tʃ a j a m a	384	0	- i tʃ a j a - m a - - - -		None
4125	few	Shipibo_Konibo	wɨsti	wɨsti	w ɨ s t i	385	0	w ɨ s t i		None
4126	few	Kapanawa	itʃayama	itʃayama	i tʃ a + j a + m a	384	0	- i tʃ a + j - - a + m - a		None
4127	few	Kapanawa	wɨsti	wɨsti	w ɨ s t i	385	0	w ɨ s t i		None
4128	few	Arara	itʃapama	itʃapama	i tʃ a p a m a	384	0	- i tʃ a p a - m a - - - -		None
4129	few	Shanenawa	itʃa	itʃa	i tʃ a	384	0	- i tʃ a - - - - - - - - -		None
4130	few	Yawanawa	itʃapama	itʃapama	i tʃ a p a m a	384	0	- i tʃ a p a - m a - - - -		None
4131	few	Nukini	piʃta	piʃta	p i ʃ t a	384	0	- - - - p i - - - - ʃ t a		None
4132	few	Poyanawa	βakiru	βakiru	β a k i r u	390	0	β a k i r u		None
4133	few	Iskonawa	haranahaku	haranahaku	h a r a n a h a k u	386	0	h a r a n a h a k u		None
4134	few	Chakobo	itʃarama	itʃara-ma	i tʃ a r a m a	384	0	- i tʃ a r a - m a - - - -		None
4135	few	Kakataibo	tɨʂɨ	tɨʂɨ	t ɨ ʂ ɨ	387	0	t ɨ ʂ ɨ		None
4136	few	Kaxarari	lakima	lakima	l a k i m a	1548	0	- l - a k i - m a - - - -		None
4137	few	Mastanawa	iʧapaʂta	iʧapaʂta	i tʃ a p a ʂ t a	384	0	- i tʃ a p a - - - - ʂ t a		None
4138	few	Chaninawa	it͡ʃapaba	it͡ʃapaba	i tʃ a p a b a	384	0	- i tʃ a p a - b a - - - -		None
4139	few	Sharanawa	it͡ʃapaʃta	it͡ʃapaʃta	i tʃ a p a ʃ t a	384	0	- i tʃ a p a - - - - ʃ t a		None
4140	few	Amawaka	ɾawɨ piʃta	ɾawɨ piʃta	ɾ a w ɨ + p i ʃ t a	1543	0	- ɾ - a w ɨ + p i - ʃ t a		None
4141	few	Nawa	iʧapabaʃta	iʧapabaʃta	i tʃ a p a b a ʃ t a	384	0	- i tʃ a p a - b a - ʃ t a		None
4142	few	Marinawa	iʧapabaʂta	iʧapa baʂta	i tʃ a p a b a ʂ t a	384	0	- i tʃ a p a - b a - ʂ t a		None
4143	few	Marinawa	iʧapabaiʃta	iʧapa baiʃta	i tʃ a p a b a i ʃ t a	384	0	- i tʃ a p a - b a i ʃ t a		None
4144	few	Yaminawa	iʧapaba	iʧapaba	i tʃ a p a b a	384	0	- i tʃ a p a - b a - - - -		None
4145	few	Kashinawa_P	iʧapama	iʧapama	i tʃ a p a m a	384	0	- i tʃ a p a - m a - - - -		None
4146	few	Kashinawa_B	mawɨdama	mawɨdama	m a w ɨ d a m a	1545	0	- m - a w ɨ - d a m - - a		None
4147	all	Matses	aβitedi	aβitedi	a + β i + t e + d i	11	0	a + β i + t e + d i		None
4148	all	Matis	atʂɨwɨʂ	atʂɨwɨʂ	a ʈʂ ɨ w ɨ ʂ	12	0	a ʈʂ ɨ w ɨ ʂ		None
4149	all	Marubo	aʂkansɨ	aʂkansɨ	a ʂ k a n s ɨ	3	0	- a ʂ k a - n s ɨ		None
4150	all	Shipibo_Konibo	hatiβi	hatiβi	h a t i + β i	6	0	h a t i + β i -		None
4151	all	Kapanawa	hatiβi	hatiβi	h a t i + β i	6	0	h a t i + β i -		None
4152	all	Arara	βiʃtimba	βiʃtimba	β i ʃ t i + m b a	14	0	β i ʃ t i m b a		None
4153	all	Shanenawa	narama	narama	n a r a + m a	1576	0	n a r a m a		None
4154	all	Iskonawa	hɨtʃuma	hɨtʃuma	h ɨ tʃ u + m a	13	0	h ɨ tʃ u + m a		None
4155	all	Chakobo	hatita	hatita	h a t i t a	6	0	h a t i - t - a		None
4156	all	Chakobo	tɨkɨta	tɨkɨta	t ɨ k ɨ t a	10	0	t ɨ k ɨ t a		None
4157	all	Kakataibo	kamaβi	kamaβi	k a m a + β i	4	0	k a m a β i		None
4158	all	Kaxarari	haʂkana	haʂkana	h a ʂ k a + n a	3	0	h a ʂ k a + n - a		None
4159	all	Mastanawa	iʧapaw	iʧapaw	i tʃ a p a w	2	0	i tʃ a ( p a ) w		None
4160	all	Chaninawa	natiβi	natiβi	n a t i + β i	1	0	n a t i ( + ) β i		None
4161	all	Sharanawa	natiɸi	natiɸi	n a t i + ɸ i	1	0	n a t i ( + ) ɸ i		None
4162	all	Amawaka	it͡ʃa	it͡ʃa	i tʃ a	2	0	i tʃ a ( - - ) -		None
4163	all	Nawa	natiɸi	natiɸi	n a t i + ɸ i	1	0	n a t i ( + ) ɸ i		None
4164	all	Marinawa	natiɸi	natiɸi	n a t i + ɸ i	1	0	n a t i ( + ) ɸ i		None
4165	all	Yaminawa	kɨju	kɨju	k ɨ j u	9	0	k ɨ j u		None
4166	all	Kashinawa_P	dasiβi	dasiβi	d a s i + β i	1	0	d a s i ( + ) β i		None
4167	all	Kashinawa_B	daʂiβi	daʂiβi	d a ʃ i + β i	1	0	d a ʃ i ( + ) β i		None
4168	some	Marubo	unshi	unshi	u n ʃ i	1126	0	u n ʃ i		None
4169	some	Kapanawa	tɨʂɨ	tɨʂɨ	t ɨ ʂ ɨ	1127	0	t ɨ ʂ ɨ		None
4170	some	Chakobo	wɨsti wɨsti	wɨsti wɨsti	w ɨ s t i + w ɨ s t i	1118	0	w ɨ s t i + w ɨ s t i		None
4171	some	Kakataibo	rairi	rairi	r a i r i	1120	0	r a i r i		None
4172	some	Chaninawa	ɸɨt͡sa	ɸɨt͡sa	ɸ ɨ ts a	1598	0	ɸ ɨ ts - a - - - - - -		None
4173	some	Sharanawa	ɸɨt͡sa	ɸɨt͡sa	ɸ ɨ ts a	1598	0	ɸ ɨ ts - a - - - - - -		None
4174	some	Amawaka	haɨwu	haɨwu	h a ɨ w u	1123	0	h a ɨ w u		None
4175	some	Nawa	ɸɨstiʃta	ɸɨstiʃta	ɸ ɨ s t i ʃ t a	1118	0	ɸ ɨ s t i - - - ʃ t a		None
4176	some	Marinawa	ɾatuɾa	ɾatuɾa	ɾ a t u ɾ a	1119	0	ɾ a t u ɾ a		None
4177	some	Yaminawa	ɸɨstiɾasi	ɸɨstiɾasi	ɸ ɨ s t i ɾ a s i	1118	0	ɸ ɨ s t i ɾ - a s - i		None
4178	some	Kashinawa_P	βɨstiβu	βɨstiβu	β ɨ s t i β u	1118	0	β ɨ s t i β - u - - -		None
4179	other	Matses	utsi	utsi	u ts i	852	0	u ts i		None
4180	other	Matis	wɨtsi	wɨtsi	w ɨ + ts i	852	0	w ɨ + - ts i		None
4181	other	Marubo	wɨtsa	wɨtsa	w ɨ ts a	852	0	w ɨ ts a		None
4182	other	Katukina	witsan	witsan	w i ts a n	852	0	w i ts a n		None
4183	other	Shipibo_Konibo	wɨtsa	wɨtsa	w ɨ ts a	852	0	w ɨ ts a		None
4184	other	Kapanawa	wɨtsa	wɨtsa	w ɨ ts a	852	0	w ɨ ts a		None
4185	other	Arara	βɨtsa	βɨtsa	β ɨ ts a	852	0	β ɨ - ts a		None
4186	other	Iskonawa	witsa	witsa	w i ts a	852	0	w i ts a		None
4187	other	Chakobo	wɨsta	wɨsta	w ɨ s t a	852	0	w ɨ s t a		None
4188	other	Kakataibo	βɨtsi	βɨtsi	β ɨ ts i	852	0	β ɨ ts i		None
4189	other	Mastanawa	ɸɨtsa	ɸɨtsa	ɸ ɨ ts a	852	0	ɸ ɨ ts a		None
4190	other	Chaninawa	ɸɨt͡sa	ɸɨt͡sa	ɸ ɨ ts a	852	0	ɸ ɨ ts a		None
4191	other	Sharanawa	ɸɨt͡sa	ɸɨt͡sa	ɸ ɨ ts a	852	0	ɸ ɨ ts a		None
4192	other	Amawaka	wɨt͡sa	wɨt͡sa	w ɨ ts a	852	0	w ɨ ts a		None
4193	other	Nawa	wɨtsa	wɨtsa	w ɨ ts a	852	0	w ɨ ts a		None
4194	other	Marinawa	ɸɨtsa	ɸɨtsa	ɸ ɨ ts a	852	0	ɸ ɨ ts a		None
4195	other	Yaminawa	wɨtsa	wɨtsa	w ɨ ts a	852	0	w ɨ ts a		None
4196	other	Kashinawa_P	βɨtsa	βɨtsa	β ɨ ts a	852	0	β ɨ ts a		None
4197	where [interr.]	Matses	mida	mida	m i d a	1433	0	m i d a		None
4198	where [interr.]	Matis	mida	mida	m i d a	1433	0	m i d a		None
4199	where [interr.]	Marubo	atu	atu	a t u	1436	0	a t u		None
4200	where [interr.]	Katukina	handura	handu-ra	h a n d u r a	1434	0	h a n d u r a		None
4201	where [interr.]	Shipibo_Konibo	hawɨranu	hawɨranu	h a w ɨ + r a n u	1431	0	h a w ɨ + r a n u		None
4202	where [interr.]	Kapanawa	hawɨranu	hawɨranu	h a w ɨ + r a n u	1431	0	h a w ɨ + r a n u		None
4203	where [interr.]	Arara	aunĩ	aunĩ	a u n ĩ	1633	0	- a u n ĩ		None
4204	where [interr.]	Shanenawa	haki	haki	h a k i	1635	0	h a k - - i -		None
4205	where [interr.]	Yawanawa	anu	anu	a n u	1429	0	- a - n u		None
4206	where [interr.]	Iskonawa	uani	uani	u a n i	1614	0	- u - a n i -		None
4207	where [interr.]	Chakobo	hawɨnia	hawɨnia	h a w ɨ n i a	1431	0	h a w ɨ n - i - a		None
4208	where [interr.]	Kakataibo	uinu	uinu	u i n u	1620	0	- u i n u		None
4209	where [interr.]	Kaxarari	haɨnkɨ̃	haɨnkɨ̃	h a ɨ n k ɨ̃	1435	0	h a ɨ n k ɨ̃		None
4210	where [interr.]	Mastanawa	ɸajmɨ	ɸajmɨ	ɸ a j m ɨ	1601	0	ɸ a j m ɨ		None
4211	where [interr.]	Chaninawa	ɾadi	ɾadi	ɾ a d i	1428	0	ɾ a d - - i		None
4212	where [interr.]	Sharanawa	ɾadi	ɾadi	ɾ a d i	1428	0	ɾ a d - - i		None
4213	where [interr.]	Amawaka	ɾaki	ɾaki	ɾ a k i	1428	0	ɾ a k - - i		None
4214	where [interr.]	Nawa	ɾaki	ɾaki	ɾ a k i	1428	0	ɾ a k - - i		None
4215	where [interr.]	Marinawa	ɾandimɨ	ɾandimɨ	ɾ a ⁿd i m ɨ	1428	0	ɾ a ⁿd i m ɨ		None
4216	where [interr.]	Marinawa	ɾadimɨ	ɾadimɨ	ɾ a d i m ɨ	1428	0	ɾ a d i m ɨ		None
4217	where [interr.]	Yaminawa	waʔi	waʔi	w a ʔ i	1432	0	- - w a ʔ i -		None
4218	where [interr.]	Kashinawa_P	hani	hani	h a n i	1634	0	h a - - n i -		None
4219	where [interr.]	Kashinawa_B	hani	hani	h a n i	1634	0	h a - - n i -		None
4220	when [interr.]	Matis	miste kuɨnɨʂta	miste kuɨnɨʂta	m i s t e + kʷ ɨ n ɨ ʂ t a	1424	0	m i s t e + k u ɨ n ɨ ʂ t a		None
4221	when [interr.]	Marubo	awɨtian	awɨtian	a w ɨ + t i a n	1420	0	- a w ɨ + t i a n -		None
4222	when [interr.]	Shipibo_Konibo	hawɨtian	hawɨtian	h a w ɨ + t i a n	1420	0	h a w ɨ + t i a n -		None
4223	when [interr.]	Kapanawa	hawɨtian	hawɨtian	h a w ɨ + t i a n	1420	0	h a w ɨ + t i a n -		None
4224	when [interr.]	Arara	aũtia	aũtia	a ũ t i a	1420	0	- a - ũ - t i a - -		None
4225	when [interr.]	Shanenawa	hatian	hatian	h a t i a n	1420	0	h a - - - t i a n -		None
4226	when [interr.]	Yawanawa	awɨtian	awɨtian	a w ɨ + t i a n	1420	0	- a w ɨ + t i a n -		None
4227	when [interr.]	Nukini	pãnui	pãnui	p ã n u i	1425	0	p ã n u i		None
4228	when [interr.]	Chakobo	hɨninu	hɨninu	h ɨ n i n u	1427	0	h ɨ n i n u		None
4229	when [interr.]	Kakataibo	uisaran	uisaran	u i s a r a n	1423	0	u i s a r a n		None
4230	when [interr.]	Kaxarari	hawɨini	hawɨini	h a w ɨ i n i	1420	0	h a w ɨ - - i - n i		None
4231	when [interr.]	Mastanawa	awɨtia	awɨtja	a w ɨ t i a	1420	0	- a w ɨ - t i a - -		None
4232	when [interr.]	Chaninawa	awɨtian	awɨtian	a w ɨ t i a n	1420	0	- a w ɨ - t i a n -		None
4233	when [interr.]	Sharanawa	awɨtian	awɨtian	a w ɨ t i a n	1420	0	- a w ɨ - t i a n -		None
4234	when [interr.]	Amawaka	kɨt͡satian	kɨt͡satian	k ɨ ts a t i a n	1340	0	k ɨ ts a t i a n		None
4235	when [interr.]	Nawa	awɨtjan	awɨtjan	a w ɨ t j a n	1420	0	- a w ɨ - t j a n -		None
4236	when [interr.]	Marinawa	awɨtiamɨ	awɨtjamɨ	a w ɨ t i a m ɨ	1420	0	- a w ɨ - t i a m ɨ		None
4237	when [interr.]	Yaminawa	awɨtian	awɨtjan	a w ɨ + t i a n	1420	0	- a w ɨ + t i a n -		None
4238	when [interr.]	Kashinawa_P	hatia	hatja	h a t i a	1420	0	h a - - - t i a - -		None
4239	when [interr.]	Kashinawa_B	hatiamɨ	hatiamɨ	h a t i a m ɨ	1420	0	h a - - - t i a m ɨ		None
4240	how [interr.]	Matses	midapad	midapad	m i d a + p a d	606	0	m i d a + p a d		None
4241	how [interr.]	Matis	mitsipadentsi	mitsipadentsi	m i ts i + p a d e n ts i	1638	0	m i ts i + p a d e n ts i		None
4242	how [interr.]	Marubo	awɨ	awɨ	a w ɨ	610	0	- a w ɨ - - - - - - - - -		None
4243	how [interr.]	Shipibo_Konibo	hawɨkɨska	hawɨkɨska	h a w ɨ + k ɨ s k a	610	0	h a w ɨ + k ɨ s k a - - -		None
4244	how [interr.]	Kapanawa	hɨnkɨtsa	hɨnkɨtsa	h ɨ n k ɨ + ts a	611	0	h ɨ n k ɨ + ts a		None
4245	how [interr.]	Shanenawa	haska	haska	h a s k a	610	0	h a - - - - - s k a - - -		None
4246	how [interr.]	Yawanawa	awɨsa	auɨsa	a w ɨ s a	610	0	- a w ɨ - - - s - a - - -		None
4247	how [interr.]	Poyanawa	auarra	auarra	a w a r a	613	0	- - - a w a r a		None
4248	how [interr.]	Iskonawa	ahujakɨsa	ahujakɨsa	a h u j a k ɨ s a	607	0	a h u j a k ɨ s a		None
4249	how [interr.]	Chakobo	hɨnawa	hɨnawa	h ɨ n a w a	613	0	h ɨ n a w a - -		None
4250	how [interr.]	Kakataibo	uisao	uisao	u i s a o	1636	0	- - u i - - - s - a o - -		None
4251	how [interr.]	Mastanawa	awɨska	awɨskaj	a w ɨ s k a	610	0	- a w ɨ - - - s k a - - -		None
4252	how [interr.]	Chaninawa	awɨska	awɨska	a w ɨ s k a	610	0	- a w ɨ - - - s k a - - -		None
4253	how [interr.]	Sharanawa	awɨska	awɨska	a w ɨ s k a	610	0	- a w ɨ - - - s k a - - -		None
4254	how [interr.]	Amawaka	kɨsa	kɨsa	k ɨ s a	544	0	k ɨ s - a		None
4255	how [interr.]	Nawa	awɨska	awɨska	a w ɨ s k a	610	0	- a w ɨ - - - s k a - - -		None
4256	how [interr.]	Marinawa	awɨskamɨ	awɨskamɨ	a w ɨ s k a m ɨ	610	0	- a w ɨ - - - s k a m - ɨ		None
4257	how [interr.]	Marinawa	awɨskaki	awɨskaki	a w ɨ s k a k i	610	0	- a w ɨ - - - s k a - k i		None
4258	how [interr.]	Yaminawa	awɨkaʂu	awɨkaʂu	a w ɨ k a ʂ u	610	0	- a w ɨ - k a ʂ - u - - -		None
4259	how [interr.]	Kashinawa_P	haska	haska	h a s k a	610	0	h a - - - - - s k a - - -		None
4260	throw	Kakataibo	puta	puta	p u t a	1314	0	p u t a		None
4261	walk	Kakataibo	ka	ka	k a	1368	0	k a		None
4262	kill	Kakataibo	ati	ati	a + t i	639	0	a + t i		None
4263	woman	Matses	ʂanu	ʂanu	ʂ a n u	1496	0	ʂ a n u		None
4264	water	Kakataibo	baka	baka	β a k a	1391	0	β a k a		None
4265	day [daytime]	Mastanawa	pɨda ʂaɸa	pɨda ʂaɸa	p ɨ d a + ʂ a ɸ a	210	0	p ɨ d a + ʂ a ɸ a		None
