ID,Local_ID,Language_ID,Parameter_ID,Value,Form,Segments,Comment,Source,Cognacy,Loan,Graphemes,Profile,Partial_Cognacy,Alignment,Morphemes,Note
Matses-3_animal-1,,Matses,3_animal,nɨiʃ,nɨiʃ,n ɨ i ʃ,,fleck2005,20,,,,1543,n ɨ i ʃ,delicious,
Matis-3_animal-1,,Matis,3_animal,nɨiʃ,nɨiʃ,n ɨ i ʃ,,fleck2005,20,,,,1543,n ɨ i ʃ,delicious,
Marubo-3_animal-1,,Marubo,3_animal,juini,juini,j u + i n i,,fleck2005,24,,,,1544 1545,j u ( + - ) i n i ( - - ),_thing domesticated,
Shipibo_Konibo-3_animal-1,,Shipibo_Konibo,3_animal,yuina,yuina,j u + i n a,,fleck2005,24,,,,1544 1545,j u ( + - ) i n a ( - - ),_thing domesticated,
Kapanawa-3_animal-1,,Kapanawa,3_animal,yuina,yuina,j u + i n a,,loos1998,24,,,,1544 1545,j u ( + - ) i n a ( - - ),_thing domesticated,
Arara-3_animal-1,,Arara,3_animal,diwʃĩ,diuʃĩ,d i + u ʃ ĩ,,cunha1993,15,,,,1546,d i w ʃ ĩ,forest devil,
Shanenawa-3_animal-1,,Shanenawa,3_animal,juina,juina,j u + i n a,,lanes2005,24,,,,1544 1545,j u ( + - ) i n a ( - - ),_thing domesticated,
Yawanawa-3_animal-1,,Yawanawa,3_animal,juina,juina,j u + i n a,,paula1992,24,,,,1544 1545,j u ( + - ) i n a ( - - ),thing domesticated,
Nukini-3_animal-1,,Nukini,3_animal,inũ,inũ,i n ũ,,aguiar2004,21,,,,1545,- i n - - ũ,domesticated,
Poyanawa-3_animal-1,,Poyanawa,3_animal,iũĩda,iũĩda,j ũ + ĩ d a,,paula1992,24,,,,1544 1545,j ũ ( + - ) ĩ d a ( - - ),_thing domesticated,
Iskonawa-3_animal-1,,Iskonawa,3_animal,jujna,jujna,j u + j n a,,zariquiey2017,24,,,,1544 1545,j u ( + - ) j n a ( - - ),_thing domesticated,
Chakobo-3_animal-1,,Chakobo,3_animal,yu?ina,yuʔina,j u + ʔ i n a,,zingg1998,24,,,,1544 1545,j u ( + ʔ ) i n a ( - - ),_thing domesticated,
Kakataibo-3_animal-1,,Kakataibo,3_animal,ɲuina,ɲuina,ɲ u + i n a,,zariquiey2017,24,,,,1544 1545,ɲ u ( + - ) i n a ( - - ),_thing domesticated,
Kaxarari-3_animal-1,,Kaxarari,3_animal,ʂui,ʂui,ʂ u i,,couto2005,17,,,,1547,ʂ u i,grill,
Mastanawa-3_animal-1,,Mastanawa,3_animal,jujna,jujna,j u + j n a,,zariquiey2017,24,,,,1544 1545,j u ( + - ) j n a ( - - ),_thing domesticated,
Chaninawa-3_animal-1,,Chaninawa,3_animal,juida,juida,j u + i d a,,zariquiey2017,24,,,,1544 1545,j u ( + - ) i d a ( - - ),_thing domesticated,
Sharanawa-3_animal-1,,Sharanawa,3_animal,juida,juida,j u + i d a,,zariquiey2017,24,,,,1544 1545,j u ( + - ) i d a ( - - ),_thing domesticated,
Amawaka-3_animal-1,,Amawaka,3_animal,juʔina,juʔina,j u + ʔ i n a,,zariquiey2017,24,,,,1544 1545,j u ( + ʔ ) i n a ( - - ),thing domesticated,
Nawa-3_animal-1,,Nawa,3_animal,di bɨɾaɸɨhjati,di bɨɾa,d i + b ɨ ɾ a,,zariquiey2017,22,,,,22,d i + b ɨ ɾ a,forest find,
Marinawa-3_animal-1,,Marinawa,3_animal,juinda,juinda,j u + i n a,,zariquiey2017,24,,,,1544 1545,j u ( + - ) i n a ( - - ),_thing domesticated,
Yaminawa-3_animal-1,,Yaminawa,3_animal,isu,isu,i s u,,zariquiey2017,19,,,,1548,i s u,monkey.sp,
Kashinawa_P-3_animal-1,,Kashinawa_P,3_animal,jujnaka,jujnaka,j u + i n a k a,,zariquiey2017,24,,,,1544 1545,j u ( + - ) i n a ( k a ),_thing domesticated,
Kashinawa_B-3_animal-1,,Kashinawa_B,3_animal,yuinaka,yuinaka,j u + i n a k a,,camargo1995,24,,,,1544 1545,j u ( + - ) i n a ( k a ),_thing domesticated,
Matses-28_dog-1,,Matses,28_dog,opa,opa,o p a,,fleck2005,164,,,,0,- o p a,dog,
Matis-28_dog-1,,Matis,28_dog,wapa,wapa,w a p a,,fleck2005,164,,,,0,w a p a,dog,
Marubo-28_dog-1,,Marubo,28_dog,wapa,wapa,w a p a,,fleck2005,164,,,,0,w a p a,owl.sp,
Katukina-28_dog-1,,Katukina,28_dog,kaman,kaman,k a m a n,,aguiar1994,261,,,,0,k a m a n,wild_dog,
Shipibo_Konibo-28_dog-1,,Shipibo_Konibo,28_dog,utʃiti,utʃiti,u tʃ i t i,,fleck2005,270,,,,0,u tʃ i t i,dog,
Kapanawa-28_dog-1,,Kapanawa,28_dog,utʃiti,utʃiti,u tʃ i t i,,loos1998,270,,,,0,u tʃ i t i,dog,
Arara-28_dog-1,,Arara,28_dog,kamã,kamã,k a m ã,,cunha1993,261,,,,0,k a m ã -,wild_dog,
Shanenawa-28_dog-1,,Shanenawa,28_dog,kaman,kaman,k a m a n,,lanes2005,261,,,,0,k a m a n,wild_dog,
Yawanawa-28_dog-1,,Yawanawa,28_dog,kaman,kaman,k a m a n,,paula1992,261,,,,0,k a m a n,wild_dog,
Nukini-28_dog-1,,Nukini,28_dog,tapainu,tapainu,t a p a + i n u,,aguiar2004,262,,,,4 11,t a - p a + i n u,house jaguar,
Poyanawa-28_dog-1,,Poyanawa,28_dog,utʃiti,utʃiti,u tʃ i t i,,paula1992,270,,,,0,u tʃ i t i,dog,
Iskonawa-28_dog-1,,Iskonawa,28_dog,piɾu,piɾu,p i ɾ u,,zariquiey2017,269,,,,0,p i ɾ u,*dog,
Chakobo-28_dog-1,,Chakobo,28_dog,inaka,inaka,i n a k a,,zingg1998,268,,,,0,i n a k a,domestic_animal,
Kakataibo-28_dog-1,,Kakataibo,28_dog,kamon,kamon,k a m o n,,zariquiey2017,261,,,,0,k a m o n,wild_dog,
Kaxarari-28_dog-1,,Kaxarari,28_dog,tʃaʂpa,tʃaʂpa,tʃ a ʂ p a,,couto2005,8,,,,0,tʃ a ʂ p a - - - -,?,
Mastanawa-28_dog-1,,Mastanawa,28_dog,paʂda,paʂda,p a ʂ d a,,zariquiey2017,263,,,,0,p a ʂ d a,dog,
Chaninawa-28_dog-1,,Chaninawa,28_dog,kama,kama,k a m a n,,zariquiey2017,261,,,,0,k a m a n,wild_dog,
Sharanawa-28_dog-1,,Sharanawa,28_dog,paʂda,paʂda,p a ʂ d a,,zariquiey2017,263,,,,0,p a ʂ d a,dod,
Amawaka-28_dog-1,,Amawaka,28_dog,indu,indu,i nd u,,zariquiey2017,265,,,,13,i nd u,jaguar,
Nawa-28_dog-1,,Nawa,28_dog,paʂda,paʂda,p a ʂ d a,,zariquiey2017,263,,,,0,p a ʂ d a,dog,
Marinawa-28_dog-1,,Marinawa,28_dog,ka:ma,ka:ma,k aː m a,,zariquiey2017,261,,,,0,k aː m a -,wild_dog,
Yaminawa-28_dog-1,,Yaminawa,28_dog,paʂta,paʂta,p a ʂ d a,,zariquiey2017,263,,,,0,p a ʂ d a,dog,
Kashinawa_P-28_dog-1,,Kashinawa_P,28_dog,kama,kama,k a m a,,zariquiey2017,261,,,,0,k a m a -,wild_dog,
Kashinawa_B-28_dog-1,,Kashinawa_B,28_dog,kamã,kamã,k a m ã,,camargo1995,261,,,,0,k a m ã -,wild_dog,
Matses-10_bird-1,,Matses,10_bird,wiktʂu,wiktʂu,w i k ʈʂ u n,,fleck2005,84,,,,0,w i k ʈʂ u n,?,
Matis-10_bird-1,,Matis,10_bird,tʃididiʃ,tʃididiʃ,tʃ i d i d i ʃ,,fleck2005,85,,,,0,tʃ i d i d i ʃ,?,
Marubo-10_bird-1,,Marubo,10_bird,ʃai,ʃai,ʃ a i,,fleck2005,16,,,,0,ʃ a i,?,
Shipibo_Konibo-10_bird-1,,Shipibo_Konibo,10_bird,isa,isa,i s a,,fleck2005,77,,,,0,- i s a - -,passerine,
Kapanawa-10_bird-1,,Kapanawa,10_bird,isa,isa,i s a,,loos1998,77,,,,0,- i s a - -,passerine,
Arara-10_bird-1,,Arara,10_bird,duĩda,duĩda,d u + i nd a,,cunha1993,78,,,,0,d u + i nd a,thing domesticated,
Shanenawa-10_bird-1,,Shanenawa,10_bird,juina,juina,j u + i n a,,lanes2005,78,,,,0,j u + i n a,thing domesticated,
Yawanawa-10_bird-1,,Yawanawa,10_bird,juina,juina,j u + i n a,,paula1992,78,,,,0,j u + i n a,thing domesticated,
Nukini-10_bird-1,,Nukini,10_bird,pãri,pãri,p ã r i,,aguiar2004,83,,,,0,p ã r i,?,
Poyanawa-10_bird-1,,Poyanawa,10_bird,puya,puya,p ɨ n + j a,,paula1992,76,,,,0,p ɨ n ( + ) j a,arm/wing _prop,
Iskonawa-10_bird-1,,Iskonawa,10_bird,piɾiʃika,piɾiʃika,p i ɾ i ʃ i k a,,zariquiey2017,1557,,,,0,p i ɾ i ʃ i k a,?,
Chakobo-10_bird-1,,Chakobo,10_bird,isaka,isaka,i s a k a,,zingg1998,77,,,,0,- i s a k a,passerine,
Pakawara-10_bird-1,,Pakawara,10_bird,isku,isku,i s k u,,key2000,82,,,,0,i s k u,cacique_bird,
Kakataibo-10_bird-1,,Kakataibo,10_bird,?isa,ʔisa,ʔ i s a,,zariquiey2017,77,,,,0,ʔ i s a - -,passerine,
Kaxarari-10_bird-1,,Kaxarari,10_bird,ʂuipiatu,ʂuipiatu,ʂ u i p i a t u,,couto2005,86,,,,0,ʂ u i p i a t u,?,
Mastanawa-10_bird-1,,Mastanawa,10_bird,pɨja,pɨja,p ɨ n + j a,,zariquiey2017,76,,,,0,p ɨ n ( + ) j a,arm/wing _prop,
Chaninawa-10_bird-1,,Chaninawa,10_bird,pɨija,pɨija,p ɨ n + j a,,zariquiey2017,76,,,,0,p ɨ n ( + ) j a,arm/wing _prop,
Sharanawa-10_bird-1,,Sharanawa,10_bird,pɨija,pɨija,p ɨ n + j a,,zariquiey2017,76,,,,0,p ɨ n ( + ) j a,arm/wing _prop,
Sharanawa-10_bird-2,,Sharanawa,10_bird,t͡sit͡sipiu,t͡sit͡sipiu,ts i ts i p i u,,zariquiey2017,79,,,,0,ts i ts i p i u,?,
Amawaka-10_bird-1,,Amawaka,10_bird,pɨnja,pɨnja,p ɨ n + j a,,zariquiey2017,76,,,,0,p ɨ n ( + ) j a,arm/wing _prop,
Nawa-10_bird-1,,Nawa,10_bird,pɨja,pɨja,p ɨ n + j a,,zariquiey2017,76,,,,0,p ɨ n ( + ) j a,arm/wing _prop,
Marinawa-10_bird-1,,Marinawa,10_bird,pɨ:ja,pɨ:ja,p ɨ n + j a,,zariquiey2017,76,,,,0,p ɨ n ( + ) j a,arm/wing _prop,
Marinawa-10_bird-2,,Marinawa,10_bird,tsi:tsipju,tsi:tsipju,ts i ts i p i u,,zariquiey2017,79,,,,0,ts i ts i p i u,?,
Yaminawa-10_bird-1,,Yaminawa,10_bird,pɨja,pɨja,p ɨ n + j a,,zariquiey2017,76,,,,0,p ɨ n ( + ) j a,arm/wing _prop,
Kashinawa_P-10_bird-1,,Kashinawa_P,10_bird,isa,isa,i s a,,zariquiey2017,77,,,,0,- i s a - -,passerine,
Kashinawa_B-10_bird-1,,Kashinawa_B,10_bird,isa,isa,i s a,,camargo1995,77,,,,0,- i s a - -,passerine,
Matses-130_snake-1,,Matses,130_snake,nisi,nisi,n i s i,,fleck2005,1115,,,,0,n i s i,vine,
Matis-130_snake-1,,Matis,130_snake,dunu,dunu,d u n u,,fleck2005,1110,,,,0,d u n u,snake,
Marubo-130_snake-1,,Marubo,130_snake,runu,runu,r u n u,,fleck2005,1110,,,,0,r u n u,snake,
Katukina-130_snake-1,,Katukina,130_snake,runu,runu,r u n u,,aguiar1994,1110,,,,0,r u n u,snake,
Shipibo_Konibo-130_snake-1,,Shipibo_Konibo,130_snake,runu,runu,r u n u,,fleck2005,1110,,,,0,r u n u,snake,
Kapanawa-130_snake-1,,Kapanawa,130_snake,runu,runu,r u n u,,loos1998,1110,,,,0,r u n u,snake,
Arara-130_snake-1,,Arara,130_snake,rundu,rundu,r u nd u,,cunha1993,1110,,,,0,r u nd u,snake,
Shanenawa-130_snake-1,,Shanenawa,130_snake,runu,runu,r u n u,,lanes2005,1110,,,,0,r u n u,snake,
Yawanawa-130_snake-1,,Yawanawa,130_snake,runu,runu,r u n u,,paula1992,1110,,,,0,r u n u,snake,
Nukini-130_snake-1,,Nukini,130_snake,βĩwã,βĩwã,β ĩ w ã,,aguiar2004,1114,,,,0,β ĩ w ã,?,
Poyanawa-130_snake-1,,Poyanawa,130_snake,inãhãkara,inãhãkara,i n ã h ã k a r a,,paula1992,1113,,,,0,i n ã h ã k a r a,?,
Poyanawa-130_snake-2,,Poyanawa,130_snake,rũdu,rũdu,r u nd u,,paula1992,1110,,,,0,r u nd u,snake,
Iskonawa-130_snake-1,,Iskonawa,130_snake,hɨamiʦa,hɨamiʦa,h ɨ a m i ts a,,zariquiey2017,1116,,,,0,h ɨ a m i ts a,snake/hɨamitsa,
Iskonawa-130_snake-2,,Iskonawa,130_snake,nasasaβaj,nasaβaj,n a s a β a i,,zariquiey2017,1112,,,,0,n a s a β a i,?,
Chakobo-130_snake-1,,Chakobo,130_snake,runu,runu,r u n u,,zingg1998,1110,,,,0,r u n u,snake,
Kakataibo-130_snake-1,,Kakataibo,130_snake,runu,runu,r u n u,,zariquiey2017,1110,,,,0,r u n u,snake,
Kaxarari-130_snake-1,,Kaxarari,130_snake,tʃulu,tʃulu,tʃ u l u,,couto2005,1110,,,,0,tʃ u l u,snake,
Mastanawa-130_snake-1,,Mastanawa,130_snake,ɾudu,ɾudu,ɾ u d u,,zariquiey2017,1110,,,,0,ɾ u d u,snake,
Chaninawa-130_snake-1,,Chaninawa,130_snake,ɾudu,ɾudu,ɾ u nd u,,zariquiey2017,1110,,,,0,ɾ u nd u,snake,
Sharanawa-130_snake-1,,Sharanawa,130_snake,ɾudu,ɾudu,ɾ u d u,,zariquiey2017,1110,,,,0,ɾ u d u,snake,
Amawaka-130_snake-1,,Amawaka,130_snake,ɾundu,ɾundu,ɾ u nd u,,zariquiey2017,1110,,,,0,ɾ u nd u,snake,
Nawa-130_snake-1,,Nawa,130_snake,ɾudu,ɾudu,ɾ u d u,,zariquiey2017,1110,,,,0,ɾ u d u,snake,
Marinawa-130_snake-1,,Marinawa,130_snake,ɾundu,ɾundu,ɾ u nd u,,zariquiey2017,1110,,,,0,ɾ u nd u,snake,
Yaminawa-130_snake-1,,Yaminawa,130_snake,ɾudu,ɾudu,ɾ u d u,,zariquiey2017,1110,,,,0,ɾ u d u,snake,
Kashinawa_P-130_snake-1,,Kashinawa_P,130_snake,dunu,dunu,d u n u,,zariquiey2017,1110,,,,0,d u n u,snake,
Kashinawa_B-130_snake-1,,Kashinawa_B,130_snake,dunu,dunu,d u n u,,camargo1995,1110,,,,0,d u n u,snake,
Matses-47_fishnoun-1,,Matses,47_fishnoun,nuɨkkid,nuɨkkid,n u ɨ + k i d,,fleck2005,418,,,,64,n u ɨ + k i d,_-:suffix/kid,
Matis-47_fishnoun-1,,Matis,47_fishnoun,tʃapa,tʃapa,tʃ a p a,,fleck2005,1637,,,,0,tʃ a p a,fish/japa,
Marubo-47_fishnoun-1,,Marubo,47_fishnoun,japa,japa,j a p a,,fleck2005,357,,,,0,j a p a,fish/japa,
Katukina-47_fishnoun-1,,Katukina,47_fishnoun,tsatsa,tsatsa,ts a ts a,,aguiar1994,416,,,,0,ts a ts a,boquichico,
Shipibo_Konibo-47_fishnoun-1,,Shipibo_Konibo,47_fishnoun,yapa,yapa,j a p a,,fleck2005,357,,,,0,j a p a,fish/japa,
Kapanawa-47_fishnoun-1,,Kapanawa,47_fishnoun,yapa,yapa,j a p a,,loos1998,357,,,,0,j a p a,fish/japa,
Arara-47_fishnoun-1,,Arara,47_fishnoun,jumba,jumba,j u mb a,,cunha1993,412,,,,0,j u mb a,fish,
Shanenawa-47_fishnoun-1,,Shanenawa,47_fishnoun,iʂkin,iʂkin,i ʂ k i n,,lanes2005,421,,,,0,i ʂ k i n,delicious/iʂ _kin,
Yawanawa-47_fishnoun-1,,Yawanawa,47_fishnoun,juma,juma,j u m a,,paula1992,412,,,,0,j u m a,fish/juma,
Nukini-47_fishnoun-1,,Nukini,47_fishnoun,naʂtu,naʂtu,n a ʂ t u,,aguiar2004,419,,,,0,n a ʂ t u,fish,
Nukini-47_fishnoun-2,,Nukini,47_fishnoun,kawa,kawa,k a w a,,aguiar2004,415,,,,0,↓k/w a ↓w/k a,river,
Poyanawa-47_fishnoun-1,,Poyanawa,47_fishnoun,jumã,jumã,j u m ã,,paula1992,412,,,,0,j u m ã,fish/juma,
Iskonawa-47_fishnoun-1,,Iskonawa,47_fishnoun,juma,juma,j u m a,,zariquiey2017,412,,,,0,j u m a,fish/juma,
Chakobo-47_fishnoun-1,,Chakobo,47_fishnoun,yapa,yapa,j a p a,,zingg1998,357,,,,0,j a p a,fish/japa,
Pakawara-47_fishnoun-1,,Pakawara,47_fishnoun,saninu,saninu,s a n i + n u,,key2000,420,,,,0,s a n i + n u,fish/saninu,
Kakataibo-47_fishnoun-1,,Kakataibo,47_fishnoun,ɲapa,tsatsa,ts a ts a,,zariquiey2017,1627,,,,0,ts a ts a,boquichico,
Kaxarari-47_fishnoun-1,,Kaxarari,47_fishnoun,mailu,mailu,m a j l u,,couto2005,417,,,,0,m a i l u,fish,
Mastanawa-47_fishnoun-1,,Mastanawa,47_fishnoun,ʃima,ʃima,ʃ i m a,,zariquiey2017,413,,,,0,ʃ i m a,fish/ʃima,
Chaninawa-47_fishnoun-1,,Chaninawa,47_fishnoun,ʃima,ʃima,ʃ i m a,,zariquiey2017,413,,,,0,ʃ i m a,fish/ʃima,
Chaninawa-47_fishnoun-2,,Chaninawa,47_fishnoun,βaka,βaka,β a k a,,zariquiey2017,415,,,,0,β a k a,river,
Sharanawa-47_fishnoun-1,,Sharanawa,47_fishnoun,ʃima,ʃima,ʃ i m a,,zariquiey2017,413,,,,0,ʃ i m a,fish/ʃima,
Amawaka-47_fishnoun-1,,Amawaka,47_fishnoun,jumba,jumba,j u mb a,,zariquiey2017,412,,,,0,j u mb a,fish/juma,
Nawa-47_fishnoun-1,,Nawa,47_fishnoun,ʃima,ʃima,ʃ i m a,,zariquiey2017,413,,,,0,ʃ i m a,fish/ʃima,
Marinawa-47_fishnoun-1,,Marinawa,47_fishnoun,ʃima,ʃima,ʃ i m a,,zariquiey2017,413,,,,0,ʃ i m a,fish/ʃima,
Yaminawa-47_fishnoun-1,,Yaminawa,47_fishnoun,huwɨ,huwɨ,h u w ɨ,,zariquiey2017,422,,,,0,h u w ɨ,fish/huwɨ,
Kashinawa_P-47_fishnoun-1,,Kashinawa_P,47_fishnoun,βaka,βaka,β a k a,,zariquiey2017,415,,,,0,β a k a,river,
Kashinawa_B-47_fishnoun-1,,Kashinawa_B,47_fishnoun,βaka,βaka,β a k a,,camargo1995,415,,,,0,β a k a,river,
Matses-83_louse-1,,Matses,83_louse,matiʃ,matiʃ,m a t i ʃ,,fleck2005,727,,,,0,m a t i ʃ,flea,
Matis-83_louse-1,,Matis,83_louse,tʃa,tʃa,tʃ a,,fleck2005,726,,,,0,tʃ a,louse,
Marubo-83_louse-1,,Marubo,83_louse,ja,ja,j a,,fleck2005,724,,,,0,- - j a,louse,
Katukina-83_louse-1,,Katukina,83_louse,ia,ia,i a,,aguiar1994,724,,,,0,- i - a,louse,
Shipibo_Konibo-83_louse-1,,Shipibo_Konibo,83_louse,ia,ia,i a,,fleck2005,724,,,,0,- i - a,louse,
Kapanawa-83_louse-1,,Kapanawa,83_louse,ia,ia,i a,,loos1998,724,,,,0,- i - a,louse,
Arara-83_louse-1,,Arara,83_louse,ia,ia,i a,,cunha1993,724,,,,0,- i - a,louse,
Shanenawa-83_louse-1,,Shanenawa,83_louse,ia,ia,i a,,lanes2005,724,,,,0,- i - a,louse,
Yawanawa-83_louse-1,,Yawanawa,83_louse,ia,ia,i a,,paula1992,724,,,,0,- i - a,louse,
Nukini-83_louse-1,,Nukini,83_louse,ia,ia,i a,,aguiar2004,724,,,,0,- i - a,louse,
Poyanawa-83_louse-1,,Poyanawa,83_louse,ia,ia,i a,,paula1992,724,,,,0,- i - a,louse,
Iskonawa-83_louse-1,,Iskonawa,83_louse,ia,ia,i a,,zariquiey2017,724,,,,0,- i - a,louse,
Chakobo-83_louse-1,,Chakobo,83_louse,ia,ia,i a,,zingg1998,724,,,,0,- i - a,louse,
Pakawara-83_louse-1,,Pakawara,83_louse,ia,ia,i a,,key2000,724,,,,0,- i - a,louse,
Kakataibo-83_louse-1,,Kakataibo,83_louse,?ia,ʔia,ʔ i a,,zariquiey2017,724,,,,0,ʔ i - a,louse,
Kaxarari-83_louse-1,,Kaxarari,83_louse,iya,iya,i j a,,couto2005,724,,,,0,- i j a,louse,
Mastanawa-83_louse-1,,Mastanawa,83_louse,ija,ija,i j a,,zariquiey2017,724,,,,0,- i j a,louse,
Chaninawa-83_louse-1,,Chaninawa,83_louse,ija,ija,i j a,,zariquiey2017,724,,,,0,- i j a,louse,
Sharanawa-83_louse-1,,Sharanawa,83_louse,i:a,i:a,i j a,,zariquiey2017,724,,,,0,- i j a,louse,
Amawaka-83_louse-1,,Amawaka,83_louse,inja,inja,i j a,,zariquiey2017,724,,,,0,- i j a,louse,
Nawa-83_louse-1,,Nawa,83_louse,ija,ija,i j a,,zariquiey2017,724,,,,0,- i j a,louse,
Marinawa-83_louse-1,,Marinawa,83_louse,ija,ija,i j a,,zariquiey2017,724,,,,0,- i j a,louse,
Yaminawa-83_louse-1,,Yaminawa,83_louse,ija,ija,i j a,,zariquiey2017,724,,,,0,- i j a,louse,
Kashinawa_P-83_louse-1,,Kashinawa_P,83_louse,ia,ia,i a,,zariquiey2017,724,,,,0,- i - a,louse,
Kashinawa_B-83_louse-1,,Kashinawa_B,83_louse,ia,ia,i a,,camargo1995,724,,,,0,- i - a,louse,
Matses-178_wormieearthworm-1,,Matses,178_wormieearthworm,nuen,nuen,n u e n,,fleck2005,1519,,,,0,n u - - e n,worm,
Matis-178_wormieearthworm-1,,Matis,178_wormieearthworm,nuen,nuen,n u e n,,fleck2005,1519,,,,0,n u - - e n,worm,
Marubo-178_wormieearthworm-1,,Marubo,178_wormieearthworm,nuin,nuin,n u i n,,fleck2005,1519,,,,0,n u - - i n,worm,
Katukina-178_wormieearthworm-1,,Katukina,178_wormieearthworm,noin,noin,n o i n,,aguiar1994,1519,,,,0,n o - - i n,worm,
Shipibo_Konibo-178_wormieearthworm-1,,Shipibo_Konibo,178_wormieearthworm,nuin,nuin,n u i n,,fleck2005,1519,,,,0,n u - - i n,worm,
Kapanawa-178_wormieearthworm-1,,Kapanawa,178_wormieearthworm,nuin,nuin,n u i n,,loos1998,1519,,,,0,n u - - i n,worm,
Arara-178_wormieearthworm-1,,Arara,178_wormieearthworm,nũĩ,nũĩ,n ũ ĩ,,cunha1993,1519,,,,0,n ũ - - ĩ -,worm,
Shanenawa-178_wormieearthworm-1,,Shanenawa,178_wormieearthworm,nuin,nuin,n u i n,,lanes2005,1519,,,,0,n u - - i n,worm,
Yawanawa-178_wormieearthworm-1,,Yawanawa,178_wormieearthworm,nuwĩ,nuwĩ,n u w ĩ,,paula1992,1519,,,,0,n u - w ĩ -,worm,
Nukini-178_wormieearthworm-1,,Nukini,178_wormieearthworm,nũĩ,nũĩ,n ũ ĩ,,aguiar2004,1519,,,,0,n ũ - - ĩ -,worm,
Poyanawa-178_wormieearthworm-1,,Poyanawa,178_wormieearthworm,nũĩ,nũĩ,n ũ ĩ,,paula1992,1519,,,,0,n ũ - - ĩ -,worm,
Iskonawa-178_wormieearthworm-1,,Iskonawa,178_wormieearthworm,nũĩ,nũĩ,n ũ ĩ,,zariquiey2017,1519,,,,0,n ũ - - ĩ -,worm,
Chakobo-178_wormieearthworm-1,,Chakobo,178_wormieearthworm,nũĩ,nũĩ,n ũ ĩ,,zingg1998,1519,,,,0,n ũ - - ĩ -,worm,
Pakawara-178_wormieearthworm-1,,Pakawara,178_wormieearthworm,nuin,nuin,n u i n,,key2000,1519,,,,0,n u - - i n,worm,
Kakataibo-178_wormieearthworm-1,,Kakataibo,178_wormieearthworm,nuin,nuin,n u i n,,zariquiey2017,1519,,,,0,n u - - i n,worm,
Kaxarari-178_wormieearthworm-1,,Kaxarari,178_wormieearthworm,nuli,nuli,n u i l,,couto2005,1519,,,,0,n u - - !l/i !i/l,worm,
Mastanawa-178_wormieearthworm-1,,Mastanawa,178_wormieearthworm,nũĩ,nũĩ,n ũ ĩ,,zariquiey2017,1519,,,,0,n ũ - - ĩ -,worm,
Chaninawa-178_wormieearthworm-1,,Chaninawa,178_wormieearthworm,nũĩ,nũĩ,n ũ ĩ,,zariquiey2017,1519,,,,0,n ũ - - ĩ -,worm,
Sharanawa-178_wormieearthworm-1,,Sharanawa,178_wormieearthworm,nũĩ,nũĩ,n ũ ĩ,,zariquiey2017,1519,,,,0,n ũ - - ĩ -,worm,
Amawaka-178_wormieearthworm-1,,Amawaka,178_wormieearthworm,nuʔin,nuʔin,n u ʔ i n,,zariquiey2017,1519,,,,0,n u ʔ - i n,worm,
Nawa-178_wormieearthworm-1,,Nawa,178_wormieearthworm,nuwi,nuwi,n u w i,,zariquiey2017,1519,,,,0,n u - w i -,worm,
Marinawa-178_wormieearthworm-1,,Marinawa,178_wormieearthworm,unwɨ,unwɨ,n u w ɨ,,zariquiey2017,1519,,,,32,!u/n !n/u - w ɨ -,worm,
Yaminawa-178_wormieearthworm-1,,Yaminawa,178_wormieearthworm,nũmi,nũmi,n ũ m i,,zariquiey2017,1519,,,,0,n ũ - m i -,worm,
Kashinawa_P-178_wormieearthworm-1,,Kashinawa_P,178_wormieearthworm,nuin,nuin,n u i n,,zariquiey2017,1519,,,,0,n u - - i n,worm,
Kashinawa_B-178_wormieearthworm-1,,Kashinawa_B,178_wormieearthworm,nuin,nuin,n u i n,,camargo1995,1519,,,,0,n u - - i n,worm,
Matses-57_grass-1,,Matses,57_grass,wasin,wasin,w a s i n,,fleck2005,508,,,,0,- w a s i n,grass/wasi,
Matis-57_grass-1,,Matis,57_grass,wesin,wesin,w e s i n,,fleck2005,508,,,,0,- w e s i n,grass/wasi,
Marubo-57_grass-1,,Marubo,57_grass,wasi,wasi,w a s i,,fleck2005,508,,,,0,- w a s i -,grass/wasi,
Shipibo_Konibo-57_grass-1,,Shipibo_Konibo,57_grass,wasi,wasi,w a s i,,fleck2005,508,,,,0,- w a s i -,grass/wasi,
Kapanawa-57_grass-1,,Kapanawa,57_grass,wasi,wasi,w a s i,,loos1998,508,,,,0,- w a s i -,grass/wasi,
Shanenawa-57_grass-1,,Shanenawa,57_grass,wasi,wasi,w a s i,,lanes2005,508,,,,0,- w a s i -,grass/wasi,
Iskonawa-57_grass-1,,Iskonawa,57_grass,wãsi,wãsi,w ã s i,,zariquiey2017,508,,,,0,- w ã s i -,grass/wasi,
Chakobo-57_grass-1,,Chakobo,57_grass,wasi,wasi,w a s i,,zingg1998,508,,,,0,- w a s i -,grass/wasi,
Pakawara-57_grass-1,,Pakawara,57_grass,tsiki,tsiki,ts i k i,,key2000,510,,,,0,ts i k i,grass/tʃaka,
Kakataibo-57_grass-1,,Kakataibo,57_grass,ʂuβi,ʂuβi,ʂ u β i,,zariquiey2017,512,,,,0,ʂ u β i,grass/ʂuβi,
Kaxarari-57_grass-1,,Kaxarari,57_grass,wasai,wasai,w a s a,,couto2005,508,,,,0,- w a s a -,grass/wasi,
Mastanawa-57_grass-1,,Mastanawa,57_grass,ɸasi,ɸasi,ɸ a s i,,zariquiey2017,508,,,,0,ɸ - a s i -,grass/wasi,
Chaninawa-57_grass-1,,Chaninawa,57_grass,ɸasi,ɸasi,ɸ a s i,,zariquiey2017,508,,,,0,ɸ - a s i -,grass/wasi,
Sharanawa-57_grass-1,,Sharanawa,57_grass,ɸasi,ɸasi,ɸ a s i,,zariquiey2017,508,,,,0,ɸ - a s i -,grass/wasi,
Amawaka-57_grass-1,,Amawaka,57_grass,wasi,wasi,w a s i,,zariquiey2017,508,,,,0,- w a s i -,grass/wasi,
Nawa-57_grass-1,,Nawa,57_grass,ɸasi,ɸasi,ɸ a s i,,zariquiey2017,508,,,,0,ɸ - a s i -,grass/wasi,
Marinawa-57_grass-1,,Marinawa,57_grass,ʧaka,ʧaka,tʃ a k a,,zariquiey2017,511,,,,0,tʃ a k a,grass/tʃaka,
Yaminawa-57_grass-1,,Yaminawa,57_grass,ɸasi,ɸasi,ɸ a s i,,zariquiey2017,508,,,,0,ɸ - a s i -,grass/wasi,
Kashinawa_P-57_grass-1,,Kashinawa_P,57_grass,asi,asi,a s i,,zariquiey2017,508,,,,0,- - a s i -,grass/wasi,
Matses-156_tree-1,,Matses,156_tree,kuɨte,kuɨte,kʷ ɨ t e,,fleck2005,1341,,,,49,k u ɨ t e,fire/firewood,
Matis-156_tree-1,,Matis,156_tree,iwi,iwi,i w i,,fleck2005,423,,,,69 68,- i w i,tree/wood,
Marubo-156_tree-1,,Marubo,156_tree,iwi,iwi,i w i,,fleck2005,423,,,,69 68,- i w i,tree/wood,
Katukina-156_tree-1,,Katukina,156_tree,hiwi,hiwi,h i w i,,aguiar1994,423,,,,69 68,h i w i,tree/wood,
Kanamari-156_tree-1,,Kanamari,156_tree,hiwi,hiwi,h i w i,,aguiar1994,423,,,,69 68,h i w i,tree/wood,
Shipibo_Konibo-156_tree-1,,Shipibo_Konibo,156_tree,hiwi,hiwi,h i w i,,fleck2005,423,,,,69 68,h i w i,tree/wood,
Kapanawa-156_tree-1,,Kapanawa,156_tree,hiwi,hiwi,h i w i,,loos1998,423,,,,69 68,h i w i,tree/wood,
Arara-156_tree-1,,Arara,156_tree,iwi,iwi,i w i,,cunha1993,423,,,,69,- i w i,tree _bi,
Shanenawa-156_tree-1,,Shanenawa,156_tree,iwi,iwi,i w i,,lanes2005,423,,,,69 68,- i w i,tree/wood,
Yawanawa-156_tree-1,,Yawanawa,156_tree,iwi,iwi,i w i,,paula1992,423,,,,69 68,- i w i,tree/wood,
Nukini-156_tree-1,,Nukini,156_tree,iwi,iwi,i w i,,aguiar2004,423,,,,69 68,- i w i,tree/wood,
Poyanawa-156_tree-1,,Poyanawa,156_tree,iwi,iwi,i w i,,paula1992,423,,,,69 68,- i w i,tree/wood,
Iskonawa-156_tree-1,,Iskonawa,156_tree,iβi,iβi,i β i,,zariquiey2017,423,,,,69 68,- i β i,tree/wood,
Chakobo-156_tree-1,,Chakobo,156_tree,hiwi,hiwi,h i w i,,zingg1998,423,,,,69,h i w i,tree/wood,
Pakawara-156_tree-1,,Pakawara,156_tree,hiwi,hiwi,h i w i,,key2000,423,,,,53,h i w i,tree/wood,
Kakataibo-156_tree-1,,Kakataibo,156_tree,i,i,i,,zariquiey2017,423,,,,69,- i - -,tree/wood,
Kaxarari-156_tree-1,,Kaxarari,156_tree,hiwi,hiwi,h i w i,,couto2005,423,,,,69 68,h i w i,tree/wood,
Mastanawa-156_tree-1,,Mastanawa,156_tree,di,di,d i,,zariquiey2017,1338,,,,50,d i,forest,
Chaninawa-156_tree-1,,Chaninawa,156_tree,di:,di:,d iː,,zariquiey2017,1338,,,,50,d iː,forest,
Sharanawa-156_tree-1,,Sharanawa,156_tree,iwi,iwi,i w i,,zariquiey2017,423,,,,69 68,- i w i,tree/wood,
Amawaka-156_tree-1,,Amawaka,156_tree,wimbi,wimbi,h iː,,zariquiey2017,423,,,,62,h iː - -,tree/wood,
Nawa-156_tree-1,,Nawa,156_tree,di:,di:,d iː,,zariquiey2017,1338,,,,50,d iː,forest,
Marinawa-156_tree-1,,Marinawa,156_tree,di,di,d i,,zariquiey2017,1338,,,,50,d i,forest,
Yaminawa-156_tree-1,,Yaminawa,156_tree,ibi,ibi,i β i,,zariquiey2017,423,,,,69 68,- i β i,tree/wood,
Kashinawa_P-156_tree-1,,Kashinawa_P,156_tree,hi,hi,h i,,zariquiey2017,423,,,,69,h i - -,tree/wood,
Kashinawa_P-156_tree-2,,Kashinawa_P,156_tree,ni,ni,n i,,zariquiey2017,1338,,,,38,n i,forest,
Kashinawa_B-156_tree-1,,Kashinawa_B,156_tree,ni,ni,n i,,camargo1995,1338,,,,38,n i,forest,
Matses-41_father-1,,Matses,41_father,papa,papa,p a p a,,fleck2005,273,,,,0,p a p a,father,
Matis-41_father-1,,Matis,41_father,mama,mama,m a m a,,fleck2005,364,,,,0,m a m a,large,
Marubo-41_father-1,,Marubo,41_father,papa,papa,p a p a,,fleck2005,273,,,,0,p a p a,father,
Katukina-41_father-1,,Katukina,41_father,papa,papa,p a p a,,aguiar1994,273,,,,0,p a p a,father,
Shipibo_Konibo-41_father-1,,Shipibo_Konibo,41_father,papa,papa,p a p a,,fleck2005,273,,,,0,p a p a,father,
Kapanawa-41_father-1,,Kapanawa,41_father,papa,papa,p a p a,,loos1998,273,,,,0,p a p a,father,
Arara-41_father-1,,Arara,41_father,ɨpa,ɨpa,ɨ p a,,cunha1993,360,,,,0,ɨ p a,ɨ_ father,
Shanenawa-41_father-1,,Shanenawa,41_father,ɨpa,ɨpa,ɨ p a,,lanes2005,360,,,,0,ɨ p a,ɨ_ father,
Yawanawa-41_father-1,,Yawanawa,41_father,ɨpa,ɨpa,ɨ p a,,paula1992,360,,,,0,ɨ p a,ɨ_ father,
Poyanawa-41_father-1,,Poyanawa,41_father,ɨpa,ɨpa,ɨ p a,,paula1992,360,,,,0,ɨ p a,ɨ_ father,
Iskonawa-41_father-1,,Iskonawa,41_father,ɨpa,ɨpa,ɨ p a,,zariquiey2017,360,,,,0,ɨ p a,ɨ_ father,
Chakobo-41_father-1,,Chakobo,41_father,papa,papa,p a p a,,zingg1998,273,,,,0,p a p a,father,
Chakobo-41_father-2,,Chakobo,41_father,ɨpa,ɨpa,ɨ p a,,zingg1998,360,,,,0,ɨ p a,ɨ_ father,
Pakawara-41_father-1,,Pakawara,41_father,ɨpa,ɨpa,ɨ p a,,key2000,360,,,,0,ɨ p a,ɨ_ father,
Kakataibo-41_father-1,,Kakataibo,41_father,papa,papa,p a p a,,zariquiey2017,273,,,,0,p a p a,father,
Kaxarari-41_father-1,,Kaxarari,41_father,ɨpa,ɨpa,ɨ p a,,couto2005,360,,,,0,ɨ p a,ɨ_ father,
Mastanawa-41_father-1,,Mastanawa,41_father,ɨpa,ɨpa,ɨ p a,,zariquiey2017,360,,,,0,ɨ p a,ɨ_ father,
Chaninawa-41_father-1,,Chaninawa,41_father,ɨpa,ɨpa,ɨ p a,,zariquiey2017,360,,,,0,ɨ p a,ɨ_ father,
Sharanawa-41_father-1,,Sharanawa,41_father,ɨpa,ɨpa,ɨ p a,,zariquiey2017,360,,,,0,ɨ p a,ɨ_ father,
Amawaka-41_father-1,,Amawaka,41_father,ɨpa,ɨpa,ɨ p a,,zariquiey2017,360,,,,0,ɨ p a,ɨ_ father,
Nawa-41_father-1,,Nawa,41_father,ɨpa,ɨpa,ɨ p a,,zariquiey2017,360,,,,0,ɨ p a,ɨ_ father,
Marinawa-41_father-1,,Marinawa,41_father,ɨpa,ɨpa,ɨ p a,,zariquiey2017,360,,,,0,ɨ p a,ɨ_ father,
Marinawa-41_father-2,,Marinawa,41_father,iɸu,iɸu,i ɸ u,,zariquiey2017,363,,,,0,i ɸ u,owner,
Yaminawa-41_father-1,,Yaminawa,41_father,ɨpa,ɨpa,ɨ p a,,zariquiey2017,360,,,,0,ɨ p a,ɨ_ father,
Kashinawa_P-41_father-1,,Kashinawa_P,41_father,ɨpa,ɨpa,ɨ p a,,zariquiey2017,360,,,,0,ɨ p a,ɨ_ father,
Kashinawa_B-41_father-1,,Kashinawa_B,41_father,ɨpa,ɨpa,ɨ p a,,camargo1995,360,,,,0,ɨ p a,ɨ_ father,
Matses-87_mother-1,,Matses,87_mother,tita,tita,t i t a,,fleck2005,750,,,,0,t i t a - - - -,mother/tita,
Matis-87_mother-1,,Matis,87_mother,tita ani,tita ani,t i t a + a n i,,fleck2005,750,,,,0,t i t a + a n i,mother/tita big,
Marubo-87_mother-1,,Marubo,87_mother,ɨwa,ɨwa,ɨ w a,,fleck2005,749,,,,0,ɨ w a,ɨ_ mother,
Katukina-87_mother-1,,Katukina,87_mother,ewa,ɨwa,ɨ w a,,aguiar1994,749,,,,0,ɨ w a,ɨ_ mother,
Shipibo_Konibo-87_mother-1,,Shipibo_Konibo,87_mother,tita,tita,t i t a,,fleck2005,750,,,,0,t i t a - - - -,mother/tita,
Kapanawa-87_mother-1,,Kapanawa,87_mother,mama,mama,m a m a,,loos1998,754,,,,0,m a m a,mother/mama,
Arara-87_mother-1,,Arara,87_mother,ɨwa,ɨwa,ɨ w a,,cunha1993,749,,,,0,ɨ w a,ɨ_ mother,
Shanenawa-87_mother-1,,Shanenawa,87_mother,ɨwa,ɨwa,ɨ w a,,lanes2005,749,,,,0,ɨ w a,ɨ_ mother,
Yawanawa-87_mother-1,,Yawanawa,87_mother,ɨwa,ɨwa,ɨ w a,,paula1992,749,,,,0,ɨ w a,ɨ_ mother,
Poyanawa-87_mother-1,,Poyanawa,87_mother,ɨwa,ɨwa,ɨ w a,,paula1992,749,,,,0,ɨ w a,ɨ_ mother,
Iskonawa-87_mother-1,,Iskonawa,87_mother,ɨwa,ɨwa,ɨ w a,,zariquiey2017,749,,,,0,ɨ w a,ɨ_ mother,
Chakobo-87_mother-1,,Chakobo,87_mother,ha?iwa,haʔiwa,i w a,,zingg1998,749,,,,0,i w a,ɨ_ mother,
Pakawara-87_mother-1,,Pakawara,87_mother,kai,kai,k a j,,key2000,753,,,,0,k a i,mother/kai,
Kakataibo-87_mother-1,,Kakataibo,87_mother,tita,tita,t i t a,,zariquiey2017,750,,,,0,t i t a - - - -,mother/tita,
Kaxarari-87_mother-1,,Kaxarari,87_mother,ɨwa,ɨwa,ɨ w a,,couto2005,749,,,,0,ɨ w a,ɨ_ mother,
Mastanawa-87_mother-1,,Mastanawa,87_mother,ɨwa,ɨwa,ɨ w a,,zariquiey2017,749,,,,0,ɨ w a,ɨ_ mother,
Chaninawa-87_mother-1,,Chaninawa,87_mother,ɨwa,ɨwa,ɨ w a,,zariquiey2017,749,,,,0,ɨ w a,ɨ_ mother,
Sharanawa-87_mother-1,,Sharanawa,87_mother,ɨwa,ɨwa,ɨ w a,,zariquiey2017,749,,,,0,ɨ w a,ɨ_ mother,
Amawaka-87_mother-1,,Amawaka,87_mother,ɨwa,ɨwa,ɨ w a,,zariquiey2017,749,,,,0,ɨ w a,ɨ_ mother,
Nawa-87_mother-1,,Nawa,87_mother,ɨwa,ɨwa,ɨ w a,,zariquiey2017,749,,,,0,ɨ w a,ɨ_ mother,
Marinawa-87_mother-1,,Marinawa,87_mother,ɨwa,ɨwa,ɨ w a,,zariquiey2017,749,,,,0,ɨ w a,ɨ_ mother,
Yaminawa-87_mother-1,,Yaminawa,87_mother,ɨwa,ɨwa,ɨ w a,,zariquiey2017,749,,,,0,ɨ w a,ɨ_ mother,
Kashinawa_P-87_mother-1,,Kashinawa_P,87_mother,ɨwa,ɨwa,ɨ w a,,zariquiey2017,749,,,,0,ɨ w a,ɨ_ mother,
Kashinawa_B-87_mother-1,,Kashinawa_B,87_mother,ɨwa,ɨwa,ɨ w a,,camargo1995,749,,,,0,ɨ w a,ɨ_ mother,
Matses-72_husband-1,,Matses,72_husband,βɨnɨ,βɨnɨ,β ɨ n ɨ,,fleck2005,634,,,,0,- - - - β ɨ n ɨ,male,
Matis-72_husband-1,,Matis,72_husband,βɨnɨ,βɨnɨ,β ɨ n ɨ,,fleck2005,634,,,,0,- - - - β ɨ n ɨ,male,
Marubo-72_husband-1,,Marubo,72_husband,βɨnɨ,βɨnɨ,β ɨ n ɨ,,fleck2005,634,,,,0,- - - - β ɨ n ɨ,male,
Katukina-72_husband-1,,Katukina,72_husband,βuni,βuni,β u n i,,aguiar1994,634,,,,0,- - - - β u n i,male,
Shipibo_Konibo-72_husband-1,,Shipibo_Konibo,72_husband,βɨnɨ,βɨnɨ,β ɨ n ɨ,,fleck2005,634,,,,2,- - - - β ɨ n ɨ,male,
Kapanawa-72_husband-1,,Kapanawa,72_husband,βɨnɨ,βɨnɨ,β ɨ n ɨ,,loos1998,634,,,,0,- - - - β ɨ n ɨ,male,
Shanenawa-72_husband-1,,Shanenawa,72_husband,ɸɨnɨ,ɸɨnɨ,ɸ ɨ n ɨ,,lanes2005,634,,,,0,- - - - ɸ ɨ n ɨ,male,
Yawanawa-72_husband-1,,Yawanawa,72_husband,βɨnɨ,βɨnɨ,β ɨ n ɨ,,paula1992,634,,,,0,- - - - β ɨ n ɨ,male,
Nukini-72_husband-1,,Nukini,72_husband,βɨnɨ,βɨnɨ,β ɨ n ɨ,,aguiar2004,634,,,,0,- - - - β ɨ n ɨ,male,
Poyanawa-72_husband-1,,Poyanawa,72_husband,βɨdɨ,βɨdɨ,β ɨ d ɨ,,paula1992,634,,,,0,- - - - β ɨ d ɨ,male,
Iskonawa-72_husband-1,,Iskonawa,72_husband,βɨnɨ,βɨnɨ,β ɨ n ɨ,,zariquiey2017,634,,,,0,- - - - β ɨ n ɨ,male,
Chakobo-72_husband-1,,Chakobo,72_husband,βɨnɨ,βɨnɨ,β ɨ n ɨ,,zingg1998,634,,,,0,- - - - β ɨ n ɨ,male,
Pakawara-72_husband-1,,Pakawara,72_husband,wɨnɨ,wɨnɨ,w ɨ n ɨ,,key2000,634,,,,0,- - - - w ɨ n ɨ,male,
Kakataibo-72_husband-1,,Kakataibo,72_husband,βɨnɨ,βɨnɨ,β ɨ n ɨ,,zariquiey2017,634,,,,0,- - - - β ɨ n ɨ,male,
Kaxarari-72_husband-1,,Kaxarari,72_husband,wɨnɨ,wɨnɨ,w ɨ n ɨ,,couto2005,634,,,,0,- - - - w ɨ n ɨ,male,
Mastanawa-72_husband-1,,Mastanawa,72_husband,ɨnhuɨdɨ,ɨnhuɨdɨ,ɨ n w ɨ d ɨ,,zariquiey2017,634,,,,0,- - ɨ n w ɨ d ɨ,my male,
Chaninawa-72_husband-1,,Chaninawa,72_husband,dukuɸɨdɨ,dukuɸɨdɨ,d u k u ɸ ɨ d ɨ,,zariquiey2017,634,,,,0,d u k u ɸ ɨ d ɨ,our male,
Chaninawa-72_husband-2,,Chaninawa,72_husband,ɨwɨɸɨdɨ,ɨwɨɸɨdɨ,ɨ w ɨ ɸ ɨ d ɨ,,zariquiey2017,634,,,,0,- ɨ w ɨ ɸ ɨ d ɨ,my male,
Sharanawa-72_husband-1,,Sharanawa,72_husband,ɸɨdɨ,ɸɨdɨ,ɸ ɨ d ɨ,,zariquiey2017,634,,,,0,- - - - ɸ ɨ d ɨ,male,
Amawaka-72_husband-1,,Amawaka,72_husband,wɨndɨ,wɨndɨ,w ɨ nd ɨ,,zariquiey2017,634,,,,0,- - - - w ɨ nd ɨ,male,
Nawa-72_husband-1,,Nawa,72_husband,ɸɨdɨ,ɸɨdɨ,ɸ ɨ d ɨ,,zariquiey2017,634,,,,0,- - - - ɸ ɨ d ɨ,male,
Marinawa-72_husband-1,,Marinawa,72_husband,ɸɨndi,ɸɨndi,ɸ ɨ nd i,,zariquiey2017,634,,,,0,- - - - ɸ ɨ nd i,male,
Yaminawa-72_husband-1,,Yaminawa,72_husband,wɨdɨ,wɨdɨ,w ɨ d ɨ,,zariquiey2017,634,,,,0,- - - - w ɨ d ɨ,male,
Kashinawa_P-72_husband-1,,Kashinawa_P,72_husband,βɨni,βɨni,β ɨ n i,,zariquiey2017,634,,,,0,- - - - β ɨ n i,male,
Kashinawa_B-72_husband-1,,Kashinawa_B,72_husband,βɨnɨ,βɨnɨ,β ɨ n ɨ,,camargo1995,634,,,,0,- - - - β ɨ n ɨ,male,
Matses-172_wife-1,,Matses,172_wife,tʃido,tʃido,tʃ i d o,,fleck2005,1466,,,,0,tʃ i d o,woman/wife/tʃido,
Matis-172_wife-1,,Matis,172_wife,awin,awin,a w i n,,fleck2005,1460,,,,0,- a w i - - - - - n -,woman/wife/awin,
Marubo-172_wife-1,,Marubo,172_wife,ain,ain,a i n,,fleck2005,1460,,,,0,- a - i - - - - - n -,woman/wife/awin,
Katukina-172_wife-1,,Katukina,172_wife,ain,ain,a i n,,aguiar1994,1460,,,,0,- a - i - - - - - n -,woman/wife/awin,
Shipibo_Konibo-172_wife-1,,Shipibo_Konibo,172_wife,awin,awin,a w i n,,fleck2005,1460,,,,0,- a w i - - - - - n -,woman/wife/awin,
Kapanawa-172_wife-1,,Kapanawa,172_wife,awin,awin,a w i n,,loos1998,1460,,,,0,- a w i - - - - - n -,woman/wife/awin,
Kapanawa-172_wife-2,,Kapanawa,172_wife,ainβu,ainβu,a i n + β u,,loos1998,1460,,,,0,- a - i n + β - u - -,woman/wife/awin _bu,
Arara-172_wife-1,,Arara,172_wife,amĩ,amĩ,a m ĩ,,cunha1993,1460,,,,0,- a - - - - - m ĩ - -,female,
Shanenawa-172_wife-1,,Shanenawa,172_wife,awin,awin,a w i n,,lanes2005,1460,,,,0,- a w i - - - - - n -,woman/wife/awin,
Yawanawa-172_wife-1,,Yawanawa,172_wife,awin,awin,a w i n,,paula1992,1460,,,,0,- a w i - - - - - n -,woman/wife/awin,
Poyanawa-172_wife-1,,Poyanawa,172_wife,awĩ,awĩ,a w ĩ,,paula1992,1460,,,,0,- a w ĩ - - - - - - -,woman/wife/awin,
Iskonawa-172_wife-1,,Iskonawa,172_wife,awĩ,awĩ,a w ĩ,,zariquiey2017,1460,,,,0,- a w ĩ - - - - - - -,woman/wife/awin,
Chakobo-172_wife-1,,Chakobo,172_wife,awini,awini,a w i n i,,zingg1998,1460,,,,0,- a w i n i - - - - -,woman/wife/awin,
Pakawara-172_wife-1,,Pakawara,172_wife,?awini,ʔawini,ʔ a w i n i,,key2000,1460,,,,0,ʔ a w i - n i - - - -,woman/wife/awin,
Kakataibo-172_wife-1,,Kakataibo,172_wife,ʂano,ʂano,ʂ a n o,,zariquiey2017,1469,,,,0,ʂ a n o,woman/wife/ʂano,
Kaxarari-172_wife-1,,Kaxarari,172_wife,ɨitahi,ɨitahi,ɨ i t a h i,,couto2005,1467,,,,0,ɨ i t a h i,my woman/wife/itahi,
Mastanawa-172_wife-1,,Mastanawa,172_wife,ɨnwɨami,ɨnwɨami,ɨ w ɨ n + a m i,,zariquiey2017,1460,,,,0,- ɨ w ɨ n + a m i - -,my woman/wife/awin,
Chaninawa-172_wife-1,,Chaninawa,172_wife,ɨwɨami,ɨwɨami,ɨ w ɨ + a m i n,,zariquiey2017,1460,,,,0,- ɨ w ɨ - - + a m i n,my woman/wife/awin,
Chaninawa-172_wife-2,,Chaninawa,172_wife,ɨwɨaβi,ɨwɨaβi,ɨ w ɨ + a β i n,,zariquiey2017,1460,,,,0,- ɨ w ɨ - - + a β i n,my woman/wife/awin,
Sharanawa-172_wife-1,,Sharanawa,172_wife,awin,awin,a w i n,,zariquiey2017,1460,,,,0,- a w i - - - - - n -,woman/wife/awin,
Amawaka-172_wife-1,,Amawaka,172_wife,ain,ain,a i n,,zariquiey2017,1460,,,,0,- a - i - - - - - n -,woman/wife/awin,
Nawa-172_wife-1,,Nawa,172_wife,a:mi,a:mi,aː m i,,zariquiey2017,1460,,,,0,- aː - - - - - m i - -,woman/wife/awin,
Marinawa-172_wife-1,,Marinawa,172_wife,ami,ami,a m i,,zariquiey2017,1460,,,,0,- a - - - - - m i - -,woman/wife/awin,
Marinawa-172_wife-2,,Marinawa,172_wife,pandu,pandu,p a ⁿd u,,zariquiey2017,1464,,,,0,p a ⁿd u,woman/wife/paⁿdu,
Yaminawa-172_wife-1,,Yaminawa,172_wife,awĩ,awĩ,a w ĩ,,zariquiey2017,1460,,,,0,- a w ĩ - - - - - - -,woman/wife/awin,
Kashinawa_P-172_wife-1,,Kashinawa_P,172_wife,ajʔ,ajʔ,a j ʔ,,zariquiey2017,1468,,,,0,a j ʔ,woman/wife/awin,
Kashinawa_B-172_wife-1,,Kashinawa_B,172_wife,aĩ,aĩ,a ĩ,,camargo1995,1460,,,,0,- a - ĩ - - - - - - -,woman/wife/awin,
Matses-100_personhuman-1,,Matses,100_personhuman,matses,matses,m a ts e s,,fleck2005,858,,,,0,m a ts e s,person/matses,
Matis-100_personhuman-1,,Matis,100_personhuman,matses,matses,m a ts e s,,fleck2005,858,,,,0,m a ts e s,person/matses,
Marubo-100_personhuman-1,,Marubo,100_personhuman,jura,jura,j u r a,,fleck2005,855,,,,0,j u r a,body,
Shipibo_Konibo-100_personhuman-1,,Shipibo_Konibo,100_personhuman,huni,huni,h u n i,,fleck2005,856,,,,0,( - - - - - ) h u n i,person,
Kapanawa-100_personhuman-1,,Kapanawa,100_personhuman,huni,huni,h u n i,,loos1998,856,,,,0,( - - - - - ) h u n i,person,
Arara-100_personhuman-1,,Arara,100_personhuman,jura,jura,j u r a,,cunha1993,855,,,,0,j u r a,body,
Shanenawa-100_personhuman-1,,Shanenawa,100_personhuman,jura,jura,j u r a,,lanes2005,855,,,,0,j u r a,body,
Yawanawa-100_personhuman-1,,Yawanawa,100_personhuman,jura,jura,j u r a,,paula1992,855,,,,0,j u r a,body,
Nukini-100_personhuman-1,,Nukini,100_personhuman,nukuni,nukuni,n u k u + u n i,,aguiar2004,856,,,,0,( n u k u + ) - u n i,our person,
Poyanawa-100_personhuman-1,,Poyanawa,100_personhuman,undi,undi,u nd i,,paula1992,856,,,,0,( - - - - - ) - u nd i,person,
Iskonawa-100_personhuman-1,,Iskonawa,100_personhuman,uni,uni,u n i,,zariquiey2017,856,,,,0,( - - - - - ) - u n i,person,
Chakobo-100_personhuman-1,,Chakobo,100_personhuman,nu?iria,nuʔiria,n u ʔ i r i a,,zingg1998,807,,,,0,n u ʔ i r i a,?,
Pakawara-100_personhuman-1,,Pakawara,100_personhuman,huni,huni,h u n i,,key2000,856,,,,0,( - - - - - ) h u n i,person,
Kakataibo-100_personhuman-1,,Kakataibo,100_personhuman,uni,uni,u n i,,zariquiey2017,856,,,,0,( - - - - - ) - u n i,person,
Kaxarari-100_personhuman-1,,Kaxarari,100_personhuman,huni,huni,h u n i,,couto2005,856,,,,0,( - - - - - ) h u n i,person,
Mastanawa-100_personhuman-1,,Mastanawa,100_personhuman,juɾa,juɾa,j u ɾ a,,zariquiey2017,855,,,,0,j u ɾ a,body,
Chaninawa-100_personhuman-1,,Chaninawa,100_personhuman,ju:ɾa,ju:ɾa,j uː ɾ a,,zariquiey2017,855,,,,0,j uː ɾ a,body,
Sharanawa-100_personhuman-1,,Sharanawa,100_personhuman,juɾa,juɾa,j u ɾ a,,zariquiey2017,855,,,,0,j u ɾ a,body,
Amawaka-100_personhuman-1,,Amawaka,100_personhuman,juɾa,juɾa,j u ɾ a,,zariquiey2017,855,,,,0,j u ɾ a,body,
Nawa-100_personhuman-1,,Nawa,100_personhuman,ju:ɾa,ju:ɾa,j uː ɾ a,,zariquiey2017,855,,,,0,j uː ɾ a,body,
Marinawa-100_personhuman-1,,Marinawa,100_personhuman,juɾa,juɾa,j u ɾ a,,zariquiey2017,855,,,,0,j u ɾ a,body,
Yaminawa-100_personhuman-1,,Yaminawa,100_personhuman,juɾa,juɾa,j u ɾ a,,zariquiey2017,855,,,,0,j u ɾ a,body,
Kashinawa_P-100_personhuman-1,,Kashinawa_P,100_personhuman,huni,huni,h u n i,,zariquiey2017,856,,,,0,( - - - - - ) h u n i,person,
Kashinawa_B-100_personhuman-1,,Kashinawa_B,100_personhuman,yuda,yuda,j u d a,,camargo1995,855,,,,0,j u d a,body,
Matses-90_name-1,,Matses,90_name,kuɨmɨdaid,kuɨmɨdaid,kʷ ɨ + m ɨ + d a i d,,fleck2005,774,,,,0,kʷ ɨ + m ɨ + d a i d,call _REFL _NOMLZ,
Matis-90_name-1,,Matis,90_name,anɨ,anɨ,a n ɨ,,fleck2005,771,,,,0,- a - n ɨ,name,
Marubo-90_name-1,,Marubo,90_name,anɨ,anɨ,a n ɨ,,fleck2005,771,,,,0,- a - n ɨ,name,
Shipibo_Konibo-90_name-1,,Shipibo_Konibo,90_name,hanɨ,hanɨ,h a n ɨ,,fleck2005,771,,,,0,h a - n ɨ,name,
Kapanawa-90_name-1,,Kapanawa,90_name,hanɨ,hanɨ,h a n ɨ,,loos1998,771,,,,0,h a - n ɨ,name,
Arara-90_name-1,,Arara,90_name,aɨndɨ,aɨndɨ,a ɨ nd ɨ,,cunha1993,771,,,,0,- a ɨ nd ɨ,name,
Shanenawa-90_name-1,,Shanenawa,90_name,anɨ,anɨ,a n ɨ,,lanes2005,771,,,,0,- a - n ɨ,name,
Yawanawa-90_name-1,,Yawanawa,90_name,anɨ,anɨ,a n ɨ,,paula1992,771,,,,0,- a - n ɨ,name,
Poyanawa-90_name-1,,Poyanawa,90_name,andɨ,andɨ,a nd ɨ,,paula1992,771,,,,0,- a - nd ɨ,name,
Iskonawa-90_name-1,,Iskonawa,90_name,anɨ,anɨ,a n ɨ,,zariquiey2017,771,,,,0,- a - n ɨ,name,
Chakobo-90_name-1,,Chakobo,90_name,hanɨ,hanɨ,h a n ɨ,,zingg1998,771,,,,0,h a - n ɨ,name,
Kakataibo-90_name-1,,Kakataibo,90_name,anɨ,anɨ,a n ɨ,,zariquiey2017,771,,,,0,- a - n ɨ,name,
Kaxarari-90_name-1,,Kaxarari,90_name,halɨ,halɨ,h a l ɨ,,couto2005,771,,,,0,h a - l ɨ,name,
Mastanawa-90_name-1,,Mastanawa,90_name,adɨ,adɨ,a d ɨ,,zariquiey2017,771,,,,0,- a - d ɨ,name,
Chaninawa-90_name-1,,Chaninawa,90_name,adɨ,adɨ,a d ɨ,,zariquiey2017,771,,,,0,- a - d ɨ,name,
Sharanawa-90_name-1,,Sharanawa,90_name,adɨ,adɨ,a d ɨ,,zariquiey2017,771,,,,0,- a - d ɨ,name,
Amawaka-90_name-1,,Amawaka,90_name,handɨ,handɨ,h a nd ɨ,,zariquiey2017,771,,,,0,h a - nd ɨ,name,
Nawa-90_name-1,,Nawa,90_name,adɨ,adɨ,a d ɨ,,zariquiey2017,771,,,,0,- a - d ɨ,name,
Marinawa-90_name-1,,Marinawa,90_name,andɨ,andɨ,a nd ɨ,,zariquiey2017,771,,,,0,- a - nd ɨ,name,
Yaminawa-90_name-1,,Yaminawa,90_name,adɨ,adɨ,a d ɨ,,zariquiey2017,771,,,,0,- a - d ɨ,name,
Kashinawa_P-90_name-1,,Kashinawa_P,90_name,kɨna,kɨna,k ɨ n a,,zariquiey2017,773,,,,0,k ɨ n a,call,
Kashinawa_B-90_name-1,,Kashinawa_B,90_name,kɨna,kɨna,k ɨ n a,,camargo1995,773,,,,0,k ɨ n a,call,
Matses-84_manmale-1,,Matses,84_manmale,dada,dada,d a d a,,fleck2005,730,,,,0,d a d a,man/dada,
Matis-84_manmale-1,,Matis,84_manmale,dada,dada,d a d a,,fleck2005,730,,,,0,d a d a,man/dada,
Marubo-84_manmale-1,,Marubo,84_manmale,βɨnɨ,βɨnɨ,β ɨ n ɨ,,fleck2005,734,,,,0,( - - - - - ) β ɨ n ɨ ( - - - - - ),male/husband/bene,
Katukina-84_manmale-1,,Katukina,84_manmale,huni,huni,h u n i,,aguiar1994,728,,,,0,( - - - - - ) h u - n i,person,
Kanamari-84_manmale-1,,Kanamari,84_manmale,huni,huni,h u n i,,aguiar1994,728,,,,0,( - - - - - ) h u - n i,person,
Shipibo_Konibo-84_manmale-1,,Shipibo_Konibo,84_manmale,βɨmβu,βɨmβu,β ɨ n + β u,,fleck2005,703,,,,1,β ɨ n + β u,male/husband/bene _βu,
Kapanawa-84_manmale-1,,Kapanawa,84_manmale,βɨβu,βɨβu,β ɨ + β u,,loos1998,703,,,,0,β ɨ - + β u,male/husband/bene _βu,
Arara-84_manmale-1,,Arara,84_manmale,dokohwandi,dokohwandi,d o k o + h u a nd i,,cunha1993,728,,,,0,( d o k o + ) h u a nd i,we person,
Shanenawa-84_manmale-1,,Shanenawa,84_manmale,nukuhunɨ,nukuhunɨ,n u k u + h u n ɨ,,lanes2005,728,,,,0,( n u k u + ) h u - n ɨ,our person,
Yawanawa-84_manmale-1,,Yawanawa,84_manmale,nukɨβɨnɨ,nukɨβɨnɨ,n u k ɨ + β ɨ n ɨ,,paula1992,734,,,,0,( n u k ɨ + ) β ɨ n ɨ ( - - - - - ),our male/husband/bene,
Nukini-84_manmale-1,,Nukini,84_manmale,iraβu,iraβu,i r a + β u,,aguiar2004,731,,,,0,i r a + β u,male/husband/iɾaβu,
Poyanawa-84_manmale-1,,Poyanawa,84_manmale,iraβu,iraβu,i r a + β u,,paula1992,731,,,,0,i r a + β u,male/husband/iɾaβu,
Iskonawa-84_manmale-1,,Iskonawa,84_manmale,iɾaβu,iɾaβu,i ɾ a + β u,,zariquiey2017,731,,,,0,i ɾ a + β u,male/husband,
Chakobo-84_manmale-1,,Chakobo,84_manmale,huni,huni,h u n i,,zingg1998,728,,,,0,( - - - - - ) h u - n i,person,
Pakawara-84_manmale-1,,Pakawara,84_manmale,huni,huni,h u n i,,key2000,728,,,,0,( - - - - - ) h u - n i,person,
Kakataibo-84_manmale-1,,Kakataibo,84_manmale,βɨnɨ,βɨnɨ,β ɨ n ɨ,,zariquiey2017,734,,,,0,( - - - - - ) β ɨ n ɨ ( - - - - - ),male/husband/bene,
Kaxarari-84_manmale-1,,Kaxarari,84_manmale,wãpɨ,wãpɨ,w ã p ɨ,,couto2005,732,,,,0,w ã p ɨ,?,
Kaxarari-84_manmale-2,,Kaxarari,84_manmale,βiki,βiki,β i k i,,couto2005,692,,,,0,β i k i,male/husband/bene _ki,
Mastanawa-84_manmale-1,,Mastanawa,84_manmale,duʔuhɨdi,duʔuhɨdi,d u ʔ u + ɸ ɨ d i,,zariquiey2017,734,,,,0,( d u ʔ u + ) ɸ ɨ d i ( - - - - - ),our male/husband/bene,
Chaninawa-84_manmale-1,,Chaninawa,84_manmale,dukuɸɨdɨ,dukuɸɨdɨ,d u k u + ɸ ɨ d ɨ,,zariquiey2017,734,,,,0,( d u k u + ) ɸ ɨ d ɨ ( - - - - - ),we male/husband/bene,
Sharanawa-84_manmale-1,,Sharanawa,84_manmale,duku ɸɨdɨ,duku ɸɨdɨ,d u k u + ɸ ɨ d ɨ,,zariquiey2017,734,,,,0,( d u k u + ) ɸ ɨ d ɨ ( - - - - - ),our male/husband/bene,
Amawaka-84_manmale-1,,Amawaka,84_manmale,hundi,hundi,h u nd i,,zariquiey2017,728,,,,0,( - - - - - ) h u - nd i,person,
Nawa-84_manmale-1,,Nawa,84_manmale,dukuɸɨdi,dukuɸɨdi,d u k u + ɸ ɨ d i,,zariquiey2017,734,,,,0,( d u k u + ) ɸ ɨ d i ( - - - - - ),our male/husband/bene,
Marinawa-84_manmale-1,,Marinawa,84_manmale,dukuɸɨnɨ,dukuɸɨnɨ,d u k u + ɸ ɨ n ɨ,,zariquiey2017,734,,,,0,( d u k u + ) ɸ ɨ n ɨ ( - - - - - ),our male/husband/bene,
Yaminawa-84_manmale-1,,Yaminawa,84_manmale,wɨnu nawa,wɨnu nawa,w ɨ n ɨ + n a w a,,zariquiey2017,734,,,,0,( - - - - - ) w ɨ n ɨ ( + n a w a ),male/husband/bene foreigner,
Kashinawa_P-84_manmale-1,,Kashinawa_P,84_manmale,huni,huni,h u n i,,zariquiey2017,728,,,,0,( - - - - - ) h u - n i,person,
Kashinawa_B-84_manmale-1,,Kashinawa_B,84_manmale,huni,huni,h u n i,,camargo1995,728,,,,0,( - - - - - ) h u - n i,person,
Matses-176_woman-1,,Matses,176_woman,tʃido,tʃido,tʃ i d o,,fleck2005,1505,,,,0,tʃ i d o,woman/wife/tʃido,
Matis-176_woman-1,,Matis,176_woman,tʃidaβo,tʃidaβo,tʃ i d o + β o,,fleck2005,1505,,,,0,tʃ i d o + β o,woman/wife/tʃido _bu,
Marubo-176_woman-1,,Marubo,176_woman,ainβu,ainβu,a i n + β u,,fleck2005,1504,,,,0,a - i n + β u,woman/wife/awin _bu,
Katukina-176_woman-1,,Katukina,176_woman,ayβu,ayβu,a j + β u,,aguiar1994,1504,,,,0,a - j - + β u,woman/wife/awin _bu,
Kanamari-176_woman-1,,Kanamari,176_woman,oĩβo,oĩβo,a ĩ + β o,,aguiar1994,1504,,,,0,a - ĩ - + β o,woman/wife/awin _bu,
Shipibo_Konibo-176_woman-1,,Shipibo_Konibo,176_woman,ainβu,ainβu,a i n + β u,,fleck2005,1504,,,,0,a - i n + β u,woman/wife/awin _bu,
Kapanawa-176_woman-1,,Kapanawa,176_woman,aiβu,aiβu,a i + β u,,loos1998,1504,,,,0,a - i - + β u,woman/wife/awin _bu,
Arara-176_woman-1,,Arara,176_woman,aĩhu,aĩhu,a ĩ + h u,,cunha1993,1504,,,,0,a - ĩ - + h u,female _bu,
Shanenawa-176_woman-1,,Shanenawa,176_woman,awin,awin,a w i n,,lanes2005,1504,,,,0,a w i n - - -,woman/wife/awin,
Yawanawa-176_woman-1,,Yawanawa,176_woman,awin,awin,a w i n,,paula1992,1504,,,,0,a w i n - - -,woman/wife/awin,
Nukini-176_woman-1,,Nukini,176_woman,ainβu,ainβu,a i n + β u,,aguiar2004,1504,,,,0,a - i n + β u,woman/wife/awin _bu,
Poyanawa-176_woman-1,,Poyanawa,176_woman,awĩ,awĩ,a w ĩ,,paula1992,1504,,,,0,a w ĩ - - - -,woman/wife/awin,
Iskonawa-176_woman-1,,Iskonawa,176_woman,awĩ,awĩ,a w ĩ,,zariquiey2017,1504,,,,0,a w ĩ - - - -,woman/wife/awin,
Chakobo-176_woman-1,,Chakobo,176_woman,yuʂa,yuʂa,j u ʂ a,,zingg1998,1506,,,,0,j u ʂ a,woman/wife/juʂa,
Pakawara-176_woman-1,,Pakawara,176_woman,yuʂa,yuʂa,j u ʂ a,,key2000,1506,,,,0,j u ʂ a,woman/wife/juʂa,
Kakataibo-176_woman-1,,Kakataibo,176_woman,ʂano,ʂano,ʂ a n u,,zariquiey2017,1496,,,,0,ʂ a n u,woman/wife/ʂanu,
Kaxarari-176_woman-1,,Kaxarari,176_woman,ʂãpɨ,ʂãpɨ,ʂ ã p ɨ,,couto2005,1509,,,,0,ʂ ã p ɨ,woman,
Mastanawa-176_woman-1,,Mastanawa,176_woman,ajnɸu,ajnɸu,a j n + ɸ u,,zariquiey2017,1504,,,,0,a - j n + ɸ u,woman/wife/awin _bu,
Chaninawa-176_woman-1,,Chaninawa,176_woman,aĩɸu,aĩɸu,a ĩ + ɸ u,,zariquiey2017,1504,,,,0,a - ĩ - + ɸ u,woman/wife/awin _bu,
Sharanawa-176_woman-1,,Sharanawa,176_woman,ainɸu,ainɸu,a i n + ɸ u,,zariquiey2017,1504,,,,0,a - i n + ɸ u,woman/wife/awin _bu,
Amawaka-176_woman-1,,Amawaka,176_woman,andu,xandu,ʂ a nd u,,zariquiey2017,1496,,,,0,ʂ a nd u,woman/wife/ʂanu,
Nawa-176_woman-1,,Nawa,176_woman,ajnɸu,ajnɸu,a j n + ɸ u,,zariquiey2017,1504,,,,0,a - j n + ɸ u,woman/wife/awin _bu,
Marinawa-176_woman-1,,Marinawa,176_woman,ajnɸu,ajnɸu,a j n + ɸ u,,zariquiey2017,1504,,,,0,a - j n + ɸ u,woman/wife/awin _bu,
Yaminawa-176_woman-1,,Yaminawa,176_woman,kɨɾu,kɨɾu,k ɨ ɾ u,,zariquiey2017,1510,,,,0,k ɨ ɾ u,woman/wife/kɨɾu,
Kashinawa_P-176_woman-1,,Kashinawa_P,176_woman,ajnβu,ajnβu,a j n + β u,,zariquiey2017,1504,,,,0,a - j n + β u,woman/wife/awin _bu,
Kashinawa_B-176_woman-1,,Kashinawa_B,176_woman,ainβu,ainβu,a i n + β u,,camargo1995,1504,,,,0,a - i n + β u,woman/wife/awin _bu,
Matses-18_child-1,,Matses,18_child,βakuɨ,βakuɨ,β a kʷ ɨ,,fleck2005,156,,,,0,( - - - ) β a kʷ ɨ - - ( - - - - - ),breeding,
Matis-18_child-1,,Matis,18_child,βakuɨ,βakuɨ,β a kʷ ɨ,,fleck2005,156,,,,0,( - - - ) β a kʷ ɨ - - ( - - - - - ),breeding,
Marubo-18_child-1,,Marubo,18_child,βakɨ,βakɨ,β a k ɨ,,fleck2005,156,,,,0,( - - - ) β a k ɨ - - ( - - - - - ),breeding,
Kanamari-18_child-1,,Kanamari,18_child,ãiiβakɨ,ãiiβakɨ,a i n β a k ɨ,,aguiar1994,156,,,,0,( a i n ) β a k ɨ - - ( - - - - - ),his breeding,
Shipibo_Konibo-18_child-1,,Shipibo_Konibo,18_child,βakɨ,βakɨ,β a k ɨ,,fleck2005,156,,,,0,( - - - ) β a k ɨ - - ( - - - - - ),breeding,
Kapanawa-18_child-1,,Kapanawa,18_child,βakɨ,βakɨ,β a k ɨ,,loos1998,156,,,,0,( - - - ) β a k ɨ - - ( - - - - - ),breeding,
Arara-18_child-1,,Arara,18_child,βakɨhɨ,βakɨhɨ,β a k ɨ h ɨ,,cunha1993,156,,,,0,( - - - ) β a k ɨ h ɨ ( - - - - - ),breeding _hɨ,
Shanenawa-18_child-1,,Shanenawa,18_child,ɸakɨ,ɸakɨ,ɸ a k ɨ,,lanes2005,156,,,,0,( - - - ) ɸ a k ɨ - - ( - - - - - ),breeding,
Yawanawa-18_child-1,,Yawanawa,18_child,βakɨ,βakɨ,β a k ɨ,,paula1992,156,,,,0,( - - - ) β a k ɨ - - ( - - - - - ),breeding,
Nukini-18_child-1,,Nukini,18_child,βakɨ,βakɨ,β a k ɨ,,aguiar2004,156,,,,0,( - - - ) β a k ɨ - - ( - - - - - ),breeding,
Poyanawa-18_child-1,,Poyanawa,18_child,βakɨ,βakɨ,β a k ɨ,,paula1992,156,,,,0,( - - - ) β a k ɨ - - ( - - - - - ),breeding,
Iskonawa-18_child-1,,Iskonawa,18_child,βakɨ,βakɨ,β a k ɨ,,zariquiey2017,156,,,,0,( - - - ) β a k ɨ - - ( - - - - - ),breeding,
Chakobo-18_child-1,,Chakobo,18_child,ʂuku,ʂuku,ʂ u k u,,zingg1998,160,,,,0,ʂ u k u,small,
Chakobo-18_child-2,,Chakobo,18_child,βakɨ,βakɨ,β a k ɨ,,zingg1998,156,,,,0,( - - - ) β a k ɨ - - ( - - - - - ),breeding,
Pakawara-18_child-1,,Pakawara,18_child,wakɨ,wakɨ,w a k ɨ,,key2000,156,,,,0,( - - - ) w a k ɨ - - ( - - - - - ),breeding,
Kakataibo-18_child-1,,Kakataibo,18_child,toa,toa,t o a,,zariquiey2017,158,,,,0,t o a,given_birth,
Mastanawa-18_child-1,,Mastanawa,18_child,ɸaʔɨʂta,ɸaʔɨʂta,ɸ a ʔ ɨ ʂ t a,,zariquiey2017,156,,,,0,( - - - ) ɸ a ʔ ɨ - - ( - - ʂ t a ),breeding _DIM,
Chaninawa-18_child-1,,Chaninawa,18_child,ɸakɨ,ɸakɨ,ɸ a k ɨ,,zariquiey2017,156,,,,0,( - - - ) ɸ a k ɨ - - ( - - - - - ),breeding,
Sharanawa-18_child-1,,Sharanawa,18_child,ɸakɨ,ɸakɨ,ɸ a k ɨ,,zariquiey2017,156,,,,0,( - - - ) ɸ a k ɨ - - ( - - - - - ),breeding,
Amawaka-18_child-1,,Amawaka,18_child,piʃta,piʃta,p i ʃ t a,,zariquiey2017,120,,,,0,p i ʃ t a,small,
Nawa-18_child-1,,Nawa,18_child,ɸakɨ,ɸakɨ,ɸ a k ɨ,,zariquiey2017,156,,,,0,( - - - ) ɸ a k ɨ - - ( - - - - - ),breeding,
Marinawa-18_child-1,,Marinawa,18_child,ɸakɨ,ɸakɨ,ɸ a k ɨ,,zariquiey2017,156,,,,0,( - - - ) ɸ a k ɨ - - ( - - - - - ),breeding,
Yaminawa-18_child-1,,Yaminawa,18_child,waʔɨhu,waʔɨhu,w a ʔ ɨ ɸ u,,zariquiey2017,156,,,,0,( - - - ) w a ʔ ɨ - - ( ɸ u - - - ),breeding _bu,
Kashinawa_P-18_child-1,,Kashinawa_P,18_child,βakɨʧta,βakɨʧta,β a k ɨ tʃ a,,zariquiey2017,156,,,,0,( - - - ) β a k ɨ - - ( - - tʃ a - ),breeding _DIM,
Matses-63_head-1,,Matses,63_head,mapi,mapi,m a + p i,,fleck2005,554,,,,77 184,m a + - - - - - - - - - p i,head _pi,
Matis-63_head-1,,Matis,63_head,maʂo,maʂo,m a + ʂ o,,fleck2005,554,,,,77 180,m a + - - - - - - - ʂ o - -,head _ʂo,
Marubo-63_head-1,,Marubo,63_head,mapu,mapu,m a + p u,,fleck2005,554,,,,77 76,m a + p u - - - - - - - - -,head _pu,
Katukina-63_head-1,,Katukina,63_head,mapu,mapu,m a + p u,,aguiar1994,554,,,,77 76,m a + p u - - - - - - - - -,head _pu,
Kanamari-63_head-1,,Kanamari,63_head,mapu,mapu,m a + p u,,aguiar1994,554,,,,77 76,m a + p u - - - - - - - - -,head _pu,
Shipibo_Konibo-63_head-1,,Shipibo_Konibo,63_head,mapu,mapu,m a + p u,,fleck2005,554,,,,77 76,m a + p u - - - - - - - - -,head _pu,
Kapanawa-63_head-1,,Kapanawa,63_head,mapu,mapu,m a + p u,,loos1998,554,,,,77 76,m a + p u - - - - - - - - -,head _pu,
Arara-63_head-1,,Arara,63_head,βapu,mapu,m a + p u,,cunha1993,554,,,,77 76,m a + p u - - - - - - - - -,head _pu,
Arara-63_head-2,,Arara,63_head,βuʃka,βuʃka,β u + ʃ k a,,cunha1993,1628,,,,81 79,β u + ʃ k a - -,head _ʂka,
Shanenawa-63_head-1,,Shanenawa,63_head,mapu,mapu,m a + p u,,lanes2005,554,,,,77 76,m a + p u - - - - - - - - -,head _pu,
Yawanawa-63_head-1,,Yawanawa,63_head,mapu,mapu,m a + p u,,paula1992,554,,,,77 76,m a + p u - - - - - - - - -,head _pu,
Nukini-63_head-1,,Nukini,63_head,mapu,mapu,m a + p u,,aguiar2004,554,,,,77 76,m a + p u - - - - - - - - -,head _pu,
Poyanawa-63_head-1,,Poyanawa,63_head,βuhka,βuhka,β u + h k a,,paula1992,1628,,,,81 79,β u + h k a - -,hair _ʂka,
Iskonawa-63_head-1,,Iskonawa,63_head,βuhka,βuhka,β u + h k a,,zariquiey2017,1628,,,,81 79,β u + h k a - -,hair _ʂka,
Chakobo-63_head-1,,Chakobo,63_head,mapu,mapu,m a + p u,,zingg1998,554,,,,77 76,m a + p u - - - - - - - - -,head _pu,
Pakawara-63_head-1,,Pakawara,63_head,mapu,mapu,m a + p u,,key2000,554,,,,77 76,m a + p u - - - - - - - - -,head _pu,
Kakataibo-63_head-1,,Kakataibo,63_head,maʂka,maʂka,m a + ʂ k a,,zariquiey2017,554,,,,77 79,m a + - - ʂ k a - - - - - -,head _ʂka,
Kaxarari-63_head-1,,Kaxarari,63_head,wɨʂkata,wɨʂkata,w ɨ + ʂ k a t a,,couto2005,1628,,,,0 79,w ɨ + ʂ k a t a,forehead _ʂkata,
Mastanawa-63_head-1,,Mastanawa,63_head,bapu,bapu,b a + p u,,zariquiey2017,554,,,,77 76,b a + p u - - - - - - - - -,head _pu,
Chaninawa-63_head-1,,Chaninawa,63_head,βasakati,basakati,b a + s k a t i,,zariquiey2017,554,,,,77 79,b a + - - s k a t i - - - -,head _ʂka,
Sharanawa-63_head-1,,Sharanawa,63_head,bapu,bapu,b a + p u,,zariquiey2017,554,,,,77 76,b a + p u - - - - - - - - -,head _pu,
Amawaka-63_head-1,,Amawaka,63_head,mapu,mapu,m a + p u,,zariquiey2017,554,,,,77 76,m a + p u - - - - - - - - -,head _pu,
Nawa-63_head-1,,Nawa,63_head,ba:pu,bapu,b a + p u,,zariquiey2017,554,,,,77 76,b a + p u - - - - - - - - -,head _pu,
Marinawa-63_head-1,,Marinawa,63_head,bapu,bapu,b a + p u,,zariquiey2017,554,,,,77 76,b a + p u - - - - - - - - -,head _pu,
Marinawa-63_head-2,,Marinawa,63_head,ɸuʂka,ɸuʂka,ɸ u + ʂ k a,,zariquiey2017,1628,,,,81 79,ɸ u + ʂ k a - -,hair _ʂka,
Yaminawa-63_head-1,,Yaminawa,63_head,bapu,bapu,b a + p u,,zariquiey2017,554,,,,77 76,b a + p u - - - - - - - - -,head _pu,
Kashinawa_P-63_head-1,,Kashinawa_P,63_head,βuʂka,βuʂka,β u + ʂ k a,,zariquiey2017,1628,,,,81 79,β u + ʂ k a - -,hair _ʂka,
Kashinawa_B-63_head-1,,Kashinawa_B,63_head,βuʂka,βuʂka,β u + ʂ k a,,camargo1995,1628,,,,81 79,β u + ʂ k a - -,hair _ʂka,
Matses-60_hair-1,,Matses,60_hair,βu,manɨdaid,m a + n ɨ d a i d,,fleck2005,1629,,,,77 83,m a + n ë d a i d,head _nëdaid,
Matis-60_hair-1,,Matis,60_hair,ʂakkete,ʂakkete,ʂ a k k e t e,,fleck2005,543,,,,58,ʂ a k + k e + t e,sakkete,
Marubo-60_hair-1,,Marubo,60_hair,βu,βu,β u,,fleck2005,539,,,,9,β u - -,hair,
Katukina-60_hair-1,,Katukina,60_hair,βuu,βuu,β u,,aguiar1994,539,,,,9,β u - -,hair,
Kanamari-60_hair-1,,Kanamari,60_hair,βuu,βuu,β u,,aguiar1994,539,,,,9,β u - -,hair,
Shipibo_Konibo-60_hair-1,,Shipibo_Konibo,60_hair,βu,βu,β u,,fleck2005,539,,,,9,β u - -,hair,
Kapanawa-60_hair-1,,Kapanawa,60_hair,βu,βu,β u,,loos1998,539,,,,9,β u - -,hair,
Arara-60_hair-1,,Arara,60_hair,hu,hu,h u,,cunha1993,539,,,,81,h u - -,hair,
Shanenawa-60_hair-1,,Shanenawa,60_hair,ɸu,ɸu,ɸ u,,lanes2005,539,,,,9,ɸ u - -,hair,
Yawanawa-60_hair-1,,Yawanawa,60_hair,βu,βu,β u,,paula1992,539,,,,9,β u - -,hair,
Nukini-60_hair-1,,Nukini,60_hair,βu,βu,β u,,aguiar2004,539,,,,9,β u - -,hair,
Poyanawa-60_hair-1,,Poyanawa,60_hair,βu,βu,β u,,paula1992,539,,,,9,β u - -,hair,
Iskonawa-60_hair-1,,Iskonawa,60_hair,βu,βu,β u,,zariquiey2017,539,,,,9,β u - -,hair,
Chakobo-60_hair-1,,Chakobo,60_hair,βu,βu,β u,,zingg1998,539,,,,9,β u - -,hair,
Pakawara-60_hair-1,,Pakawara,60_hair,wuu,wuu,w uː,,key2000,539,,,,9,w uː - -,hair,
Kakataibo-60_hair-1,,Kakataibo,60_hair,βu,βu,β u,,zariquiey2017,539,,,,9,β u - -,hair,
Kaxarari-60_hair-1,,Kaxarari,60_hair,wɨʂkatʃani,βɨʂkatʃani,β ɨ + ʂ k a + tʃ a n i,,couto2005,542,,,,81 79 10,w u + ʂ k a + tʃ a n i,forehead _ʂka bodyhair,
Mastanawa-60_hair-1,,Mastanawa,60_hair,fuʔu,fuʔu,f u ʔ u,,zariquiey2017,539,,,,9,f u ʔ u,hair,
Chaninawa-60_hair-1,,Chaninawa,60_hair,ɸu,ɸu,ɸ u,,zariquiey2017,539,,,,9,ɸ u - -,hair,
Sharanawa-60_hair-1,,Sharanawa,60_hair,ɸu,ɸu,ɸ u,,zariquiey2017,539,,,,9,ɸ u - -,hair,
Amawaka-60_hair-1,,Amawaka,60_hair,βu,βu,β u,,zariquiey2017,539,,,,9,β u - -,hair,
Nawa-60_hair-1,,Nawa,60_hair,ɸuʔu,ɸuʔu,ɸ u ʔ u,,zariquiey2017,539,,,,9,ɸ u ʔ u,hair,
Marinawa-60_hair-1,,Marinawa,60_hair,ɸuʔu,ɸuʔu,ɸ u ʔ u,,zariquiey2017,539,,,,9,ɸ u ʔ u,hair,
Yaminawa-60_hair-1,,Yaminawa,60_hair,hu,hu,ɸ u,,zariquiey2017,539,,,,9,ɸ u - -,hair,
Kashinawa_P-60_hair-1,,Kashinawa_P,60_hair,βu,βu,β u,,zariquiey2017,539,,,,9,β u - -,hair,
Kashinawa_B-60_hair-1,,Kashinawa_B,60_hair,βu,βu,β u,,camargo1995,539,,,,9,β u - -,hair,
Matses-33_ear-1,,Matses,33_ear,paβiate,paβiate,p a + β i a t e,,fleck2005,310,,,,185 190,p a - + - - - - - - - - - - - - - β i a t e,ear _biate,
Matis-33_ear-1,,Matis,33_ear,paβɨʂan,paβɨʂan,p a + β ɨ ʂ a n,,fleck2005,310,,,,185 186,p a - + - - - - - - - - β ɨ ʂ a n - - - - -,ear _bɨsan,
Marubo-33_ear-1,,Marubo,33_ear,pantʃu,pantʃu,p a n + tʃ u,,fleck2005,310,,,,185 226,p a n + - - - - - - tʃ u - - - - - - - - - -,ear _tʃu,
Katukina-33_ear-1,,Katukina,33_ear,pantxu,pantxu,p a n + ʈʂ u,,aguiar1994,310,,,,185 226,p a n + - - - - - - ʈʂ u - - - - - - - - - -,ear _tʃu,
Kanamari-33_ear-1,,Kanamari,33_ear,pãtʃo,pãtʃo,p a n + tʃ o,,aguiar1994,310,,,,185 226,p a n + - - - - - - tʃ o - - - - - - - - - -,ear _tʃu,
Shipibo_Konibo-33_ear-1,,Shipibo_Konibo,33_ear,paβiki,paβiki,p a + β i k i,,fleck2005,310,,,,185 187,p a - + - β i - k i - - - - - - - - - - - -,ear _binki,
Kapanawa-33_ear-1,,Kapanawa,33_ear,paβinki,paβinki,p a + β i n k i,,loos1998,310,,,,185 187,p a - + - β i n k i - - - - - - - - - - - -,ear _binki,
Arara-33_ear-1,,Arara,33_ear,patʃi,patʃi,p a + tʃ i,,cunha1993,310,,,,185 226,p a - + - - - - - - tʃ i - - - - - - - - - -,ear _tʃu,
Shanenawa-33_ear-1,,Shanenawa,33_ear,pahinki,pahinki,p a + h i n k i,,lanes2005,310,,,,185 187,p a - + - h i n k i - - - - - - - - - - - -,ear _binki,
Yawanawa-33_ear-1,,Yawanawa,33_ear,pahinki,pahinki,p a + h i n k i,,paula1992,310,,,,185 187,p a - + - h i n k i - - - - - - - - - - - -,ear _binki,
Nukini-33_ear-1,,Nukini,33_ear,paβiki,paβiki,p a + β i k i,,aguiar2004,310,,,,185 187,p a - + - β i - k i - - - - - - - - - - - -,ear _binki,
Poyanawa-33_ear-1,,Poyanawa,33_ear,pabĩki,pabĩki,p a + b ĩ k i,,paula1992,310,,,,185 187,p a - + - b ĩ - k i - - - - - - - - - - - -,ear _binki,
Iskonawa-33_ear-1,,Iskonawa,33_ear,paβinki,paβinki,p a + β i n k i,,zariquiey2017,310,,,,185 187,p a - + - β i n k i - - - - - - - - - - - -,ear _binki,
Chakobo-33_ear-1,,Chakobo,33_ear,pa?uki,paʔuki,p a + ʔ u k i,,zingg1998,310,,,,185 187,p a - + ʔ u - k i - - - - - - - - - - - - -,ear _binki,
Pakawara-33_ear-1,,Pakawara,33_ear,pa?uki,paʔuki,p a + ʔ u k i,,key2000,310,,,,185 187,p a - + ʔ u - k i - - - - - - - - - - - - -,ear _ʔuki,
Kakataibo-33_ear-1,,Kakataibo,33_ear,paβi,paβi,p a + β i,,zariquiey2017,310,,,,185 187,p a - + - β i - - - - - - - - - - - - - - -,ear _βi,
Kaxarari-33_ear-1,,Kaxarari,33_ear,isãkili,isãkili,i s ã + k i l i,,couto2005,267,,,,191 193,i s + ã k i l i,temple _kili,
Mastanawa-33_ear-1,,Mastanawa,33_ear,paʧu,paʧu,p a + tʃ u,,zariquiey2017,310,,,,185 226,p a - + - - - - - - tʃ u - - - - - - - - - -,ear _tʃu,
Chaninawa-33_ear-1,,Chaninawa,33_ear,dikati,dikati,d i k a + t i,,zariquiey2017,313,,,,194 196,d i k a + t i,hear _ti,
Sharanawa-33_ear-1,,Sharanawa,33_ear,pat͡ʃu,pat͡ʃu,p a + tʃ u,,zariquiey2017,310,,,,185 226,p a - + - - - - - - tʃ u - - - - - - - - - -,ear _tʃu,
Amawaka-33_ear-1,,Amawaka,33_ear,pawinki,pawinki,p a + w i n k i,,zariquiey2017,310,,,,185 187,p a - + - w i n k i - - - - - - - - - - - -,ear _binki,
Nawa-33_ear-1,,Nawa,33_ear,paʧu,paʧu,p a + tʃ u,,zariquiey2017,310,,,,185 226,p a - + - - - - - - tʃ u - - - - - - - - - -,ear _tʃu,
Nawa-33_ear-2,,Nawa,33_ear,dikati,dikati,d i k a + t i,,zariquiey2017,313,,,,194 196,d i k a + t i,hear _ti,
Marinawa-33_ear-1,,Marinawa,33_ear,paɸiki,paɸiki,p a + ɸ i k i,,zariquiey2017,310,,,,185 187,p a - + - ɸ i - k i - - - - - - - - - - - -,ear _binki,
Yaminawa-33_ear-1,,Yaminawa,33_ear,paʧu,paʧu,p a + tʃ u,,zariquiey2017,310,,,,185 226,p a - + - - - - - - tʃ u - - - - - - - - - -,ear _tʃu,
Kashinawa_P-33_ear-1,,Kashinawa_P,33_ear,paβinki,paβinki,p a + β i n k i,,zariquiey2017,310,,,,185 187,p a - + - β i n k i - - - - - - - - - - - -,ear _binki,
Kashinawa_B-33_ear-1,,Kashinawa_B,33_ear,paβĩki,paβĩki,p a + β ĩ k i,,camargo1995,310,,,,185 187,p a - + - β ĩ - k i - - - - - - - - - - - -,ear _binki,
Matses-37_eye-1,,Matses,37_eye,ɨʂɨ,ɨʂɨ,ɨ ʂ ɨ,,fleck2005,332,,,,201,ɨ ʂ ɨ,seed,
Matis-37_eye-1,,Matis,37_eye,βɨdu,βɨdu,β ɨ + d u,,fleck2005,330,,,,198 195,β ɨ + d u - - - - - -,eye _ɾu,
Marubo-37_eye-1,,Marubo,37_eye,βɨru,βɨru,β ɨ + r u,,fleck2005,330,,,,198 195,β ɨ + r u - - - - - -,eye _ɾu,
Katukina-37_eye-1,,Katukina,37_eye,βiru,βiru,β i + r u,,aguiar1994,330,,,,198 195,β i + r u - - - - - -,eye _ɾu,
Kanamari-37_eye-1,,Kanamari,37_eye,mβɨru,mβɨru,ⁿβ ɨ + r u,,aguiar1994,330,,,,198 195,ⁿβ ɨ + r u - - - - - -,eye _ɾu,
Shipibo_Konibo-37_eye-1,,Shipibo_Konibo,37_eye,βɨru,βɨru,β ɨ + r u,,fleck2005,330,,,,198 195,β ɨ + r u - - - - - -,eye _ɾu,
Kapanawa-37_eye-1,,Kapanawa,37_eye,βɨru,βɨru,β ɨ + r u,,loos1998,330,,,,198 195,β ɨ + r u - - - - - -,eye _ɾu,
Arara-37_eye-1,,Arara,37_eye,βɨrɨ,βɨrɨ,β ɨ + r ɨ,,cunha1993,330,,,,198 195,β ɨ + r ɨ - - - - - -,eye _ɾɨ,
Shanenawa-37_eye-1,,Shanenawa,37_eye,ɸɨru,ɸɨru,ɸ ɨ + r u,,lanes2005,330,,,,198 195,ɸ ɨ + r u - - - - - -,eye _ɾu,
Yawanawa-37_eye-1,,Yawanawa,37_eye,βɨru,βɨru,β ɨ + r u,,paula1992,330,,,,198 195,β ɨ + r u - - - - - -,eye _ɾu,
Nukini-37_eye-1,,Nukini,37_eye,βɨrɨ,βɨrɨ,β ɨ + r u,,aguiar2004,330,,,,198 195,β ɨ + r u - - - - - -,eye _ɾu,
Poyanawa-37_eye-1,,Poyanawa,37_eye,βɨru,βɨru,β ɨ + r u,,paula1992,330,,,,198 195,β ɨ + r u - - - - - -,eye _ɾu,
Iskonawa-37_eye-1,,Iskonawa,37_eye,βɨɾu,βɨɾu,β ɨ + ɾ u,,zariquiey2017,330,,,,198 195,β ɨ + ɾ u - - - - - -,eye _ɾu,
Chakobo-37_eye-1,,Chakobo,37_eye,βɨru,βɨru,β ɨ + r u,,zingg1998,330,,,,198 195,β ɨ + r u - - - - - -,eye _ɾu,
Pakawara-37_eye-1,,Pakawara,37_eye,wɨru,wɨru,w ɨ + r u,,key2000,330,,,,198 195,w ɨ + r u - - - - - -,eye _ɾu,
Kakataibo-37_eye-1,,Kakataibo,37_eye,βɨro,βɨro,β ɨ + ɾ u,,zariquiey2017,330,,,,198 195,β ɨ + ɾ u - - - - - -,eye _ɾu,
Kaxarari-37_eye-1,,Kaxarari,37_eye,wɨtʃɨwɨ,wɨtʃɨ,w ɨ + tʃ ɨ w ɨ,,couto2005,330,,,,198 0,w ɨ + - - tʃ ɨ w ɨ - -,eye _tʃɨwɨ,
Kaxarari-37_eye-2,,Kaxarari,37_eye,βutʃu,βɨtʃu,β ɨ + tʃ u,,couto2005,330,,,,198 197,β ɨ + - - - - - - tʃ u,eye _tʃu,
Mastanawa-37_eye-1,,Mastanawa,37_eye,ɸɨɾu,ɸɨɾu,ɸ ɨ + ɾ u,,zariquiey2017,330,,,,198 195,ɸ ɨ + ɾ u - - - - - -,eye _ɾu,
Chaninawa-37_eye-1,,Chaninawa,37_eye,ɸɨɾu,ɸɨɾu,β ɨ + ɾ u,,zariquiey2017,330,,,,198 195,β ɨ + ɾ u - - - - - -,eye _ɾu,
Sharanawa-37_eye-1,,Sharanawa,37_eye,ɸɨɾu,ɸɨɾu,ɸ ɨ + ɾ u,,zariquiey2017,330,,,,198 195,ɸ ɨ + ɾ u - - - - - -,eye _ɾu,
Amawaka-37_eye-1,,Amawaka,37_eye,βɨɾu,βɨɾu,β ɨ + ɾ u,,zariquiey2017,330,,,,198 195,β ɨ + ɾ u - - - - - -,eye _ɾu,
Nawa-37_eye-1,,Nawa,37_eye,ɸɨɾu,ɸɨɾu,ɸ ɨ + ɾ u,,zariquiey2017,330,,,,198 195,ɸ ɨ + ɾ u - - - - - -,eye _ɾu,
Marinawa-37_eye-1,,Marinawa,37_eye,ɸwɨɾu,ɸɨɾu,ɸ ɨ + ɾ u,,zariquiey2017,330,,,,198 195,ɸ ɨ + ɾ u - - - - - -,eye _ɾu,
Yaminawa-37_eye-1,,Yaminawa,37_eye,ɸɨɾu,ɸɨɾu,ɸ ɨ + ɾ u,,zariquiey2017,330,,,,198 195,ɸ ɨ + ɾ u - - - - - -,eye _ɾu,
Kashinawa_P-37_eye-1,,Kashinawa_P,37_eye,βɨɾu,βɨɾu,β ɨ + ɾ u,,zariquiey2017,330,,,,198 195,β ɨ + ɾ u - - - - - -,eye _ɾu,
Kashinawa_B-37_eye-1,,Kashinawa_B,37_eye,βɨdu,βɨdu,β ɨ + d u,,camargo1995,330,,,,198 195,β ɨ + d u - - - - - -,eye _ɾu,
Matses-96_nose-1,,Matses,96_nose,dɨβiate,dɨβiate,d ɨ + β i a t e,,fleck2005,830,,,,151 157,d ɨ + - - - - - - - - - - - - - - - β i a t e - -,nose _biate,
Matis-96_nose-1,,Matis,96_nose,dɨʂan,dɨʂan,d ɨ + ʂ a n,,fleck2005,830,,,,151 155,d ɨ + - - - - - - - - - - - - ʂ a n - - - - - - -,nose _san,
Marubo-96_nose-1,,Marubo,96_nose,rɨkin,rɨkin,r ɨ + k i n,,fleck2005,830,,,,151 153,r ɨ + k i n - - - - - - - - - - - - - - - - - - -,nose _kin,
Katukina-96_nose-1,,Katukina,96_nose,renkin,renkin,r ɨ + k i n,,aguiar1994,830,,,,151 153,r ɨ + k i n - - - - - - - - - - - - - - - - - - -,nose _kin,
Kanamari-96_nose-1,,Kanamari,96_nose,rɨkĩ,rɨkĩ,r ɨ + k ĩ,,aguiar1994,830,,,,151 153,r ɨ + k ĩ - - - - - - - - - - - - - - - - - - - -,nose _kin,
Shipibo_Konibo-96_nose-1,,Shipibo_Konibo,96_nose,rɨkin,rɨkin,r ɨ + k i n,,fleck2005,830,,,,151 153,r ɨ + k i n - - - - - - - - - - - - - - - - - - -,nose _kin,
Kapanawa-96_nose-1,,Kapanawa,96_nose,rɨkin,rɨkin,r ɨ + k i n,,loos1998,830,,,,151 153,r ɨ + k i n - - - - - - - - - - - - - - - - - - -,nose _kin,
Arara-96_nose-1,,Arara,96_nose,rĩkĩ,rĩkĩ,r ĩ + k ĩ,,cunha1993,830,,,,151 153,r ĩ + k ĩ - - - - - - - - - - - - - - - - - - - -,nose _kin,
Shanenawa-96_nose-1,,Shanenawa,96_nose,rɨkin,rɨkin,r ɨ + k i n,,lanes2005,830,,,,151 153,r ɨ + k i n - - - - - - - - - - - - - - - - - - -,nose _kin,
Yawanawa-96_nose-1,,Yawanawa,96_nose,rɨkin,rɨkin,r ɨ + k i n,,paula1992,830,,,,151 153,r ɨ + k i n - - - - - - - - - - - - - - - - - - -,nose _kin,
Nukini-96_nose-1,,Nukini,96_nose,rɨ̃kɨ̃,rɨ̃kɨ̃,r ɨ̃ + k ɨ̃,,aguiar2004,830,,,,151 153,r ɨ̃ + k ɨ̃ - - - - - - - - - - - - - - - - - - - -,nose _kin,
Poyanawa-96_nose-1,,Poyanawa,96_nose,rɨnkĩ,rɨnkĩ,r ɨ + k ĩ,,paula1992,830,,,,151 153,r ɨ + k ĩ - - - - - - - - - - - - - - - - - - - -,nose _kin,
Iskonawa-96_nose-1,,Iskonawa,96_nose,ɾɨnkĩ,ɾɨnkĩ,ɾ ɨ + k ĩ,,zariquiey2017,830,,,,151 153,ɾ ɨ + k ĩ - - - - - - - - - - - - - - - - - - - -,nose _kin,
Chakobo-96_nose-1,,Chakobo,96_nose,rɨʂaki,rɨʂaki,r ɨ + ʂ a k i,,zingg1998,830,,,,151 152,r ɨ + - - - - ʂ a k i - - - - - - - - - - - - - -,nose _ʂaki,
Pakawara-96_nose-1,,Pakawara,96_nose,rɨkina,rɨkina,r ɨ + k i n a,,key2000,830,,,,151 153,r ɨ + k i n a - - - - - - - - - - - - - - - - - -,nose _kin,
Kakataibo-96_nose-1,,Kakataibo,96_nose,rɨkin,rɨkin,r ɨ + k i n,,zariquiey2017,830,,,,151 153,r ɨ + k i n - - - - - - - - - - - - - - - - - - -,nose _kin,
Kaxarari-96_nose-1,,Kaxarari,96_nose,tʃɨkani,tʃɨkani,r ɨ + k a n i,,couto2005,830,,,,151 153,r ɨ + k a n i - - - - - - - - - - - - - - - - - -,nose _kani,
Mastanawa-96_nose-1,,Mastanawa,96_nose,ɾɨʧuʔu,ɾɨʧuʔu,ɾ ɨ + tʃ u ʔ u,,zariquiey2017,830,,,,151 154,ɾ ɨ + - - - - - - - - tʃ u ʔ u - - - - - - - - - -,nose _ʧuku,
Chaninawa-96_nose-1,,Chaninawa,96_nose,ɾɨki,ɾɨki,ɾ ɨ + k i,,zariquiey2017,830,,,,151 153,ɾ ɨ + k i - - - - - - - - - - - - - - - - - - - -,nose _kin,
Sharanawa-96_nose-1,,Sharanawa,96_nose,ɾɨt͡ʃuku,ɾɨt͡ʃuku,ɾ ɨ + tʃ u k u,,zariquiey2017,830,,,,151 154,ɾ ɨ + - - - - - - - - tʃ u k u - - - - - - - - - -,nose _ʧuku,
Amawaka-96_nose-1,,Amawaka,96_nose,ɾɨ(n)kin,ɾɨkin,ɾ ɨ + k i n,,zariquiey2017,830,,,,151 153,ɾ ɨ + k i n - - - - - - - - - - - - - - - - - - -,nose _kin,
Nawa-96_nose-1,,Nawa,96_nose,ɾɨʧa,ɾɨʧa,ɾ ɨ + tʃ a,,zariquiey2017,830,,,,151 156,ɾ ɨ + - - - - - - - - - - - - - - - - - - - - tʃ a,nose _ʧa,
Marinawa-96_nose-1,,Marinawa,96_nose,ɾɨʧuku,ɾɨʧuku,ɾ ɨ + tʃ u k u,,zariquiey2017,830,,,,151 154,ɾ ɨ + - - - - - - - - tʃ u k u - - - - - - - - - -,nose _ʧuku,
Yaminawa-96_nose-1,,Yaminawa,96_nose,ɾɨʧuʔu,ɾɨʧuʔu,ɾ ɨ + tʃ u ʔ u,,zariquiey2017,830,,,,151 154,ɾ ɨ + - - - - - - - - tʃ u ʔ u - - - - - - - - - -,nose _ʧuku,
Kashinawa_P-96_nose-1,,Kashinawa_P,96_nose,dɨki,dɨki,d ɨ + k i,,zariquiey2017,830,,,,151 153,d ɨ + k i - - - - - - - - - - - - - - - - - - - -,nose _kin,
Kashinawa_P-96_nose-2,,Kashinawa_P,96_nose,ɾɨki,ɾɨki,ɾ ɨ + k i,,zariquiey2017,830,,,,151 153,ɾ ɨ + k i - - - - - - - - - - - - - - - - - - - -,nose _kin,
Kashinawa_B-96_nose-1,,Kashinawa_B,96_nose,dɨkĩ,dɨkĩ,d ɨ + k ĩ,,camargo1995,830,,,,151 153,d ɨ + k ĩ - - - - - - - - - - - - - - - - - - - -,nose _kin,
Matses-89_mouth-1,,Matses,89_mouth,ana,ana,a n + a,,fleck2005,767,,,,240 242,- a n + a,mouth/tongue _a,
Matis-89_mouth-1,,Matis,89_mouth,ana,ana,a n + a,,fleck2005,767,,,,240 242,- a n + a,mouth/tongue _a,
Marubo-89_mouth-1,,Marubo,89_mouth,ana,ana,a n + a,,fleck2005,767,,,,240 242,- a n + a,mouth/tongue _a,
Katukina-89_mouth-1,,Katukina,89_mouth,ana,ana,a n + a,,aguiar1994,767,,,,240 242,- a n + a,mouth/tongue _a,
Kanamari-89_mouth-1,,Kanamari,89_mouth,kɨʃa,kɨʃa,k ɨ + ʃ a,,aguiar1994,768,,,,21 239,k ɨ + ʃ a - - - - - -,lips _ʂa,
Shipibo_Konibo-89_mouth-1,,Shipibo_Konibo,89_mouth,kɨʂa,kɨʂa,k ɨ + ʂ a,,fleck2005,768,,,,21 239,k ɨ + ʂ a - - - - - -,lips _ʂa,
Kapanawa-89_mouth-1,,Kapanawa,89_mouth,kɨʂa,kɨʂa,k ɨ + ʂ a,,loos1998,768,,,,21 239,k ɨ + ʂ a - - - - - -,lips _ʂa,
Arara-89_mouth-1,,Arara,89_mouth,aʃɨa,aʃɨa,a ʃ + ɨ a,,cunha1993,1569,,,,253 242,- a ʃ + - - - - ɨ a,hole _wa,
Shanenawa-89_mouth-1,,Shanenawa,89_mouth,aʂɸa,aʂɸa,a ʂ + ɸ a,,lanes2005,1569,,,,253 254,- a ʂ + - - ɸ a - -,hole _wa,
Yawanawa-89_mouth-1,,Yawanawa,89_mouth,aʂβa,aʂβa,a ʂ + β a,,paula1992,1569,,,,253 254,- a ʂ + - - β a - -,hole _wa,
Nukini-89_mouth-1,,Nukini,89_mouth,kɨha,kɨha,k ɨ + h a,,aguiar2004,768,,,,21 239,k ɨ + h a - - - - - -,lips _ʂa,
Poyanawa-89_mouth-1,,Poyanawa,89_mouth,kɨha,kɨha,k ɨ + h a,,paula1992,768,,,,21 239,k ɨ + h a - - - - - -,lips _ʂa,
Iskonawa-89_mouth-1,,Iskonawa,89_mouth,kɨha,kɨha,k ɨ + h a,,zariquiey2017,768,,,,21 239,k ɨ + h a - - - - - -,lips _ʂa,
Chakobo-89_mouth-1,,Chakobo,89_mouth,hana,hana,h a n + a,,zingg1998,767,,,,240 242,h a n + a,mouth/tongue _a,
Pakawara-89_mouth-1,,Pakawara,89_mouth,kɨwɨtʃi,kɨwɨtʃi,k ɨ + w ɨ tʃ i,,key2000,768,,,,21 237 238,k ɨ + - - - - w ɨ tʃ i,lips _Bitʃi,
Kakataibo-89_mouth-1,,Kakataibo,89_mouth,kwɨβi,kwɨβi,kʷ ɨ + β i,,zariquiey2017,768,,,,21 237,kʷ ɨ + - - - - β i - -,lips _βi,
Kaxarari-89_mouth-1,,Kaxarari,89_mouth,kɨʂaka,kɨʂaka,k ɨ + ʂ a k a,,couto2005,768,,,,21 239,k ɨ + ʂ a k a - - - -,lips _ʂa,
Mastanawa-89_mouth-1,,Mastanawa,89_mouth,aʂwa,aʂwa,a ʂ + w a,,zariquiey2017,1569,,,,253 254,- a ʂ + - - w a - -,hole _wa,
Chaninawa-89_mouth-1,,Chaninawa,89_mouth,aʂwa,aʂpa,a ʂ + p a,,zariquiey2017,1569,,,,253 254,- a ʂ + p a - - - -,hole _wa,
Sharanawa-89_mouth-1,,Sharanawa,89_mouth,aʂɸa,aʂɸa,a ʂ + ɸ a,,zariquiey2017,1569,,,,253 254,- a ʂ + - - ɸ a - -,hole _wa,
Amawaka-89_mouth-1,,Amawaka,89_mouth,kɨça,kɨça,k ɨ + ç a,,zariquiey2017,768,,,,21 239,k ɨ + ç a - - - - - -,lips _ʂa,
Nawa-89_mouth-1,,Nawa,89_mouth,aʂwa,aʂwa,a ʂ + w a,,zariquiey2017,1569,,,,253 254,- a ʂ + - - w a - -,hole _wa,
Marinawa-89_mouth-1,,Marinawa,89_mouth,aʂɸa,aʂɸa,a ʂ + ɸ a,,zariquiey2017,1569,,,,253 254,- a ʂ + - - ɸ a - -,hole _wa,
Yaminawa-89_mouth-1,,Yaminawa,89_mouth,aʂwã,aʂwã,a ʂ + w a,,zariquiey2017,1569,,,,253 254,- a ʂ + - - w a - -,hole _wa,
Kashinawa_P-89_mouth-1,,Kashinawa_P,89_mouth,haʂpa,haʂpa,h a ʂ + p a,,zariquiey2017,1569,,,,253 254,h a ʂ + p a - - - -,hole _pa,
Kashinawa_B-89_mouth-1,,Kashinawa_B,89_mouth,kɨʂa,kɨʂa,k ɨ + ʂ a,,camargo1995,768,,,,21 239,k ɨ + ʂ a - - - - - -,lips _ʂa,
Matses-154_tongue-1,,Matses,154_tongue,ana,ana,a n + a,,fleck2005,1330,,,,166 6,- a n + a,mouth/tongue _a,
Matis-154_tongue-1,,Matis,154_tongue,ana,ana,a n + a,,fleck2005,1330,,,,166 6,- a n + a,mouth/tongue _a,
Marubo-154_tongue-1,,Marubo,154_tongue,ana rɨβu,ana,a n + a,,fleck2005,1330,,,,166 6,- a n + a,mouth/tongue _a,
Katukina-154_tongue-1,,Katukina,154_tongue,ana,ana,a n + a,,aguiar1994,1330,,,,166 6,- a n + a,mouth/tongue _a,
Kanamari-154_tongue-1,,Kanamari,154_tongue,hana,hana,h a n + a,,aguiar1994,1330,,,,166 6,h a n + a,mouth/tongue _a,
Shipibo_Konibo-154_tongue-1,,Shipibo_Konibo,154_tongue,hana,hana,h a n + a,,fleck2005,1330,,,,166 6,h a n + a,mouth/tongue _a,
Kapanawa-154_tongue-1,,Kapanawa,154_tongue,hana,hana,h a n + a,,loos1998,1330,,,,166 6,h a n + a,mouth/tongue _a,
Arara-154_tongue-1,,Arara,154_tongue,ãda,ãda,ã d + a,,cunha1993,1330,,,,166 6,- ã d + a,mouth/tongue _a,
Shanenawa-154_tongue-1,,Shanenawa,154_tongue,ana,ana,a n + a,,lanes2005,1330,,,,166 6,- a n + a,mouth/tongue _a,
Yawanawa-154_tongue-1,,Yawanawa,154_tongue,ana,ana,a n + a,,paula1992,1330,,,,166 6,- a n + a,mouth/tongue _a,
Nukini-154_tongue-1,,Nukini,154_tongue,anã,anã,a n + a,,aguiar2004,1330,,,,166 6,- a n + a,mouth/tongue _a,
Poyanawa-154_tongue-1,,Poyanawa,154_tongue,anda,anda,a ⁿd + a,,paula1992,1330,,,,166 6,- a ⁿd + a,mouth/tongue _a,
Iskonawa-154_tongue-1,,Iskonawa,154_tongue,ana,ana,a n + a,,zariquiey2017,1330,,,,166 6,- a n + a,mouth/tongue _a,
Chakobo-154_tongue-1,,Chakobo,154_tongue,hana,hana,h a n + a,,zingg1998,1330,,,,166 6,h a n + a,mouth/tongue _a,
Pakawara-154_tongue-1,,Pakawara,154_tongue,hana,hana,h a n + a,,key2000,1330,,,,166 6,h a n + a,mouth/tongue _a,
Kakataibo-154_tongue-1,,Kakataibo,154_tongue,ana,ana,a n + a,,zariquiey2017,1330,,,,166 6,- a n + a,mouth/tongue _a,
Kaxarari-154_tongue-1,,Kaxarari,154_tongue,hana,hana,h a n + a,,couto2005,1330,,,,166 6,h a n + a,mouth/tongue _a,
Mastanawa-154_tongue-1,,Mastanawa,154_tongue,ada,ada,a d + a,,zariquiey2017,1330,,,,166 6,- a d + a,mouth/tongue _a,
Chaninawa-154_tongue-1,,Chaninawa,154_tongue,a:da,a:da,a d + a,,zariquiey2017,1330,,,,166 6,- a d + a,mouth/tongue _a,
Sharanawa-154_tongue-1,,Sharanawa,154_tongue,ada,ada,a d + a,,zariquiey2017,1330,,,,166 6,- a d + a,mouth/tongue _a,
Amawaka-154_tongue-1,,Amawaka,154_tongue,handa,handa,h a ⁿd + a,,zariquiey2017,1330,,,,166 6,h a ⁿd + a,mouth/tongue _a,
Nawa-154_tongue-1,,Nawa,154_tongue,a:da,a:da,a d + a,,zariquiey2017,1330,,,,166 6,- a d + a,mouth/tongue _a,
Marinawa-154_tongue-1,,Marinawa,154_tongue,anda,anda,a ⁿd + a,,zariquiey2017,1330,,,,166 6,- a ⁿd + a,mouth/tongue _a,
Yaminawa-154_tongue-1,,Yaminawa,154_tongue,ada,ada,a d + a,,zariquiey2017,1330,,,,166 6,- a d + a,mouth/tongue _a,
Kashinawa_P-154_tongue-1,,Kashinawa_P,154_tongue,hana,hana,h a n + a,,zariquiey2017,1330,,,,166 6,h a n + a,mouth/tongue _a,
Kashinawa_B-154_tongue-1,,Kashinawa_B,154_tongue,hana,hana,h a n + a,,camargo1995,1330,,,,166 6,h a n + a,mouth/tongue _a,
Matses-155_toothfront-1,,Matses,155_toothfront,ʂɨta,ʂɨta,ʂ ɨ + t a,,fleck2005,1308,,,,246 247,ʂ ɨ + t a - -,tooth _ta,
Matis-155_toothfront-1,,Matis,155_toothfront,ʂɨta,ʂɨta,ʂ ɨ + t a,,fleck2005,1308,,,,246 247,ʂ ɨ + t a - -,tooth _ta,
Marubo-155_toothfront-1,,Marubo,155_toothfront,ʂɨta,ʂɨta,ʂ ɨ + t a,,fleck2005,1308,,,,246 247,ʂ ɨ + t a - -,tooth _ta,
Katukina-155_toothfront-1,,Katukina,155_toothfront,xita,hita,h i + t a,,aguiar1994,1308,,,,246 247,h i + t a - -,tooth _ta,
Kanamari-155_toothfront-1,,Kanamari,155_toothfront,ʂɨta,ʂɨta,ʂ ɨ + t a,,aguiar1994,1308,,,,246 247,ʂ ɨ + t a - -,tooth _ta,
Shipibo_Konibo-155_toothfront-1,,Shipibo_Konibo,155_toothfront,ʂɨta,ʂɨta,ʂ ɨ + t a,,fleck2005,1308,,,,246 247,ʂ ɨ + t a - -,tooth _ta,
Kapanawa-155_toothfront-1,,Kapanawa,155_toothfront,ʂɨta,ʂɨta,ʂ ɨ + t a,,loos1998,1308,,,,246 247,ʂ ɨ + t a - -,tooth _ta,
Arara-155_toothfront-1,,Arara,155_toothfront,ʃɨta,ʂɨta,ʂ ɨ + t a,,cunha1993,1308,,,,246 247,ʂ ɨ + t a - -,tooth _ta,
Shanenawa-155_toothfront-1,,Shanenawa,155_toothfront,ʂɨta,ʂɨta,ʂ ɨ + t a,,lanes2005,1308,,,,246 247,ʂ ɨ + t a - -,tooth _ta,
Yawanawa-155_toothfront-1,,Yawanawa,155_toothfront,ʂɨta,ʂɨta,ʂ ɨ + t a,,paula1992,1308,,,,246 247,ʂ ɨ + t a - -,tooth _ta,
Nukini-155_toothfront-1,,Nukini,155_toothfront,hita,hita,h i + t a,,aguiar2004,1308,,,,246 247,h i + t a - -,tooth _ta,
Iskonawa-155_toothfront-1,,Iskonawa,155_toothfront,hɨta,hɨta,h ɨ + t a,,zariquiey2017,1308,,,,246 247,h ɨ + t a - -,tooth _ta,
Chakobo-155_toothfront-1,,Chakobo,155_toothfront,ʂɨta,ʂɨta,ʂ ɨ + t a,,zingg1998,1308,,,,246 247,ʂ ɨ + t a - -,tooth _ta,
Pakawara-155_toothfront-1,,Pakawara,155_toothfront,ʂɨna,ʂɨna,ʂ ɨ + n a,,key2000,1308,,,,246 247,ʂ ɨ + - - n a,tooth _ta,
Kakataibo-155_toothfront-1,,Kakataibo,155_toothfront,ʂɨta,ʂɨta,ʂ ɨ + t a,,zariquiey2017,1308,,,,246 247,ʂ ɨ + t a - -,tooth _ta,
Kaxarari-155_toothfront-1,,Kaxarari,155_toothfront,ʂɨta,ʂɨta,ʂ ɨ + t a,,couto2005,1308,,,,246 247,ʂ ɨ + t a - -,tooth _ta,
Mastanawa-155_toothfront-1,,Mastanawa,155_toothfront,piti,piti,p i + t i,,zariquiey2017,1333,,,,244 245,p i + t i,eat _ti,
Mastanawa-155_toothfront-2,,Mastanawa,155_toothfront,ʂɨta,ʂɨta,ʂ ɨ + t a,,zariquiey2017,1308,,,,246 247,ʂ ɨ + t a - -,tooth _ta,
Chaninawa-155_toothfront-1,,Chaninawa,155_toothfront,piti,piti,p i + t i,,zariquiey2017,1333,,,,244 245,p i + t i,eat _ti,
Sharanawa-155_toothfront-1,,Sharanawa,155_toothfront,piti,piti,p i + t i,,zariquiey2017,1333,,,,244 245,p i + t i,eat _ti,
Amawaka-155_toothfront-1,,Amawaka,155_toothfront,çɨta,çɨta,ç ɨ + t a,,zariquiey2017,1308,,,,246 247,ç ɨ + t a - -,tooth _ta,
Nawa-155_toothfront-1,,Nawa,155_toothfront,piti,piti,p i + t i,,zariquiey2017,1333,,,,244 245,p i + t i,eat _ti,
Nawa-155_toothfront-2,,Nawa,155_toothfront,ʂɨta,ʂɨta,ʂ ɨ + t a,,zariquiey2017,1308,,,,246 247,ʂ ɨ + t a - -,tooth _ta,
Marinawa-155_toothfront-1,,Marinawa,155_toothfront,ʂɨta,ʂɨta,ʂ ɨ + t a,,zariquiey2017,1308,,,,246 247,ʂ ɨ + t a - -,tooth _ta,
Yaminawa-155_toothfront-1,,Yaminawa,155_toothfront,piti,piti,p i + t i,,zariquiey2017,1333,,,,244 245,p i + t i,eat _ti,
Kashinawa_P-155_toothfront-1,,Kashinawa_P,155_toothfront,ʃɨta,ʂɨta,ʂ ɨ + t a,,zariquiey2017,1308,,,,246 247,ʂ ɨ + t a - -,tooth _ta,
Kashinawa_B-155_toothfront-1,,Kashinawa_B,155_toothfront,ʂɨtɨ,ʂɨtɨ,ʂ ɨ + t ɨ,,camargo1995,1308,,,,246 247,ʂ ɨ + t ɨ - -,tooth _ta,
Matses-93_neck-1,,Matses,93_neck,tɨnite,tɨnite,t ɨ + n i t e,,fleck2005,806,,,,137 144,t ɨ + - - - - - - - - - - - - - - - - - - - n i t e - - - - - - - - - - -,neck _nite,
Matis-93_neck-1,,Matis,93_neck,tɨtun,tɨtun,t ɨ + t u n,,fleck2005,806,,,,137 150,t ɨ + - - - - - - - - - - - - - - - - t u n - - - - - - - - - - - - - - -,neck _tun,
Marubo-93_neck-1,,Marubo,93_neck,tɨʂu,tɨʂu,t ɨ + ʂ u,,fleck2005,806,,,,137 139,t ɨ + - - - - ʂ u - - - - - - - - - - - - - - - - - - - - - - - - - - - -,neck _ʂu,
Katukina-93_neck-1,,Katukina,93_neck,tispun,tispun,t i + s p u n,,aguiar1994,806,,,,137 147,t i + - - - - - - - - - s p u n - - - - - - - - - - - - - - - - - - - - -,neck _spun,
Kanamari-93_neck-1,,Kanamari,93_neck,taʃu,taʃu,t ɨ + ʃ u,,aguiar1994,806,,,,137 139,t ɨ + - - - - ʃ u - - - - - - - - - - - - - - - - - - - - - - - - - - - -,neck _ʂu,
Shipibo_Konibo-93_neck-1,,Shipibo_Konibo,93_neck,tɨʂu,tɨʂu,t ɨ + ʂ u,,fleck2005,806,,,,137 139,t ɨ + - - - - ʂ u - - - - - - - - - - - - - - - - - - - - - - - - - - - -,neck _ʂu,
Kapanawa-93_neck-1,,Kapanawa,93_neck,tɨʂu,tɨʂu,t ɨ + ʂ u,,loos1998,806,,,,137 139,t ɨ + - - - - ʂ u - - - - - - - - - - - - - - - - - - - - - - - - - - - -,neck _ʂu,
Arara-93_neck-1,,Arara,93_neck,tɨʃu,tɨʃu,t ɨ + ʃ u,,cunha1993,806,,,,137 139,t ɨ + - - - - ʃ u - - - - - - - - - - - - - - - - - - - - - - - - - - - -,neck _ʂu,
Shanenawa-93_neck-1,,Shanenawa,93_neck,tɨʂɨ,tɨʂɨ,t ɨ + ʂ u,,lanes2005,806,,,,137 139,t ɨ + - - - - ʂ u - - - - - - - - - - - - - - - - - - - - - - - - - - - -,neck _ʂu,
Yawanawa-93_neck-1,,Yawanawa,93_neck,tɨʃu,tɨʃu,t ɨ + ʃ u,,paula1992,806,,,,137 139,t ɨ + - - - - ʃ u - - - - - - - - - - - - - - - - - - - - - - - - - - - -,neck _ʂu,
Nukini-93_neck-1,,Nukini,93_neck,nipika,nipika,n i + p i k a,,aguiar2004,804,,,,137 145,n i + p i k a,neck _pika,
Nukini-93_neck-2,,Nukini,93_neck,tukɨ,tɨkɨ,t ɨ + k ɨ,,aguiar2004,806,,,,137 142,t ɨ + - - - - - - - - - - - - - - - - - - - - - - - - - - - - k ɨ - - - -,neck _ki,
Poyanawa-93_neck-1,,Poyanawa,93_neck,tɨhu,tɨhu,t ɨ + h u,,paula1992,806,,,,137 139,t ɨ + - - - - h u - - - - - - - - - - - - - - - - - - - - - - - - - - - -,neck _ʂu,
Iskonawa-93_neck-1,,Iskonawa,93_neck,tɨhu,tɨhu,t ɨ + h u,,zariquiey2017,806,,,,137 139,t ɨ + - - - - h u - - - - - - - - - - - - - - - - - - - - - - - - - - - -,neck _ʂu,
Chakobo-93_neck-1,,Chakobo,93_neck,tɨpuku,tɨpuku,t ɨ + p u k u,,zingg1998,806,,,,137 146,t ɨ + p u k u - - - - - - - - - - - - - - - - - - - - - - - - - - - - - -,neck _puku,
Pakawara-93_neck-1,,Pakawara,93_neck,tikana,tikana,t i + k a n a,,key2000,806,,,,137 141,t i + - - - - - - - - - - - - - - - - - - - - - - - - - - - - - - k a n a,neck _kana,
Kakataibo-93_neck-1,,Kakataibo,93_neck,tɨʂa,tɨʂa,t ɨ + ʂ a,,zariquiey2017,806,,,,137 149,t ɨ + - - - - ʂ a - - - - - - - - - - - - - - - - - - - - - - - - - - - -,neck _ʂa,
Kaxarari-93_neck-1,,Kaxarari,93_neck,tɨiwi,tɨiwi,t ɨ + i w i,,couto2005,806,,,,137 138,t ɨ + - - - - - - - - - - - - - i w i - - - - - - - - - - - - - - - - - -,neck _iwi,
Mastanawa-93_neck-1,,Mastanawa,93_neck,tɨʂu,tɨʂu,t ɨ + ʂ u,,zariquiey2017,806,,,,137 139,t ɨ + - - - - ʂ u - - - - - - - - - - - - - - - - - - - - - - - - - - - -,neck _ʂu,
Chaninawa-93_neck-1,,Chaninawa,93_neck,tɨsto,tɨsto,t ɨ + s t o,,zariquiey2017,806,,,,137 148,t ɨ + - - - - - - s t o - - - - - - - - - - - - - - - - - - - - - - - - -,neck _sto,
Sharanawa-93_neck-1,,Sharanawa,93_neck,tɨʂu,tɨʂu,t ɨ + ʂ u,,zariquiey2017,806,,,,137 139,t ɨ + - - - - ʂ u - - - - - - - - - - - - - - - - - - - - - - - - - - - -,neck _ʂu,
Amawaka-93_neck-1,,Amawaka,93_neck,çau,tɨçu,t ɨ + ç u,,zariquiey2017,806,,,,137 139,t ɨ + - - - - ç u - - - - - - - - - - - - - - - - - - - - - - - - - - - -,neck _ʂu,
Nawa-93_neck-1,,Nawa,93_neck,tɨʂu,tɨʂu,t ɨ + ʂ u,,zariquiey2017,806,,,,137 139,t ɨ + - - - - ʂ u - - - - - - - - - - - - - - - - - - - - - - - - - - - -,neck _ʂu,
Nawa-93_neck-2,,Nawa,93_neck,tɨmaʂka,tɨmaʂka,t ɨ + m a ʂ k a,,zariquiey2017,806,,,,137 143,t ɨ + - - - - - - - - - - - - - - - - - - - - - - - m a ʂ k a - - - - - -,neck _maʂka,
Marinawa-93_neck-1,,Marinawa,93_neck,tɨʂu,tɨʂu,t ɨ + ʂ u,,zariquiey2017,806,,,,137 139,t ɨ + - - - - ʂ u - - - - - - - - - - - - - - - - - - - - - - - - - - - -,neck _ʂu,
Yaminawa-93_neck-1,,Yaminawa,93_neck,tɨʂu,tɨʂu,t ɨ + ʂ u,,zariquiey2017,806,,,,137 139,t ɨ + - - - - ʂ u - - - - - - - - - - - - - - - - - - - - - - - - - - - -,neck _ʂu,
Kashinawa_P-93_neck-1,,Kashinawa_P,93_neck,tɨʂu,tɨʂu,t ɨ + ʂ u,,zariquiey2017,806,,,,137 139,t ɨ + - - - - ʂ u - - - - - - - - - - - - - - - - - - - - - - - - - - - -,neck _ʂu,
Kashinawa_B-93_neck-1,,Kashinawa_B,93_neck,tɨʂu,tɨʂu,t ɨ + ʂ u,,camargo1995,806,,,,137 139,t ɨ + - - - - ʂ u - - - - - - - - - - - - - - - - - - - - - - - - - - - -,neck _ʂu,
Matses-8_belly-1,,Matses,8_belly,puku,puku,p u k u,,fleck2005,54,,,,87 85,p u k u,stomach,
Matis-8_belly-1,,Matis,8_belly,puku,puku,p u k u,,fleck2005,54,,,,87 85,p u k u,stomach,
Marubo-8_belly-1,,Marubo,8_belly,pustu,pustu,p u s t u,,fleck2005,1553,,,,87 86,p u s t u,belly,
Katukina-8_belly-1,,Katukina,8_belly,pustu,pustu,p u s t u,,aguiar1994,1553,,,,87 86,p u s t u,belly,
Kanamari-8_belly-1,,Kanamari,8_belly,posto,posto,p u s t u,,aguiar1994,1553,,,,87 86,p u s t u,belly,
Shipibo_Konibo-8_belly-1,,Shipibo_Konibo,8_belly,puku,puku,p u k u,,fleck2005,54,,,,87 85,p u k u,stomach,
Kapanawa-8_belly-1,,Kapanawa,8_belly,puku,puku,p u k u,,loos1998,54,,,,87 85,p u k u,belly,
Arara-8_belly-1,,Arara,8_belly,atu,atu,a t u,,cunha1993,1554,,,,0,a t u,intestines,
Shanenawa-8_belly-1,,Shanenawa,8_belly,pustu,pustu,p u s t u,,lanes2005,1553,,,,87 86,p u s t u,belly,
Yawanawa-8_belly-1,,Yawanawa,8_belly,pustu,pustu,p u s t u,,paula1992,1553,,,,87 86,p u s t u,belly,
Nukini-8_belly-1,,Nukini,8_belly,naβa,naβa,n a β a,,aguiar2004,55,,,,91 89,n a - β a,width,
Nukini-8_belly-2,,Nukini,8_belly,puhtu,puhtu,p u h t u,,aguiar2004,1553,,,,87 86,p u h t u,belly,
Poyanawa-8_belly-1,,Poyanawa,8_belly,dahβa,dahβa,d a h β a,,paula1992,55,,,,91 89,d a h β a,width,
Iskonawa-8_belly-1,,Iskonawa,8_belly,nahβa,nahβa,n a h β a,,zariquiey2017,55,,,,91,n a h β a,width,
Chakobo-8_belly-1,,Chakobo,8_belly,takɨpɨ,takɨpɨ,t a k ɨ p ɨ,,zingg1998,58,,,,7,t a k ɨ p ɨ,taki,
Pakawara-8_belly-1,,Pakawara,8_belly,puku,puku,p u k u,,key2000,54,,,,87 85,p u k u,belly,
Kakataibo-8_belly-1,,Kakataibo,8_belly,puku,puku,p u k u,,zariquiey2017,54,,,,87 85,p u k u,stomach,
Kaxarari-8_belly-1,,Kaxarari,8_belly,turu,turu,t u r u,,couto2005,60,,,,188 228,t u r u,rounded,
Mastanawa-8_belly-1,,Mastanawa,8_belly,ʂaʔi,ʂaʔi,ʂ a ʔ i,,zariquiey2017,61,,,,229 230,ʂ a ʔ i,saʔi,
Chaninawa-8_belly-1,,Chaninawa,8_belly,pusto,pusto,p u s t u,,zariquiey2017,1553,,,,86,p u s t u,belly,
Sharanawa-8_belly-1,,Sharanawa,8_belly,namɨn,namɨn,n a m ɨ n,,zariquiey2017,62,,,,91 232,n a m ɨ n,namɨn,
Amawaka-8_belly-1,,Amawaka,8_belly,puku,puku,p u k u,,zariquiey2017,54,,,,8,p u k u,stomach,
Nawa-8_belly-1,,Nawa,8_belly,atu,atu,a t u,,zariquiey2017,1554,,,,90 231,a t u,intestines,
Marinawa-8_belly-1,,Marinawa,8_belly,pustu,pustu,p u s t u,,zariquiey2017,1553,,,,87 86,p u s t u,belly,
Yaminawa-8_belly-1,,Yaminawa,8_belly,pustu,pustu,p u s t u,,zariquiey2017,1553,,,,87 86,p u s t u,belly,
Kashinawa_P-8_belly-1,,Kashinawa_P,8_belly,pustu,pustu,p u s t u,,zariquiey2017,1553,,,,87 86,p u s t u,belly,
Kashinawa_B-8_belly-1,,Kashinawa_B,8_belly,pustu,pustu,p u s t u,,camargo1995,1553,,,,87 86,p u s t u,belly,
Matses-5_backofbody-1,,Matses,5_backofbody,katʂo,katʂo,k a + ʈʂ o,,fleck2005,32,,,,203 211,k a + ʈʂ o,back _DIM,
Matis-5_backofbody-1,,Matis,5_backofbody,kaʂuku,kaʂuku,k a + ʂ u k u,,fleck2005,32,,,,203 211,k a - - + ʂ u k u,back _DIM,
Marubo-5_backofbody-1,,Marubo,5_backofbody,kaʂu,kaʂu,k a + ʂ u,,fleck2005,32,,,,203 211,k a + ʂ u,back _DIM,
Katukina-5_backofbody-1,,Katukina,5_backofbody,pimana,pimana,p i + m a n a,,aguiar1994,30,,,,200 202,p i + - - - - - - - - - - m a n a - - - -,shoulder _above,
Kanamari-5_backofbody-1,,Kanamari,5_backofbody,kaʃo,kaʃo,k a + ʃ o,,aguiar1994,32,,,,203 211,k a - - + ʃ o - -,back _DIM,
Shipibo_Konibo-5_backofbody-1,,Shipibo_Konibo,5_backofbody,pɨka,pɨka,p ɨ + k a,,fleck2005,30,,,,200 205,p ɨ + - - - - - - - - k a - - - - - - - -,shoulder _ka,
Kapanawa-5_backofbody-1,,Kapanawa,5_backofbody,pɨka,pɨka,p ɨ + k a,,loos1998,30,,,,200 205,p ɨ + - - - - - - - - k a - - - - - - - -,shoulder _ka,
Arara-5_backofbody-1,,Arara,5_backofbody,pitʃi,pitʃi,p ɨ + tʃ i,,cunha1993,30,,,,200 207,p ɨ + - - - - - - tʃ i - - - - - - - - - -,shoulder _tʃi,
Shanenawa-5_backofbody-1,,Shanenawa,5_backofbody,pustʃi,pɨstʃi,p ɨ + tʃ i,,lanes2005,30,,,,200 207,p ɨ + - - - - - - tʃ i - - - - - - - - - -,shoulder _tʃi,
Nukini-5_backofbody-1,,Nukini,5_backofbody,puʃi,pɨʃi,p ɨ + tʃ i,,aguiar2004,30,,,,200 207,p ɨ + - - - - - - tʃ i - - - - - - - - - -,shoulder _ʧi,
Poyanawa-5_backofbody-1,,Poyanawa,5_backofbody,pɨti,pɨti,p ɨ + t i,,paula1992,30,,,,200 206,p ɨ + - - - - - - t i - - - - - - - - - -,shoulder _tɨ,
Iskonawa-5_backofbody-1,,Iskonawa,5_backofbody,pɨʧi,pɨʧi,p ɨ + tʃ i,,zariquiey2017,30,,,,200 207,p ɨ + - - - - - - tʃ i - - - - - - - - - -,shoulder _ʧi,
Iskonawa-5_backofbody-2,,Iskonawa,5_backofbody,katɨ,katɨ,k a + t ɨ,,zariquiey2017,32,,,,203 206,k a - - + - t ɨ,back _tɨ,
Chakobo-5_backofbody-1,,Chakobo,5_backofbody,katɨ,katɨ,k a + t ɨ,,zingg1998,32,,,,203 206,k a - - + - t ɨ,back _tɨ,
Kakataibo-5_backofbody-1,,Kakataibo,5_backofbody,kaʂo,kaʂu,k a + ʂ u,,zariquiey2017,32,,,,203 211,k a - - + ʂ o,back _DIM,
Kaxarari-5_backofbody-1,,Kaxarari,5_backofbody,katapu,katapu,k a + t a p u,,couto2005,32,,,,203 210,k a - - + t a p u,back _root,
Mastanawa-5_backofbody-1,,Mastanawa,5_backofbody,piʧi,piʧi,p i + tʃ i,,zariquiey2017,30,,,,200 207,p i + - - - - - - tʃ i - - - - - - - - - -,shoulder _ʧi,
Chaninawa-5_backofbody-1,,Chaninawa,5_backofbody,pɨʂaβati,pɨʂaβati,p ɨ + ʂ a β a t i,,zariquiey2017,30,,,,200 209,p ɨ + ʂ a β a t i - - - - - - - - - - - -,shoulder _ʂaβati,
Sharanawa-5_backofbody-1,,Sharanawa,5_backofbody,pɨmiti,pɨmiti,p ɨ + m i t i,,zariquiey2017,30,,,,200 208,p ɨ + - - - - - - - - - - - - - - m i t i,shoulder _miti,
Amawaka-5_backofbody-1,,Amawaka,5_backofbody,katɨ,katɨ,k a + t ɨ,,zariquiey2017,32,,,,203 206,k a - - + - t ɨ,back _tɨ,
Nawa-5_backofbody-1,,Nawa,5_backofbody,pɨʧi,pɨʧi,p ɨ + tʃ i,,zariquiey2017,30,,,,200 207,p ɨ + - - - - - - tʃ i - - - - - - - - - -,shoulder _ʧi,
Marinawa-5_backofbody-1,,Marinawa,5_backofbody,pɨʧi,pɨʧi,p ɨ + tʃ i,,zariquiey2017,30,,,,200 207,p ɨ + - - - - - - tʃ i - - - - - - - - - -,shoulder _ʧi,
Yaminawa-5_backofbody-1,,Yaminawa,5_backofbody,piʧi,pɨʧi,p ɨ + tʃ i,,zariquiey2017,30,,,,200 207,p ɨ + - - - - - - tʃ i - - - - - - - - - -,shoulder _ʧi,
Kashinawa_P-5_backofbody-1,,Kashinawa_P,5_backofbody,pɨʧi,pɨʧi,p ɨ + tʃ i,,zariquiey2017,30,,,,200 207,p ɨ + - - - - - - tʃ i - - - - - - - - - -,shoulder _ʧi,
Matses-123_skinofperson-1,,Matses,123_skinofperson,βitsi,βitsi,β i ts i,,fleck2005,1063,,,,57 158,β i ts i - -,βitʃi,
Matis-123_skinofperson-1,,Matis,123_skinofperson,βidtsi,βidtsi,β i ts i,,fleck2005,1063,,,,57 158,β i ts i - -,βitʃi,
Marubo-123_skinofperson-1,,Marubo,123_skinofperson,ɨʂpi,ɨʂpi,ɨ ʂ p i,,fleck2005,1065,,,,36 159,ɨ ʂ p i,ɨʂpi,
Katukina-123_skinofperson-1,,Katukina,123_skinofperson,wixiβi,wixiβi,w i ʂ i β i,,aguiar1994,1063,,,,57 158,w i ʂ i β i,βitʃi,
Shipibo_Konibo-123_skinofperson-1,,Shipibo_Konibo,123_skinofperson,βitʃi,βitʃi,β i tʃ i,,fleck2005,1063,,,,57 158,β i tʃ i - -,βitʃi,
Kapanawa-123_skinofperson-1,,Kapanawa,123_skinofperson,βitʃi,βitʃi,β i tʃ i,,loos1998,1063,,,,57 158,β i tʃ i - -,βitʃi,
Arara-123_skinofperson-1,,Arara,123_skinofperson,βitʃi,βitʃi,β i tʃ i,,cunha1993,1063,,,,57 158,β i tʃ i - -,βitʃi,
Shanenawa-123_skinofperson-1,,Shanenawa,123_skinofperson,ɸitʃi,ɸitʃi,ɸ i tʃ i,,lanes2005,1063,,,,57 158,ɸ i tʃ i - -,βitʃi,
Yawanawa-123_skinofperson-1,,Yawanawa,123_skinofperson,βitʃi,βitʃi,β i tʃ i,,paula1992,1063,,,,57 158,β i tʃ i - -,βitʃi,
Nukini-123_skinofperson-1,,Nukini,123_skinofperson,βiʃi,βiʃi,β i tʃ i,,aguiar2004,1063,,,,57 158,β i tʃ i - -,βitʃi,
Iskonawa-123_skinofperson-1,,Iskonawa,123_skinofperson,βiʧi,βiʧi,β i tʃ i,,zariquiey2017,1063,,,,57 158,β i tʃ i - -,βitʃi,
Iskonawa-123_skinofperson-2,,Iskonawa,123_skinofperson,haka,haka,h a k a,,zariquiey2017,1062,,,,46 61,h a k a,ʂaka,
Chakobo-123_skinofperson-1,,Chakobo,123_skinofperson,βitʃi,βitʃi,β i tʃ i,,zingg1998,1063,,,,57 158,β i tʃ i - -,βitʃi,
Pakawara-123_skinofperson-1,,Pakawara,123_skinofperson,witʃi,witʃi,w i tʃ i,,key2000,1063,,,,57 158,w i tʃ i - -,βitʃi,
Kakataibo-123_skinofperson-1,,Kakataibo,123_skinofperson,ʂaka,ʂaka,ʂ a k a,,zariquiey2017,1062,,,,46 61,ʂ a k a,ʂaka,
Kaxarari-123_skinofperson-1,,Kaxarari,123_skinofperson,witʃi,witʃi,w i tʃ i,,couto2005,1063,,,,57 158,w i tʃ i - -,βitʃi,
Mastanawa-123_skinofperson-1,,Mastanawa,123_skinofperson,ɸiʧi,ɸiʧi,ɸ i tʃ i,,zariquiey2017,1063,,,,57 158,ɸ i tʃ i - -,βitʃi,
Chaninawa-123_skinofperson-1,,Chaninawa,123_skinofperson,ɸit͡ʃi,ɸit͡ʃi,ɸ i tʃ i,,zariquiey2017,1063,,,,57 158,ɸ i tʃ i - -,βitʃi,
Sharanawa-123_skinofperson-1,,Sharanawa,123_skinofperson,ɸit͡ʃi,ɸit͡ʃi,ɸ i tʃ i,,zariquiey2017,1063,,,,57 158,ɸ i tʃ i - -,βitʃi,
Amawaka-123_skinofperson-1,,Amawaka,123_skinofperson,punj̃ã,çaka,ç a k a,,zariquiey2017,1062,,,,46 61,ç a k a,ʂaka,
Nawa-123_skinofperson-1,,Nawa,123_skinofperson,ɸiʧi,ɸiʧi,ɸ i tʃ i,,zariquiey2017,1063,,,,57 158,ɸ i tʃ i - -,βitʃi,
Marinawa-123_skinofperson-1,,Marinawa,123_skinofperson,ɸiʧi,ɸiʧi,ɸ i tʃ i,,zariquiey2017,1063,,,,57 158,ɸ i tʃ i - -,βitʃi,
Yaminawa-123_skinofperson-1,,Yaminawa,123_skinofperson,ɸiʧi,ɸiʧi,ɸ i tʃ i,,zariquiey2017,1063,,,,57 158,ɸ i tʃ i - -,βitʃi,
Kashinawa_P-123_skinofperson-1,,Kashinawa_P,123_skinofperson,βiʧi,βiʧi,β i tʃ i,,zariquiey2017,1063,,,,57 158,β i tʃ i - -,βitʃi,
Kashinawa_B-123_skinofperson-1,,Kashinawa_B,123_skinofperson,βitʃi,βitʃi,β i tʃ i,,camargo1995,1063,,,,57 158,β i tʃ i - -,βitʃi,
Matses-145_tail-1,,Matses,145_tail,inkuente,inkuente,i n + k u e n t e,,fleck2005,1253,,,,160 163,- i n + - k u e n t e,tail _a,
Matis-145_tail-1,,Matis,145_tail,ina,ina,i n + a,,fleck2005,1253,,,,160 6,- i n + a - - - - - -,tail _a,
Marubo-145_tail-1,,Marubo,145_tail,ina,ina,i n + a,,fleck2005,1253,,,,160 6,- i n + a - - - - - -,tail _a,
Kanamari-145_tail-1,,Kanamari,145_tail,hina,hina,h i n + a,,aguiar1994,1253,,,,160 6,h i n + a - - - - - -,tail _a,
Shipibo_Konibo-145_tail-1,,Shipibo_Konibo,145_tail,hina,hina,h i n + a,,fleck2005,1253,,,,160 6,h i n + a - - - - - -,tail _a,
Kapanawa-145_tail-1,,Kapanawa,145_tail,hina,hina,h i n + a,,loos1998,1253,,,,160 6,h i n + a - - - - - -,tail _a,
Arara-145_tail-1,,Arara,145_tail,inda,inda,i ⁿd + a,,cunha1993,1253,,,,160 6,- i ⁿd + a - - - - - -,tail _a,
Shanenawa-145_tail-1,,Shanenawa,145_tail,ina,ina,i n + a,,lanes2005,1253,,,,160 6,- i n + a - - - - - -,tail _a,
Yawanawa-145_tail-1,,Yawanawa,145_tail,ina,ina,i n + a,,paula1992,1253,,,,160 6,- i n + a - - - - - -,tail _a,
Poyanawa-145_tail-1,,Poyanawa,145_tail,βãti,βãti,β ã t i,,paula1992,1256,,,,169,β ã + t i,bati,
Iskonawa-145_tail-1,,Iskonawa,145_tail,ina,ina,i n + a,,zariquiey2017,1253,,,,160 6,- i n + a - - - - - -,tail _a,
Chakobo-145_tail-1,,Chakobo,145_tail,hina,hina,h i n + a,,zingg1998,1253,,,,160 6,h i n + a - - - - - -,tail _a,
Kakataibo-145_tail-1,,Kakataibo,145_tail,ina,ina,i n + a,,zariquiey2017,1253,,,,160 6,- i n + a - - - - - -,tail _a,
Kaxarari-145_tail-1,,Kaxarari,145_tail,tʃina,tʃina,tʃ i n + a,,couto2005,1257,,,,164 6,tʃ i n + a - - - -,tʃin _a,
Mastanawa-145_tail-1,,Mastanawa,145_tail,ida,ida,i d + a,,zariquiey2017,1253,,,,160 6,- i d + a - - - - - -,tail _a,
Chaninawa-145_tail-1,,Chaninawa,145_tail,ida,ida,i d + a,,zariquiey2017,1253,,,,160 6,- i d + a - - - - - -,tail _a,
Sharanawa-145_tail-1,,Sharanawa,145_tail,i:da,i:da,iː d + a,,zariquiey2017,1253,,,,160 6,- iː d + a - - - - - -,tail _a,
Amawaka-145_tail-1,,Amawaka,145_tail,hinda,hinda,h i ⁿd + a,,zariquiey2017,1253,,,,160 6,h i ⁿd + a - - - - - -,tail _a,
Nawa-145_tail-1,,Nawa,145_tail,ʦimaʂa,ʦimaʂa,ts i + m a ʂ a,,zariquiey2017,519,,,,161 165,ts i - + - m a ʂ a,buttock _masa,
Marinawa-145_tail-1,,Marinawa,145_tail,inda,inda,i ⁿd + a,,zariquiey2017,1253,,,,160 6,- i ⁿd + a - - - - - -,tail _a,
Yaminawa-145_tail-1,,Yaminawa,145_tail,tɨdɨ,tɨdɨ,t ɨ d ɨ,,zariquiey2017,1616,,,,168,t ɨ + d ɨ,tidi,
Kashinawa_P-145_tail-1,,Kashinawa_P,145_tail,hina,hina,h i n + a,,zariquiey2017,1253,,,,160 6,h i n + a - - - - - -,tail _a,
Kashinawa_B-145_tail-1,,Kashinawa_B,145_tail,hina,hina,h i n + a,,camargo1995,1253,,,,160 6,h i n + a - - - - - -,tail _a,
Matses-78_leg-1,,Matses,78_leg,nidte,nidte,n i d + t e,,fleck2005,688,,,,115 116,n i d + t e,stand _te,
Matis-78_leg-1,,Matis,78_leg,tawi,tawi,t a + w i,,fleck2005,555,,,,120 121,t a + w i,foot _wi,
Marubo-78_leg-1,,Marubo,78_leg,kiʃi,kiʃi,k i + ʃ i,,fleck2005,682,,,,112 114,k i + ʃ i,thigh _ʃi,
Marubo-78_leg-2,,Marubo,78_leg,itaʂɨ,itaʂɨ,i + t a ʂ ɨ,,fleck2005,686,,,,111 113,- i + - t a ʂ ɨ - -,calf _taʂi,
Katukina-78_leg-1,,Katukina,78_leg,kixu,kiʂu,k i + ʂ u,,aguiar1994,682,,,,112 126,k i + ʂ u,thigh _ʂu,
Kanamari-78_leg-1,,Kanamari,78_leg,hitaʃ,hitaʃ,h i + t a ʃ,,aguiar1994,686,,,,122 113,h i + - t a ʃ - - -,calf _taSi,
Kanamari-78_leg-2,,Kanamari,78_leg,kiʃi,kiʃi,k i + ʃ i,,aguiar1994,682,,,,112 114,k i + ʃ i,thigh _ʃi,
Shipibo_Konibo-78_leg-1,,Shipibo_Konibo,78_leg,kiʃi,kiʃi,k i + ʃ i,,fleck2005,682,,,,112 114,k i + ʃ i,thigh _ʃi,
Shipibo_Konibo-78_leg-2,,Shipibo_Konibo,78_leg,witaʂ,witaʂ,w i + t a ʂ,,fleck2005,686,,,,122 113,w i + - t a ʂ - - -,calf _taSi,
Kapanawa-78_leg-1,,Kapanawa,78_leg,kiʃi,kiʃi,k i + ʃ i,,loos1998,682,,,,112 114,k i + ʃ i,thigh _ʃi,
Kapanawa-78_leg-2,,Kapanawa,78_leg,witaʂ,witaʂ,w i + t a ʂ,,loos1998,686,,,,122 113,w i + - t a ʂ - - -,calf _taʂi,
Arara-78_leg-1,,Arara,78_leg,βitaʃi,βitaʃi,β i + t a ʃ i,,cunha1993,686,,,,122 113,β i + - t a ʃ i - -,calf _taSi,
Arara-78_leg-2,,Arara,78_leg,kiʃi,kiʃi,k i + ʃ i,,cunha1993,682,,,,112 114,k i + ʃ i,thigh _ʃi,
Shanenawa-78_leg-1,,Shanenawa,78_leg,taɨ,taɨ,t a + ɨ,,lanes2005,687,,,,120 121,t a + ɨ,foot _ɨ,
Yawanawa-78_leg-1,,Yawanawa,78_leg,βitaʃ,βitaʃ,β i + t a ʃ,,paula1992,686,,,,122 113,β i + - t a ʃ - - -,calf _taSi,
Nukini-78_leg-1,,Nukini,78_leg,βiʃta,βiʃta,β i + ʃ t a,,aguiar2004,686,,,,122 113,β i + ʃ t a - - - -,calf _sta,
Iskonawa-78_leg-1,,Iskonawa,78_leg,kiʃi,kiʃi,k i + ʃ i,,zariquiey2017,682,,,,112 114,k i + ʃ i,thigh _ʃi,
Chakobo-78_leg-1,,Chakobo,78_leg,wiku,wiku,w i + k u,,zingg1998,686,,,,122 123,w i + - - - - - k u,calf _ku,
Pakawara-78_leg-1,,Pakawara,78_leg,wiku,wiku,w i + k u,,key2000,686,,,,122 123,w i + - - - - - k u,calf _ku,
Kakataibo-78_leg-1,,Kakataibo,78_leg,kisi,kisi,k i + s i,,zariquiey2017,682,,,,112 114,k i + s i,thigh _ʃi,
Kaxarari-78_leg-1,,Kaxarari,78_leg,witaʂɨ,witaʂɨ,w i + t a ʂ ɨ,,couto2005,686,,,,122 113,w i + - t a ʂ ɨ - -,calf _taʂi,
Mastanawa-78_leg-1,,Mastanawa,78_leg,kiʃi,kiʃi,k i + ʃ i,,zariquiey2017,682,,,,112 114,k i + ʃ i,thigh _ʃi,
Chaninawa-78_leg-1,,Chaninawa,78_leg,kiʃi,kiʃi,k i + ʃ i,,zariquiey2017,682,,,,112 114,k i + ʃ i,thigh _ʃi,
Sharanawa-78_leg-1,,Sharanawa,78_leg,kiʃi,kiʃi,k i + ʃ i,,zariquiey2017,682,,,,112 114,k i + ʃ i,thigh _ʃi,
Sharanawa-78_leg-2,,Sharanawa,78_leg,ɸitaʂɨ,ɸitaʂɨ,ɸ i + t a ʂ ɨ,,zariquiey2017,686,,,,122 113,ɸ i + - t a ʂ ɨ - -,calf _taʂi,
Amawaka-78_leg-1,,Amawaka,78_leg,kiʃi,kiʃi,k i + ʃ i,,zariquiey2017,682,,,,112 114,k i + ʃ i,thigh _ʃi,
Nawa-78_leg-1,,Nawa,78_leg,kiʃi,kiʃi,k i + ʃ i,,zariquiey2017,682,,,,112 114,k i + ʃ i,thigh _ʃi,
Nawa-78_leg-2,,Nawa,78_leg,ɸitaʂ,ɸitaʂ,ɸ i + t a ʂ,,zariquiey2017,686,,,,122 113,ɸ i + - t a ʂ - - -,calf _taʂi,
Marinawa-78_leg-1,,Marinawa,78_leg,kiʃi,kiʃi,k i + ʃ i,,zariquiey2017,682,,,,112 114,k i + ʃ i,thigh _ʃi,
Marinawa-78_leg-2,,Marinawa,78_leg,ɸitaʃi,ɸitaʃi,ɸ i + t a ʃ i,,zariquiey2017,686,,,,122 113,ɸ i + - t a ʃ i - -,calf _taʂi,
Yaminawa-78_leg-1,,Yaminawa,78_leg,kiʃi,kiʃi,k i + ʃ i,,zariquiey2017,682,,,,112 114,k i + ʃ i,thigh _ʃi,
Kashinawa_P-78_leg-1,,Kashinawa_P,78_leg,kiʃi,kiʃi,k i + ʃ i,,zariquiey2017,682,,,,112 114,k i + ʃ i,thigh _ʃi,
Kashinawa_B-78_leg-1,,Kashinawa_B,78_leg,kiʂi,kiʂi,k i + ʂ i,,camargo1995,682,,,,112 114,k i + ʂ i,thigh _ʃi,
Matses-53_foot-1,,Matses,53_foot,taɨ,taɨ,t a + ɨ,,fleck2005,483,,,,212 215,t a + - ɨ,foot _i,
Matis-53_foot-1,,Matis,53_foot,taɨ,taɨ,t a + ɨ,,fleck2005,483,,,,212 215,t a + - ɨ,foot _i,
Marubo-53_foot-1,,Marubo,53_foot,taɨ,taɨ,t a + ɨ,,fleck2005,483,,,,212 215,t a + - ɨ,foot _i,
Katukina-53_foot-1,,Katukina,53_foot,tae,taɨ,t a + ɨ,,aguiar1994,483,,,,212 215,t a + - ɨ,foot _i,
Kanamari-53_foot-1,,Kanamari,53_foot,ta?ɨ,taʔɨ,t a + ʔ ɨ,,aguiar1994,483,,,,212 215,t a + ʔ ɨ,foot _i,
Shipibo_Konibo-53_foot-1,,Shipibo_Konibo,53_foot,taɨ,taɨ,t a + ɨ,,fleck2005,483,,,,212 215,t a + - ɨ,foot _i,
Kapanawa-53_foot-1,,Kapanawa,53_foot,taɨ,taɨ,t a + ɨ,,loos1998,483,,,,212 215,t a + - ɨ,foot _i,
Arara-53_foot-1,,Arara,53_foot,taɨ,taɨ,t a + ɨ,,cunha1993,483,,,,212 215,t a + - ɨ,foot _i,
Shanenawa-53_foot-1,,Shanenawa,53_foot,taɨ,taɨ,t a + ɨ,,lanes2005,483,,,,212 215,t a + - ɨ,foot _i,
Yawanawa-53_foot-1,,Yawanawa,53_foot,taɨ,taɨ,t a + ɨ,,paula1992,483,,,,212 215,t a + - ɨ,foot _i,
Nukini-53_foot-1,,Nukini,53_foot,taɨ,taɨ,t a + ɨ,,aguiar2004,483,,,,212 215,t a + - ɨ,foot _i,
Poyanawa-53_foot-1,,Poyanawa,53_foot,taɨ,taɨ,t a + ɨ,,paula1992,483,,,,212 215,t a + - ɨ,foot _i,
Iskonawa-53_foot-1,,Iskonawa,53_foot,taɨ,taɨ,t a + ɨ,,zariquiey2017,483,,,,212 215,t a + - ɨ,foot _i,
Chakobo-53_foot-1,,Chakobo,53_foot,ta?ɨ,taʔɨ,t a + ʔ ɨ,,zingg1998,483,,,,212 215,t a + ʔ ɨ,foot _i,
Pakawara-53_foot-1,,Pakawara,53_foot,ta?ɨ,taʔɨ,t a + ʔ ɨ,,key2000,483,,,,212 215,t a + ʔ ɨ,foot _i,
Kakataibo-53_foot-1,,Kakataibo,53_foot,taɨ,taɨ,t a + ɨ,,zariquiey2017,483,,,,212 215,t a + - ɨ,foot _i,
Kaxarari-53_foot-1,,Kaxarari,53_foot,taɨ,taɨ,t a + ɨ,,couto2005,483,,,,212 215,t a + - ɨ,foot _i,
Mastanawa-53_foot-1,,Mastanawa,53_foot,taɨ,taɨ,t a + ɨ,,zariquiey2017,483,,,,212 215,t a + - ɨ,foot _i,
Chaninawa-53_foot-1,,Chaninawa,53_foot,taɨ,taɨ,t a + ɨ,,zariquiey2017,483,,,,212 215,t a + - ɨ,foot _i,
Sharanawa-53_foot-1,,Sharanawa,53_foot,taɨ,taɨ,t a + ɨ,,zariquiey2017,483,,,,212 215,t a + - ɨ,foot _i,
Amawaka-53_foot-1,,Amawaka,53_foot,taʔɨ,taʔɨ,t a + ʔ ɨ,,zariquiey2017,483,,,,212 215,t a + ʔ ɨ,foot _i,
Nawa-53_foot-1,,Nawa,53_foot,taɨ,taɨ,t a + ɨ,,zariquiey2017,483,,,,212 215,t a + - ɨ,foot _i,
Marinawa-53_foot-1,,Marinawa,53_foot,uʂpaɾu,uʂpaɾu,u ʂ p a ɾ u,,zariquiey2017,485,,,,214,u ʂ p a ɾ u,usparu,
Yaminawa-53_foot-1,,Yaminawa,53_foot,taɨ,taɨ,t a + ɨ,,zariquiey2017,483,,,,212 215,t a + - ɨ,foot _i,
Kashinawa_P-53_foot-1,,Kashinawa_P,53_foot,taɨ,taɨ,t a + ɨ,,zariquiey2017,483,,,,212 215,t a + - ɨ,foot _i,
Kashinawa_B-53_foot-1,,Kashinawa_B,53_foot,taɨ,taɨ,t a + ɨ,,camargo1995,483,,,,212 215,t a + - ɨ,foot _i,
Matses-174_wing-1,,Matses,174_wing,podo,podo,p o + d o,,fleck2005,1630,,,,183 179,- - - p o + d o -,podo _do,
Matis-174_wing-1,,Matis,174_wing,pɨi,pɨi,p ɨ + i,,fleck2005,1480,,,,172 174,- - - p ɨ + - i - - - - -,arm _i,
Marubo-174_wing-1,,Marubo,174_wing,pɨi,pɨi,p ɨ + i,,fleck2005,1480,,,,172 174,- - - p ɨ + - i - - - - -,arm _i,
Shipibo_Konibo-174_wing-1,,Shipibo_Konibo,174_wing,pɨtʃi,pɨtʃi,p ɨ + tʃ i,,fleck2005,1480,,,,172 182,- - - p ɨ + - - - - - tʃ i,arm _tʃi,
Kapanawa-174_wing-1,,Kapanawa,174_wing,pɨi,pɨi,p ɨ + i,,loos1998,1480,,,,172 174,- - - p ɨ + - i - - - - -,arm _i,
Arara-174_wing-1,,Arara,174_wing,pɨtaw,pɨtaw,p ɨ + t a w,,cunha1993,1480,,,,172 31,- - - p ɨ + - - t a w - -,arm _taw,
Shanenawa-174_wing-1,,Shanenawa,174_wing,pɨj,pɨj,p ɨ + i,,lanes2005,1480,,,,172 174,- - - p ɨ + - i - - - - -,arm _i,
Yawanawa-174_wing-1,,Yawanawa,174_wing,pɨj,pɨj,p ɨ + i,,paula1992,1480,,,,172 174,- - - p ɨ + - i - - - - -,arm _i,
Iskonawa-174_wing-1,,Iskonawa,174_wing,pɨi,pɨi,p ɨ + i,,zariquiey2017,1480,,,,172 174,- - - p ɨ + - i - - - - -,arm _i,
Chakobo-174_wing-1,,Chakobo,174_wing,pɨ?i,pɨʔi,p ɨ + ʔ i,,zingg1998,1480,,,,172 174,- - - p ɨ + ʔ i - - - - -,arm _i,
Kakataibo-174_wing-1,,Kakataibo,174_wing,pɨi,pɨi,p ɨ + i,,zariquiey2017,1480,,,,172 174,- - - p ɨ + - i - - - - -,arm _i,
Kaxarari-174_wing-1,,Kaxarari,174_wing,patsasi,patsasi,p a + ts a s i,,couto2005,1484,,,,178 181,p a + ts a s i,/pa _tsasi,
Mastanawa-174_wing-1,,Mastanawa,174_wing,ampɨj,ampɨj,a m + p ɨ + i,,zariquiey2017,1480,,,,173 172 174,a m + p ɨ + - i - - - - -,am arm _i,
Chaninawa-174_wing-1,,Chaninawa,174_wing,pɨtau,pɨtau,p ɨ + t a u,,zariquiey2017,1480,,,,172 31,- - - p ɨ + - - t a u - -,arm _taw,
Sharanawa-174_wing-1,,Sharanawa,174_wing,dujati,dujati,d u j a + t i,,zariquiey2017,1485,,,,175 176,d u j a + t i,flight _ti,
Amawaka-174_wing-1,,Amawaka,174_wing,pɨʔi,pɨʔi,p ɨ + ʔ i,,zariquiey2017,1480,,,,172 174,- - - p ɨ + ʔ i - - - - -,arm _i,
Nawa-174_wing-1,,Nawa,174_wing,pɨtaw,pɨtaw,p ɨ + t a w,,zariquiey2017,1480,,,,172 31,- - - p ɨ + - - t a w - -,arm _taw,
Marinawa-174_wing-1,,Marinawa,174_wing,pɨtaw,pɨtaw,p ɨ + t a w,,zariquiey2017,1480,,,,172 31,- - - p ɨ + - - t a w - -,arm _taw,
Yaminawa-174_wing-1,,Yaminawa,174_wing,pɨta,pɨta,p ɨ + t a,,zariquiey2017,1480,,,,172 177,- - - p ɨ + - - t a - - -,arm _ti,
Kashinawa_P-174_wing-1,,Kashinawa_P,174_wing,pɨj,pɨj,p ɨ + i,,zariquiey2017,1480,,,,172 174,- - - p ɨ + - i - - - - -,arm _i,
Kashinawa_B-174_wing-1,,Kashinawa_B,174_wing,pɨi,pɨi,p ɨ + i,,camargo1995,1480,,,,172 174,- - - p ɨ + - i - - - - -,arm _i,
Matses-61_hand-1,,Matses,61_hand,mɨdante,mɨdante,m ɨ + d a n t e,,fleck2005,546,,,,96 99,m ɨ + - - - - - - d a n t e,hand _dante,
Matis-61_hand-1,,Matis,61_hand,mɨkɨn,mɨkɨn,m ɨ + k ɨ n,,fleck2005,546,,,,96 101,m ɨ + k ɨ n - - - - - - - -,hand _kɨnɨ,
Marubo-61_hand-1,,Marubo,61_hand,mɨβi,mɨβi,m ɨ + β i,,fleck2005,546,,,,96 97,m ɨ + β i - - - - - - - - -,hand _βi,
Katukina-61_hand-1,,Katukina,61_hand,meβi,meβi,m e + β i,,aguiar1994,546,,,,96 97,m e + - - - - β i - - - - -,hand _βi,
Kanamari-61_hand-1,,Kanamari,61_hand,mwɨβi,mɨβi,mʷ ɨ + β i,,aguiar1994,546,,,,96 97,mʷ ɨ + - - - - β i - - - - -,hand _Bi,
Shipibo_Konibo-61_hand-1,,Shipibo_Konibo,61_hand,mɨkɨn,mɨkɨn,m ɨ + k ɨ n,,fleck2005,546,,,,96 101,m ɨ + k ɨ n - - - - - - - -,hand _kɨnɨ,
Kapanawa-61_hand-1,,Kapanawa,61_hand,mɨkɨn,mɨkɨn,m ɨ + k ɨ n,,loos1998,546,,,,96 101,m ɨ + k ɨ n - - - - - - - -,hand _kɨnɨ,
Arara-61_hand-1,,Arara,61_hand,βɨhi,βɨhi,b ɨ + h i,,cunha1993,546,,,,96 100,b ɨ + - - - - h i - - - - -,hand _hi,
Shanenawa-61_hand-1,,Shanenawa,61_hand,mɨɸi,mɨɸi,m ɨ + ɸ i,,lanes2005,546,,,,96 97,m ɨ + - - - - ɸ i - - - - -,hand _βi,
Yawanawa-61_hand-1,,Yawanawa,61_hand,mɨhi,mɨhi,m ɨ + h i,,paula1992,546,,,,96 100,m ɨ + - - - - h i - - - - -,hand _hi,
Nukini-61_hand-1,,Nukini,61_hand,mɨwi,mɨwi,m ɨ + w i,,aguiar2004,546,,,,96 97,m ɨ + - - - - w i - - - - -,hand _Bi,
Poyanawa-61_hand-1,,Poyanawa,61_hand,mɨkɨn,mɨkɨn,m ɨ + k ɨ n,,paula1992,546,,,,96 101,m ɨ + k ɨ n - - - - - - - -,hand _kɨnɨ,
Iskonawa-61_hand-1,,Iskonawa,61_hand,mɨˀβi,mɨˀβi,m ɨ + β i,,zariquiey2017,546,,,,96 97,m ɨ + - - - - β i - - - - -,hand _βi,
Chakobo-61_hand-1,,Chakobo,61_hand,mɨkɨnɨ,mɨkɨnɨ,m ɨ + k ɨ n ɨ,,zingg1998,546,,,,96 101,m ɨ + k ɨ n ɨ - - - - - - -,hand _kɨnɨ,
Pakawara-61_hand-1,,Pakawara,61_hand,mɨkɨna,mɨkɨna,m ɨ + k ɨ n a,,key2000,546,,,,96 101,m ɨ + k ɨ n a - - - - - - -,hand _kini,
Kakataibo-61_hand-1,,Kakataibo,61_hand,mɨkɨn,mɨkɨn,m ɨ + k ɨ n,,zariquiey2017,546,,,,96 101,m ɨ + k ɨ n - - - - - - - -,hand _kɨnɨ,
Kaxarari-61_hand-1,,Kaxarari,61_hand,mɨkɨlɨ,mɨkɨlɨ,m ɨ + k ɨ l ɨ,,couto2005,546,,,,96 101,m ɨ + k ɨ l ɨ - - - - - - -,hand _kɨnɨ,
Mastanawa-61_hand-1,,Mastanawa,61_hand,bɨɸi,bɨɸi,b ɨ + ɸ i,,zariquiey2017,546,,,,96 97,b ɨ + ɸ i - - - - - - - - -,hand _βi,
Chaninawa-61_hand-1,,Chaninawa,61_hand,βɨkɨ,βɨkɨ,b ɨ + k ɨ,,zariquiey2017,546,,,,96 98,b ɨ + k ɨ - - - - - - - - -,hand _kɨnɨ,
Chaninawa-61_hand-2,,Chaninawa,61_hand,βɨɸi,βɨɸi,b ɨ + ɸ i,,zariquiey2017,546,,,,96 97,b ɨ + - - - - ɸ i - - - - -,hand _βi,
Sharanawa-61_hand-1,,Sharanawa,61_hand,bɨɸi,bɨɸi,b ɨ + ɸ i,,zariquiey2017,546,,,,96 97,b ɨ + - - - - ɸ i - - - - -,hand _βi,
Amawaka-61_hand-1,,Amawaka,61_hand,mɨkɨn,mɨkɨn,m ɨ + k ɨ n,,zariquiey2017,546,,,,96 101,m ɨ + k ɨ n - - - - - - - -,hand _kɨnɨ,
Nawa-61_hand-1,,Nawa,61_hand,bɨkɨ,bɨkɨ,b ɨ + k ɨ,,zariquiey2017,546,,,,96 98,b ɨ + k ɨ - - - - - - - - -,hand _kɨnɨ,
Marinawa-61_hand-1,,Marinawa,61_hand,bɨkɨ,bɨkɨ,b ɨ + k ɨ,,zariquiey2017,546,,,,96 98,b ɨ + k ɨ - - - - - - - - -,hand _kɨnɨ,
Yaminawa-61_hand-1,,Yaminawa,61_hand,mɨʔɨ,mɨʔɨ,m ɨ + ʔ ɨ,,zariquiey2017,546,,,,96 0,m ɨ + ʔ ɨ - - - - - - - - -,hand _ʔɨ,
Kashinawa_P-61_hand-1,,Kashinawa_P,61_hand,mɨki,mɨki,m ɨ + k i,,zariquiey2017,546,,,,96 98,m ɨ + k i - - - - - - - - -,hand _ki,
Kashinawa_B-61_hand-1,,Kashinawa_B,61_hand,mɨ̃kɨ̃,mɨ̃kɨ̃,m ɨ̃ + k ɨ̃,,camargo1995,546,,,,96 101,m ɨ̃ + k ɨ̃ - - - - - - - - -,hand _kɨnɨ,
Matses-43_featherlarge-1,,Matses,43_featherlarge,podo,podo,p o d o,,fleck2005,312,,,,117 224,p o d o,podo,
Matis-43_featherlarge-1,,Matis,43_featherlarge,podo,podo,p o d o,,fleck2005,312,,,,117 224,p o d o,podo,
Marubo-43_featherlarge-1,,Marubo,43_featherlarge,pɨi,pɨi,p ɨ + i,,fleck2005,375,,,,216 221,p ɨ + - i,arm _i,
Katukina-43_featherlarge-1,,Katukina,43_featherlarge,rani,rani,r a n i,,aguiar1994,376,,,,218 222,r a n i,body_hair,
Kanamari-43_featherlarge-1,,Kanamari,43_featherlarge,pɨ?i,pɨʔi,p ɨ + ʔ i,,aguiar1994,375,,,,216 221,p ɨ + ʔ i,arm _i,
Shipibo_Konibo-43_featherlarge-1,,Shipibo_Konibo,43_featherlarge,pɨi,pɨi,p ɨ + i,,fleck2005,375,,,,216 221,p ɨ + - i,arm _i,
Kapanawa-43_featherlarge-1,,Kapanawa,43_featherlarge,pɨi,pɨi,p ɨ + i,,loos1998,375,,,,216 221,p ɨ + - i,arm _i,
Arara-43_featherlarge-1,,Arara,43_featherlarge,pɨi,pɨi,p ɨ + i,,cunha1993,375,,,,216 221,p ɨ + - i,arm _i,
Shanenawa-43_featherlarge-1,,Shanenawa,43_featherlarge,pɨj,pɨj,p ɨ + i,,lanes2005,375,,,,216 221,p ɨ + - i,arm _i,
Yawanawa-43_featherlarge-1,,Yawanawa,43_featherlarge,pɨi,pɨi,p ɨ + i,,paula1992,375,,,,216 221,p ɨ + - i,arm _i,
Nukini-43_featherlarge-1,,Nukini,43_featherlarge,kɨru,kɨru,k ɨ r u,,aguiar2004,380,,,,118 225,k ɨ r u,ki _ru,
Poyanawa-43_featherlarge-1,,Poyanawa,43_featherlarge,pɨi,pɨi,p ɨ + i,,paula1992,375,,,,216 221,p ɨ + - i,arm _i,
Iskonawa-43_featherlarge-1,,Iskonawa,43_featherlarge,pɨi,pɨi,p ɨ + i,,zariquiey2017,375,,,,216 221,p ɨ + - i,arm _i,
Chakobo-43_featherlarge-1,,Chakobo,43_featherlarge,pɨ?i,pɨʔi,p ɨ + ʔ i,,zingg1998,375,,,,216 221,p ɨ + ʔ i,arm _i,
Pakawara-43_featherlarge-1,,Pakawara,43_featherlarge,puhi,puhi,p u + h i,,key2000,375,,,,119 221,p u + h i,arm _i,
Kakataibo-43_featherlarge-1,,Kakataibo,43_featherlarge,pɨi,pɨi,p ɨ + i,,zariquiey2017,375,,,,216 221,p ɨ + - i,arm _i,
Kaxarari-43_featherlarge-1,,Kaxarari,43_featherlarge,pii,pii,p i + i,,couto2005,375,,,,216 221,p i + - i,arm _i,
Mastanawa-43_featherlarge-1,,Mastanawa,43_featherlarge,ʂupu,ʂupu,ʂ u p u,,zariquiey2017,378,,,,124,ʂ u p u,cotton,
Chaninawa-43_featherlarge-1,,Chaninawa,43_featherlarge,pɨi,pɨi,p ɨ + i,,zariquiey2017,375,,,,216 221,p ɨ + - i,arm _i,
Sharanawa-43_featherlarge-1,,Sharanawa,43_featherlarge,ʂupu,ʂupu,ʂ u p u,,zariquiey2017,378,,,,124,ʂ u p u,cotton,
Amawaka-43_featherlarge-1,,Amawaka,43_featherlarge,pɨʔi,pɨʔi,p ɨ + ʔ i,,zariquiey2017,375,,,,216 221,p ɨ + ʔ i,arm _i,
Nawa-43_featherlarge-1,,Nawa,43_featherlarge,ɾadi,ɾadi,ɾ a d i,,zariquiey2017,376,,,,218 223,ɾ a d i,body_hair,
Marinawa-43_featherlarge-1,,Marinawa,43_featherlarge,ɾandi,ɾandi,ɾ a nd i,,zariquiey2017,376,,,,218 222,ɾ a ⁿd i,body_hair,
Yaminawa-43_featherlarge-1,,Yaminawa,43_featherlarge,pɨj,pɨj,p ɨ + i,,zariquiey2017,375,,,,216 221,p ɨ + - i,arm _i,
Kashinawa_P-43_featherlarge-1,,Kashinawa_P,43_featherlarge,pɨj,pɨj,p ɨ + i,,zariquiey2017,375,,,,216 221,p ɨ + - i,arm _i,
Kashinawa_B-43_featherlarge-1,,Kashinawa_B,43_featherlarge,pɨi,pɨi,p ɨ + i,,camargo1995,375,,,,216 221,p ɨ + - i,arm _i,
Matses-65_heart-1,,Matses,65_heart,winte,uinte,u i n + t e,,fleck2005,566,,,,103 109,- u - i n + t e,breathe _ti,
Matis-65_heart-1,,Matis,65_heart,winte,uinte,u i n + t e,,fleck2005,566,,,,103 109,- u - i n + t e,breathe _ti,
Marubo-65_heart-1,,Marubo,65_heart,winti,winti,w i n + t i,,fleck2005,566,,,,103 104,w i - - n + t i,breathe _ti,
Katukina-65_heart-1,,Katukina,65_heart,winti,winti,w i n + t i,,aguiar1994,566,,,,103 104,w i - - n + t i,breathe _ti,
Shipibo_Konibo-65_heart-1,,Shipibo_Konibo,65_heart,huinti,huinti,h u i n + t i,,fleck2005,566,,,,103 104,h u - i n + t i,breathe _ti,
Kapanawa-65_heart-1,,Kapanawa,65_heart,hwinti,hwinti,h u i n + t i,,loos1998,566,,,,103 104,h u - i n + t i,breathe _ti,
Arara-65_heart-1,,Arara,65_heart,ũti,ũti,ũ + t i,,cunha1993,566,,,,103 104,- ũ - - - + t i,breathe _ti,
Shanenawa-65_heart-1,,Shanenawa,65_heart,uinti,uinti,u i n + t i,,lanes2005,566,,,,103 104,- u - i n + t i,breathe _ti,
Yawanawa-65_heart-1,,Yawanawa,65_heart,ũĩti,ũĩti,ũ ĩ + t i,,paula1992,566,,,,103 104,- ũ - ĩ - + t i,breathe _ti,
Nukini-65_heart-1,,Nukini,65_heart,kɨpĩ,kɨpĩ,k ɨ + p ĩ,,aguiar2004,569,,,,105 110,k ɨ p ĩ,kɨpĩ,
Poyanawa-65_heart-1,,Poyanawa,65_heart,ũĩti,ũĩti,ũ ĩ + t i,,paula1992,566,,,,103 104,- ũ - ĩ - + t i,breathe _ti,
Iskonawa-65_heart-1,,Iskonawa,65_heart,ũĩti,ũĩti,ũ ĩ + t i,,zariquiey2017,566,,,,103 104,- ũ - ĩ - + t i,breathe _ti,
Chakobo-65_heart-1,,Chakobo,65_heart,huiti,huiti,h u i + t i,,zingg1998,566,,,,103 104,h u - i - + t i,breathe _ti,
Pakawara-65_heart-1,,Pakawara,65_heart,huwiti,huwiti,h u w i + t i,,key2000,566,,,,103 104,h u w i - + t i,breathe _ti,
Kakataibo-65_heart-1,,Kakataibo,65_heart,nuitu,nuitu,n u i t u,,zariquiey2017,566,,,,5,n u - i - - t u,breathe _ti,
Kaxarari-65_heart-1,,Kaxarari,65_heart,hɨya,hɨya,h ɨ j a,,couto2005,570,,,,103 107,h ɨ - - - + j a,hija,
Mastanawa-65_heart-1,,Mastanawa,65_heart,uɨnti,uɨnti,u ɨ n + t i,,zariquiey2017,566,,,,103 104,- u - ɨ n + t i,breathe _ti,
Chaninawa-65_heart-1,,Chaninawa,65_heart,uĩti,uĩti,u ĩ + t i,,zariquiey2017,566,,,,103 104,- u - ĩ - + t i,breathe _ti,
Sharanawa-65_heart-1,,Sharanawa,65_heart,ũĩti,ũĩti,ũ ĩ + t i,,zariquiey2017,566,,,,103 104,- ũ - ĩ - + t i,breathe _ti,
Amawaka-65_heart-1,,Amawaka,65_heart,huinti,huinti,h u i n + t i,,zariquiey2017,566,,,,103 104,h u - i n + t i,breathe _ti,
Nawa-65_heart-1,,Nawa,65_heart,uɨnti,uɨnti,u ɨ n + t i,,zariquiey2017,566,,,,103 104,- u - ɨ n + t i,breathe _ti,
Marinawa-65_heart-1,,Marinawa,65_heart,uɨnti,uɨnti,u ɨ n + t i,,zariquiey2017,566,,,,103 104,- u - ɨ n + t i,breathe _ti,
Yaminawa-65_heart-1,,Yaminawa,65_heart,uwɨti,uwɨti,u w ɨ + t i,,zariquiey2017,566,,,,103 104,- u w ɨ - + t i,breathe _ti,
Kashinawa_P-65_heart-1,,Kashinawa_P,65_heart,ɸujnti,ɸujnti,ɸ u j/i n + t i,,zariquiey2017,566,,,,103 104,ɸ u - j/i n + t i,breathe _ti,
Kashinawa_B-65_heart-1,,Kashinawa_B,65_heart,huĩti,huĩti,h u ĩ + t i,,camargo1995,566,,,,103 104,h u - ĩ - + t i,breathe _ti,
Matses-59_guts-1,,Matses,59_guts,puku,puku,p u k u,,fleck2005,534,,,,92 88,p u k u,stomach,
Matis-59_guts-1,,Matis,59_guts,puku,puku,p u k u,,fleck2005,534,,,,92 88,p u k u,stomach,
Marubo-59_guts-1,,Marubo,59_guts,puku,puku,p u k u,,fleck2005,534,,,,92 88,p u k u,stomach,
Katukina-59_guts-1,,Katukina,59_guts,puku,puku,p u k u,,aguiar1994,534,,,,92 88,p u k u,stomach,
Shipibo_Konibo-59_guts-1,,Shipibo_Konibo,59_guts,puku,puku,p u k u,,fleck2005,534,,,,92 88,p u k u,stomach,
Kapanawa-59_guts-1,,Kapanawa,59_guts,puku,puku,p u k u,,loos1998,534,,,,92 88,p u k u,stomach,
Shanenawa-59_guts-1,,Shanenawa,59_guts,puku,puku,p u k u,,lanes2005,534,,,,92 88,p u k u,stomach,
Yawanawa-59_guts-1,,Yawanawa,59_guts,puku,puku,p u k u,,paula1992,534,,,,92 88,p u k u,stomach,
Nukini-59_guts-1,,Nukini,59_guts,puku,puku,p u k u,,aguiar2004,534,,,,92 88,p u k u,stomach,
Poyanawa-59_guts-1,,Poyanawa,59_guts,βɨtɨh,βɨtɨh,β ɨ t ɨ h,,paula1992,536,,,,233 93,β ɨ t ɨ h,βɨtɨh,
Iskonawa-59_guts-1,,Iskonawa,59_guts,puku,puku,p u k u,,zariquiey2017,534,,,,92 88,p u k u,stomach,
Chakobo-59_guts-1,,Chakobo,59_guts,puku,puku,p u k u,,zingg1998,534,,,,92 88,p u k u,stomach,
Kakataibo-59_guts-1,,Kakataibo,59_guts,puku,puku,p u k u,,zariquiey2017,534,,,,92 88,p u k u,stomach,
Mastanawa-59_guts-1,,Mastanawa,59_guts,puʔu,puʔu,p u ʔ u,,zariquiey2017,534,,,,92 88,p u ʔ u,stomach,
Chaninawa-59_guts-1,,Chaninawa,59_guts,puku,puku,p u k u,,zariquiey2017,534,,,,92 88,p u k u,stomach,
Sharanawa-59_guts-1,,Sharanawa,59_guts,puku,puku,p u k u,,zariquiey2017,534,,,,92 88,p u k u,stomach,
Amawaka-59_guts-1,,Amawaka,59_guts,puku,puku,p u k u,,zariquiey2017,534,,,,92 88,p u k u,stomach,
Nawa-59_guts-1,,Nawa,59_guts,puku,puku,p u k u,,zariquiey2017,534,,,,92 88,p u k u,stomach,
Marinawa-59_guts-1,,Marinawa,59_guts,puku,puku,p u k u,,zariquiey2017,534,,,,92 88,p u k u,stomach,
Yaminawa-59_guts-1,,Yaminawa,59_guts,puʔu,puʔu,p u ʔ u,,zariquiey2017,534,,,,92 88,p u ʔ u,stomach,
Kashinawa_P-59_guts-1,,Kashinawa_P,59_guts,puku,puku,p u k u,,zariquiey2017,534,,,,92 88,p u k u,stomach,
Matses-81_liver-1,,Matses,81_liver,isese,isese,i + s e s e,,fleck2005,709,,,,131 132,i s e s e,isese,
Matis-81_liver-1,,Matis,81_liver,takua,takua,t a kʷ a,,fleck2005,708,,,,17 18,- t a kʷ a,liver,
Marubo-81_liver-1,,Marubo,81_liver,taka,taka,t a k a,,fleck2005,708,,,,17 127,- t a k a,liver,
Katukina-81_liver-1,,Katukina,81_liver,taka,taka,t a k a,,aguiar1994,708,,,,17 127,- t a k a,liver,
Shipibo_Konibo-81_liver-1,,Shipibo_Konibo,81_liver,taka,taka,t a k a,,fleck2005,708,,,,17 127,- t a k a,liver,
Kapanawa-81_liver-1,,Kapanawa,81_liver,taka,taka,t a k a,,loos1998,708,,,,17 127,- t a k a,liver,
Arara-81_liver-1,,Arara,81_liver,taka,taka,t a k a,,cunha1993,708,,,,17 127,- t a k a,liver,
Shanenawa-81_liver-1,,Shanenawa,81_liver,taka,taka,t a k a,,lanes2005,708,,,,17 127,- t a k a,liver,
Yawanawa-81_liver-1,,Yawanawa,81_liver,taka,taka,t a k a,,paula1992,708,,,,17 127,- t a k a,liver,
Nukini-81_liver-1,,Nukini,81_liver,taka,taka,t a k a,,aguiar2004,708,,,,17 127,- t a k a,liver,
Poyanawa-81_liver-1,,Poyanawa,81_liver,taka,taka,t a k a,,paula1992,708,,,,17 127,- t a k a,liver,
Iskonawa-81_liver-1,,Iskonawa,81_liver,taka,taka,t a k a,,zariquiey2017,708,,,,17 127,- t a k a,liver,
Chakobo-81_liver-1,,Chakobo,81_liver,taka,taka,t a k a,,zingg1998,708,,,,17 127,- t a k a,liver,
Pakawara-81_liver-1,,Pakawara,81_liver,taka,taka,t a k a,,key2000,708,,,,17 127,- t a k a,liver,
Kakataibo-81_liver-1,,Kakataibo,81_liver,takwa,takwa,t a kʷ a,,zariquiey2017,708,,,,17 18,- t a kʷ a,liver,
Kaxarari-81_liver-1,,Kaxarari,81_liver,taka,taka,t a k a,,couto2005,708,,,,17 127,- t a k a,liver,
Mastanawa-81_liver-1,,Mastanawa,81_liver,taʔa,taʔa,t a ʔ a,,zariquiey2017,708,,,,17 128,- t a ʔ a,liver,
Chaninawa-81_liver-1,,Chaninawa,81_liver,taka,taka,t a k a,,zariquiey2017,708,,,,17 127,- t a k a,liver,
Sharanawa-81_liver-1,,Sharanawa,81_liver,taka,taka,t a k a,,zariquiey2017,708,,,,17 127,- t a k a,liver,
Amawaka-81_liver-1,,Amawaka,81_liver,tança,tança,t a n ç a,,zariquiey2017,1631,,,,133 130,t a n ç a,liver,
Nawa-81_liver-1,,Nawa,81_liver,taka,taka,t a k a,,zariquiey2017,708,,,,17 127,- t a k a,liver,
Marinawa-81_liver-1,,Marinawa,81_liver,taka,taka,t a k a,,zariquiey2017,708,,,,17 127,- t a k a,liver,
Yaminawa-81_liver-1,,Yaminawa,81_liver,taʔa,taʔa,t a ʔ a,,zariquiey2017,708,,,,17 128,- t a ʔ a,liver,
Kashinawa_P-81_liver-1,,Kashinawa_P,81_liver,taka,taka,t a k a,,zariquiey2017,708,,,,17 127,- t a k a,liver,
Kashinawa_B-81_liver-1,,Kashinawa_B,81_liver,taka,taka,t a k a,,camargo1995,708,,,,17 127,- t a k a,liver,
Matses-15_bone-1,,Matses,15_bone,kanite,kanite,k a + n i t e,,fleck2005,121,,,,0,k a + n i t e,back _nite,
Matis-15_bone-1,,Matis,15_bone,wiʃpo,wiʃpo,w i ʃ p o,,fleck2005,122,,,,0,w i ʃ p o,shinbone,
Marubo-15_bone-1,,Marubo,15_bone,ʂau,ʂau,ʂ a u,,fleck2005,125,,,,0,ʂ a - u,bone,
Katukina-15_bone-1,,Katukina,15_bone,xau,ʂau,ʂ a u,,aguiar1994,125,,,,0,ʂ a - u,bone,
Shipibo_Konibo-15_bone-1,,Shipibo_Konibo,15_bone,ʂau,ʂau,ʂ a u,,fleck2005,125,,,,0,ʂ a - u,bone,
Kapanawa-15_bone-1,,Kapanawa,15_bone,ʂaw,ʂaw,ʂ a w,,loos1998,125,,,,0,ʂ a - w,bone,
Arara-15_bone-1,,Arara,15_bone,ʃau,ʃau,ʃ a u,,cunha1993,125,,,,0,ʃ a - u,bone,
Shanenawa-15_bone-1,,Shanenawa,15_bone,ʂaw,ʂaw,ʂ a w,,lanes2005,125,,,,0,ʂ a - w,bone,
Yawanawa-15_bone-1,,Yawanawa,15_bone,ʂau,ʂau,ʂ a u,,paula1992,125,,,,0,ʂ a - u,bone,
Nukini-15_bone-1,,Nukini,15_bone,hau,hau,h a u,,aguiar2004,125,,,,0,h a - u,bone,
Poyanawa-15_bone-1,,Poyanawa,15_bone,haw,haw,h a w,,paula1992,125,,,,0,h a - w,bone,
Iskonawa-15_bone-1,,Iskonawa,15_bone,haw,haw,h a w,,zariquiey2017,125,,,,0,h a - w,bone,
Chakobo-15_bone-1,,Chakobo,15_bone,ʂau,ʂau,ʂ a u,,zingg1998,125,,,,0,ʂ a - u,bone,
Pakawara-15_bone-1,,Pakawara,15_bone,ʂau,ʂau,ʂ a u,,key2000,125,,,,0,ʂ a - u,bone,
Kakataibo-15_bone-1,,Kakataibo,15_bone,ʂo,ʂo,ʂ o,,zariquiey2017,125,,,,0,ʂ o - -,bone,
Kaxarari-15_bone-1,,Kaxarari,15_bone,ʂahu,ʂahu,ʂ a h u,,couto2005,125,,,,0,ʂ a h u,bone,
Mastanawa-15_bone-1,,Mastanawa,15_bone,ʂaw,ʂaw,ʂ a w,,zariquiey2017,125,,,,0,ʂ a - w,bone,
Chaninawa-15_bone-1,,Chaninawa,15_bone,ʂau,ʂau,ʂ a u,,zariquiey2017,125,,,,0,ʂ a - u,bone,
Sharanawa-15_bone-1,,Sharanawa,15_bone,ʂau,ʂau,ʂ a u,,zariquiey2017,125,,,,0,ʂ a - u,bone,
Amawaka-15_bone-1,,Amawaka,15_bone,çaw,çaw,ç a w,,zariquiey2017,125,,,,0,ç a - w,bone,
Nawa-15_bone-1,,Nawa,15_bone,ʂaw,ʂaw,ʂ a w,,zariquiey2017,125,,,,0,ʂ a - w,bone,
Marinawa-15_bone-1,,Marinawa,15_bone,ʂaw,ʂaw,ʂ a w,,zariquiey2017,125,,,,0,ʂ a - w,bone,
Yaminawa-15_bone-1,,Yaminawa,15_bone,ʂaw,ʂaw,ʂ a w,,zariquiey2017,125,,,,0,ʂ a - w,bone,
Kashinawa_P-15_bone-1,,Kashinawa_P,15_bone,ʂaw,ʂaw,ʂ a w,,zariquiey2017,125,,,,0,ʂ a - w,bone,
Kashinawa_B-15_bone-1,,Kashinawa_B,15_bone,ʂau,ʂau,ʂ a u,,camargo1995,125,,,,0,ʂ a - u,bone,
Matses-86_meatflesh-1,,Matses,86_meatflesh,nami,nami,n a m i,,fleck2005,747,,,,129 134,n a m i,flesh/meat,
Matis-86_meatflesh-1,,Matis,86_meatflesh,nami,nami,n a m i,,fleck2005,747,,,,129 134,n a m i,flesh/meat,
Marubo-86_meatflesh-1,,Marubo,86_meatflesh,nami,nami,n a m i,,fleck2005,747,,,,129 134,n a m i,flesh/meat,
Katukina-86_meatflesh-1,,Katukina,86_meatflesh,nami,nami,n a m i,,aguiar1994,747,,,,129 134,n a m i,flesh/meat,
Shipibo_Konibo-86_meatflesh-1,,Shipibo_Konibo,86_meatflesh,nami,nami,n a m i,,fleck2005,747,,,,129 134,n a m i,flesh/meat,
Kapanawa-86_meatflesh-1,,Kapanawa,86_meatflesh,nami,nami,n a m i,,loos1998,747,,,,129 134,n a m i,flesh/meat,
Arara-86_meatflesh-1,,Arara,86_meatflesh,nambi,nambi,n a mb i,,cunha1993,747,,,,129 135,n a mb i,flesh/meat,
Shanenawa-86_meatflesh-1,,Shanenawa,86_meatflesh,nami,nami,n a m i,,lanes2005,747,,,,129 134,n a m i,flesh/meat,
Yawanawa-86_meatflesh-1,,Yawanawa,86_meatflesh,nami,nami,n a m i,,paula1992,747,,,,129 134,n a m i,flesh/meat,
Nukini-86_meatflesh-1,,Nukini,86_meatflesh,nami,nami,n a m i,,aguiar2004,747,,,,129 134,n a m i,flesh/meat,
Poyanawa-86_meatflesh-1,,Poyanawa,86_meatflesh,nambi,nambi,n a mb i,,paula1992,747,,,,129 135,n a mb i,flesh/meat,
Iskonawa-86_meatflesh-1,,Iskonawa,86_meatflesh,nami,nami,n a m i,,zariquiey2017,747,,,,129 134,n a m i,flesh/meat,
Chakobo-86_meatflesh-1,,Chakobo,86_meatflesh,nami,nami,n a m i,,zingg1998,747,,,,129 135,n a m i,flesh/meat,
Pakawara-86_meatflesh-1,,Pakawara,86_meatflesh,nami,nami,n a m i,,key2000,747,,,,129 134,n a m i,flesh/meat,
Kakataibo-86_meatflesh-1,,Kakataibo,86_meatflesh,nami,nami,n a m i,,zariquiey2017,747,,,,129 134,n a m i,flesh/meat,
Kaxarari-86_meatflesh-1,,Kaxarari,86_meatflesh,lami,lami,l a m i,,couto2005,747,,,,129 135,l a m i,flesh/meat,
Mastanawa-86_meatflesh-1,,Mastanawa,86_meatflesh,dabi,dabi,d a b i,,zariquiey2017,747,,,,129 136,d a b i,flesh/meat,
Chaninawa-86_meatflesh-1,,Chaninawa,86_meatflesh,dabi,dabi,d a b i,,zariquiey2017,747,,,,129 136,d a b i,flesh/meat,
Sharanawa-86_meatflesh-1,,Sharanawa,86_meatflesh,dabi,dabi,d a b i,,zariquiey2017,747,,,,129 136,d a b i,flesh/meat,
Amawaka-86_meatflesh-1,,Amawaka,86_meatflesh,nambi,nambi,n a mb i,,zariquiey2017,747,,,,129 135,n a mb i,flesh/meat,
Nawa-86_meatflesh-1,,Nawa,86_meatflesh,dabi,dabi,d a b i,,zariquiey2017,747,,,,129 136,d a b i,flesh/meat,
Marinawa-86_meatflesh-1,,Marinawa,86_meatflesh,danbi,danbi,d a mb i,,zariquiey2017,747,,,,129 135,d a mb i,flesh/meat,
Yaminawa-86_meatflesh-1,,Yaminawa,86_meatflesh,dabi,dabi,d a b i,,zariquiey2017,747,,,,129 136,d a b i,flesh/meat,
Kashinawa_P-86_meatflesh-1,,Kashinawa_P,86_meatflesh,nami,nami,n a m i,,zariquiey2017,747,,,,129 134,n a m i,flesh/meat,
Kashinawa_B-86_meatflesh-1,,Kashinawa_B,86_meatflesh,nami,nami,n a m i,,camargo1995,747,,,,129 134,n a m i,flesh/meat,
Matses-40_fatgrease-1,,Matses,40_fatgrease,βɨtʃi,βɨtʃi,β ɨ tʃ i,,fleck2005,5,,,,0,β ɨ tʃ i,skin,
Matis-40_fatgrease-1,,Matis,40_fatgrease,ʂɨnio,ʂɨnio,ʂ ɨ n i + o,,fleck2005,358,,,,0,ʂ ɨ n i + o,fat _o,
Marubo-40_fatgrease-1,,Marubo,40_fatgrease,ʂɨni,ʂɨni,ʂ ɨ n i,,fleck2005,358,,,,0,ʂ ɨ n i - -,fat,
Katukina-40_fatgrease-1,,Katukina,40_fatgrease,xene,xene,ʂ e n e,,aguiar1994,358,,,,0,ʂ e n e - -,fat,
Shipibo_Konibo-40_fatgrease-1,,Shipibo_Konibo,40_fatgrease,ʂɨni,ʂɨni,ʂ ɨ n i,,fleck2005,358,,,,0,ʂ ɨ n i - -,fat,
Kapanawa-40_fatgrease-1,,Kapanawa,40_fatgrease,ʂɨni,ʂɨni,ʂ ɨ n i,,loos1998,358,,,,0,ʂ ɨ n i - -,fat,
Shanenawa-40_fatgrease-1,,Shanenawa,40_fatgrease,ʂɨni,ʂɨni,ʂ ɨ n i,,lanes2005,358,,,,0,ʂ ɨ n i - -,fat,
Poyanawa-40_fatgrease-1,,Poyanawa,40_fatgrease,hɨndi,hɨndi,h ɨ nd i,,paula1992,358,,,,0,h ɨ nd i - -,fat,
Iskonawa-40_fatgrease-1,,Iskonawa,40_fatgrease,hɨni,hɨni,h ɨ n i,,zariquiey2017,358,,,,0,h ɨ n i - -,fat,
Chakobo-40_fatgrease-1,,Chakobo,40_fatgrease,ʂɨni,ʂɨni,ʂ ɨ n i,,zingg1998,358,,,,0,ʂ ɨ n i - -,fat,
Kakataibo-40_fatgrease-1,,Kakataibo,40_fatgrease,ʂɨni,ʂɨni,ʂ ɨ n i,,zariquiey2017,358,,,,0,ʂ ɨ n i - -,fat,
Mastanawa-40_fatgrease-1,,Mastanawa,40_fatgrease,ʃidi,ʃidi,ʃ i d i,,zariquiey2017,358,,,,0,ʃ i d i - -,fat,
Chaninawa-40_fatgrease-1,,Chaninawa,40_fatgrease,ʂɨdi,ʂɨdi,ʂ ɨ d i,,zariquiey2017,358,,,,0,ʂ ɨ d i - -,fat,
Sharanawa-40_fatgrease-1,,Sharanawa,40_fatgrease,ʂɨdi,ʂɨdi,ʂ ɨ d i,,zariquiey2017,358,,,,0,ʂ ɨ d i - -,fat,
Amawaka-40_fatgrease-1,,Amawaka,40_fatgrease,çɨndi,çɨndi,ç ɨ nd i,,zariquiey2017,358,,,,0,ç ɨ nd i - -,fat,
Nawa-40_fatgrease-1,,Nawa,40_fatgrease,ʂɨdi,ʂɨdi,ʂ ɨ d i,,zariquiey2017,358,,,,0,ʂ ɨ d i - -,fat,
Marinawa-40_fatgrease-1,,Marinawa,40_fatgrease,ʂɨndi,ʂɨndi,ʂ ɨ nd i,,zariquiey2017,358,,,,0,ʂ ɨ nd i - -,fat,
Yaminawa-40_fatgrease-1,,Yaminawa,40_fatgrease,ʂɨdi,ʂɨdi,ʂ ɨ d i,,zariquiey2017,358,,,,0,ʂ ɨ d i - -,fat,
Kashinawa_P-40_fatgrease-1,,Kashinawa_P,40_fatgrease,ʂɨni,ʂɨni,ʂ ɨ n i,,zariquiey2017,358,,,,0,ʂ ɨ n i - -,fat,
Matses-13_blood-1,,Matses,13_blood,intak,intak,i n t a k,,fleck2005,106,,,,0,- i n - t a k,intak,
Matis-13_blood-1,,Matis,13_blood,imi,imi,i m i,,fleck2005,106,,,,0,- i m i - - -,blood,
Marubo-13_blood-1,,Marubo,13_blood,imi,imi,i m i,,fleck2005,106,,,,0,- i m i - - -,blood,
Katukina-13_blood-1,,Katukina,13_blood,himi,himi,h i m i,,aguiar1994,106,,,,0,h i m i - - -,blood,
Shipibo_Konibo-13_blood-1,,Shipibo_Konibo,13_blood,himi,himi,h i m i,,fleck2005,106,,,,0,h i m i - - -,blood,
Kapanawa-13_blood-1,,Kapanawa,13_blood,himi,himi,h i m i,,loos1998,106,,,,0,h i m i - - -,blood,
Arara-13_blood-1,,Arara,13_blood,imbi,imbi,i mb i,,cunha1993,106,,,,0,- i mb i - - -,blood,
Shanenawa-13_blood-1,,Shanenawa,13_blood,imi,imi,i m i,,lanes2005,106,,,,0,- i m i - - -,blood,
Yawanawa-13_blood-1,,Yawanawa,13_blood,imi,imi,i m i,,paula1992,106,,,,0,- i m i - - -,blood,
Nukini-13_blood-1,,Nukini,13_blood,imĩ,imĩ,i m ĩ,,aguiar2004,106,,,,0,- i m ĩ - - -,blood,
Poyanawa-13_blood-1,,Poyanawa,13_blood,imbi,imbi,i mb i,,paula1992,106,,,,0,- i mb i - - -,blood,
Iskonawa-13_blood-1,,Iskonawa,13_blood,imi,imi,i m i,,zariquiey2017,106,,,,0,- i m i - - -,blood,
Chakobo-13_blood-1,,Chakobo,13_blood,himi,himi,h i m i,,zingg1998,106,,,,0,h i m i - - -,blood,
Pakawara-13_blood-1,,Pakawara,13_blood,himi,himi,h i m i,,key2000,106,,,,0,h i m i - - -,blood,
Kakataibo-13_blood-1,,Kakataibo,13_blood,imi,imi,i m i,,zariquiey2017,106,,,,0,- i m i - - -,blood,
Kaxarari-13_blood-1,,Kaxarari,13_blood,himi,himi,h i m i,,couto2005,106,,,,0,h i m i - - -,blood,
Mastanawa-13_blood-1,,Mastanawa,13_blood,ibi,ibi,i b i,,zariquiey2017,106,,,,0,- i b i - - -,blood,
Chaninawa-13_blood-1,,Chaninawa,13_blood,ibi,ibi,i b i,,zariquiey2017,106,,,,0,- i b i - - -,blood,
Sharanawa-13_blood-1,,Sharanawa,13_blood,ibi,ibi,i b i,,zariquiey2017,106,,,,0,- i b i - - -,blood,
Amawaka-13_blood-1,,Amawaka,13_blood,himbi,himbi,h i mb i,,zariquiey2017,106,,,,0,h i mb i - - -,blood,
Nawa-13_blood-1,,Nawa,13_blood,ibi,ibi,i b i,,zariquiey2017,106,,,,0,- i b i - - -,blood,
Marinawa-13_blood-1,,Marinawa,13_blood,inbi,inbi,i mb i,,zariquiey2017,106,,,,0,- i mb i - - -,blood,
Yaminawa-13_blood-1,,Yaminawa,13_blood,ibi,ibi,i b i,,zariquiey2017,106,,,,0,- i b i - - -,blood,
Kashinawa_P-13_blood-1,,Kashinawa_P,13_blood,himi,himi,h i m i,,zariquiey2017,106,,,,0,h i m i - - -,blood,
Kashinawa_B-13_blood-1,,Kashinawa_B,13_blood,himi,himi,h i m i,,camargo1995,106,,,,0,h i m i - - -,blood,
Matses-108_root-1,,Matses,108_root,tapun,tapun,t a + p u n,,fleck2005,918,,,,248 249,t a + p u n,foot _vein,
Matis-108_root-1,,Matis,108_root,ʂuku,ʂuku,ʂ u + k u,,fleck2005,923,,,,250 251,ʂ u k u,small _ku,
Marubo-108_root-1,,Marubo,108_root,tapun,tapun,t a + p u n,,fleck2005,918,,,,248 249,t a + p u n,foot _vein,
Shipibo_Konibo-108_root-1,,Shipibo_Konibo,108_root,tapun,tapun,t a + p u n,,fleck2005,918,,,,248 249,t a + p u n,foot _vein,
Kapanawa-108_root-1,,Kapanawa,108_root,tapun,tapun,t a + p u n,,loos1998,918,,,,248 249,t a + p u n,foot _vein,
Arara-108_root-1,,Arara,108_root,tapu,tapu,t a + p u,,cunha1993,918,,,,248 249,t a p u - -,foot _vein,
Shanenawa-108_root-1,,Shanenawa,108_root,tapu,tapu,t a + p u,,lanes2005,918,,,,248 249,t a + p u,foot _vein,
Yawanawa-108_root-1,,Yawanawa,108_root,tapun,tapun,t a + p u n,,paula1992,918,,,,248 249,t a + p u n,foot _vein,
Poyanawa-108_root-1,,Poyanawa,108_root,tatʃa,tatʃa,t a + tʃ a,,paula1992,919,,,,248 255,t a + tʃ a,foot _tʃa,
Iskonawa-108_root-1,,Iskonawa,108_root,tapũ,tapũ,t a + p ũ,,zariquiey2017,918,,,,248 249,t a + p ũ,foot _vein,
Chakobo-108_root-1,,Chakobo,108_root,tapunu,tapunu,t a + p u n u,,zingg1998,918,,,,248 249,t a + p u n u,foot _vein,
Pakawara-108_root-1,,Pakawara,108_root,tapunu,tapunu,t a + p u n u,,key2000,918,,,,248 249,t a + p u n u,foot _vein,
Kakataibo-108_root-1,,Kakataibo,108_root,tapun,tapun,t a + p u n,,zariquiey2017,918,,,,248 249,t a + p u n,foot _vein,
Kaxarari-108_root-1,,Kaxarari,108_root,tʃipunu,tʃipunu,tʃ i + p u n u,,couto2005,1581,,,,248 249,tʃ i + p u n u,end _vein,
Mastanawa-108_root-1,,Mastanawa,108_root,taʧa,taʧa,t a + tʃ a,,zariquiey2017,919,,,,248 255,t a + tʃ a,foot _tʃa,
Chaninawa-108_root-1,,Chaninawa,108_root,tapu,tapu,t a + p u,,zariquiey2017,918,,,,248 249,t a + p u,foot _vein,
Sharanawa-108_root-1,,Sharanawa,108_root,tat͡ʃa,tat͡ʃa,t a + tʃ a,,zariquiey2017,919,,,,248 255,t a + tʃ a,foot _tʃa,
Amawaka-108_root-1,,Amawaka,108_root,hi:,hi:,h iː,,zariquiey2017,925,,,,252,h iː,tree,
Nawa-108_root-1,,Nawa,108_root,tapu,tapu,t a + p u,,zariquiey2017,918,,,,248 249,t a + p u,foot _vein,
Marinawa-108_root-1,,Marinawa,108_root,tapu,tapu,t a + p u,,zariquiey2017,918,,,,248 249,t a + p u,foot _vein,
Yaminawa-108_root-1,,Yaminawa,108_root,tapu,tapu,t a + p u,,zariquiey2017,918,,,,248 249,t a + p u,foot _vein,
Kashinawa_P-108_root-1,,Kashinawa_P,108_root,taʧa,taʧa,t a + tʃ a,,zariquiey2017,919,,,,248 255,t a + tʃ a,foot _tʃa,
Kashinawa_B-108_root-1,,Kashinawa_B,108_root,tatʃa,tatʃa,t a + tʃ a,,camargo1995,919,,,,248 255,t a + tʃ a,foot _tʃa,
Matses-77_leaf-1,,Matses,77_leaf,podo,podo,p o d o,,fleck2005,675,,,,0,p o d o,arm/podo,
Matis-77_leaf-1,,Matis,77_leaf,podo,podo,p o d o,,fleck2005,675,,,,0,p o d o,arm/podo,
Marubo-77_leaf-1,,Marubo,77_leaf,pɨi,pɨi,p ɨ + i,,fleck2005,673,,,,0,p ɨ + i,arm _i,
Katukina-77_leaf-1,,Katukina,77_leaf,pei,pei,p e + i,,aguiar1994,673,,,,0,p e + i,arm _i,
Shipibo_Konibo-77_leaf-1,,Shipibo_Konibo,77_leaf,pɨi,pɨi,p ɨ + i,,fleck2005,673,,,,0,p ɨ + i,arm _i,
Kapanawa-77_leaf-1,,Kapanawa,77_leaf,pɨi,pɨi,p ɨ + i,,loos1998,673,,,,0,p ɨ + i,arm _i,
Arara-77_leaf-1,,Arara,77_leaf,dipɨ,dipɨ,d i p ɨ,,cunha1993,582,,,,0,d i p ɨ,?,
Shanenawa-77_leaf-1,,Shanenawa,77_leaf,pɨj,pɨj,p ɨ + j,,lanes2005,673,,,,0,p ɨ + j,arm _j,
Yawanawa-77_leaf-1,,Yawanawa,77_leaf,pɨi,pɨi,p ɨ + i,,paula1992,673,,,,0,p ɨ + i,arm _i,
Nukini-77_leaf-1,,Nukini,77_leaf,mãnɨ,mãnɨ,m ã n ɨ,,aguiar2004,674,,,,0,m ã n ɨ,large_leaf,
Poyanawa-77_leaf-1,,Poyanawa,77_leaf,mandi,mandi,m a nd i,,paula1992,674,,,,0,m a ⁿd i,large_leaf,
Iskonawa-77_leaf-1,,Iskonawa,77_leaf,pɨi,pɨi,p ɨ + i,,zariquiey2017,673,,,,0,p ɨ + i,arm _i,
Chakobo-77_leaf-1,,Chakobo,77_leaf,pɨ?i,pɨʔi,p ɨ + ʔ i,,zingg1998,673,,,,0,p ɨ + ʔ i,arm _ʔi,
Pakawara-77_leaf-1,,Pakawara,77_leaf,pɨ?i,pɨʔi,p ɨ + ʔ i,,key2000,673,,,,0,p ɨ + ʔ i,arm _ʔi,
Kakataibo-77_leaf-1,,Kakataibo,77_leaf,pɨi,pɨi,p ɨ + i,,zariquiey2017,673,,,,0,p ɨ + i,arm _i,
Kaxarari-77_leaf-1,,Kaxarari,77_leaf,himani,himani,h i + m a n i,,couto2005,674,,,,0,h i + m a n i,tree large_leaf,
Mastanawa-77_leaf-1,,Mastanawa,77_leaf,pɨj,pɨj,p ɨ + j,,zariquiey2017,673,,,,0,p ɨ + j,arm _j,
Chaninawa-77_leaf-1,,Chaninawa,77_leaf,ʂɨpa,ʂɨpa,ʂ ɨ p a,,zariquiey2017,679,,,,0,ʂ ɨ p a,?,
Sharanawa-77_leaf-1,,Sharanawa,77_leaf,pɨi,pɨi,p ɨ + i,,zariquiey2017,673,,,,0,p ɨ + i,arm _i,
Amawaka-77_leaf-1,,Amawaka,77_leaf,mandi,mandi,m a ⁿd i,,zariquiey2017,674,,,,0,m a ⁿd i,large_leaf,
Nawa-77_leaf-1,,Nawa,77_leaf,pɨj,pɨj,p ɨ + j,,zariquiey2017,673,,,,0,p ɨ + j,arm _j,
Marinawa-77_leaf-1,,Marinawa,77_leaf,pɨj,pɨj,p ɨ + j,,zariquiey2017,673,,,,0,p ɨ + j,arm _j,
Yaminawa-77_leaf-1,,Yaminawa,77_leaf,pɨj,pɨj,p ɨ + j,,zariquiey2017,673,,,,0,p ɨ + j,arm _j,
Kashinawa_P-77_leaf-1,,Kashinawa_P,77_leaf,pɨj,pɨj,p ɨ + j,,zariquiey2017,673,,,,0,p ɨ + j,arm _j,
Kashinawa_B-77_leaf-1,,Kashinawa_B,77_leaf,pɨy,pɨy,p ɨ + i,,camargo1995,673,,,,0,p ɨ + i,arm _i,
Matses-50_flower-1,,Matses,50_flower,βakuɨ,βakuɨ,β a kʷ ɨ,,fleck2005,454,,,,0,β a k u ɨ,breeding,
Matis-50_flower-1,,Matis,50_flower,wa,ua,u a,,fleck2005,448,,,,0,- - - - u a,flower,
Marubo-50_flower-1,,Marubo,50_flower,wa,wa,w a,,fleck2005,448,,,,0,- - - - w a,flower,
Katukina-50_flower-1,,Katukina,50_flower,hawa,hawa,h a w a,,aguiar1994,451,,,,0,h a w a,ha flower,
Shipibo_Konibo-50_flower-1,,Shipibo_Konibo,50_flower,hua,hua,h u a,,fleck2005,448,,,,0,- - - h u a,flower,
Kapanawa-50_flower-1,,Kapanawa,50_flower,hua,hua,h u a,,loos1998,448,,,,0,- - - h u a,flower,
Arara-50_flower-1,,Arara,50_flower,ua,ua,u a,,cunha1993,448,,,,0,- - - - u a,flower,
Shanenawa-50_flower-1,,Shanenawa,50_flower,nina,nina,n i n a,,lanes2005,452,,,,0,n i n a,flower/nina,
Yawanawa-50_flower-1,,Yawanawa,50_flower,ua,ua,u a,,paula1992,448,,,,0,- - - - u a,flower,
Poyanawa-50_flower-1,,Poyanawa,50_flower,tʃuku,tʃuku,tʃ u k u,,paula1992,453,,,,0,tʃ u k u,small,
Iskonawa-50_flower-1,,Iskonawa,50_flower,ua,ua,u a,,zariquiey2017,448,,,,0,- - - - u a,flower,
Chakobo-50_flower-1,,Chakobo,50_flower,hua,hua,h u a,,zingg1998,448,,,,0,- - - h u a,flower,
Pakawara-50_flower-1,,Pakawara,50_flower,hua,hua,h u a,,key2000,448,,,,0,- - - h u a,flower,
Kakataibo-50_flower-1,,Kakataibo,50_flower,rua,rua,u a,,zariquiey2017,448,,,,0,- - - - u a,flower,
Kaxarari-50_flower-1,,Kaxarari,50_flower,hihua,hihua,h i + h u a,,couto2005,448,,,,0,h i + h u a,tree flower,
Mastanawa-50_flower-1,,Mastanawa,50_flower,ʧaɾu,ʧaɾu,tʃ a ɾ u,,zariquiey2017,449,,,,0,tʃ a ɾ u,flower/charu,
Chaninawa-50_flower-1,,Chaninawa,50_flower,t͡ʃaɾu,t͡ʃaɾu,tʃ a ɾ u,,zariquiey2017,449,,,,0,tʃ a ɾ u,flower/charu,
Sharanawa-50_flower-1,,Sharanawa,50_flower,t͡ʃaɾu,t͡ʃaɾu,tʃ a ɾ u,,zariquiey2017,449,,,,0,tʃ a ɾ u,flower/charu,
Amawaka-50_flower-1,,Amawaka,50_flower,t͡ʃaɾu,t͡ʃaɾu,tʃ a ɾ u,,zariquiey2017,449,,,,0,tʃ a ɾ u,flower/charu,
Nawa-50_flower-1,,Nawa,50_flower,ʧaɾu,ʧaɾu,tʃ a ɾ u,,zariquiey2017,449,,,,0,tʃ a ɾ u,flower/charu,
Marinawa-50_flower-1,,Marinawa,50_flower,ʧaɾu,ʧaɾu,tʃ a ɾ u,,zariquiey2017,449,,,,0,tʃ a ɾ u,flower/charu,
Yaminawa-50_flower-1,,Yaminawa,50_flower,ʧaɾu,ʧaɾu,tʃ a ɾ u,,zariquiey2017,449,,,,0,tʃ a ɾ u,flower/charu,
Kashinawa_P-50_flower-1,,Kashinawa_P,50_flower,hwa,hwa,h u a,,zariquiey2017,448,,,,0,- - - h u a,flower,
Kashinawa_B-50_flower-1,,Kashinawa_B,50_flower,hua,hua,h u a,,camargo1995,448,,,,0,- - - h u a,flower,
Matses-54_fruitberry-1,,Matses,54_fruitberry,βakuɨ,βakuɨ,β a kʷ ɨ,,fleck2005,489,,,,0,β a k u ɨ,breeding,
Matis-54_fruitberry-1,,Matis,54_fruitberry,tʃitʃo,tʃitʃo,tʃ i tʃ o,,fleck2005,389,,,,0,tʃ i tʃ o,premature_baby,
Marubo-54_fruitberry-1,,Marubo,54_fruitberry,βimi,βimi,β i m i,,fleck2005,487,,,,0,β i m - i,fruit,
Katukina-54_fruitberry-1,,Katukina,54_fruitberry,βimi,βimi,β i m i,,aguiar1994,487,,,,0,β i m - i,fruit,
Kanamari-54_fruitberry-1,,Kanamari,54_fruitberry,βimi,βimi,β i m i,,aguiar1994,487,,,,0,β i m - i,fruit,
Shipibo_Konibo-54_fruitberry-1,,Shipibo_Konibo,54_fruitberry,βimi,βimi,β i m i,,fleck2005,487,,,,0,β i m - i,fruit,
Kapanawa-54_fruitberry-1,,Kapanawa,54_fruitberry,βimi,βimi,β i m i,,loos1998,487,,,,0,β i m - i,fruit,
Arara-54_fruitberry-1,,Arara,54_fruitberry,βimbi,βimbi,β i m b i,,cunha1993,487,,,,0,β i m b i,fruit,
Shanenawa-54_fruitberry-1,,Shanenawa,54_fruitberry,fimi,fimi,f i m i,,lanes2005,487,,,,0,f i m - i,fruit,
Yawanawa-54_fruitberry-1,,Yawanawa,54_fruitberry,βimi,βimi,β i m i,,paula1992,487,,,,0,β i m - i,fruit,
Nukini-54_fruitberry-1,,Nukini,54_fruitberry,βimĩ,βimĩ,β i m ĩ,,aguiar2004,487,,,,0,β i m - ĩ,fruit,
Poyanawa-54_fruitberry-1,,Poyanawa,54_fruitberry,ũxi,ũxi,ũ ʂ i,,paula1992,490,,,,0,ũ x i,red,
Iskonawa-54_fruitberry-1,,Iskonawa,54_fruitberry,βimi,βimi,β i m i,,zariquiey2017,487,,,,0,β i m - i,fruit,
Chakobo-54_fruitberry-1,,Chakobo,54_fruitberry,βimi,βimi,β i m i,,zingg1998,487,,,,0,β i m - i,fruit,
Pakawara-54_fruitberry-1,,Pakawara,54_fruitberry,βimi,βimi,β i m i,,key2000,487,,,,0,β i m - i,fruit,
Kakataibo-54_fruitberry-1,,Kakataibo,54_fruitberry,βimi,βimi,β i m i,,zariquiey2017,487,,,,0,β i m - i,fruit,
Kaxarari-54_fruitberry-1,,Kaxarari,54_fruitberry,wimi,wimi,w i m i,,couto2005,487,,,,0,w i m - i,fruit,
Mastanawa-54_fruitberry-1,,Mastanawa,54_fruitberry,ɸibi,ɸibi,ɸ i b i,,zariquiey2017,487,,,,0,ɸ i - b i,fruit,
Chaninawa-54_fruitberry-1,,Chaninawa,54_fruitberry,ɸibi,ɸibi,ɸ i b i,,zariquiey2017,487,,,,0,ɸ i - b i,fruit,
Sharanawa-54_fruitberry-1,,Sharanawa,54_fruitberry,ɸibi,ɸibi,ɸ i b i,,zariquiey2017,487,,,,0,ɸ i - b i,fruit,
Amawaka-54_fruitberry-1,,Amawaka,54_fruitberry,wimbi,wimbi,w i m b i,,zariquiey2017,487,,,,0,w i m b i,fruit,
Nawa-54_fruitberry-1,,Nawa,54_fruitberry,ɸibi,ɸibi,ɸ i b i,,zariquiey2017,487,,,,0,ɸ i - b i,fruit,
Marinawa-54_fruitberry-1,,Marinawa,54_fruitberry,ɸinbi,ɸinbi,ɸ i n b i,,zariquiey2017,487,,,,0,ɸ i n b i,fruit,
Yaminawa-54_fruitberry-1,,Yaminawa,54_fruitberry,ɸibi,ɸibi,ɸ i b i,,zariquiey2017,487,,,,0,ɸ i - b i,fruit,
Kashinawa_P-54_fruitberry-1,,Kashinawa_P,54_fruitberry,βimi,βimi,β i m i,,zariquiey2017,487,,,,0,β i m - i,fruit,
Kashinawa_B-54_fruitberry-1,,Kashinawa_B,54_fruitberry,βimi,βimi,β i m i,,camargo1995,487,,,,0,β i m - i,fruit,
Matses-117_seed-1,,Matses,117_seed,ɨʂɨ,ɨʂɨ,ɨ ʂ ɨ,,fleck2005,999,,,,0,- ɨ ʂ ɨ,seed,
Matis-117_seed-1,,Matis,117_seed,ɨʂɨ,ɨʂɨ,ɨ ʂ ɨ,,fleck2005,999,,,,0,- ɨ ʂ ɨ,seed,
Marubo-117_seed-1,,Marubo,117_seed,ɨʂɨ,ɨʂɨ,ɨ ʂ ɨ,,fleck2005,999,,,,0,- ɨ ʂ ɨ,seed,
Katukina-117_seed-1,,Katukina,117_seed,hexhe,hexhe,h e ʂ e,,aguiar1994,999,,,,0,h e x e,seed,
Kanamari-117_seed-1,,Kanamari,117_seed,hɨsɨ,hɨsɨ,h ɨ s ɨ,,aguiar1994,999,,,,0,h ɨ s ɨ,seed,
Shipibo_Konibo-117_seed-1,,Shipibo_Konibo,117_seed,βɨru,βɨru,β ɨ r u,,fleck2005,1000,,,,3,β ɨ r u,eye,
Kapanawa-117_seed-1,,Kapanawa,117_seed,βɨru,βɨru,β ɨ r u,,loos1998,1000,,,,0,β ɨ r u,eye,
Arara-117_seed-1,,Arara,117_seed,ɨʂɨ,ɨʂɨ,ɨ ʂ ɨ,,cunha1993,999,,,,0,- ɨ ʂ ɨ,seed,
Shanenawa-117_seed-1,,Shanenawa,117_seed,ɨʂɨ,ɨʂɨ,ɨ ʂ ɨ,,lanes2005,999,,,,0,- ɨ ʂ ɨ,seed,
Yawanawa-117_seed-1,,Yawanawa,117_seed,ɨʂɨ,ɨʂɨ,ɨ ʂ ɨ,,paula1992,999,,,,0,- ɨ ʂ ɨ,seed,
Nukini-117_seed-1,,Nukini,117_seed,ɨhu,ɨhu,ɨ h u,,aguiar2004,999,,,,0,- ɨ h u,seed,
Poyanawa-117_seed-1,,Poyanawa,117_seed,ɨhɨ,ɨhɨ,ɨ h ɨ,,paula1992,999,,,,0,- ɨ h ɨ,seed,
Iskonawa-117_seed-1,,Iskonawa,117_seed,ɨhɨ,ɨhɨ,ɨ h ɨ,,zariquiey2017,999,,,,0,- ɨ h ɨ,seed,
Chakobo-117_seed-1,,Chakobo,117_seed,βɨru,βɨru,β ɨ r u,,zingg1998,1000,,,,0,β ɨ r u,eye,
Pakawara-117_seed-1,,Pakawara,117_seed,βiru,βiru,β i r u,,key2000,1000,,,,0,β i r u,eye,
Kakataibo-117_seed-1,,Kakataibo,117_seed,βɨru,βɨru,β ɨ r u,,zariquiey2017,1000,,,,0,β ɨ r u,eye,
Kaxarari-117_seed-1,,Kaxarari,117_seed,wanatu,wanatu,w a n a t u,,couto2005,1003,,,,0,w a n a t u,?,
Mastanawa-117_seed-1,,Mastanawa,117_seed,ɨʂɨ,ɨʂɨ,ɨ ʂ ɨ,,zariquiey2017,999,,,,0,- ɨ ʂ ɨ,seed,
Chaninawa-117_seed-1,,Chaninawa,117_seed,ɨʂi,ɨʂi,ɨ ʂ i,,zariquiey2017,999,,,,0,- ɨ ʂ i,seed,
Sharanawa-117_seed-1,,Sharanawa,117_seed,ɨʂɨ,ɨʂɨ,ɨ ʂ ɨ,,zariquiey2017,999,,,,0,- ɨ ʂ ɨ,seed,
Amawaka-117_seed-1,,Amawaka,117_seed,hɨçɨ,hɨçɨ,h ɨ ç ɨ,,zariquiey2017,999,,,,0,h ɨ ç ɨ,seed,
Nawa-117_seed-1,,Nawa,117_seed,ɨʂɨ,ɨʂɨ,ɨ ʂ ɨ,,zariquiey2017,999,,,,0,- ɨ ʂ ɨ,seed,
Marinawa-117_seed-1,,Marinawa,117_seed,ɨʂɨ,ɨʂɨ,ɨ ʂ ɨ,,zariquiey2017,999,,,,0,- ɨ ʂ ɨ,seed,
Yaminawa-117_seed-1,,Yaminawa,117_seed,ɨʂɨ,ɨʂɨ,ɨ ʂ ɨ,,zariquiey2017,999,,,,0,- ɨ ʂ ɨ,seed,
Kashinawa_P-117_seed-1,,Kashinawa_P,117_seed,hɨʂɨ,hɨʂɨ,h ɨ ʂ ɨ,,zariquiey2017,999,,,,0,h ɨ ʂ ɨ,seed,
Kashinawa_B-117_seed-1,,Kashinawa_B,117_seed,hɨʂɨ,hɨʂɨ,h ɨ ʂ ɨ,,camargo1995,999,,,,0,h ɨ ʂ ɨ,seed,
Matses-7_barkoftree-1,,Matses,7_barkoftree,βitsi,βitsi,β i ts i,,fleck2005,49,,,,57,- - - β i ts i,skin,
Matis-7_barkoftree-1,,Matis,7_barkoftree,βidtsi,βidtsi,β i ts i,,fleck2005,49,,,,57,- - - β i ts i,skin,
Marubo-7_barkoftree-1,,Marubo,7_barkoftree,ʂaka,ʂaka,ʂ a k a,,fleck2005,48,,,,46,ʂ a k a - -,bark,
Shipibo_Konibo-7_barkoftree-1,,Shipibo_Konibo,7_barkoftree,ʂaka,ʂaka,ʂ a k a,,fleck2005,48,,,,46,ʂ a k a - -,bark,
Shipibo_Konibo-7_barkoftree-2,,Shipibo_Konibo,7_barkoftree,βitʃi,βitʃi,β i tʃ i,,fleck2005,49,,,,57,- - - β i tʃ i,skin,
Kapanawa-7_barkoftree-1,,Kapanawa,7_barkoftree,ʂaka,ʂaka,ʂ a k a,,loos1998,48,,,,46,ʂ a k a - -,bark,
Arara-7_barkoftree-1,,Arara,7_barkoftree,ʃaka,ʃaka,ʃ a k a,,cunha1993,48,,,,46,ʃ a k a - -,bark,
Shanenawa-7_barkoftree-1,,Shanenawa,7_barkoftree,ʂaka,ʂaka,ʂ a k a,,lanes2005,48,,,,46,ʂ a k a - -,bark,
Nukini-7_barkoftree-1,,Nukini,7_barkoftree,haka,haka,h a k a,,aguiar2004,48,,,,46,h a k a - -,bark,
Poyanawa-7_barkoftree-1,,Poyanawa,7_barkoftree,haka,haka,h a k a,,paula1992,48,,,,46,h a k a - -,bark,
Iskonawa-7_barkoftree-1,,Iskonawa,7_barkoftree,βiʧi,βiʧi,β i tʃ i,,zariquiey2017,49,,,,57,- - - β i tʃ i,skin,
Iskonawa-7_barkoftree-2,,Iskonawa,7_barkoftree,haka,haka,h a k a,,zariquiey2017,48,,,,46,h a k a - -,bark,
Chakobo-7_barkoftree-1,,Chakobo,7_barkoftree,ʂakata,ʂakata,ʂ a k a t a,,zingg1998,48,,,,46,ʂ a k a t a,bark,
Chakobo-7_barkoftree-2,,Chakobo,7_barkoftree,βitʃi,βitʃi,β i tʃ i,,zingg1998,49,,,,57,- - - β i tʃ i,skin,
Kakataibo-7_barkoftree-1,,Kakataibo,7_barkoftree,ʂaka,ʂaka,ʂ a k a,,zariquiey2017,48,,,,46,ʂ a k a - -,bark,
Mastanawa-7_barkoftree-1,,Mastanawa,7_barkoftree,hɨpu,hɨpu,h ɨ p u,,zariquiey2017,51,,,,56,h ɨ p u,bark/hɨpu,
Chaninawa-7_barkoftree-1,,Chaninawa,7_barkoftree,ʂaka,ʂaka,ʂ a k a,,zariquiey2017,48,,,,46,ʂ a k a - -,bark,
Sharanawa-7_barkoftree-1,,Sharanawa,7_barkoftree,pɨɸit͡ʃi,pɨɸit͡ʃi,p ɨ + ɸ i tʃ i,,zariquiey2017,49,,,,35 57,p ɨ + ɸ i tʃ i,arm skin,
Amawaka-7_barkoftree-1,,Amawaka,7_barkoftree,çaka,çaka,ç a k a,,zariquiey2017,48,,,,46,ç a k a - -,skin,
Nawa-7_barkoftree-1,,Nawa,7_barkoftree,diditi,diditi,d i d i + t i,,zariquiey2017,50,,,,48,d i d i + t i,pull _ti,
Marinawa-7_barkoftree-1,,Marinawa,7_barkoftree,pɨsi,pɨsi,p ɨ s i,,zariquiey2017,52,,,,47,p ɨ s i,bark/pɨsi,
Yaminawa-7_barkoftree-1,,Yaminawa,7_barkoftree,ɸiʧi,ɸiʧi,ɸ i tʃ i,,zariquiey2017,49,,,,57,- - - ɸ i tʃ i,skin,
Kashinawa_P-7_barkoftree-1,,Kashinawa_P,7_barkoftree,ʂaka,ʂaka,ʂ a k a,,zariquiey2017,48,,,,46,ʂ a k a - -,bark,
Kashinawa_B-7_barkoftree-1,,Kashinawa_B,7_barkoftree,ʂaka,ʂaka,ʂ a k a,,camargo1995,48,,,,46,ʂ a k a - -,bark,
Matses-138_stickofwood-1,,Matses,138_stickofwood,kueste,kueste,k u e s + t e,,fleck2005,1193,,,,54 55,k u e s + t e,hit _-:suffix/te,
Matis-138_stickofwood-1,,Matis,138_stickofwood,kueste,kueste,k u e s + t e,,fleck2005,1193,,,,54 55,k u e s + t e,hit _-:suffix/te,
Marubo-138_stickofwood-1,,Marubo,138_stickofwood,tʃinti,tʃinti,tʃ i n t i,,fleck2005,1194,,,,45,tʃ i n t i,wooden_knife,
Shipibo_Konibo-138_stickofwood-1,,Shipibo_Konibo,138_stickofwood,hiwi,hiwi,h i w i,,fleck2005,1191,,,,69,h i w i,tree,
Kapanawa-138_stickofwood-1,,Kapanawa,138_stickofwood,hiwi,hiwi,h i w i,,loos1998,1191,,,,69,h i w i,tree,
Arara-138_stickofwood-1,,Arara,138_stickofwood,iwi,iwi,i w i,,cunha1993,1191,,,,69,- i w i,tree,
Shanenawa-138_stickofwood-1,,Shanenawa,138_stickofwood,iɸi,iɸi,i ɸ i,,lanes2005,1191,,,,69,- i ɸ i,tree,
Yawanawa-138_stickofwood-1,,Yawanawa,138_stickofwood,iβi,iβi,i β i,,paula1992,1191,,,,69,- i β i,tree,
Nukini-138_stickofwood-1,,Nukini,138_stickofwood,iβi,iβi,i β i,,aguiar2004,1191,,,,69,- i β i,tree,
Iskonawa-138_stickofwood-1,,Iskonawa,138_stickofwood,iwi,iwi,i w i,,zariquiey2017,1191,,,,69,- i w i,tree,
Chakobo-138_stickofwood-1,,Chakobo,138_stickofwood,hiwi,hiwi,h i w i,,zingg1998,1191,,,,69,h i w i,tree,
Pakawara-138_stickofwood-1,,Pakawara,138_stickofwood,iwi,iwi,i w i,,key2000,1191,,,,69,- i w i,tree,
Kakataibo-138_stickofwood-1,,Kakataibo,138_stickofwood,i,i,i,,zariquiey2017,1191,,,,69,- i - -,tree,
Kaxarari-138_stickofwood-1,,Kaxarari,138_stickofwood,hiwi,hiwi,h i w i,,couto2005,1191,,,,69,h i w i,tree,
Mastanawa-138_stickofwood-1,,Mastanawa,138_stickofwood,iwi,iwi,i w i,,zariquiey2017,1191,,,,69 68,- i w i,tree,
Chaninawa-138_stickofwood-1,,Chaninawa,138_stickofwood,iβi,iβi,i β i,,zariquiey2017,1191,,,,69,- i β i,tree,
Sharanawa-138_stickofwood-1,,Sharanawa,138_stickofwood,iwi,iwi,i w i,,zariquiey2017,1191,,,,69,- i w i,tree,
Amawaka-138_stickofwood-1,,Amawaka,138_stickofwood,hi,hi,h i,,zariquiey2017,1191,,,,69,h i - -,tree,
Nawa-138_stickofwood-1,,Nawa,138_stickofwood,ibi,ibi,i b i,,zariquiey2017,1191,,,,69 68,- i b i,tree,
Marinawa-138_stickofwood-1,,Marinawa,138_stickofwood,ibi,ibi,i b i,,zariquiey2017,1191,,,,69,- i b i,tree,
Yaminawa-138_stickofwood-1,,Yaminawa,138_stickofwood,ibi,ibi,i b i,,zariquiey2017,1191,,,,69,- i b i,tree,
Kashinawa_P-138_stickofwood-1,,Kashinawa_P,138_stickofwood,hiʔ,hiʔ,h i ʔ,,zariquiey2017,1191,,,,69,h i ʔ -,tree,
Kashinawa_B-138_stickofwood-1,,Kashinawa_B,138_stickofwood,hi,hi,h i,,camargo1995,1191,,,,69,h i - -,tree,
Matses-4_ashes-1,,Matses,4_ashes,isisapuk,isisapuk,i s i s + a + p u k,,fleck2005,26,,,,1541 39,- i s i s + - a - + p u k,hot _NOMLZ dust,
Matis-4_ashes-1,,Matis,4_ashes,tsismapuk,tsismapuk,ts i s + m a + p u k,,fleck2005,26,,,,37 26 39,ts i s - - + m a - + p u k,hot head dust,
Marubo-4_ashes-1,,Marubo,4_ashes,miʃpu,miʃpu,m i ʃ + p u,,fleck2005,26,,,,1508 39,- - - - - - m i ʃ + p u -,miʃ dust,
Shipibo_Konibo-4_ashes-1,,Shipibo_Konibo,4_ashes,tʃi mapu,tʃi mapu,tʃ i + m a + p u,,fleck2005,26,,,,1540 26 39,tʃ i - - - + m a - + p u -,fire head dust,
Kapanawa-4_ashes-1,,Kapanawa,4_ashes,tʃi mapu,tʃi mapu,tʃ i + m a + p u,,loos1998,26,,,,1540 26 39,tʃ i - - - + m a - + p u -,fire dust-1 dust-2,
Arara-4_ashes-1,,Arara,4_ashes,bapu,bapu,b a + p u,,cunha1993,26,,,,26 39,b a - - - + - - - - p u -,head dust,
Shanenawa-4_ashes-1,,Shanenawa,4_ashes,mapu,mapu,m a + p u,,lanes2005,26,,,,26 39,- - - - - - m a - + p u -,head dust,
Iskonawa-4_ashes-1,,Iskonawa,4_ashes,hɨna mapu,hɨna mapu,h ɨ n a + m a + p u,,zariquiey2017,26,,,,1539 26 39,h ɨ n a - + m a - + p u -,fire head dust,
Chakobo-4_ashes-1,,Chakobo,4_ashes,tʃi?imiʃpu,tʃiʔimiʃpu,tʃ i ʔ i + m i ʃ + p u,,zingg1998,26,,,,1540 1508 39,tʃ i ʔ i - + m i ʃ + p u -,fire _NOMLZ dust,
Pakawara-4_ashes-1,,Pakawara,4_ashes,miʃpu,miʃpu,m i ʃ + p u,,key2000,26,,,,1508 39,- - - - - - m i ʃ + p u -,miʃ dust,
Kakataibo-4_ashes-1,,Kakataibo,4_ashes,tʃimapo,tʃimapo,tʃ i + m a + p o,,zariquiey2017,26,,,,1540 26 39,tʃ i - - - + m a - + p o -,fire dust-1 dust-2,
Kaxarari-4_ashes-1,,Kaxarari,4_ashes,mapuu,mapuu,m a + p uː,,couto2005,26,,,,26 39,- - - - - - m a - + p uː -,head dust,
Mastanawa-4_ashes-1,,Mastanawa,4_ashes,bapu,bapu,b a + p u,,zariquiey2017,26,,,,26 39,- - - - - - b a + - p u -,head dust,
Chaninawa-4_ashes-1,,Chaninawa,4_ashes,βapu,βapu,β a + p u,,zariquiey2017,26,,,,26 39,β a - - - + - - - - p u -,head dust,
Sharanawa-4_ashes-1,,Sharanawa,4_ashes,t͡ʃibapu,t͡ʃibapu,tʃ i + b a + p u,,zariquiey2017,26,,,,1540 26 39,tʃ i - - - + b a - + p u -,fire head dust,
Amawaka-4_ashes-1,,Amawaka,4_ashes,kuɾu,kuɾu,k u ɾ u,,zariquiey2017,28,,,,42,k u ɾ u,ashes,
Nawa-4_ashes-1,,Nawa,4_ashes,bapu,bapu,b a + p u,,zariquiey2017,26,,,,26 39,b a - - - + - - - - p u -,head dust,
Marinawa-4_ashes-1,,Marinawa,4_ashes,bapu,bapu,b a + p u,,zariquiey2017,26,,,,26 39,- - - - - - b a - + p u -,head dust,
Yaminawa-4_ashes-1,,Yaminawa,4_ashes,bapu,bapu,b a + p u,,zariquiey2017,26,,,,26 39,b a - - - + - - - - p u -,head dust,
Kashinawa_P-4_ashes-1,,Kashinawa_P,4_ashes,mapu,mapu,m a + p u,,zariquiey2017,26,,,,26 39,- - - - - - m a - + p u -,head dust,
Kashinawa_B-4_ashes-1,,Kashinawa_B,4_ashes,tʃimapu,tʃimapu,tʃ i + m a + p u,,camargo1995,26,,,,1540 26 39,tʃ i - - - + m a - + p u -,fire dust-1 dust-2,
Matses-177_woodsforest-1,,Matses,177_woodsforest,nimɨduk,nimɨduk,n i + m ɨ d u k,,fleck2005,1511,,,,67,n i + m ɨ d u k,forest _inside?,
Matis-177_woodsforest-1,,Matis,177_woodsforest,ni,ni,n i,,fleck2005,1511,,,,38,n i,forest,
Marubo-177_woodsforest-1,,Marubo,177_woodsforest,ni,ni,n i,,fleck2005,1511,,,,38,n i,forest,
Katukina-177_woodsforest-1,,Katukina,177_woodsforest,nii,nii,n iː,,aguiar1994,1511,,,,38,n iː,forest,
Shipibo_Konibo-177_woodsforest-1,,Shipibo_Konibo,177_woodsforest,ni,ni,n i,,fleck2005,1511,,,,38,n i,forest,
Kapanawa-177_woodsforest-1,,Kapanawa,177_woodsforest,ni,ni,n i,,loos1998,1511,,,,38,n i,forest,
Arara-177_woodsforest-1,,Arara,177_woodsforest,di,di,d i,,cunha1993,1511,,,,50,d i - -,forest,
Shanenawa-177_woodsforest-1,,Shanenawa,177_woodsforest,ni,ni,n i,,lanes2005,1511,,,,38,n i,forest,
Yawanawa-177_woodsforest-1,,Yawanawa,177_woodsforest,ni,ni,n i,,paula1992,1511,,,,38,n i,forest,
Nukini-177_woodsforest-1,,Nukini,177_woodsforest,hamu,hamu,h a m u,,aguiar2004,1517,,,,60,h a m u,hamu/forest,
Poyanawa-177_woodsforest-1,,Poyanawa,177_woodsforest,di,di,d i,,paula1992,1511,,,,50,d i,forest,
Iskonawa-177_woodsforest-1,,Iskonawa,177_woodsforest,ni,ni,n i,,zariquiey2017,1511,,,,38,n i,forest,
Chakobo-177_woodsforest-1,,Chakobo,177_woodsforest,ni?i,niʔi,n i + ʔ i,,zingg1998,1511,,,,38 52,n i + ʔ i,forest,
Kakataibo-177_woodsforest-1,,Kakataibo,177_woodsforest,ni,ni,n i,,zariquiey2017,1511,,,,38,n i,forest,
Kaxarari-177_woodsforest-1,,Kaxarari,177_woodsforest,utʃa,utʃa,u tʃ a,,couto2005,1515,,,,0,u tʃ a,sin,
Mastanawa-177_woodsforest-1,,Mastanawa,177_woodsforest,di:,di:,d iː,,zariquiey2017,1511,,,,50,d iː,forest,
Chaninawa-177_woodsforest-1,,Chaninawa,177_woodsforest,di:,di:,d iː,,zariquiey2017,1511,,,,50,d iː,forest,
Sharanawa-177_woodsforest-1,,Sharanawa,177_woodsforest,di,di,d i,,zariquiey2017,1511,,,,50,d i,forest,
Amawaka-177_woodsforest-1,,Amawaka,177_woodsforest,niʔi,niʔi,n i + ʔ i,,zariquiey2017,1511,,,,38 52,n i + ʔ i,forest,
Nawa-177_woodsforest-1,,Nawa,177_woodsforest,di,di,d i,,zariquiey2017,1511,,,,50,d i,forest,
Marinawa-177_woodsforest-1,,Marinawa,177_woodsforest,di,di,d i,,zariquiey2017,1511,,,,50,d i,forest,
Yaminawa-177_woodsforest-1,,Yaminawa,177_woodsforest,di,di,d i,,zariquiey2017,1511,,,,50,d i,forest,
Kashinawa_P-177_woodsforest-1,,Kashinawa_P,177_woodsforest,niβu,niβu,n i + β u,,zariquiey2017,1511,,,,38,n i + β u,forest _βu,
Kashinawa_B-177_woodsforest-1,,Kashinawa_B,177_woodsforest,ni,ni,n i,,camargo1995,1511,,,,38,n i,forest,
Matses-88_mountain-1,,Matses,88_mountain,makuɨʂ,makuɨʂ,m a + k u ɨ ʂ,,fleck2005,760,,,,80 0,m a k u ɨ ʂ - -,soil ?,
Matis-88_mountain-1,,Matis,88_mountain,udukute,udukute,u d u k u t e,,fleck2005,763,,,,0,u d u k u t e,?,
Marubo-88_mountain-1,,Marubo,88_mountain,matʃi,matʃi,m a + tʃ i,,fleck2005,741,,,,80 82,m a + tʃ i - -,soil _:suffix/tSi,
Kanamari-88_mountain-1,,Kanamari,88_mountain,matsi,matsi,m a + ts i,,aguiar1994,741,,,,80 82,m a + ts i - -,soil _:suffix/tSi,
Shipibo_Konibo-88_mountain-1,,Shipibo_Konibo,88_mountain,manan,manan,m a + n a n,,fleck2005,759,,,,80 0,m a n a n,soil ?,
Shipibo_Konibo-88_mountain-2,,Shipibo_Konibo,88_mountain,matu,matu,m a + t u,,fleck2005,741,,,,80 0,m a + t u - -,soil ?,
Kapanawa-88_mountain-1,,Kapanawa,88_mountain,manan,manan,m a + n a n,,loos1998,759,,,,80 0,m a n a n,soil ?,
Kapanawa-88_mountain-2,,Kapanawa,88_mountain,matʃi,matʃi,m a + tʃ i,,loos1998,741,,,,80 82,m a + tʃ i - -,soil _:suffix/tSi,
Arara-88_mountain-1,,Arara,88_mountain,batʃi,batʃi,b a + tʃ i,,cunha1993,741,,,,82,b a + tʃ i - -,soil _:suffix/tSi,
Shanenawa-88_mountain-1,,Shanenawa,88_mountain,matʃi,matʃi,m a + tʃ i,,lanes2005,741,,,,80 82,m a + tʃ i - -,soil _:suffix/tSi,
Yawanawa-88_mountain-1,,Yawanawa,88_mountain,matʃi,matʃi,m a + tʃ i,,paula1992,741,,,,80 82,m a + tʃ i - -,soil _:suffix/tSi,
Iskonawa-88_mountain-1,,Iskonawa,88_mountain,maʧi,maʧi,m a + tʃ i,,zariquiey2017,741,,,,80 82,m a + tʃ i - -,soil _:suffix/tSi,
Chakobo-88_mountain-1,,Chakobo,88_mountain,maitɨmatʃi,maitɨmatʃi,m a + tʃ i,,zingg1998,741,,,,80 82,m a + tʃ i - -,soil _:suffix/tSi,
Pakawara-88_mountain-1,,Pakawara,88_mountain,matʃiβa,matʃiβa,m a + tʃ i β a,,key2000,741,,,,80 82 0,m a + tʃ i β a,soil _:suffix/tSi ?,
Kakataibo-88_mountain-1,,Kakataibo,88_mountain,βaʃi,βaʃi,β a ʃ i,,zariquiey2017,741,,,,82,β a - ʃ i - -,undefined _:suffix/tSi,
Kaxarari-88_mountain-1,,Kaxarari,88_mountain,mɨku,mɨku,m ɨ k u,,couto2005,758,,,,0,m ɨ k u,?,
Kaxarari-88_mountain-2,,Kaxarari,88_mountain,mãkuʃai,mãkuʃai,m ã + k u ʃ a j,,couto2005,760,,,,0,m ã k u - ʃ a i,head _kuʃai,
Kaxarari-88_mountain-3,,Kaxarari,88_mountain,karɨ,karɨ,k a r ɨ,,couto2005,761,,,,0,k a r ɨ,?,
Mastanawa-88_mountain-1,,Mastanawa,88_mountain,ɸat͡ʃi,bat͡ʃi,b a + tʃ i,,zariquiey2017,741,,,,82,b a + tʃ i - -,undefined _:suffix/tSi,
Chaninawa-88_mountain-1,,Chaninawa,88_mountain,bat͡ʃi,bat͡ʃi,b a + tʃ i,,zariquiey2017,741,,,,82,b a + tʃ i - -,soil _:suffix/tSi,
Sharanawa-88_mountain-1,,Sharanawa,88_mountain,diɸu,diɸu,d i ɸ u,,zariquiey2017,752,,,,0,d i ɸ u,forest _ɸu,
Amawaka-88_mountain-1,,Amawaka,88_mountain,mat͡ʃi,mat͡ʃi,m a + tʃ i,,zariquiey2017,741,,,,80 82,m a + tʃ i - -,soil _:suffix/tSi,
Nawa-88_mountain-1,,Nawa,88_mountain,baʧi,baʧi,b a + tʃ i,,zariquiey2017,741,,,,80 82,b a + tʃ i - -,soil _:suffix/tSi,
Marinawa-88_mountain-1,,Marinawa,88_mountain,baʧi,baʧi,b a + tʃ i,,zariquiey2017,741,,,,82,b a + tʃ i - -,soil _:suffix/tSi,
Yaminawa-88_mountain-1,,Yaminawa,88_mountain,baʧi,baʧi,b a + tʃ i,,zariquiey2017,741,,,,80 82,b a + tʃ i - -,soil _:suffix/tSi,
Kashinawa_P-88_mountain-1,,Kashinawa_P,88_mountain,mawa,mawa,m a + w a,,zariquiey2017,756,,,,80 0,m a w a -,soil ?,
Kashinawa_B-88_mountain-1,,Kashinawa_B,88_mountain,matʃi,matʃi,m a + tʃ i,,camargo1995,741,,,,80 82,m a + tʃ i - -,soil _:suffix/tSi,
Matses-106_river-1,,Matses,106_river,akte,akte,a k + t e,,fleck2005,913,,,,0,a k + t e,do _-:suffix/te,
Matis-106_river-1,,Matis,106_river,tʂɨʂɨ,tʂɨʂɨ,ʈʂ ɨ ʂ ɨ,,fleck2005,912,,,,0,ʈʂ ɨ ʂ ɨ,?,
Marubo-106_river-1,,Marubo,106_river,waka,waka,w a k a,,fleck2005,906,,,,0,w a k a,liquid,
Katukina-106_river-1,,Katukina,106_river,nua,nua,n u a,,aguiar1994,908,,,,0,n u a,?,
Kanamari-106_river-1,,Kanamari,106_river,nua,nua,n u a,,aguiar1994,908,,,,0,n u a,?,
Shipibo_Konibo-106_river-1,,Shipibo_Konibo,106_river,paru,paru,p a r u,,fleck2005,907,,,,0,p a r u,large_river,
Kapanawa-106_river-1,,Kapanawa,106_river,paru,paru,p a r u,,loos1998,907,,,,0,p a r u,large_river,
Kapanawa-106_river-2,,Kapanawa,106_river,waka,waka,w a k a,,loos1998,906,,,,0,w a k a,liquid,
Arara-106_river-1,,Arara,106_river,βãka,βãka,β ã k a,,cunha1993,906,,,,0,β ã k a,liquid,
Shanenawa-106_river-1,,Shanenawa,106_river,waka,waka,w a k a,,lanes2005,906,,,,0,w a k a,liquid,
Yawanawa-106_river-1,,Yawanawa,106_river,βaka,βaka,β a k a,,paula1992,906,,,,0,β a k a,liquid,
Poyanawa-106_river-1,,Poyanawa,106_river,waka,waka,w a k a,,paula1992,906,,,,0,w a k a,liquid,
Iskonawa-106_river-1,,Iskonawa,106_river,waka,waka,w a k a,,zariquiey2017,906,,,,0,w a k a,liquid,
Chakobo-106_river-1,,Chakobo,106_river,ani,ani,a n i,,zingg1998,683,,,,0,- a n i,large,
Pakawara-106_river-1,,Pakawara,106_river,?ani,ʔani,ʔ a n i,,key2000,683,,,,0,ʔ a n i,large,
Pakawara-106_river-2,,Pakawara,106_river,paro,paro,p a r o,,key2000,907,,,,0,p a r o,large_river,
Kakataibo-106_river-1,,Kakataibo,106_river,βaka,βaka,β a k a,,zariquiey2017,906,,,,0,β a k a,liquid,
Kaxarari-106_river-1,,Kaxarari,106_river,waka,waka,w a k a,,couto2005,906,,,,0,w a k a,liquid,
Mastanawa-106_river-1,,Mastanawa,106_river,ɨdɨ,ɨdɨ,ɨ d ɨ,,zariquiey2017,905,,,,0,- ɨ d ɨ,water,
Chaninawa-106_river-1,,Chaninawa,106_river,ɨdɨ,ɨdɨ,ɨ d ɨ,,zariquiey2017,905,,,,0,- ɨ d ɨ,water,
Sharanawa-106_river-1,,Sharanawa,106_river,ɨdɨ,ɨdɨ,ɨ d ɨ,,zariquiey2017,905,,,,0,- ɨ d ɨ,water,
Amawaka-106_river-1,,Amawaka,106_river,hɨndɨ,hɨndɨ,h ɨ ⁿd ɨ,,zariquiey2017,905,,,,0,h ɨ ⁿd ɨ,water,
Nawa-106_river-1,,Nawa,106_river,ɨdɨ,ɨdɨ,ɨ d ɨ,,zariquiey2017,905,,,,0,- ɨ d ɨ,water,
Nawa-106_river-2,,Nawa,106_river,umpaʂ,umpaʂ,u m p a ʂ,,zariquiey2017,914,,,,0,u m p a ʂ,water,
Marinawa-106_river-1,,Marinawa,106_river,ɨndɨ,ɨndɨ,ɨ ⁿd ɨ,,zariquiey2017,905,,,,0,- ɨ ⁿd ɨ,water,
Yaminawa-106_river-1,,Yaminawa,106_river,waʔa,waʔa,w a ʔ a,,zariquiey2017,906,,,,0,w a ʔ a,liquid,
Kashinawa_P-106_river-1,,Kashinawa_P,106_river,hɨnɨ,hɨnɨ,h ɨ n ɨ,,zariquiey2017,905,,,,0,h ɨ n ɨ,water,
Kashinawa_B-106_river-1,,Kashinawa_B,106_river,hɨnɨ,hɨnɨ,h ɨ n ɨ,,camargo1995,905,,,,0,h ɨ n ɨ,water,
Matses-75_lake-1,,Matses,75_lake,tʃian,tʃian,tʃ i a n,,fleck2005,579,,,,0,tʃ i - a n -,large lake,
Matis-75_lake-1,,Matis,75_lake,tʃan,tʃan,tʃ a n,,fleck2005,579,,,,0,tʃ a - - n -,large lake,
Marubo-75_lake-1,,Marubo,75_lake,jan,jan,j a n,,fleck2005,658,,,,0,- j a n - - - - -,lake,
Katukina-75_lake-1,,Katukina,75_lake,ian,ian,i a n,,aguiar1994,658,,,,0,i - a n - - - - -,lake,
Shipibo_Konibo-75_lake-1,,Shipibo_Konibo,75_lake,yan,yan,j a n,,fleck2005,658,,,,0,- j a n - - - - -,lake,
Kapanawa-75_lake-1,,Kapanawa,75_lake,ian,ian,i a n,,loos1998,658,,,,0,i - a n - - - - -,lake,
Arara-75_lake-1,,Arara,75_lake,ĩã,ĩã,ĩ ã,,cunha1993,658,,,,0,ĩ - ã - - - - - -,lake,
Shanenawa-75_lake-1,,Shanenawa,75_lake,ian,ian,i a n,,lanes2005,658,,,,0,i - a n - - - - -,lake,
Yawanawa-75_lake-1,,Yawanawa,75_lake,ian,ian,i a n,,paula1992,658,,,,0,i - a n - - - - -,lake,
Iskonawa-75_lake-1,,Iskonawa,75_lake,j̃ã,j̃ã,j ã,,zariquiey2017,658,,,,0,- j ã - - - - - -,lake,
Chakobo-75_lake-1,,Chakobo,75_lake,ianɨ,ianɨ,i a n ɨ,,zingg1998,658,,,,0,i - a n - ɨ - - -,lake,
Pakawara-75_lake-1,,Pakawara,75_lake,iyana,iyana,i j a n a,,key2000,658,,,,0,i j a n - a - - -,lake,
Kakataibo-75_lake-1,,Kakataibo,75_lake,ian,ian,i a n,,zariquiey2017,658,,,,0,i - a n - - - - -,lake,
Kaxarari-75_lake-1,,Kaxarari,75_lake,iyanãtʃua,iyanãtʃua,i j a n + ã tʃ u a,,couto2005,658,,,,0,i j a n + ã tʃ u a,lake _antʃua,
Kaxarari-75_lake-2,,Kaxarari,75_lake,janɨ,janɨ,j a n ɨ,,couto2005,658,,,,0,- j a n - ɨ - - -,lake,
Mastanawa-75_lake-1,,Mastanawa,75_lake,ɨdɨ,ɨdɨ,ɨ d ɨ,,zariquiey2017,660,,,,0,ɨ d ɨ,water,
Chaninawa-75_lake-1,,Chaninawa,75_lake,ija,ija,i j a,,zariquiey2017,658,,,,0,i j a - - - - - -,lake,
Sharanawa-75_lake-1,,Sharanawa,75_lake,ij̃ã,ij̃ã,i j̃ ã,,zariquiey2017,658,,,,0,i j̃ ã - - - - - -,lake,
Amawaka-75_lake-1,,Amawaka,75_lake,inja,inja,i n j a,,zariquiey2017,658,,,,0,i - - n j a - - -,lake,
Nawa-75_lake-1,,Nawa,75_lake,ĩjã,ĩjã,ĩ j ã,,zariquiey2017,658,,,,0,ĩ j ã - - - - - -,lake,
Marinawa-75_lake-1,,Marinawa,75_lake,iña,iña,i ɲ a,,zariquiey2017,658,,,,0,i - - ɲ - a - - -,lake,
Yaminawa-75_lake-1,,Yaminawa,75_lake,ĩja,ĩja,ĩ j a,,zariquiey2017,658,,,,0,ĩ j a - - - - - -,lake,
Kashinawa_P-75_lake-1,,Kashinawa_P,75_lake,ia,ia,i a,,zariquiey2017,658,,,,0,i - a - - - - - -,lake,
Kashinawa_B-75_lake-1,,Kashinawa_B,75_lake,iã,iã,i ã,,camargo1995,658,,,,0,i - ã - - - - - -,lake,
Matses-107_roadpath-1,,Matses,107_roadpath,podqued,podked,p o d k e d,,fleck2005,917,,,,0,p o d k e d,deviate,
Matis-107_roadpath-1,,Matis,107_roadpath,βai,βai,β a j,,fleck2005,915,,,,0,β a - i,path,
Marubo-107_roadpath-1,,Marubo,107_roadpath,βai,βai,β a j,,fleck2005,915,,,,0,β a - i,path,
Katukina-107_roadpath-1,,Katukina,107_roadpath,βai,βai,β a j,,aguiar1994,915,,,,0,β a - i,path,
Kanamari-107_roadpath-1,,Kanamari,107_roadpath,βa?i,βaʔi,β a ʔ i,,aguiar1994,915,,,,0,β a ʔ i,path,
Shipibo_Konibo-107_roadpath-1,,Shipibo_Konibo,107_roadpath,βai,βai,β a j,,fleck2005,915,,,,0,β a - i,path,
Kapanawa-107_roadpath-1,,Kapanawa,107_roadpath,βai,βai,β a j,,loos1998,915,,,,0,β a - i,path,
Arara-107_roadpath-1,,Arara,107_roadpath,diti,diti,d i + t i,,cunha1993,1580,,,,0,d i ( + ) t i,walk _ti,
Shanenawa-107_roadpath-1,,Shanenawa,107_roadpath,niti,niti,n i + t i,,lanes2005,1580,,,,0,n i ( + ) t i,walk _ti,
Yawanawa-107_roadpath-1,,Yawanawa,107_roadpath,niti,niti,n i + t i,,paula1992,1580,,,,0,n i ( + ) t i,walk _ti,
Nukini-107_roadpath-1,,Nukini,107_roadpath,βai,βai,β a j,,aguiar2004,915,,,,0,β a - i,path,
Poyanawa-107_roadpath-1,,Poyanawa,107_roadpath,βai,βai,β a j,,paula1992,915,,,,0,β a - i,path,
Iskonawa-107_roadpath-1,,Iskonawa,107_roadpath,βai,βai,β a j,,zariquiey2017,915,,,,0,β a - i,path,
Chakobo-107_roadpath-1,,Chakobo,107_roadpath,βa?i,βaʔi,β a ʔ i,,zingg1998,915,,,,0,β a ʔ i,path,
Pakawara-107_roadpath-1,,Pakawara,107_roadpath,wahi,wahi,w a h i,,key2000,915,,,,0,w a h i,path,
Kakataibo-107_roadpath-1,,Kakataibo,107_roadpath,βai,βai,β a j,,zariquiey2017,915,,,,0,β a - i,path,
Kaxarari-107_roadpath-1,,Kaxarari,107_roadpath,wai,wai,w a j,,couto2005,915,,,,0,w a - i,path,
Mastanawa-107_roadpath-1,,Mastanawa,107_roadpath,ɸaj,ɸaj,ɸ a i,,zariquiey2017,915,,,,0,ɸ a - i,path,
Chaninawa-107_roadpath-1,,Chaninawa,107_roadpath,ɸaj,ɸaj,ɸ a j,,zariquiey2017,915,,,,0,ɸ a j,path,
Sharanawa-107_roadpath-1,,Sharanawa,107_roadpath,ɸai,ɸai,ɸ a j,,zariquiey2017,915,,,,0,ɸ a - i,path,
Amawaka-107_roadpath-1,,Amawaka,107_roadpath,waʔi,waʔi,w a ʔ i,,zariquiey2017,915,,,,0,w a ʔ i,path,
Nawa-107_roadpath-1,,Nawa,107_roadpath,ɸaj,ɸaj,ɸ a i,,zariquiey2017,915,,,,0,ɸ a - i,path,
Marinawa-107_roadpath-1,,Marinawa,107_roadpath,ɸaj,ɸaj,ɸ a j,,zariquiey2017,915,,,,0,ɸ a j,path,
Yaminawa-107_roadpath-1,,Yaminawa,107_roadpath,wai,wai,w a j,,zariquiey2017,915,,,,0,w a - i,path,
Kashinawa_P-107_roadpath-1,,Kashinawa_P,107_roadpath,βaj,βaj,β a j,,zariquiey2017,915,,,,0,β a j,path,
Kashinawa_B-107_roadpath-1,,Kashinawa_B,107_roadpath,βai,βai,β a j,,camargo1995,915,,,,0,β a - i,path,
Matses-36_egg-1,,Matses,36_egg,βakuɨ,βakuɨ,β a kʷ ɨ,,fleck2005,327,,,,0,β a k u - ɨ,breeding,
Matis-36_egg-1,,Matis,36_egg,tu,tu,t u,,fleck2005,328,,,,0,t u,gave_birth,
Marubo-36_egg-1,,Marubo,36_egg,βatʃi,βatʃi,β a tʃ i,,fleck2005,327,,,,0,β a tʃ - - i,egg,
Katukina-36_egg-1,,Katukina,36_egg,βatxi,βatxi,β a tx/ʈʂ i,,aguiar1994,327,,,,0,β a t - x i,egg,
Shipibo_Konibo-36_egg-1,,Shipibo_Konibo,36_egg,βatʃi,βatʃi,β a tʃ i,,fleck2005,327,,,,0,β a tʃ - - i,egg,
Kapanawa-36_egg-1,,Kapanawa,36_egg,βatʃi,βatʃi,β a tʃ i,,loos1998,327,,,,0,β a tʃ - - i,egg,
Arara-36_egg-1,,Arara,36_egg,βatʃi,βatʃi,β a tʃ i,,cunha1993,327,,,,0,β a tʃ - i,egg,
Shanenawa-36_egg-1,,Shanenawa,36_egg,ɸatʃi,ɸatʃi,ɸ a tʃ i,,lanes2005,327,,,,0,ɸ a tʃ - - i,egg,
Yawanawa-36_egg-1,,Yawanawa,36_egg,βatʃi,βatʃi,β a tʃ i,,paula1992,327,,,,0,β a tʃ - - i,egg,
Iskonawa-36_egg-1,,Iskonawa,36_egg,βaʧi,βaʧi,β a tʃ i,,zariquiey2017,327,,,,0,β a tʃ - - i,egg,
Chakobo-36_egg-1,,Chakobo,36_egg,βatʃi,βatʃi,β a tʃ i,,zingg1998,327,,,,0,β a tʃ - - i,egg,
Pakawara-36_egg-1,,Pakawara,36_egg,watʃi,watʃi,w a tʃ i,,key2000,327,,,,0,w a tʃ - - i,egg,
Kakataibo-36_egg-1,,Kakataibo,36_egg,βatsi,βatsi,β a ts i,,zariquiey2017,327,,,,0,β a ts - - i,egg,
Kaxarari-36_egg-1,,Kaxarari,36_egg,watʃi,watʃi,w a tʃ i,,couto2005,327,,,,0,w a tʃ - - i,egg,
Mastanawa-36_egg-1,,Mastanawa,36_egg,tu,tu,t u,,zariquiey2017,328,,,,0,t u,gave_birth,
Chaninawa-36_egg-1,,Chaninawa,36_egg,tu:,tu:,t uː,,zariquiey2017,328,,,,0,t uː,gave_birth,
Sharanawa-36_egg-1,,Sharanawa,36_egg,tu,tu,t u,,zariquiey2017,328,,,,0,t u,gave_birth,
Amawaka-36_egg-1,,Amawaka,36_egg,wat͡ʃi,wat͡ʃi,w a tʃ i,,zariquiey2017,327,,,,0,w a tʃ - - i,egg,
Nawa-36_egg-1,,Nawa,36_egg,tu,tu,t u,,zariquiey2017,328,,,,0,t u,gave_birth,
Marinawa-36_egg-1,,Marinawa,36_egg,tuʔu,tuʔu,t u ʔ u,,zariquiey2017,328,,,,0,t u ʔ u,gave_birth,
Yaminawa-36_egg-1,,Yaminawa,36_egg,tu,tu,t u,,zariquiey2017,328,,,,0,t u,gave_birth,
Kashinawa_P-36_egg-1,,Kashinawa_P,36_egg,βaʧi,βaʧi,β a tʃ i,,zariquiey2017,327,,,,0,β a tʃ - - i,egg,
Kashinawa_B-36_egg-1,,Kashinawa_B,36_egg,βatʃi,βatʃi,β a tʃ i,,camargo1995,327,,,,0,β a tʃ - - i,egg,
Matses-163_water-1,,Matses,163_water,akte,akte,a k + t e,,fleck2005,1391,,,,0,a k + t e,do _-:suffix/te,
Matis-163_water-1,,Matis,163_water,waka,waka,w a k a,,fleck2005,1391,,,,0,w a k a,liquid/βaka,
Marubo-163_water-1,,Marubo,163_water,waka,waka,w a k a,,fleck2005,1391,,,,0,w a k a,liquid/βaka,
Katukina-163_water-1,,Katukina,163_water,waka,waka,w a k a,,aguiar1994,1391,,,,0,w a k a,liquid/βaka,
Kanamari-163_water-1,,Kanamari,163_water,waka,waka,w a k a,,aguiar1994,1391,,,,0,w a k a,liquid/βaka,
Shipibo_Konibo-163_water-1,,Shipibo_Konibo,163_water,umpaʂ,umpaʂ,u m p a ʂ,,fleck2005,1392,,,,0,u m p a ʂ,water/onpaʂ,
Shipibo_Konibo-163_water-2,,Shipibo_Konibo,163_water,hɨnɨ,hɨnɨ,h ɨ n ɨ,,fleck2005,1390,,,,0,h ɨ n ɨ,water/hɨnɨ,
Kapanawa-163_water-1,,Kapanawa,163_water,hɨnɨ,hɨnɨ,h ɨ n ɨ,,loos1998,1390,,,,0,h ɨ n ɨ,water/hɨnɨ,
Arara-163_water-1,,Arara,163_water,βaka,βaka,β a k a,,cunha1993,1391,,,,0,β a k a,liquid,
Shanenawa-163_water-1,,Shanenawa,163_water,ɨnɨ,ɨnɨ,ɨ n ɨ,,lanes2005,1390,,,,0,- ɨ n ɨ,water/hɨnɨ,
Yawanawa-163_water-1,,Yawanawa,163_water,βaka,βaka,β a k a,,paula1992,1391,,,,0,β a k a,liquid/βaka,
Nukini-163_water-1,,Nukini,163_water,waka,waka,w a k a,,aguiar2004,1391,,,,0,w a k a,liquid/βaka,
Poyanawa-163_water-1,,Poyanawa,163_water,waka,waka,w a k a,,paula1992,1391,,,,0,w a k a,liquid/βaka,
Iskonawa-163_water-1,,Iskonawa,163_water,ɨpaha,ɨpaha,ɨ p a h a,,zariquiey2017,1394,,,,0,ɨ p a h a,water/ɨpaha,
Chakobo-163_water-1,,Chakobo,163_water,hɨnɨ,hɨnɨ,h ɨ n ɨ,,zingg1998,1390,,,,0,h ɨ n ɨ,water/hɨnɨ,
Pakawara-163_water-1,,Pakawara,163_water,hɨnɨ,hɨnɨ,h ɨ n ɨ,,key2000,1390,,,,0,h ɨ n ɨ,water/hɨnɨ,
Kakataibo-163_water-1,,Kakataibo,163_water,onpaʂ,unpaʂ,u n p a ʂ,,zariquiey2017,1392,,,,0,o n p a ʂ,water/onpaʂ,
Kaxarari-163_water-1,,Kaxarari,163_water,waka,waka,w a k a,,couto2005,1391,,,,0,w a k a,liquid/βaka,
Mastanawa-163_water-1,,Mastanawa,163_water,ɨdɨ,ɨdɨ,ɨ d ɨ,,zariquiey2017,1390,,,,0,- ɨ d ɨ,water/hɨnɨ,
Chaninawa-163_water-1,,Chaninawa,163_water,ɨdɨ,ɨdɨ,ɨ d ɨ,,zariquiey2017,1390,,,,0,- ɨ d ɨ,water/hɨnɨ,
Sharanawa-163_water-1,,Sharanawa,163_water,ɨdɨ,ɨdɨ,ɨ d ɨ,,zariquiey2017,1390,,,,0,- ɨ d ɨ,water/hɨnɨ,
Amawaka-163_water-1,,Amawaka,163_water,hɨndɨ,hɨndɨ,h ɨ ⁿd ɨ,,zariquiey2017,1390,,,,0,h ɨ ⁿd ɨ,water/hɨnɨ,
Nawa-163_water-1,,Nawa,163_water,ɨdɨ,ɨdɨ,ɨ d ɨ,,zariquiey2017,1390,,,,0,- ɨ d ɨ,water/hɨnɨ,
Marinawa-163_water-1,,Marinawa,163_water,ɸaka,ɸaka,ɸ a k a,,zariquiey2017,1391,,,,0,ɸ a k a,liquid/βaka,
Yaminawa-163_water-1,,Yaminawa,163_water,waʔa,waʔa,w a ʔ a,,zariquiey2017,1391,,,,0,w a ʔ a,liquid/βaka,
Kashinawa_P-163_water-1,,Kashinawa_P,163_water,hɨnɨ,hɨnɨ,h ɨ n ɨ,,zariquiey2017,1390,,,,0,h ɨ n ɨ,water/hɨnɨ,
Kashinawa_P-163_water-2,,Kashinawa_P,163_water,umpaʂ,umpaʂ,u m p a ʂ,,zariquiey2017,1392,,,,0,u m p a ʂ,water/onpaʂ,
Kashinawa_B-163_water-1,,Kashinawa_B,163_water,unpaʂ,unpaʂ,u n p a ʂ,,camargo1995,1392,,,,0,u n p a ʂ,water/onpaʂ,
Matses-46_fire-1,,Matses,46_fire,kuɨte,kuɨte,kʷ ɨ + t e,,fleck2005,403,,,,0,k u ɨ + t e - -,burn/kuɨ _-:suffix/te,
Matis-46_fire-1,,Matis,46_fire,mɨʂte,mɨʂte,m ɨ ʂ + t e,,fleck2005,409,,,,0,m ɨ ʂ + t e - -,burn/mɨʂ _-:suffix/te,
Marubo-46_fire-1,,Marubo,46_fire,tʃi,tʃi,tʃ i,,fleck2005,402,,,,0,tʃ i - -,fire,
Katukina-46_fire-1,,Katukina,46_fire,tii,tii,t iː,,aguiar1994,402,,,,0,t iː - -,fire,
Kanamari-46_fire-1,,Kanamari,46_fire,tʃi?i,tʃiʔi,tʃ i ʔ i,,aguiar1994,402,,,,0,tʃ i ʔ i,fire,
Shipibo_Konibo-46_fire-1,,Shipibo_Konibo,46_fire,tʃi,tʃi,tʃ i,,fleck2005,402,,,,0,tʃ i - -,fire,
Kapanawa-46_fire-1,,Kapanawa,46_fire,tʃii,tʃii,tʃ iː,,loos1998,402,,,,0,tʃ iː - -,fire,
Arara-46_fire-1,,Arara,46_fire,tʃi,tʃi,tʃ i,,cunha1993,402,,,,0,tʃ i - -,fire,
Shanenawa-46_fire-1,,Shanenawa,46_fire,tʃi,tʃi,tʃ i,,lanes2005,402,,,,0,tʃ i - -,fire,
Yawanawa-46_fire-1,,Yawanawa,46_fire,tʃi,tʃi,tʃ i,,paula1992,402,,,,0,tʃ i - -,fire,
Nukini-46_fire-1,,Nukini,46_fire,huspiti,huspiti,h u s p i t i,,aguiar2004,408,,,,0,h u s p i t i,?,
Nukini-46_fire-2,,Nukini,46_fire,iʃi,iʃi,i ʃ i,,aguiar2004,402,,,,0,- i ʃ i,?,
Poyanawa-46_fire-1,,Poyanawa,46_fire,ikutimba,ikutimba,i k u t i m b a,,paula1992,407,,,,0,i k u t i m b a,?,
Iskonawa-46_fire-1,,Iskonawa,46_fire,hɨna,hɨna,h ɨ n a,,zariquiey2017,410,,,,0,h ɨ n a,flame,
Chakobo-46_fire-1,,Chakobo,46_fire,tʃi?i,tʃiʔi,tʃ i ʔ i,,zingg1998,402,,,,0,tʃ i ʔ i,fire,
Pakawara-46_fire-1,,Pakawara,46_fire,tʃi?i,tʃiʔi,tʃ i ʔ i,,key2000,402,,,,0,tʃ i ʔ i,fire,
Kakataibo-46_fire-1,,Kakataibo,46_fire,tsi,tsi,ts i,,zariquiey2017,402,,,,0,ts i - -,fire,
Kaxarari-46_fire-1,,Kaxarari,46_fire,tʃi,tʃi,tʃ i,,couto2005,402,,,,0,tʃ i - -,fire,
Mastanawa-46_fire-1,,Mastanawa,46_fire,ʧi,ʧi,tʃ i,,zariquiey2017,402,,,,0,tʃ i - -,fire,
Chaninawa-46_fire-1,,Chaninawa,46_fire,t͡ʃi:,t͡ʃi:,tʃ iː,,zariquiey2017,402,,,,0,tʃ iː - -,fire,
Sharanawa-46_fire-1,,Sharanawa,46_fire,t͡ʃi,t͡ʃi,tʃ i,,zariquiey2017,402,,,,0,tʃ i - -,fire,
Amawaka-46_fire-1,,Amawaka,46_fire,t͡ʃiʔi,t͡ʃiʔi,tʃ i ʔ i,,zariquiey2017,402,,,,0,tʃ i ʔ i,fire,
Nawa-46_fire-1,,Nawa,46_fire,ʧi,ʧi,tʃ i,,zariquiey2017,402,,,,0,tʃ i - -,fire,
Marinawa-46_fire-1,,Marinawa,46_fire,ʧi,ʧi,tʃ i,,zariquiey2017,402,,,,0,tʃ i - -,fire,
Yaminawa-46_fire-1,,Yaminawa,46_fire,ʧi,ʧi,tʃ i,,zariquiey2017,402,,,,0,tʃ i - -,fire,
Kashinawa_P-46_fire-1,,Kashinawa_P,46_fire,ʧi,ʧi,tʃ i,,zariquiey2017,402,,,,0,tʃ i - -,fire,
Kashinawa_B-46_fire-1,,Kashinawa_B,46_fire,tʃi,tʃi,tʃ i,,camargo1995,402,,,,0,tʃ i - -,fire,
Matses-128_smokenoun-1,,Matses,128_smokenoun,puʂudkid,puʂudkid,p u ʂ u d + k i d,,fleck2005,1096,,,,0,p u ʂ u d + k i d,fog/puʂud _-:suffix/kid,
Matis-128_smokenoun-1,,Matis,128_smokenoun,kuin,kuin,k u i n,,fleck2005,1092,,,,0,k u - - i n -,fog,
Marubo-128_smokenoun-1,,Marubo,128_smokenoun,kuin,kuin,k u i n,,fleck2005,1092,,,,0,k u - - i n -,fog,
Katukina-128_smokenoun-1,,Katukina,128_smokenoun,kuin,kuin,k u i n,,aguiar1994,1092,,,,0,k u - - i n -,fog,
Kanamari-128_smokenoun-1,,Kanamari,128_smokenoun,kho?i,khoʔi,kʰ o ʔ i,,aguiar1994,1092,,,,0,kʰ o ʔ - i - -,fog,
Shipibo_Konibo-128_smokenoun-1,,Shipibo_Konibo,128_smokenoun,kuin,kuin,k u i n,,fleck2005,1092,,,,0,k u - - i n -,fog,
Kapanawa-128_smokenoun-1,,Kapanawa,128_smokenoun,ku?in,kuʔin,k u ʔ i n,,loos1998,1092,,,,0,k u ʔ - i n -,fog,
Arara-128_smokenoun-1,,Arara,128_smokenoun,kuĩ,kuĩ,k u ĩ,,cunha1993,1092,,,,0,k u - - ĩ - -,fog,
Shanenawa-128_smokenoun-1,,Shanenawa,128_smokenoun,kuin,kuin,k u i n,,lanes2005,1092,,,,0,k u - - i n -,fog,
Yawanawa-128_smokenoun-1,,Yawanawa,128_smokenoun,nawɨ,nawɨ,n a w ɨ,,paula1992,691,,,,0,n a w ɨ,?,
Nukini-128_smokenoun-1,,Nukini,128_smokenoun,rumã,rumã,r u m ã,,aguiar2004,1095,,,,0,r u m ã,tabacco,
Poyanawa-128_smokenoun-1,,Poyanawa,128_smokenoun,humbu,humbu,h u m b u,,paula1992,1094,,,,0,h u m b u,?,
Poyanawa-128_smokenoun-2,,Poyanawa,128_smokenoun,kũĩ,kũĩ,k ũ ĩ,,paula1992,1092,,,,0,k ũ - - ĩ - -,fog,
Iskonawa-128_smokenoun-1,,Iskonawa,128_smokenoun,kũĩ,kũĩ,k ũ ĩ,,zariquiey2017,1092,,,,0,k ũ - - ĩ - -,fog,
Chakobo-128_smokenoun-1,,Chakobo,128_smokenoun,ku?ini,kuʔini,k u ʔ i n i,,zingg1998,1092,,,,0,k u ʔ - i n i,fog,
Pakawara-128_smokenoun-1,,Pakawara,128_smokenoun,ku?ina,kuʔina,k u ʔ i n a,,key2000,1092,,,,0,k u ʔ - i n a,fog,
Kakataibo-128_smokenoun-1,,Kakataibo,128_smokenoun,kuin,kuin,k u i n,,zariquiey2017,1092,,,,0,k u - - i n -,fog,
Kaxarari-128_smokenoun-1,,Kaxarari,128_smokenoun,kuani,kuani,kʷ a n i,,couto2005,1092,,,,0,k u - - a n i,fog,
Mastanawa-128_smokenoun-1,,Mastanawa,128_smokenoun,kunwi,kunwi,k u n w i,,zariquiey2017,1092,,,,0,k u n w i - -,fog,
Chaninawa-128_smokenoun-1,,Chaninawa,128_smokenoun,kunwi,kunwi,k u n w i,,zariquiey2017,1092,,,,0,k u n w i - -,fog,
Sharanawa-128_smokenoun-1,,Sharanawa,128_smokenoun,kuwin,kuwin,k u w i n,,zariquiey2017,1092,,,,0,k u - w i n -,fog,
Amawaka-128_smokenoun-1,,Amawaka,128_smokenoun,kũʔĩn,kũʔĩn,k ũ ʔ ĩ n,,zariquiey2017,1092,,,,0,k ũ ʔ - ĩ n -,fog,
Nawa-128_smokenoun-1,,Nawa,128_smokenoun,kũwĩ,kũwĩ,k ũ w ĩ,,zariquiey2017,1092,,,,0,k ũ - w ĩ - -,fog,
Marinawa-128_smokenoun-1,,Marinawa,128_smokenoun,kunwi,kunwi,k u n w i,,zariquiey2017,1092,,,,0,k u n w i - -,fog,
Yaminawa-128_smokenoun-1,,Yaminawa,128_smokenoun,kũwi,kũwi,k ũ w i,,zariquiey2017,1092,,,,0,k ũ - w i - -,fog,
Kashinawa_P-128_smokenoun-1,,Kashinawa_P,128_smokenoun,kuɨ,kuɨ,k u ɨ,,zariquiey2017,1092,,,,0,k u - - ɨ - -,fog,
Kashinawa_B-128_smokenoun-1,,Kashinawa_B,128_smokenoun,kuĩ,kuĩ,k u ĩ,,camargo1995,1092,,,,0,k u - - ĩ - -,fog,
Matses-34_earthsoil-1,,Matses,34_earthsoil,nidaid,nidaid,n i + d a i d,,fleck2005,319,,,,0,n i + d a i d,stand _daid,
Matis-34_earthsoil-1,,Matis,34_earthsoil,tʂod,tʂod,ʈʂ o d,,fleck2005,318,,,,0,ʈʂ o d,?,
Marubo-34_earthsoil-1,,Marubo,34_earthsoil,mai,mai,m a j,,fleck2005,317,,,,78,m a - i,soil,
Katukina-34_earthsoil-1,,Katukina,34_earthsoil,mai,mai,m a j,,aguiar1994,317,,,,78,m a - i,soil,
Kanamari-34_earthsoil-1,,Kanamari,34_earthsoil,mai,mai,m a j,,aguiar1994,317,,,,78,m a - i,soil,
Shipibo_Konibo-34_earthsoil-1,,Shipibo_Konibo,34_earthsoil,mai,mai,m a j,,fleck2005,317,,,,78,m a - i,soil,
Kapanawa-34_earthsoil-1,,Kapanawa,34_earthsoil,mai,mai,m a j,,loos1998,317,,,,78,m a - i,soil,
Arara-34_earthsoil-1,,Arara,34_earthsoil,bai,bai,b a j,,cunha1993,317,,,,78,b a i - -,soil,
Shanenawa-34_earthsoil-1,,Shanenawa,34_earthsoil,mai,mai,m a j,,lanes2005,317,,,,78,m a - i,soil,
Yawanawa-34_earthsoil-1,,Yawanawa,34_earthsoil,mai,mai,m a j,,paula1992,317,,,,78,m a - i,soil,
Nukini-34_earthsoil-1,,Nukini,34_earthsoil,naya,naya,n a j a,,aguiar2004,320,,,,0,n a j a,?,
Nukini-34_earthsoil-2,,Nukini,34_earthsoil,mai,mai,m a j,,aguiar2004,317,,,,78,m a - i,soil,
Poyanawa-34_earthsoil-1,,Poyanawa,34_earthsoil,baj,baj,b a j,,paula1992,317,,,,78,b a j,soil,
Iskonawa-34_earthsoil-1,,Iskonawa,34_earthsoil,maj,maj,m a i,,zariquiey2017,317,,,,78,m a - i,soil,
Chakobo-34_earthsoil-1,,Chakobo,34_earthsoil,mai,mai,m a j,,zingg1998,317,,,,78,m a - i,soil,
Pakawara-34_earthsoil-1,,Pakawara,34_earthsoil,mai,mai,m a j,,key2000,317,,,,78,m a - i,soil,
Kakataibo-34_earthsoil-1,,Kakataibo,34_earthsoil,me,me,m e,,zariquiey2017,317,,,,78,m e,soil,
Kaxarari-34_earthsoil-1,,Kaxarari,34_earthsoil,mawi,mawi,m a w i,,couto2005,317,,,,80 0,m a w i,soil ?,
Mastanawa-34_earthsoil-1,,Mastanawa,34_earthsoil,baj,baj,b a i,,zariquiey2017,317,,,,78,b a - i,soil,
Chaninawa-34_earthsoil-1,,Chaninawa,34_earthsoil,bai,bai,b a j,,zariquiey2017,317,,,,78,b a - i,soil,
Sharanawa-34_earthsoil-1,,Sharanawa,34_earthsoil,bai,bai,b a j,,zariquiey2017,317,,,,78,b a - i,soil,
Amawaka-34_earthsoil-1,,Amawaka,34_earthsoil,maj,maj,m a i,,zariquiey2017,317,,,,78,m a - i,soil,
Nawa-34_earthsoil-1,,Nawa,34_earthsoil,baj,baj,b a j,,zariquiey2017,317,,,,78,b a j,soil,
Marinawa-34_earthsoil-1,,Marinawa,34_earthsoil,baj,baj,b a i,,zariquiey2017,317,,,,78,b a - i,soil,
Yaminawa-34_earthsoil-1,,Yaminawa,34_earthsoil,baj,baj,b a i,,zariquiey2017,317,,,,78,b a - i,soil,
Kashinawa_P-34_earthsoil-1,,Kashinawa_P,34_earthsoil,maj,maj,m a i,,zariquiey2017,317,,,,78,m a - i,soil,
Kashinawa_B-34_earthsoil-1,,Kashinawa_B,34_earthsoil,mai,mai,m a j,,camargo1995,317,,,,78,m a - i,soil,
Matses-32_dust-1,,Matses,32_dust,putu,putu,p u t u,,fleck2005,303,,,,0,- - - - p u t u,dust,
Matis-32_dust-1,,Matis,32_dust,putu,putu,p u t u,,fleck2005,303,,,,0,- - - - p u t u,dust,
Marubo-32_dust-1,,Marubo,32_dust,putu,putu,p u t u,,fleck2005,303,,,,0,- - - - p u t u,dust,
Katukina-32_dust-1,,Katukina,32_dust,mai-putu,maiputu,m a j + p u t u,,aguiar1994,303,,,,0,m a j + p u t u,soil dust,
Kanamari-32_dust-1,,Kanamari,32_dust,mai poto,mai poto,m a j + p o t o,,aguiar1994,303,,,,0,m a j + p o t o,soil dust,
Shipibo_Konibo-32_dust-1,,Shipibo_Konibo,32_dust,putu,putu,p u t u,,fleck2005,303,,,,0,- - - - p u t u,dust,
Kapanawa-32_dust-1,,Kapanawa,32_dust,putu,putu,p u t u,,loos1998,303,,,,0,- - - - p u t u,dust,
Arara-32_dust-1,,Arara,32_dust,putu,putu,p u t u,,cunha1993,303,,,,0,- - - - p u t u,dust,
Shanenawa-32_dust-1,,Shanenawa,32_dust,putu,putu,p u t u,,lanes2005,303,,,,0,- - - - p u t u,dust,
Iskonawa-32_dust-1,,Iskonawa,32_dust,putu,putu,p u t u,,zariquiey2017,303,,,,0,- - - - p u t u,dust,
Chakobo-32_dust-1,,Chakobo,32_dust,miʃpu,miʃpu,m i ʃ + p u,,zingg1998,305,,,,0,m i ʃ p u,_miʃ dust,
Kakataibo-32_dust-1,,Kakataibo,32_dust,putu,putu,p u t u,,zariquiey2017,303,,,,0,- - - - p u t u,dust,
Kaxarari-32_dust-1,,Kaxarari,32_dust,mapu,mapu,m a p u,,couto2005,304,,,,0,m a p - - u,ashes,
Mastanawa-32_dust-1,,Mastanawa,32_dust,bapu,bapu,b a p u,,zariquiey2017,304,,,,0,b a p - - u,ashes,
Chaninawa-32_dust-1,,Chaninawa,32_dust,bapu,bapu,b a + p u,,zariquiey2017,304,,,,0,b a p - - u,ashes,
Sharanawa-32_dust-1,,Sharanawa,32_dust,bapuhu,bapuhu,b a p u h u,,zariquiey2017,304,,,,0,b a p u h u,ashes,
Amawaka-32_dust-1,,Amawaka,32_dust,t͡ʃiʃpu,t͡ʃiʃpu,tʃ i ʃ + p u,,zariquiey2017,305,,,,0,tʃ i ʃ p u,_t͡ʃiʃ dust,
Nawa-32_dust-1,,Nawa,32_dust,bapu,bapu,b a p u,,zariquiey2017,304,,,,0,b a p - - u,ashes,
Marinawa-32_dust-1,,Marinawa,32_dust,bapu,bapu,b a p u,,zariquiey2017,304,,,,0,b a p - - u,ashes,
Yaminawa-32_dust-1,,Yaminawa,32_dust,bapu,bapu,b a p u,,zariquiey2017,304,,,,0,b a p - - u,ashes,
Kashinawa_P-32_dust-1,,Kashinawa_P,32_dust,miʃpu,miʃpu,m i ʃ + p u,,zariquiey2017,305,,,,0,m i ʃ p u,_miʃ dust,
Kashinawa_P-32_dust-2,,Kashinawa_P,32_dust,kuruʔ,kuruʔ,k u r u ʔ,,zariquiey2017,306,,,,0,k u r u ʔ,?,
Kashinawa_B-32_dust-1,,Kashinawa_B,32_dust,mapu,mapu,m a + p u,,camargo1995,304,,,,0,m a p - - u,ashes,
Matses-113_sand-1,,Matses,113_sand,masi,masi,m a s i,,fleck2005,968,,,,0,- - - - - m a s i -,sand,
Matis-113_sand-1,,Matis,113_sand,masi,masi,m a s i,,fleck2005,968,,,,0,- - - - - m a s i -,sand,
Marubo-113_sand-1,,Marubo,113_sand,maʃi,maʃi,m a ʃ i,,fleck2005,968,,,,0,- - - - - m a ʃ i -,sand,
Kanamari-113_sand-1,,Kanamari,113_sand,maʃaʃ,maʃaʃ,m a ʃ a ʃ,,aguiar1994,968,,,,0,- - - - - m a ʃ a ʃ,stone,
Shipibo_Konibo-113_sand-1,,Shipibo_Konibo,113_sand,maʃi,maʃi,m a ʃ i,,fleck2005,968,,,,0,- - - - - m a ʃ i -,sand,
Kapanawa-113_sand-1,,Kapanawa,113_sand,maʃi,maʃi,m a ʃ i,,loos1998,968,,,,0,- - - - - m a ʃ i -,sand,
Arara-113_sand-1,,Arara,113_sand,baʃi,baʃi,b a ʃ i,,cunha1993,968,,,,0,b a - - - - - ʃ i -,sand,
Shanenawa-113_sand-1,,Shanenawa,113_sand,maʂi,maʂi,m a ʂ i,,lanes2005,968,,,,0,- - - - - m a ʂ i -,sand,
Yawanawa-113_sand-1,,Yawanawa,113_sand,maʃi,maʃi,m a ʃ i,,paula1992,968,,,,0,- - - - - m a ʃ i -,sand,
Nukini-113_sand-1,,Nukini,113_sand,mai,mai,m a j,,aguiar2004,969,,,,0,m a - i -,soil,
Poyanawa-113_sand-1,,Poyanawa,113_sand,baʃi,baʃi,b a ʃ i,,paula1992,968,,,,0,b a - - - - - ʃ i -,sand,
Iskonawa-113_sand-1,,Iskonawa,113_sand,maʃi,maʃi,m a ʃ i,,zariquiey2017,968,,,,0,- - - - - m a ʃ i -,sand,
Chakobo-113_sand-1,,Chakobo,113_sand,maʂɨnɨ,maʂɨnɨ,m a ʂ ɨ + n ɨ,,zingg1998,968,,,,0,m a ʂ ɨ + n ɨ - - -,sand _nɨ,
Pakawara-113_sand-1,,Pakawara,113_sand,maʃina,maʃina,m a ʃ i + n a,,key2000,968,,,,0,m a ʃ i + n a - - -,sand _na,
Kakataibo-113_sand-1,,Kakataibo,113_sand,masi,masi,m a s i,,zariquiey2017,968,,,,0,- - - - - m a s i -,sand,
Kaxarari-113_sand-1,,Kaxarari,113_sand,hɨnɨmaʂi,hɨnɨmaʂi,h ɨ n ɨ + m a ʂ i,,couto2005,968,,,,0,h ɨ n ɨ + m a ʂ i -,_water sand,
Mastanawa-113_sand-1,,Mastanawa,113_sand,majnhi,majnhi,m a j n + h i,,zariquiey2017,969,,,,0,m a j - n + h i,sand _hi,
Chaninawa-113_sand-1,,Chaninawa,113_sand,maiɸi,maiɸi,m a j + ɸ i,,zariquiey2017,969,,,,0,m a - i - + ɸ i,sand _ɸi,
Sharanawa-113_sand-1,,Sharanawa,113_sand,mainɸi,mainɸi,m a i n + ɸ i,,zariquiey2017,969,,,,0,m a - i n + ɸ i,soil _ɸi,
Amawaka-113_sand-1,,Amawaka,113_sand,maj,maj,m a i,,zariquiey2017,969,,,,0,- - - - - m a - i -,soil,
Nawa-113_sand-1,,Nawa,113_sand,majɸi,majɸi,m a j + ɸ i,,zariquiey2017,969,,,,0,m a j - - + ɸ i,soil _ɸi,
Marinawa-113_sand-1,,Marinawa,113_sand,ɨndɨmaj,ɨndɨmaj,ɨ ⁿd ɨ + m a i,,zariquiey2017,969,,,,0,- ɨ ⁿd ɨ + m a - i -,_water sand,
Yaminawa-113_sand-1,,Yaminawa,113_sand,baʃi,baʃi,b a ʃ i,,zariquiey2017,968,,,,0,b a - - - - - ʃ i -,sand,
Kashinawa_P-113_sand-1,,Kashinawa_P,113_sand,maʃi,maʃi,m a ʃ i,,zariquiey2017,968,,,,0,- - - - - m a ʃ i -,sand,
Kashinawa_B-113_sand-1,,Kashinawa_B,113_sand,maʂi,maʂi,m a ʂ i,,camargo1995,968,,,,0,- - - - - m a ʂ i -,sand,
Matses-139_stone-1,,Matses,139_stone,kuɨnote,kuɨnote,kʷ ɨ n o t e,,fleck2005,1203,,,,0,k u ɨ n o t e,stone/kuɨnote,
Matis-139_stone-1,,Matis,139_stone,maʂaʂ,maʂaʂ,m a ʂ a ʂ,,fleck2005,1197,,,,0,m a ʂ a ʂ ( - ),stone/maʂaʂ,
Marubo-139_stone-1,,Marubo,139_stone,ʂaʂu,ʂaʂu,ʂ a ʂ u,,fleck2005,1607,,,,0,ʂ a ʂ u,stone/ʂaʂu,
Katukina-139_stone-1,,Katukina,139_stone,miski,miski,m i s k i,,aguiar1994,1198,,,,0,m i s k i ( - - ),stone/miʂki,
Shipibo_Konibo-139_stone-1,,Shipibo_Konibo,139_stone,makan,makan,m a k a n,,fleck2005,1184,,,,0,m a k a n,stone/makan,
Kapanawa-139_stone-1,,Kapanawa,139_stone,makan,makan,m a k a n,,loos1998,1184,,,,0,m a k a n,stone/makan,
Arara-139_stone-1,,Arara,139_stone,buʃkite,buʃkite,b u ʃ k i t e,,cunha1993,1608,,,,0,b u ʃ k i t e,stone,
Shanenawa-139_stone-1,,Shanenawa,139_stone,mɨʂkiti,mɨʂkiti,m ɨ ʂ k i t i,,lanes2005,1198,,,,0,m ɨ ʂ k i ( t i ),stone/miʂki,
Yawanawa-139_stone-1,,Yawanawa,139_stone,maʂaʂɨ,maʂaʂɨ,m a ʂ a ʂ ɨ,,paula1992,1197,,,,0,m a ʂ a ʂ ( ɨ ),stone/maʂaʂ,
Nukini-139_stone-1,,Nukini,139_stone,mɨtɨ,mɨtɨ,m ɨ t ɨ,,aguiar2004,1202,,,,0,m ɨ t ɨ,stone/mɨtɨ,
Poyanawa-139_stone-1,,Poyanawa,139_stone,ruɨ,ruɨ,r u ɨ,,paula1992,1201,,,,0,r u ɨ,stone/ruɨ,
Iskonawa-139_stone-1,,Iskonawa,139_stone,ruɨ,ruɨ,r u ɨ,,zariquiey2017,1201,,,,0,r u ɨ,stone/ruɨ,
Chakobo-139_stone-1,,Chakobo,139_stone,maʂaʂa,maʂaʂa,m a ʂ a ʂ a,,zingg1998,1197,,,,0,m a ʂ a ʂ ( a ),stone/maʂaʂ,
Pakawara-139_stone-1,,Pakawara,139_stone,tumu,tumu,t u m u,,key2000,1199,,,,0,t u m u,stone/tumu,
Kakataibo-139_stone-1,,Kakataibo,139_stone,maʂaʂ,maʂaʂ,m a ʂ a ʂ,,zariquiey2017,1197,,,,0,m a ʂ a ʂ ( - ),stone/maʂaʂ,
Kaxarari-139_stone-1,,Kaxarari,139_stone,ʂaʂu,ʂaʂu,ʂ a ʂ u,,couto2005,1607,,,,0,ʂ a ʂ u,stone/ʂaʂu,
Mastanawa-139_stone-1,,Mastanawa,139_stone,tujri,tujri,t u j r i,,zariquiey2017,1200,,,,0,t u - j r i,stone/tukiɾi,
Chaninawa-139_stone-1,,Chaninawa,139_stone,bakɨʂi,bakɨʂi,b a k ɨ ʂ i,,zariquiey2017,1185,,,,0,b a k ɨ ʂ i,stone/makɨʂ,
Sharanawa-139_stone-1,,Sharanawa,139_stone,bakɨʂɨ,bakɨʂɨ,b a k ɨ ʂ ɨ,,zariquiey2017,1185,,,,0,b a k ɨ ʂ ɨ,stone/makɨʂ,
Amawaka-139_stone-1,,Amawaka,139_stone,maʔkɨç,maʔkɨç,m a ʔ k ɨ ç,,zariquiey2017,1204,,,,0,m a ʔ k ɨ ç,stone/makɨʂ,
Nawa-139_stone-1,,Nawa,139_stone,tukiɾi,tukiɾi,t u k i ɾ i,,zariquiey2017,1200,,,,0,t u k i ɾ i,stone/tukiɾi,
Marinawa-139_stone-1,,Marinawa,139_stone,tukiɾi,tukiɾi,t u k i ɾ i,,zariquiey2017,1200,,,,0,t u k i ɾ i,stone/tukiɾi,
Yaminawa-139_stone-1,,Yaminawa,139_stone,baʔɨʂ,baʔɨʂ,b a ʔ ɨ ʂ,,zariquiey2017,1185,,,,0,b a ʔ ɨ ʂ -,stone/makɨʂ,
Kashinawa_P-139_stone-1,,Kashinawa_P,139_stone,miʃki,miʃki,m i ʂ k i,,zariquiey2017,1198,,,,0,m i ʂ k i ( - - ),stone/miʂki,
Kashinawa_B-139_stone-1,,Kashinawa_B,139_stone,miʂki,miʂki,m i ʂ k i,,camargo1995,1198,,,,0,m i ʂ k i ( - - ),stone/miʂki,
Matses-104_rain-1,,Matses,104_rain,we,ue,u e,,fleck2005,894,,,,0,u - e,rain,
Matis-104_rain-1,,Matis,104_rain,we,ue,u e,,fleck2005,894,,,,0,u - e,rain,
Marubo-104_rain-1,,Marubo,104_rain,ui,ui,u i,,fleck2005,894,,,,0,u - i,rain,
Katukina-104_rain-1,,Katukina,104_rain,ui,ui,u i,,aguiar1994,894,,,,0,u - i,rain,
Shipibo_Konibo-104_rain-1,,Shipibo_Konibo,104_rain,ui,ui,u i,,fleck2005,894,,,,0,u - i,rain,
Kapanawa-104_rain-1,,Kapanawa,104_rain,ui,ui,u i,,loos1998,894,,,,0,u - i,rain,
Arara-104_rain-1,,Arara,104_rain,ui,ui,u i,,cunha1993,894,,,,0,u - i,rain,
Shanenawa-104_rain-1,,Shanenawa,104_rain,ui,ui,u i,,lanes2005,894,,,,0,u - i,rain,
Nukini-104_rain-1,,Nukini,104_rain,awi,awi,a w i,,aguiar2004,894,,,,0,a w i,rain,
Nukini-104_rain-2,,Nukini,104_rain,nui,nui,n u i,,aguiar2004,1632,,,,0,n u - i,rain,
Poyanawa-104_rain-1,,Poyanawa,104_rain,ui,ui,u i,,paula1992,894,,,,0,u - i,rain,
Iskonawa-104_rain-1,,Iskonawa,104_rain,ui,ui,u i,,zariquiey2017,894,,,,0,u - i,rain,
Chakobo-104_rain-1,,Chakobo,104_rain,ui,ui,u i,,zingg1998,894,,,,0,u - i,rain,
Pakawara-104_rain-1,,Pakawara,104_rain,ui,ui,u i,,key2000,894,,,,0,u - i,rain,
Kakataibo-104_rain-1,,Kakataibo,104_rain,uɲe,uɲe,u ɲ e,,zariquiey2017,894,,,,0,u ɲ e,rain,
Kaxarari-104_rain-1,,Kaxarari,104_rain,uwahi,uwahi,u w a,,couto2005,894,,,,0,u w a,rain,
Mastanawa-104_rain-1,,Mastanawa,104_rain,uwi,uwi,u w i,,zariquiey2017,894,,,,0,u w i,rain,
Chaninawa-104_rain-1,,Chaninawa,104_rain,uwi,uwi,u w i,,zariquiey2017,894,,,,0,u w i,rain,
Sharanawa-104_rain-1,,Sharanawa,104_rain,uwi,uwi,u w i,,zariquiey2017,894,,,,0,u w i,rain,
Amawaka-104_rain-1,,Amawaka,104_rain,uwi,uwi,u w i,,zariquiey2017,894,,,,0,u w i,rain,
Nawa-104_rain-1,,Nawa,104_rain,uwi,uwi,u w i,,zariquiey2017,894,,,,0,u w i,rain,
Marinawa-104_rain-1,,Marinawa,104_rain,ubi,ubi,u b i,,zariquiey2017,894,,,,0,u b i,rain,
Yaminawa-104_rain-1,,Yaminawa,104_rain,uwi,uwi,u w i,,zariquiey2017,894,,,,0,u w i,rain,
Kashinawa_P-104_rain-1,,Kashinawa_P,104_rain,uj,uj,u i,,zariquiey2017,894,,,,0,u - i,rain,
Kashinawa_B-104_rain-1,,Kashinawa_B,104_rain,ui,ui,u i,,camargo1995,894,,,,0,u - i,rain,
Matses-52_fog-1,,Matses,52_fog,senadɨn kuɨte,senadɨn kuɨte,s e n a d ɨ n + k u ɨ + t e,,fleck2005,476,,,,0,s e n a d ɨ n + k u - ɨ - + t e,? smoke _-:suffix/te,
Matis-52_fog-1,,Matis,52_fog,nɨʂo βɨjunwate,nɨʂo βɨjunwate,n ɨ ʂ o + β ɨ j u n w a t e,,fleck2005,477,,,,0,n ɨ ʂ o + β ɨ j u n w a t e,? ?,
Marubo-52_fog-1,,Marubo,52_fog,wiʃnan,wiʃnan,w i ʃ n a n,,fleck2005,467,,,,0,w i ʃ n a n,?,
Katukina-52_fog-1,,Katukina,52_fog,ixinna,ixinna,i x/ʂ i n n a,,aguiar1994,467,,,,0,i x i n n a,?,
Shipibo_Konibo-52_fog-1,,Shipibo_Konibo,52_fog,niʃβi,niʃβi,n i ʂ β i,,fleck2005,465,,,,0,n i ʂ β i,fog/nɨʂbi,
Kapanawa-52_fog-1,,Kapanawa,52_fog,nɨtɨ kuru,nɨtɨ kuru,n ɨ t ɨ + k u r u,,loos1998,381,,,,0,n ɨ t ɨ + k u r u,day fog,
Arara-52_fog-1,,Arara,52_fog,batsiki,batsiki,b a ts i k i,,cunha1993,470,,,,0,b a ts i k i,?,
Shanenawa-52_fog-1,,Shanenawa,52_fog,kuĩ,kuĩ,k u ĩ,,lanes2005,466,,,,0,k u - ĩ -,smoke,
Iskonawa-52_fog-1,,Iskonawa,52_fog,kuin,kuin,k u i n,,zariquiey2017,466,,,,0,k u - i n,smoke,
Iskonawa-52_fog-2,,Iskonawa,52_fog,bishai,bishai,b i ʃ a j,,zariquiey2017,473,,,,0,b i ʃ a i,?,
Chakobo-52_fog-1,,Chakobo,52_fog,kuru,kuru,k u r u,,zingg1998,381,,,,0,k u r u,ashes,
Kakataibo-52_fog-1,,Kakataibo,52_fog,kwenkuru,kwenkuru,kʷ e n k u r u,,zariquiey2017,468,,,,0,kʷ e n k u r u,smoke/cloud,
Kaxarari-52_fog-1,,Kaxarari,52_fog,waikuʂuʂi,waikuʂuʂi,w a j k u ʂ u ʂ i,,couto2005,478,,,,0,w a i k u ʂ u ʂ i,?,
Mastanawa-52_fog-1,,Mastanawa,52_fog,kũĩ,kũĩ,k ũ ĩ,,zariquiey2017,466,,,,0,k ũ - ĩ -,smoke,
Chaninawa-52_fog-1,,Chaninawa,52_fog,diʃɸi,diʃɸi,d i ʂ ɸ i,,zariquiey2017,465,,,,0,d i ʂ ɸ i,fog/nɨʂbi,
Sharanawa-52_fog-1,,Sharanawa,52_fog,diɸĩ,diɸĩ,d i ɸ ĩ,,zariquiey2017,465,,,,0,d i - ɸ ĩ,fog/nɨʂbi,
Amawaka-52_fog-1,,Amawaka,52_fog,nɨçbi,nɨçbi,n ɨ ç b i,,zariquiey2017,465,,,,0,n ɨ ç b i,fog/nɨʂbi,
Nawa-52_fog-1,,Nawa,52_fog,kuwĩ,kuwĩ,k u w ĩ,,zariquiey2017,466,,,,0,k u w ĩ -,cloud,
Marinawa-52_fog-1,,Marinawa,52_fog,diʃɸu,diʃɸu,d i ʃ ɸ u,,zariquiey2017,465,,,,0,d i ʃ ɸ u,?,
Yaminawa-52_fog-1,,Yaminawa,52_fog,kũwi,kũwi,k ũ w i,,zariquiey2017,466,,,,0,k ũ w i -,smoke,
Kashinawa_P-52_fog-1,,Kashinawa_P,52_fog,asnɨ,asnɨ,a s n ɨ,,zariquiey2017,479,,,,0,a s n ɨ,?,
Kashinawa_B-52_fog-1,,Kashinawa_B,52_fog,βahnɨ,βahnɨ,β a h n ɨ,,camargo1995,480,,,,0,β a h n ɨ,?,
Matses-19_cloud-1,,Matses,19_cloud,aβu,aβu,a β u,,fleck2005,123,,,,0,a β u,up,
Matis-19_cloud-1,,Matis,19_cloud,aβu,aβu,a β u,,fleck2005,123,,,,0,a β u,up,
Marubo-19_cloud-1,,Marubo,19_cloud,nai,nai,n a j,,fleck2005,124,,,,0,n a i,sky,
Shipibo_Konibo-19_cloud-1,,Shipibo_Konibo,19_cloud,nai kuin,nai kuin,n a j + k u i n,,fleck2005,124,,,,0,n a i + k u i n - -,sky smoke,
Kapanawa-19_cloud-1,,Kapanawa,19_cloud,nai kuin,nai kuin,n a j + k u i n,,loos1998,124,,,,0,n a i + k u i n - -,sky smoke/fog,
Arara-19_cloud-1,,Arara,19_cloud,kũĩ,kũĩ,k ũ ĩ,,cunha1993,124,,,,0,k ũ - - - ĩ,smoke/fog,
Shanenawa-19_cloud-1,,Shanenawa,19_cloud,ɸuʂta,ɸuʂta,ɸ u ʂ t a,,lanes2005,165,,,,0,ɸ u ʂ t a,wind,
Yawanawa-19_cloud-1,,Yawanawa,19_cloud,βuʃta,βuʃta,β u ʃ t a,,paula1992,165,,,,0,β u ʃ t a,wind,
Iskonawa-19_cloud-1,,Iskonawa,19_cloud,nãj̃ kũj̃n,nãj̃ kũj̃n,n ã j̃ + k ũ j̃ n,,zariquiey2017,124,,,,0,n ã j̃ + k ũ j̃ n,sky smoke/fog,
Chakobo-19_cloud-1,,Chakobo,19_cloud,tsɨmu,tsɨmu,ts ɨ m u,,zingg1998,166,,,,0,ts ɨ m u,tsɨmu/fog,
Pakawara-19_cloud-1,,Pakawara,19_cloud,tsɨmu,tsɨmu,ts ɨ m u,,key2000,166,,,,0,ts ɨ m u,tsɨmu/fog,
Kakataibo-19_cloud-1,,Kakataibo,19_cloud,nɨtɨ kuin,nɨtɨ kuin,n ɨ t ɨ + k u i n,,zariquiey2017,124,,,,0,n ɨ t ɨ + k u i n - -,morning smoke/fog,
Kaxarari-19_cloud-1,,Kaxarari,19_cloud,kuani,kuani,k u a n i,,couto2005,124,,,,0,k u a n - i,smoke/fog,
Mastanawa-19_cloud-1,,Mastanawa,19_cloud,kũĩ,kũĩ,k ũ ĩ,,zariquiey2017,124,,,,0,k ũ - - - ĩ,smoke/fog,
Chaninawa-19_cloud-1,,Chaninawa,19_cloud,kunwi,kunwi,k u n w i,,zariquiey2017,124,,,,0,k u - n w i,smoke/fog,
Sharanawa-19_cloud-1,,Sharanawa,19_cloud,ɸɨ,ɸɨ,ɸ ɨ,,zariquiey2017,165,,,,0,ɸ ɨ,wind,
Amawaka-19_cloud-1,,Amawaka,19_cloud,kũʔĩ,kũʔĩ,k ũ ʔ ĩ,,zariquiey2017,124,,,,0,k ũ - ʔ - ĩ,smoke/fog,
Nawa-19_cloud-1,,Nawa,19_cloud,kuwĩ,kuwĩ,k u w ĩ,,zariquiey2017,124,,,,0,k u - - w ĩ,smoke/fog,
Marinawa-19_cloud-1,,Marinawa,19_cloud,ɸu,ɸu,ɸ u,,zariquiey2017,165,,,,0,- ɸ u,wind,
Yaminawa-19_cloud-1,,Yaminawa,19_cloud,kũwi,kũwi,k ũ w i,,zariquiey2017,124,,,,0,k ũ - - w i,smoke/fog,
Kashinawa_P-19_cloud-1,,Kashinawa_P,19_cloud,naj kwɨ,naj kwɨ,n a j + k u i,,zariquiey2017,124,,,,0,n a j + k u - - - i,sky smoke/fog,
Kashinawa_B-19_cloud-1,,Kashinawa_B,19_cloud,nai,nai,n a j,,camargo1995,124,,,,0,n a i,sky,
Matses-173_windbreeze-1,,Matses,173_windbreeze,kunkekid,kunkekid,k u n k e + k i d,,fleck2005,1472,,,,70 0 64,k u n k e + k i d,blow/kun ? _-:suffix/kid,
Matis-173_windbreeze-1,,Matis,173_windbreeze,kunkekid,kunkekid,k u n k e + k i d,,fleck2005,1472,,,,70 0 64,k u n k e + k i d,blow/kun ? _-:suffix/kid,
Marubo-173_windbreeze-1,,Marubo,173_windbreeze,jɨwɨ,jɨwɨ,j ɨ w ɨ,,fleck2005,1470,,,,0,j ɨ w ɨ -,wind,
Katukina-173_windbreeze-1,,Katukina,173_windbreeze,niwi,niwi,n i w i,,aguiar1994,1470,,,,0,n i w i -,wind,
Shipibo_Konibo-173_windbreeze-1,,Shipibo_Konibo,173_windbreeze,niwɨ,niwɨ,n i w ɨ,,fleck2005,1470,,,,0,n i w ɨ -,wind,
Kapanawa-173_windbreeze-1,,Kapanawa,173_windbreeze,niwɨ,niwɨ,n i w ɨ,,loos1998,1470,,,,0,n i w ɨ -,wind,
Arara-173_windbreeze-1,,Arara,173_windbreeze,βɨ,βɨ,β ɨ,,cunha1993,1474,,,,0,β ɨ,cloud,
Shanenawa-173_windbreeze-1,,Shanenawa,173_windbreeze,niɸu,niɸu,n i ɸ ɨ,,lanes2005,1470,,,,0,n i ɸ ɨ -,wind,
Yawanawa-173_windbreeze-1,,Yawanawa,173_windbreeze,nɨwɨ,nɨwɨ,n ɨ w ɨ,,paula1992,1470,,,,0,n ɨ w ɨ -,wind,
Nukini-173_windbreeze-1,,Nukini,173_windbreeze,nasi,nasi,n a s i,,aguiar2004,1625,,,,0,n a s i,?,
Iskonawa-173_windbreeze-1,,Iskonawa,173_windbreeze,niwɨ,niwɨ,n i w ɨ,,zariquiey2017,1470,,,,0,n i w ɨ -,wind,
Chakobo-173_windbreeze-1,,Chakobo,173_windbreeze,yuʃini,yuʃini,j u ʃ i n i,,zingg1998,1473,,,,0,j u ʃ i n i,?,
Pakawara-173_windbreeze-1,,Pakawara,173_windbreeze,huexna,huexna,h u e x/ʂ n a,,key2000,1475,,,,0,h u e x n a,?,
Kakataibo-173_windbreeze-1,,Kakataibo,173_windbreeze,suɲu,suɲu,s u ɲ u,,zariquiey2017,1478,,,,0,s u ɲ u,wind/suɲu,
Kaxarari-173_windbreeze-1,,Kaxarari,173_windbreeze,wɨhɨta,wɨhɨta,w ɨ h ɨ t a,,couto2005,1477,,,,0,w ɨ h ɨ t a,?,
Mastanawa-173_windbreeze-1,,Mastanawa,173_windbreeze,kũĩ,kũĩ,k ũ ĩ,,zariquiey2017,1476,,,,0,k ũ ĩ,smoke/fog,
Chaninawa-173_windbreeze-1,,Chaninawa,173_windbreeze,ɸɨ,ɸɨ,ɸ ɨ,,zariquiey2017,1474,,,,0,ɸ ɨ,cloud,
Sharanawa-173_windbreeze-1,,Sharanawa,173_windbreeze,diwɨ,diwɨ,d i w ɨ,,zariquiey2017,1470,,,,0,d i w ɨ -,wind,
Amawaka-173_windbreeze-1,,Amawaka,173_windbreeze,nijɨ,nijɨ,n i j ɨ,,zariquiey2017,1470,,,,0,n i j ɨ -,wind,
Nawa-173_windbreeze-1,,Nawa,173_windbreeze,dɨwɨ,dɨwɨ,d ɨ w ɨ,,zariquiey2017,1470,,,,0,d ɨ w ɨ -,wind,
Marinawa-173_windbreeze-1,,Marinawa,173_windbreeze,diwɨ,diwɨ,d i w ɨ,,zariquiey2017,1470,,,,0,d i w ɨ -,wind,
Yaminawa-173_windbreeze-1,,Yaminawa,173_windbreeze,dɨwɨ,dɨwɨ,d ɨ w ɨ,,zariquiey2017,1470,,,,0,d ɨ w ɨ -,wind,
Kashinawa_P-173_windbreeze-1,,Kashinawa_P,173_windbreeze,niwɨʔ,niwɨʔ,n i w ɨ ʔ,,zariquiey2017,1470,,,,0,n i w ɨ ʔ,wind,
Kashinawa_B-173_windbreeze-1,,Kashinawa_B,173_windbreeze,niwɨ,niwɨ,n i w ɨ,,camargo1995,1470,,,,0,n i w ɨ -,wind,
Matses-124_sky-1,,Matses,124_sky,aβu,aβu,a β u,,fleck2005,1070,,,,0,a β u,up,
Matis-124_sky-1,,Matis,124_sky,aβu,aβu,a β u,,fleck2005,1070,,,,0,a β u,up,
Marubo-124_sky-1,,Marubo,124_sky,nai,nai,n a j,,fleck2005,1068,,,,0,n a i - -,sky,
Katukina-124_sky-1,,Katukina,124_sky,nai,nai,n a j,,aguiar1994,1068,,,,0,n a i - -,sky,
Shipibo_Konibo-124_sky-1,,Shipibo_Konibo,124_sky,nai,nai,n a j,,fleck2005,1068,,,,0,n a i - -,sky,
Kapanawa-124_sky-1,,Kapanawa,124_sky,nai,nai,n a j,,loos1998,1068,,,,0,n a i - -,sky,
Arara-124_sky-1,,Arara,124_sky,day,day,d a j,,cunha1993,1068,,,,0,d a - j -,sky,
Shanenawa-124_sky-1,,Shanenawa,124_sky,nai,nai,n a j,,lanes2005,1068,,,,0,n a i - -,sky,
Yawanawa-124_sky-1,,Yawanawa,124_sky,nai,nai,n a j,,paula1992,1068,,,,0,n a i - -,sky,
Nukini-124_sky-1,,Nukini,124_sky,nai,nai,n a j,,aguiar2004,1068,,,,0,n a i - -,sky,
Iskonawa-124_sky-1,,Iskonawa,124_sky,naj,naj,n a i,,zariquiey2017,1068,,,,0,n a i - -,sky,
Chakobo-124_sky-1,,Chakobo,124_sky,naipa,naipa,n a j p a,,zingg1998,1068,,,,0,n a i p a,sky,
Pakawara-124_sky-1,,Pakawara,124_sky,naipa,naipa,n a j p a,,key2000,1068,,,,0,n a i p a,sky,
Kakataibo-124_sky-1,,Kakataibo,124_sky,nai,nai,n a j,,zariquiey2017,1068,,,,0,n a i - -,sky,
Kaxarari-124_sky-1,,Kaxarari,124_sky,naitʃi,naitʃi,n a j tʃ i,,couto2005,1068,,,,0,n a i tʃ i,sky,
Mastanawa-124_sky-1,,Mastanawa,124_sky,daj,daj,d a i,,zariquiey2017,1068,,,,0,d a i - -,sky,
Chaninawa-124_sky-1,,Chaninawa,124_sky,dai,dai,d a j,,zariquiey2017,1068,,,,0,d a i - -,sky,
Chaninawa-124_sky-2,,Chaninawa,124_sky,bat͡ʃi,bat͡ʃi,b a tʃ i,,zariquiey2017,1072,,,,0,b a tʃ i,egg,
Sharanawa-124_sky-1,,Sharanawa,124_sky,dai,dai,d a j,,zariquiey2017,1068,,,,0,d a i - -,sky,
Amawaka-124_sky-1,,Amawaka,124_sky,nai,nai,n a j,,zariquiey2017,1068,,,,0,n a i - -,sky,
Nawa-124_sky-1,,Nawa,124_sky,daj,daj,d a i,,zariquiey2017,1068,,,,0,d a i - -,sky,
Marinawa-124_sky-1,,Marinawa,124_sky,daj,daj,d a i,,zariquiey2017,1068,,,,0,d a i - -,sky,
Yaminawa-124_sky-1,,Yaminawa,124_sky,daj,daj,d a j,,zariquiey2017,1068,,,,0,d a - j -,sky,
Kashinawa_P-124_sky-1,,Kashinawa_P,124_sky,naj,naj,n a i,,zariquiey2017,1068,,,,0,n a i - -,sky,
Kashinawa_B-124_sky-1,,Kashinawa_B,124_sky,nay,nay,n a i,,camargo1995,1068,,,,0,n a i - -,sky,
Matses-142_sun-1,,Matses,142_sun,uʂɨ,uʂɨ,u ʂ ɨ,,fleck2005,1230,,,,0,u ʂ ɨ,moon,
Matis-142_sun-1,,Matis,142_sun,tanun,tanun,t a n u n,,fleck2005,1229,,,,0,t a n u n,dry_season,
Marubo-142_sun-1,,Marubo,142_sun,βari,βari,β a r i,,fleck2005,1226,,,,0,β a r i,sun,
Katukina-142_sun-1,,Katukina,142_sun,βari,βari,β a r i,,aguiar1994,1226,,,,0,β a r i,sun,
Kanamari-142_sun-1,,Kanamari,142_sun,βari,βari,β a r i,,aguiar1994,1226,,,,0,β a r i,sun,
Shipibo_Konibo-142_sun-1,,Shipibo_Konibo,142_sun,βari,βari,β a r i,,fleck2005,1226,,,,0,β a r i,sun,
Kapanawa-142_sun-1,,Kapanawa,142_sun,βari,βari,β a r i,,loos1998,1226,,,,0,β a r i,sun,
Arara-142_sun-1,,Arara,142_sun,ʃɨ̃di,ʃɨ̃di,ʃ ɨ̃ d i,,cunha1993,1612,,,,0,- ʃ ɨ̃ d i,old,
Shanenawa-142_sun-1,,Shanenawa,142_sun,ɸari,ɸari,ɸ a r i,,lanes2005,1226,,,,0,ɸ a r i,sun,
Yawanawa-142_sun-1,,Yawanawa,142_sun,βari,βari,β a r i,,paula1992,1226,,,,0,β a r i,sun,
Nukini-142_sun-1,,Nukini,142_sun,βari,βari,β a r i,,aguiar2004,1226,,,,0,β a r i,sun,
Poyanawa-142_sun-1,,Poyanawa,142_sun,βari,βari,β a r i,,paula1992,1226,,,,0,β a r i,sun,
Iskonawa-142_sun-1,,Iskonawa,142_sun,βaɾi,βaɾi,β a ɾ i,,zariquiey2017,1226,,,,0,β a ɾ i,sun,
Chakobo-142_sun-1,,Chakobo,142_sun,βari,βari,β a r i,,zingg1998,1226,,,,0,β a r i,sun,
Pakawara-142_sun-1,,Pakawara,142_sun,wari,wari,w a r i,,key2000,1226,,,,0,w a r i,sun,
Kakataibo-142_sun-1,,Kakataibo,142_sun,βari,βari,β a r i,,zariquiey2017,1226,,,,0,β a r i,sun,
Kaxarari-142_sun-1,,Kaxarari,142_sun,watʃi,watʃi,w a tʃ i,,couto2005,1227,,,,0,w a tʃ i,sun,
Mastanawa-142_sun-1,,Mastanawa,142_sun,ɸaɾi,ɸaɾi,ɸ a ɾ i,,zariquiey2017,1226,,,,0,ɸ a ɾ i,sun,
Chaninawa-142_sun-1,,Chaninawa,142_sun,ɸaɾi,ɸaɾi,ɸ a ɾ i,,zariquiey2017,1226,,,,0,ɸ a ɾ i,sun,
Sharanawa-142_sun-1,,Sharanawa,142_sun,ɸaɾi,ɸaɾi,ɸ a ɾ i,,zariquiey2017,1226,,,,0,ɸ a ɾ i,sun,
Amawaka-142_sun-1,,Amawaka,142_sun,waɾi,waɾi,w a ɾ i,,zariquiey2017,1226,,,,0,w a ɾ i,sun,
Nawa-142_sun-1,,Nawa,142_sun,ɸaɾi,ɸaɾi,ɸ a ɾ i,,zariquiey2017,1226,,,,0,ɸ a ɾ i,sun,
Marinawa-142_sun-1,,Marinawa,142_sun,ɸaɾi,ɸaɾi,ɸ a ɾ i,,zariquiey2017,1226,,,,0,ɸ a ɾ i,sun,
Yaminawa-142_sun-1,,Yaminawa,142_sun,ʂɨdi,ʂɨdi,ʂ ɨ d i,,zariquiey2017,1612,,,,0,ʂ ɨ d i,old,
Kashinawa_P-142_sun-1,,Kashinawa_P,142_sun,βaɾi,βaɾi,β a ɾ i,,zariquiey2017,1226,,,,0,β a ɾ i,sun,
Kashinawa_B-142_sun-1,,Kashinawa_B,142_sun,βadi,βadi,β a d i,,camargo1995,1226,,,,0,β a d i,sun,
Matses-137_star-1,,Matses,137_star,wispa,wispa,w i s p a,,fleck2005,733,,,,0,w i s p a,star,
Matis-137_star-1,,Matis,137_star,wispa,wispa,w i s p a,,fleck2005,733,,,,0,w i s p a,star,
Marubo-137_star-1,,Marubo,137_star,iʃi,iʃi,i ʃ i,,fleck2005,1183,,,,0,- i ʃ i,star,
Katukina-137_star-1,,Katukina,137_star,ixi,ixi,i x/ʂ i,,aguiar1994,1183,,,,0,- i x i,star,
Kanamari-137_star-1,,Kanamari,137_star,hiʃi,hiʃi,h i ʃ i,,aguiar1994,1183,,,,0,h i ʃ i,star,
Shipibo_Konibo-137_star-1,,Shipibo_Konibo,137_star,wiʃtin,wiʃtin,w i ʃ t i n,,fleck2005,1183,,,,0,w i ʃ t i n -,star,
Kapanawa-137_star-1,,Kapanawa,137_star,wiʃi,wiʃi,w i ʃ i,,loos1998,1183,,,,0,w i ʃ i,star,
Arara-137_star-1,,Arara,137_star,iʃtĩ,iʃtĩ,i ʃ t ĩ,,cunha1993,1183,,,,0,- i ʃ t - - - - ĩ,star,
Shanenawa-137_star-1,,Shanenawa,137_star,istin,istin,i s t i n,,lanes2005,1183,,,,0,- i s t i n -,star,
Yawanawa-137_star-1,,Yawanawa,137_star,iʃtin,iʃtin,i ʃ t i n,,paula1992,1183,,,,0,- i ʃ t i n -,star,
Nukini-137_star-1,,Nukini,137_star,ɨʃtɨ,ɨʃtɨ,ɨ ʃ t ɨ,,aguiar2004,1183,,,,0,- ɨ ʃ t ɨ - -,star,
Poyanawa-137_star-1,,Poyanawa,137_star,βuxa,βuxa,β u x/ʂ a,,paula1992,1182,,,,0,β u x a,?,
Iskonawa-137_star-1,,Iskonawa,137_star,naj ʧami,naj ʧami,n a j + tʃ a m i,,zariquiey2017,1188,,,,0,n a j + tʃ a m i,sky tʃami,
Chakobo-137_star-1,,Chakobo,137_star,wiʃtima,wiʃtima,w i ʃ t i m a,,zingg1998,1183,,,,0,w i ʃ t i m a,star,
Pakawara-137_star-1,,Pakawara,137_star,wiʃtima,wiʃtima,w i ʃ t i + m a,,key2000,1183,,,,0,w i ʃ t - - i + m a,star _ma,
Kakataibo-137_star-1,,Kakataibo,137_star,ispa,ispa,i s p a,,zariquiey2017,733,,,,0,- i s p a,star,
Kaxarari-137_star-1,,Kaxarari,137_star,ʂainlali,ʂainlali,ʂ a i n l a l i,,couto2005,1187,,,,0,ʂ a i n l a l i,?,
Mastanawa-137_star-1,,Mastanawa,137_star,ɨʂta,ɨʂta,ɨ ʂ t a,,zariquiey2017,1183,,,,0,- ɨ ʂ t a - -,star,
Chaninawa-137_star-1,,Chaninawa,137_star,ɸiʃi,ɸiʃi,ɸ i ʃ i,,zariquiey2017,1183,,,,0,ɸ i ʃ i,star,
Sharanawa-137_star-1,,Sharanawa,137_star,iʃtɨn,iʃtɨn,i ʃ t ɨ n,,zariquiey2017,1183,,,,0,- i ʃ t ɨ n -,star,
Amawaka-137_star-1,,Amawaka,137_star,wiʃi,wiʃi,w i ʃ i,,zariquiey2017,1183,,,,0,w i ʃ i,star,
Nawa-137_star-1,,Nawa,137_star,ɸiʃi,ɸiʃi,ɸ i ʃ i,,zariquiey2017,1183,,,,0,ɸ i ʃ i,star,
Marinawa-137_star-1,,Marinawa,137_star,ɸiʃi,ɸiʃi,ɸ i ʃ i,,zariquiey2017,1183,,,,0,ɸ i ʃ i,star,
Yaminawa-137_star-1,,Yaminawa,137_star,iʃtiwɨɾu,iʃtiwɨɾu,i ʃ t i + w ɨ ɾ u,,zariquiey2017,1183,,,,0,- i ʃ t i - - + w ɨ ɾ u,star eye,
Kashinawa_P-137_star-1,,Kashinawa_P,137_star,βiʃi,βiʃi,β i ʃ i,,zariquiey2017,1183,,,,0,β i ʃ i,star,
Kashinawa_B-137_star-1,,Kashinawa_B,137_star,βiʂi,βiʂi,β i ʂ i,,camargo1995,1183,,,,0,β i ʂ i,star,
Matses-24_daydaytime-1,,Matses,24_daydaytime,βadiad,βadiad,β a d i + a d,,fleck2005,143,,,,0,β a d i - + a d,sun _ad,
Matis-24_daydaytime-1,,Matis,24_daydaytime,nɨtɨ,nɨtɨ,n ɨ t ɨ,,fleck2005,211,,,,0,n ɨ t ɨ,day,
Marubo-24_daydaytime-1,,Marubo,24_daydaytime,βari,βari,β a r i,,fleck2005,143,,,,0,β a r i -,sun,
Shipibo_Konibo-24_daydaytime-1,,Shipibo_Konibo,24_daydaytime,nɨtɨ,nɨtɨ,n ɨ t ɨ,,fleck2005,211,,,,0,n ɨ t ɨ,day,
Kapanawa-24_daydaytime-1,,Kapanawa,24_daydaytime,nɨtɨ,nɨtɨ,n ɨ t ɨ,,loos1998,211,,,,0,n ɨ t ɨ,day,
Arara-24_daydaytime-1,,Arara,24_daydaytime,ʃaβa,ʃaβa,ʃ a β a,,cunha1993,210,,,,0,ʃ a β a,clear,
Shanenawa-24_daydaytime-1,,Shanenawa,24_daydaytime,ʂawa,ʂawa,ʂ a w a,,lanes2005,210,,,,0,ʂ a w a,clear,
Yawanawa-24_daydaytime-1,,Yawanawa,24_daydaytime,ʃaβa,ʃaβa,ʃ a β a,,paula1992,210,,,,0,ʃ a β a,clear,
Nukini-24_daydaytime-1,,Nukini,24_daydaytime,pãnari,pãnari,p ã n a r i,,aguiar2004,215,,,,0,p ã n a r i,?,
Poyanawa-24_daydaytime-1,,Poyanawa,24_daydaytime,βarikɨa,βarikɨa,β a r i + k ɨ a,,paula1992,143,,,,0,β a r i - + k ɨ a,sun _kɨa,
Iskonawa-24_daydaytime-1,,Iskonawa,24_daydaytime,pɨhnɨ,pɨhnɨ,p ɨ h n ɨ,,zariquiey2017,217,,,,0,p ɨ h n ɨ,lighty,
Chakobo-24_daydaytime-1,,Chakobo,24_daydaytime,βɨa?aina,βɨaʔaina,β ɨ a ʔ a j n a,,zingg1998,218,,,,0,β ɨ a ʔ a i n a,?,
Pakawara-24_daydaytime-1,,Pakawara,24_daydaytime,wari,wari,w a r i,,key2000,143,,,,0,w a r i -,sun,
Kakataibo-24_daydaytime-1,,Kakataibo,24_daydaytime,nɨtɨ,nɨtɨ,n ɨ t ɨ,,zariquiey2017,211,,,,0,n ɨ t ɨ,day,
Kaxarari-24_daydaytime-1,,Kaxarari,24_daydaytime,yunu,yunu,j u n u,,couto2005,216,,,,0,j u n u,?,
Kaxarari-24_daydaytime-2,,Kaxarari,24_daydaytime,βatʃih,βatʃih,β a tʃ i h,,couto2005,143,,,,0,β a tʃ i h,sun _h,
Kaxarari-24_daydaytime-3,,Kaxarari,24_daydaytime,lɨtɨ,lɨtɨ,l ɨ t ɨ,,couto2005,211,,,,0,l ɨ t ɨ,day,
Mastanawa-24_daydaytime-1,,Mastanawa,24_daydaytime,pɨda ʂaɸa,pɨda ʂaɸa,p ɨ d a + ʂ a ɸ a,,zariquiey2017,149,,,,0,p ɨ d a + ʂ a ɸ a,? clear,
Chaninawa-24_daydaytime-1,,Chaninawa,24_daydaytime,ʂaɸa,ʂaɸa,ʂ a ɸ a,,zariquiey2017,210,,,,0,ʂ a ɸ a,clear,
Sharanawa-24_daydaytime-1,,Sharanawa,24_daydaytime,ʂaɸa,ʂaɸa,ʂ a ɸ a,,zariquiey2017,210,,,,0,ʂ a ɸ a,clear,
Amawaka-24_daydaytime-1,,Amawaka,24_daydaytime,nɨtɨ,nɨtɨ,n ɨ t ɨ,,zariquiey2017,211,,,,0,n ɨ t ɨ,day,
Nawa-24_daydaytime-1,,Nawa,24_daydaytime,ʂaɸa,ʂaɸa,ʂ a ɸ a,,zariquiey2017,210,,,,0,ʂ a ɸ a,clear,
Marinawa-24_daydaytime-1,,Marinawa,24_daydaytime,ʂaɸa,ʂaɸa,ʂ a ɸ a,,zariquiey2017,210,,,,0,ʂ a ɸ a,clear,
Yaminawa-24_daydaytime-1,,Yaminawa,24_daydaytime,pɨda,pɨda,p ɨ d a,,zariquiey2017,149,,,,0,p ɨ d a,?,
Kashinawa_P-24_daydaytime-1,,Kashinawa_P,24_daydaytime,ʂaβa,ʂaβa,ʂ a β a,,zariquiey2017,210,,,,0,ʂ a β a,clear,
Kashinawa_B-24_daydaytime-1,,Kashinawa_B,24_daydaytime,βadi,βadi,β a d i,,camargo1995,143,,,,0,β a d i -,sun,
Matses-95_night-1,,Matses,95_night,intʂɨʂ,intʂɨʂ,i n ʈʂ ɨ ʂ,,fleck2005,828,,,,0,i n ʈʂ ɨ ʂ,?,
Matis-95_night-1,,Matis,95_night,imɨd,imɨd,i m ɨ d,,fleck2005,766,,,,0,i m ɨ d,dark,
Marubo-95_night-1,,Marubo,95_night,jamɨ,jamɨ,j a m ɨ,,fleck2005,823,,,,0,j a m ɨ - - -,dark,
Katukina-95_night-1,,Katukina,95_night,yame,yame,j a m e,,aguiar1994,823,,,,0,j a m e - - -,dark,
Kanamari-95_night-1,,Kanamari,95_night,yamɨ,yamɨ,j a m ɨ,,aguiar1994,823,,,,0,j a m ɨ - - -,dark,
Shipibo_Konibo-95_night-1,,Shipibo_Konibo,95_night,yamɨ,yamɨ,j a m ɨ,,fleck2005,823,,,,0,j a m ɨ - - -,dark,
Kapanawa-95_night-1,,Kapanawa,95_night,yamɨ,yamɨ,j a m ɨ,,loos1998,823,,,,0,j a m ɨ - - -,dark,
Arara-95_night-1,,Arara,95_night,yambu,yambu,j a m b u,,cunha1993,823,,,,0,j a m b u - -,dark,
Shanenawa-95_night-1,,Shanenawa,95_night,jamɨ,jamɨ,j a m ɨ,,lanes2005,823,,,,0,j a m ɨ - - -,dark,
Yawanawa-95_night-1,,Yawanawa,95_night,iamɨ,iamɨ,j a m ɨ,,paula1992,823,,,,0,j a m ɨ - - -,dark,
Nukini-95_night-1,,Nukini,95_night,βaʃki,βaʃki,β a ʃ k i,,aguiar2004,824,,,,0,β a ʃ k i -,dark,
Poyanawa-95_night-1,,Poyanawa,95_night,jambɨ,jambɨ,j a m b ɨ,,paula1992,823,,,,0,j a m b ɨ - -,dark,
Iskonawa-95_night-1,,Iskonawa,95_night,βakiʃ,βakiʃ,β a k i ʃ,,zariquiey2017,824,,,,0,β a - k i ʃ,dark,
Iskonawa-95_night-2,,Iskonawa,95_night,jamɨ,jamɨ,j a m ɨ,,zariquiey2017,823,,,,0,j a m ɨ - - -,dark,
Chakobo-95_night-1,,Chakobo,95_night,βakitʃa,βakitʃa,β a k i tʃ a,,zingg1998,824,,,,0,β a k i tʃ a,dark,
Kakataibo-95_night-1,,Kakataibo,95_night,imɨ,imɨ,i m ɨ,,zariquiey2017,766,,,,0,i m ɨ -,dark,
Kaxarari-95_night-1,,Kaxarari,95_night,yamɨta,yamɨta,j a m ɨ t a,,couto2005,823,,,,0,j a m ɨ - t a,dark,
Mastanawa-95_night-1,,Mastanawa,95_night,ɸaiʃ,ɸaiʃ,ɸ a i ʃ,,zariquiey2017,824,,,,0,ɸ a - - i ʃ,dark,
Chaninawa-95_night-1,,Chaninawa,95_night,jabɨ,jabɨ,j a b ɨ,,zariquiey2017,823,,,,0,j a - b ɨ - -,dark,
Sharanawa-95_night-1,,Sharanawa,95_night,jabɨ,jabɨ,j a b ɨ,,zariquiey2017,823,,,,0,j a - b ɨ - -,dark,
Amawaka-95_night-1,,Amawaka,95_night,jambɨ,jambɨ,j a m b ɨ,,zariquiey2017,823,,,,0,j a m b ɨ - -,dark,
Nawa-95_night-1,,Nawa,95_night,jabɨ,jabɨ,j a b ɨ,,zariquiey2017,823,,,,0,j a - b ɨ - -,dark,
Marinawa-95_night-1,,Marinawa,95_night,jambɨ,jambɨ,j a m b ɨ,,zariquiey2017,823,,,,0,j a m b ɨ - -,dark,
Yaminawa-95_night-1,,Yaminawa,95_night,waʔiʃ,waʔiʃ,w a ʔ i ʃ,,zariquiey2017,824,,,,0,w a ʔ - i ʃ,dark,
Kashinawa_P-95_night-1,,Kashinawa_P,95_night,mɨʂu,mɨʂu,m ɨ ʂ u,,zariquiey2017,825,,,,0,m ɨ ʂ u,?,
Kashinawa_P-95_night-2,,Kashinawa_P,95_night,jamɨ,jamɨ,j a m ɨ,,zariquiey2017,823,,,,0,j a m ɨ - - -,dark,
Kashinawa_B-95_night-1,,Kashinawa_B,95_night,mɨʂumɨdã,mɨʂumɨdã,m ɨ ʂ u,,camargo1995,825,,,,0,m ɨ ʂ u,?,
Matses-180_year-1,,Matses,180_year,seta,seta,s e t a,,fleck2005,810,,,,0,s e t a,dry_season,
Matis-180_year-1,,Matis,180_year,βadi,βadi,β a d i,,fleck2005,1526,,,,0,β a d i -,sun,
Marubo-180_year-1,,Marubo,180_year,βari,βari,β a r i,,fleck2005,1526,,,,0,β a r i -,sun,
Shipibo_Konibo-180_year-1,,Shipibo_Konibo,180_year,βari tia,βari tia,β a r i + t i a,,fleck2005,1526,,,,0,β a r i - + t i a -,sun _tian,
Kapanawa-180_year-1,,Kapanawa,180_year,βari,βari,β a r i,,loos1998,1526,,,,0,β a r i -,sun,
Yawanawa-180_year-1,,Yawanawa,180_year,βari,βari,β a r i,,paula1992,1526,,,,0,β a r i -,sun,
Iskonawa-180_year-1,,Iskonawa,180_year,βaɾitja,βaɾitja,β a ɾ i + t i a,,zariquiey2017,1526,,,,0,β a ɾ i - + t i a -,sun _tian,
Chakobo-180_year-1,,Chakobo,180_year,ʂɨnipa,ʂɨnipa,ʂ ɨ n i + p a,,zingg1998,1527,,,,0,ʂ ɨ n i + p a,old _pa,
Kakataibo-180_year-1,,Kakataibo,180_year,βaritia,βaritia,β a r i + t i a,,zariquiey2017,1526,,,,0,β a r i - + t i a -,sun _tian,
Kaxarari-180_year-1,,Kaxarari,180_year,lɨta,lɨta,l ɨ t a,,couto2005,1529,,,,0,l ɨ t a,dry_season,
Mastanawa-180_year-1,,Mastanawa,180_year,ɸaɾi ʃidi,ɸaɾi ʃidi,ɸ a ɾ i + ʃ i d i,,zariquiey2017,1526,,,,0,ɸ a ɾ i - + ʃ i d i,sun _ʃidi,
Chaninawa-180_year-1,,Chaninawa,180_year,ɸaɾi,ɸaɾi,ɸ a ɾ i,,zariquiey2017,1526,,,,0,ɸ a ɾ i -,sun,
Sharanawa-180_year-1,,Sharanawa,180_year,ɸaɾitian,ɸaɾitian,ɸ a ɾ i + t i a n,,zariquiey2017,1526,,,,0,ɸ a ɾ i - + t i a n,sun _tian,
Amawaka-180_year-1,,Amawaka,180_year,waɾitian,waɾitian,w a ɾ i + t i a n,,zariquiey2017,1526,,,,0,w a ɾ i - + t i a n,sun _tian,
Nawa-180_year-1,,Nawa,180_year,ɸaɾi,ɸaɾi,ɸ a ɾ i,,zariquiey2017,1526,,,,0,ɸ a ɾ i -,sun,
Marinawa-180_year-1,,Marinawa,180_year,ɸaɾitja,ɸaɾitja,ɸ a ɾ i + t i a,,zariquiey2017,1526,,,,0,ɸ a ɾ i - + t i a -,sun _tian,
Yaminawa-180_year-1,,Yaminawa,180_year,ʂɨdia,ʂɨdia,ʂ ɨ d i + a,,zariquiey2017,1527,,,,0,ʂ ɨ d i + a,old _a,
Kashinawa_P-180_year-1,,Kashinawa_P,180_year,βaɾiʔ,βaɾiʔ,β a ɾ i ʔ,,zariquiey2017,1526,,,,0,β a ɾ i ʔ,sun,
Matses-109_ropecord-1,,Matses,109_ropecord,βuku,βuku,β u k u,,fleck2005,930,,,,0,β u k u,?,
Matis-109_ropecord-1,,Matis,109_ropecord,nai,nai,n a j,,fleck2005,931,,,,0,n a i,sloth,
Marubo-109_ropecord-1,,Marubo,109_ropecord,iʃi,iʃi,i ʃ i,,fleck2005,926,,,,0,- i ʃ i,vine,
Katukina-109_ropecord-1,,Katukina,109_ropecord,tukarasiβi,tukarasiβi,t u k a r a s i β i,,aguiar1994,932,,,,0,t u k a r a s i β i,?,
Shipibo_Konibo-109_ropecord-1,,Shipibo_Konibo,109_ropecord,niʃi,niʃi,n i ʃ i,,fleck2005,926,,,,0,n i ʃ i,vine,
Shipibo_Konibo-109_ropecord-2,,Shipibo_Konibo,109_ropecord,risβi,risβi,r i s β i,,fleck2005,927,,,,0,r i s β - - i,rope,
Kapanawa-109_ropecord-1,,Kapanawa,109_ropecord,risβi,rispi,r i s p i,,loos1998,927,,,,0,r i s p - - i,rope,
Arara-109_ropecord-1,,Arara,109_ropecord,risĩ,risĩ,r i s ĩ,,cunha1993,926,,,,0,r i s ĩ,vine,
Yawanawa-109_ropecord-1,,Yawanawa,109_ropecord,rɨsβi,rɨsβi,r ɨ s β i,,paula1992,927,,,,0,r ɨ s β - - i,rope,
Poyanawa-109_ropecord-1,,Poyanawa,109_ropecord,risβɨ,risβi,r i s β i,,paula1992,927,,,,0,r i s β - - i,rope,
Iskonawa-109_ropecord-1,,Iskonawa,109_ropecord,nishi,nishi,n i ʃ i,,zariquiey2017,926,,,,0,n i ʃ i,vine,
Chakobo-109_ropecord-1,,Chakobo,109_ropecord,niʃi,niʃi,n i ʃ i,,zingg1998,926,,,,0,n i ʃ i,vine,
Chakobo-109_ropecord-2,,Chakobo,109_ropecord,rispitʃi,rispitʃi,r i s p i tʃ i,,zingg1998,927,,,,0,r i s p i tʃ i,rope,
Pakawara-109_ropecord-1,,Pakawara,109_ropecord,taʃka,taʃka,t a ʃ k a,,key2000,929,,,,0,t a ʃ k a,tie_up,
Kakataibo-109_ropecord-1,,Kakataibo,109_ropecord,nisi,nisi,n i s i,,zariquiey2017,926,,,,0,n i s i,vine,
Mastanawa-109_ropecord-1,,Mastanawa,109_ropecord,diʃi,diʃi,d i ʃ i,,zariquiey2017,926,,,,0,d i ʃ i,vine,
Chaninawa-109_ropecord-1,,Chaninawa,109_ropecord,diʃi,diʃi,d i ʃ i,,zariquiey2017,926,,,,0,d i ʃ i,vine,
Sharanawa-109_ropecord-1,,Sharanawa,109_ropecord,diʃi,diʃi,d i ʃ i,,zariquiey2017,926,,,,0,d i ʃ i,vine,
Amawaka-109_ropecord-1,,Amawaka,109_ropecord,niʃi,niʃi,n i ʃ i,,zariquiey2017,926,,,,0,n i ʃ i,vine,
Nawa-109_ropecord-1,,Nawa,109_ropecord,diʃi,diʃi,d i ʃ i,,zariquiey2017,926,,,,0,d i ʃ i,vine,
Nawa-109_ropecord-2,,Nawa,109_ropecord,ɾɨspi,ɾɨspi,ɾ ɨ s p i,,zariquiey2017,927,,,,0,ɾ ɨ s p - - i,rope,
Marinawa-109_ropecord-1,,Marinawa,109_ropecord,diʃi,diʃi,d i ʃ i,,zariquiey2017,926,,,,0,d i ʃ i,vine,
Yaminawa-109_ropecord-1,,Yaminawa,109_ropecord,diʃi,diʃi,d i ʃ i,,zariquiey2017,926,,,,0,d i ʃ i,vine,
Kashinawa_P-109_ropecord-1,,Kashinawa_P,109_ropecord,dispi,dispi,d i s p i,,zariquiey2017,927,,,,0,d i s p - - i,rope,
Kashinawa_P-109_ropecord-2,,Kashinawa_P,109_ropecord,niʃi,niʃi,n i ʃ i,,zariquiey2017,926,,,,0,n i ʃ i,vine,
Matses-112_salt-1,,Matses,112_salt,sa,sa,s a,,fleck2005,962,,,,0,s a - -,salt,
Matis-112_salt-1,,Matis,112_salt,sa,sa,s a,,fleck2005,962,,,,0,s a - -,salt,
Marubo-112_salt-1,,Marubo,112_salt,katʃi,katʃi,k a tʃ i,,fleck2005,961,,,,0,k a tʃ i,salt,
Shipibo_Konibo-112_salt-1,,Shipibo_Konibo,112_salt,taʃi,taʃi,t a ʃ i,,fleck2005,956,,,,0,t a ʃ i,salt,
Kapanawa-112_salt-1,,Kapanawa,112_salt,taʃi,taʃi,t a ʃ i,,loos1998,956,,,,0,t a ʃ i,salt,
Arara-112_salt-1,,Arara,112_salt,buka,buka,b u k a,,cunha1993,966,,,,0,b u k a,bitter,
Shanenawa-112_salt-1,,Shanenawa,112_salt,ruʂan,ruʂan,r u ʂ a n,,lanes2005,959,,,,0,r u ʂ a n,?,
Yawanawa-112_salt-1,,Yawanawa,112_salt,βatanti,βatanti,β a t a n t i,,paula1992,958,,,,0,β a t a n t i,?,
Poyanawa-112_salt-1,,Poyanawa,112_salt,xau,xau,x/ʂ a u,,paula1992,962,,,,0,x a u -,salt,
Iskonawa-112_salt-1,,Iskonawa,112_salt,sari,sari,s a r i,,zariquiey2017,962,,,,0,s a r i,salt,
Chakobo-112_salt-1,,Chakobo,112_salt,tʃupara,tʃupara,tʃ u p a r a,,zingg1998,965,,,,0,tʃ u p a r a,?,
Pakawara-112_salt-1,,Pakawara,112_salt,yutʃi,yutʃi,j u tʃ i,,key2000,960,,,,0,j u tʃ i,?,
Kakataibo-112_salt-1,,Kakataibo,112_salt,tasi,tasi,t a s i,,zariquiey2017,956,,,,0,t a s i,salt,
Kaxarari-112_salt-1,,Kaxarari,112_salt,salu,salu,s a l u,,couto2005,962,,,,15,s a l u,salt,
Mastanawa-112_salt-1,,Mastanawa,112_salt,saw,saw,s a w,,zariquiey2017,962,,,,0,s a - w,salt,
Chaninawa-112_salt-1,,Chaninawa,112_salt,sau,sau,s a u,,zariquiey2017,962,,,,0,s a u -,salt,
Sharanawa-112_salt-1,,Sharanawa,112_salt,sau,sau,s a u,,zariquiey2017,962,,,,0,s a u -,salt,
Amawaka-112_salt-1,,Amawaka,112_salt,taʃi,taʃi,t a ʃ i,,zariquiey2017,956,,,,0,t a ʃ i,salt,
Nawa-112_salt-1,,Nawa,112_salt,taʃi,taʃi,t a ʃ i,,zariquiey2017,956,,,,0,t a ʃ i,salt,
Marinawa-112_salt-1,,Marinawa,112_salt,taʃi,taʃi,t a ʃ i,,zariquiey2017,956,,,,0,t a ʃ i,salt,
Yaminawa-112_salt-1,,Yaminawa,112_salt,taʃi,taʃi,t a ʃ i,,zariquiey2017,956,,,,0,t a ʃ i,salt,
Kashinawa_P-112_salt-1,,Kashinawa_P,112_salt,sal,sal,s a l,,zariquiey2017,962,,,,0,s a l,salt,
Kashinawa_B-112_salt-1,,Kashinawa_B,112_salt,dɨβuʂa,dɨβuʂa,d ɨ β u ʂ a,,camargo1995,963,,,,0,d ɨ β u ʂ a,?,
Matses-1_i-1,,Matses,1_i,u,u,u,,fleck2005,1544,,,,0,u,I,
Matis-1_i-1,,Matis,1_i,ɨ,ɨ,ɨ,,fleck2005,1544,,,,0,ɨ,I,
Marubo-1_i-1,,Marubo,1_i,ɨa,ɨa,ɨ a,,fleck2005,1544,,,,0,ɨ a,I,
Katukina-1_i-1,,Katukina,1_i,ea,ea,e a,,aguiar1994,1544,,,,0,e a,I,
Shipibo_Konibo-1_i-1,,Shipibo_Konibo,1_i,ɨ,ɨ,ɨ,,fleck2005,1544,,,,0,ɨ,I,
Kapanawa-1_i-1,,Kapanawa,1_i,ɨ,ɨ,ɨ,,loos1998,1544,,,,0,ɨ,I,
Arara-1_i-1,,Arara,1_i,ɨ,ɨ,ɨ,,cunha1993,1544,,,,0,ɨ -,I,
Shanenawa-1_i-1,,Shanenawa,1_i,ɨ,ɨ,ɨ,,lanes2005,1544,,,,0,ɨ,I,
Yawanawa-1_i-1,,Yawanawa,1_i,ɨ,ɨ,ɨ,,paula1992,1544,,,,0,ɨ,I,
Nukini-1_i-1,,Nukini,1_i,ɨ,ɨ,ɨ,,aguiar2004,1544,,,,0,ɨ,I,
Poyanawa-1_i-1,,Poyanawa,1_i,ɨ,ɨ,ɨ,,paula1992,1544,,,,0,ɨ,I,
Iskonawa-1_i-1,,Iskonawa,1_i,ɨ,ɨ,ɨ,,zariquiey2017,1544,,,,0,ɨ,I,
Chakobo-1_i-1,,Chakobo,1_i,ɨ,ɨ,ɨ,,zingg1998,1544,,,,0,ɨ,I,
Pakawara-1_i-1,,Pakawara,1_i,ɨ,ɨ,ɨ,,key2000,1544,,,,0,ɨ,I,
Kakataibo-1_i-1,,Kakataibo,1_i,ɨ,ɨ,ɨ,,zariquiey2017,1544,,,,0,ɨ,I,
Kaxarari-1_i-1,,Kaxarari,1_i,ɨhɨ,ɨhɨ,ɨ h ɨ,,couto2005,1544,,,,0,ɨ h ɨ,I,
Mastanawa-1_i-1,,Mastanawa,1_i,ɨ,ɨ,ɨ,,zariquiey2017,1544,,,,0,ɨ,I,
Chaninawa-1_i-1,,Chaninawa,1_i,ɨ,ɨ,ɨ,,zariquiey2017,1544,,,,0,ɨ,I,
Sharanawa-1_i-1,,Sharanawa,1_i,ɨ,ɨ,ɨ,,zariquiey2017,1544,,,,0,ɨ,I,
Amawaka-1_i-1,,Amawaka,1_i,ija,ija,i j a,,zariquiey2017,1544,,,,0,i j a,I,
Nawa-1_i-1,,Nawa,1_i,ɨ,ɨ,ɨ,,zariquiey2017,1544,,,,0,ɨ,I,
Marinawa-1_i-1,,Marinawa,1_i,ɨ,ɨ,ɨ,,zariquiey2017,1544,,,,0,ɨ,I,
Yaminawa-1_i-1,,Yaminawa,1_i,ɨn,ɨn,ɨ n,,zariquiey2017,1544,,,,0,ɨ n,I,
Kashinawa_P-1_i-1,,Kashinawa_P,1_i,ɨ,ɨ,ɨ,,zariquiey2017,1544,,,,0,ɨ,I,
Kashinawa_B-1_i-1,,Kashinawa_B,1_i,ɨ,ɨ,ɨ,,camargo1995,1544,,,,0,ɨ,I,
Matses-151_thouyou-1,,Matses,151_thouyou,mi,mi,m i,,fleck2005,1313,,,,0,m i - -,you,
Matis-151_thouyou-1,,Matis,151_thouyou,mi,mi,m i,,fleck2005,1313,,,,0,m i - -,you,
Marubo-151_thouyou-1,,Marubo,151_thouyou,mia,mia,m i a,,fleck2005,1313,,,,0,m i - a,you,
Katukina-151_thouyou-1,,Katukina,151_thouyou,mia,mia,m i a,,aguiar1994,1313,,,,0,m i - a,you,
Shipibo_Konibo-151_thouyou-1,,Shipibo_Konibo,151_thouyou,mi,mi,m i,,fleck2005,1313,,,,0,m i - -,you,
Kapanawa-151_thouyou-1,,Kapanawa,151_thouyou,mi,mi,m i,,loos1998,1313,,,,0,m i - -,you,
Arara-151_thouyou-1,,Arara,151_thouyou,mi,mi,m i,,cunha1993,1313,,,,0,m i - - -,you,
Shanenawa-151_thouyou-1,,Shanenawa,151_thouyou,mi,mi,m i,,lanes2005,1313,,,,0,m i - -,you,
Yawanawa-151_thouyou-1,,Yawanawa,151_thouyou,mi,mi,m i,,paula1992,1313,,,,0,m i - -,you,
Nukini-151_thouyou-1,,Nukini,151_thouyou,mi,mi,m i,,aguiar2004,1313,,,,0,m i - -,you,
Poyanawa-151_thouyou-1,,Poyanawa,151_thouyou,mi,mi,m i,,paula1992,1313,,,,0,m i - -,you,
Iskonawa-151_thouyou-1,,Iskonawa,151_thouyou,mi,mi,m i,,zariquiey2017,1313,,,,0,m i - -,you,
Chakobo-151_thouyou-1,,Chakobo,151_thouyou,mi,mi,m i,,zingg1998,1313,,,,0,m i - -,you,
Pakawara-151_thouyou-1,,Pakawara,151_thouyou,mi,mi,m i,,key2000,1313,,,,0,m i - -,you,
Kakataibo-151_thouyou-1,,Kakataibo,151_thouyou,mi,mi,m i,,zariquiey2017,1313,,,,0,m i - -,you,
Kaxarari-151_thouyou-1,,Kaxarari,151_thouyou,mihi,mihi,m i h i,,couto2005,1313,,,,0,m i h i,you,
Mastanawa-151_thouyou-1,,Mastanawa,151_thouyou,mi,mi,m i,,zariquiey2017,1313,,,,0,m i - -,you,
Chaninawa-151_thouyou-1,,Chaninawa,151_thouyou,mi,mi,m i,,zariquiey2017,1313,,,,0,m i - -,you,
Sharanawa-151_thouyou-1,,Sharanawa,151_thouyou,mi,mi,m i,,zariquiey2017,1313,,,,0,m i - -,you,
Amawaka-151_thouyou-1,,Amawaka,151_thouyou,mija,mija,m i j a,,zariquiey2017,1313,,,,0,m i j a,you,
Nawa-151_thouyou-1,,Nawa,151_thouyou,mi,mi,m i,,zariquiey2017,1313,,,,0,m i - -,you,
Marinawa-151_thouyou-1,,Marinawa,151_thouyou,mi,mi,m i,,zariquiey2017,1313,,,,0,m i - -,you,
Yaminawa-151_thouyou-1,,Yaminawa,151_thouyou,mi,mi,m i,,zariquiey2017,1313,,,,0,m i - -,you,
Kashinawa_P-151_thouyou-1,,Kashinawa_P,151_thouyou,mi,mi,m i,,zariquiey2017,1313,,,,0,m i - -,you,
Kashinawa_B-151_thouyou-1,,Kashinawa_B,151_thouyou,mi,mi,m i,,camargo1995,1313,,,,0,m i - -,you,
Matses-62_he-1,,Matses,62_he,a,a,a,,fleck2005,548,,,,0,- a,that_close,
Matis-62_he-1,,Matis,62_he,a,a,a,,fleck2005,548,,,,0,- a,that_close,
Marubo-62_he-1,,Marubo,62_he,a,a,a,,fleck2005,548,,,,0,- a,that_close,
Katukina-62_he-1,,Katukina,62_he,ha,ha,h a,,aguiar1994,548,,,,0,h a,that_close,
Shipibo_Konibo-62_he-1,,Shipibo_Konibo,62_he,ha,ha,h a,,fleck2005,548,,,,0,h a,that_close,
Kapanawa-62_he-1,,Kapanawa,62_he,ha,ha,h a,,loos1998,548,,,,0,h a,that_close,
Shanenawa-62_he-1,,Shanenawa,62_he,a,a,a,,lanes2005,548,,,,0,- a,that_close,
Yawanawa-62_he-1,,Yawanawa,62_he,a,a,a,,paula1992,548,,,,0,- a,that_close,
Poyanawa-62_he-1,,Poyanawa,62_he,a,a,a,,paula1992,548,,,,0,- a,that_close,
Iskonawa-62_he-1,,Iskonawa,62_he,a,a,a,,zariquiey2017,548,,,,0,- a,that_close,
Chakobo-62_he-1,,Chakobo,62_he,ha,ha,h a,,zingg1998,548,,,,0,h a,that_close,
Pakawara-62_he-1,,Pakawara,62_he,ha,ha,h a,,key2000,548,,,,0,h a,that_close,
Kakataibo-62_he-1,,Kakataibo,62_he,a,a,a,,zariquiey2017,548,,,,0,- a,that_close,
Kaxarari-62_he-1,,Kaxarari,62_he,wautʃitɨ,ua,u a,,couto2005,495,,,,0,u - a,that_far,
Mastanawa-62_he-1,,Mastanawa,62_he,ua,ua,u a,,zariquiey2017,495,,,,0,u - a,that_far,
Chaninawa-62_he-1,,Chaninawa,62_he,na,na,n a,,zariquiey2017,549,,,,0,n a,this,
Sharanawa-62_he-1,,Sharanawa,62_he,ua,ua,u a,,zariquiey2017,495,,,,0,u - a,that_far,
Amawaka-62_he-1,,Amawaka,62_he,ua,ua,u a,,zariquiey2017,495,,,,0,u - a,that_far,
Nawa-62_he-1,,Nawa,62_he,da,da,d a,,zariquiey2017,549,,,,0,d a,this,
Marinawa-62_he-1,,Marinawa,62_he,uwa,uwa,u w a,,zariquiey2017,495,,,,0,u w a,that_far,
Yaminawa-62_he-1,,Yaminawa,62_he,da,da,d a,,zariquiey2017,549,,,,0,d a,this,
Kashinawa_P-62_he-1,,Kashinawa_P,62_he,ha,ha,h a,,zariquiey2017,548,,,,0,h a,that_close,
Kashinawa_B-62_he-1,,Kashinawa_B,62_he,ha,ha,h a,,camargo1995,548,,,,0,h a,that_close,
Matses-164_we-1,,Matses,164_we,nuki,nuki,n u + k i,,fleck2005,1398,,,,0,n u - - + k i,we _ki,
Matis-164_we-1,,Matis,164_we,nuki,nuki,n u + k i,,fleck2005,1398,,,,0,n u - - + k i,we _ki,
Marubo-164_we-1,,Marubo,164_we,nukɨ,nukɨ,n u + k ɨ,,fleck2005,1398,,,,0,n u - - + k ɨ,we _kɨ,
Shipibo_Konibo-164_we-1,,Shipibo_Konibo,164_we,un,nu,n u,,fleck2005,1398,,,,0,n u - -,we,
Kapanawa-164_we-1,,Kapanawa,164_we,nukɨ,nukɨ,n u + k ɨ,,loos1998,1398,,,,0,n u - - + k ɨ,we _kɨ,
Arara-164_we-1,,Arara,164_we,nɨ,nɨ,n ɨ,,cunha1993,1398,,,,0,n ɨ - -,we,
Shanenawa-164_we-1,,Shanenawa,164_we,nu,nu,n u,,lanes2005,1398,,,,0,n u - -,we,
Yawanawa-164_we-1,,Yawanawa,164_we,nu,nu,n u,,paula1992,1398,,,,0,n u - -,we,
Poyanawa-164_we-1,,Poyanawa,164_we,nu,nu,n u,,paula1992,1398,,,,0,n u - -,we,
Iskonawa-164_we-1,,Iskonawa,164_we,nu,nu,n u,,zariquiey2017,1398,,,,0,n u - -,we,
Chakobo-164_we-1,,Chakobo,164_we,nu,nu,n u,,zingg1998,1398,,,,0,n u - -,we,
Pakawara-164_we-1,,Pakawara,164_we,nu,nu,n u,,key2000,1398,,,,0,n u - -,we,
Kakataibo-164_we-1,,Kakataibo,164_we,nu,nu,n u,,zariquiey2017,1398,,,,0,n u - -,we,
Kaxarari-164_we-1,,Kaxarari,164_we,luhu,luhu,l u h u,,couto2005,1398,,,,0,l u h u,we,
Mastanawa-164_we-1,,Mastanawa,164_we,nu,nu,n u,,zariquiey2017,1398,,,,0,n u - -,we,
Sharanawa-164_we-1,,Sharanawa,164_we,nu,nu,n u,,zariquiey2017,1398,,,,0,n u - -,we,
Amawaka-164_we-1,,Amawaka,164_we,nu,nu,n u,,zariquiey2017,1398,,,,0,n u - -,we,
Nawa-164_we-1,,Nawa,164_we,nu,nu,n u,,zariquiey2017,1398,,,,0,n u - -,we,
Marinawa-164_we-1,,Marinawa,164_we,dukuɸu,dukuɸu,d u + k u + ɸ u,,zariquiey2017,1398,,,,0,d u - - + k u + ɸ u,we _ku _ɸu,
Yaminawa-164_we-1,,Yaminawa,164_we,duʔu,duʔu,d u ʔ u,,zariquiey2017,1398,,,,0,d u ʔ u,we,
Kashinawa_P-164_we-1,,Kashinawa_P,164_we,dasiβi,dasiβi,d a s i β i,,zariquiey2017,1402,,,,0,d a s i β i,all,
Kashinawa_P-164_we-2,,Kashinawa_P,164_we,nu,nu,n u,,zariquiey2017,1398,,,,0,n u - -,we,
Kashinawa_B-164_we-1,,Kashinawa_B,164_we,nu,nu,n u,,camargo1995,1398,,,,0,n u - -,we,
Matses-179_yeyouall-1,,Matses,179_yeyouall,mi,mi,m i,,fleck2005,843,,,,0,m i,you/mi,
Matis-179_yeyouall-1,,Matis,179_yeyouall,mi,mi,m i,,fleck2005,843,,,,0,m i,you/mi,
Marubo-179_yeyouall-1,,Marubo,179_yeyouall,matu,matu,m a + t u,,fleck2005,1525,,,,0,m a + t u,you/ma _tu/PL,
Katukina-179_yeyouall-1,,Katukina,179_yeyouall,ma,ma,m a,,aguiar1994,1525,,,,0,m a,you/ma,
Shipibo_Konibo-179_yeyouall-1,,Shipibo_Konibo,179_yeyouall,ma,ma,m a,,fleck2005,1525,,,,0,m a,you/ma,
Kapanawa-179_yeyouall-1,,Kapanawa,179_yeyouall,ma,ma,m a,,loos1998,1525,,,,0,m a,you/ma,
Arara-179_yeyouall-1,,Arara,179_yeyouall,ma,ma,m a,,cunha1993,1525,,,,0,m a - - - -,you,
Shanenawa-179_yeyouall-1,,Shanenawa,179_yeyouall,ma,ma,m a,,lanes2005,1525,,,,0,m a,you/ma,
Yawanawa-179_yeyouall-1,,Yawanawa,179_yeyouall,ma,ma,m a,,paula1992,1525,,,,0,m a,you/ma,
Poyanawa-179_yeyouall-1,,Poyanawa,179_yeyouall,ma,ma,m a,,paula1992,1525,,,,0,m a,you/ma,
Iskonawa-179_yeyouall-1,,Iskonawa,179_yeyouall,mi,mi,m i,,zariquiey2017,843,,,,0,m i,you/mi,
Iskonawa-179_yeyouall-2,,Iskonawa,179_yeyouall,ma,ma,m a,,zariquiey2017,1525,,,,0,m a,you/ma,
Chakobo-179_yeyouall-1,,Chakobo,179_yeyouall,matu,matu,m a + t u,,zingg1998,1525,,,,0,m a + t u,you/ma _tu/PL,
Pakawara-179_yeyouall-1,,Pakawara,179_yeyouall,mi,mi,m i,,key2000,843,,,,0,m i,you/mi,
Kakataibo-179_yeyouall-1,,Kakataibo,179_yeyouall,mitsu,mitsu,m i + ts u,,zariquiey2017,843,,,,0,m i + ts u,you/mi _tsu/PL,
Kaxarari-179_yeyouall-1,,Kaxarari,179_yeyouall,matu,matu,m a + t u,,couto2005,1525,,,,0,m a + t u,you/ma _tu/PL,
Mastanawa-179_yeyouall-1,,Mastanawa,179_yeyouall,ma,ma,m a,,zariquiey2017,1525,,,,0,m a,you/ma,
Chaninawa-179_yeyouall-1,,Chaninawa,179_yeyouall,ma,ma,m a,,zariquiey2017,1525,,,,0,m a,you/ma,
Sharanawa-179_yeyouall-1,,Sharanawa,179_yeyouall,ma,ma,m a,,zariquiey2017,1525,,,,0,m a,you/ma,
Amawaka-179_yeyouall-1,,Amawaka,179_yeyouall,ma,ma,m a,,zariquiey2017,1525,,,,0,m a,you/ma,
Nawa-179_yeyouall-1,,Nawa,179_yeyouall,ma,ma,m a,,zariquiey2017,1525,,,,0,m a,you/ma,
Marinawa-179_yeyouall-1,,Marinawa,179_yeyouall,maɸu,maɸu,m a + ɸ u,,zariquiey2017,1525,,,,0,m a + ɸ u,you/ma _ɸu/PL,
Yaminawa-179_yeyouall-1,,Yaminawa,179_yeyouall,batu,batu,b a + t u,,zariquiey2017,1525,,,,0,b a + t u,you/ma _tu/PL,
Kashinawa_P-179_yeyouall-1,,Kashinawa_P,179_yeyouall,matuβu,matuβu,m a + t u + β u,,zariquiey2017,1525,,,,0,m a + t u + β u,you/ma _tu/PL _βu/PL,
Kashinawa_B-179_yeyouall-1,,Kashinawa_B,179_yeyouall,ma,ma,m a,,camargo1995,1525,,,,0,m a,you/ma,
Matses-146_they-1,,Matses,146_they,a,a,a,,fleck2005,1259,,,,0,a,that_close,
Matis-146_they-1,,Matis,146_they,a,a,a,,fleck2005,1259,,,,0,a,that_close,
Marubo-146_they-1,,Marubo,146_they,atuβu,atuβu,a + t u + β u,,fleck2005,1259,,,,0,a + t u + β u,that_close _PL _PL,
Katukina-146_they-1,,Katukina,146_they,ha,ha,h a,,aguiar1994,1259,,,,0,h a,that_close,
Shipibo_Konibo-146_they-1,,Shipibo_Konibo,146_they,ha,ha,h a,,fleck2005,1259,,,,0,h a,that_close,
Kapanawa-146_they-1,,Kapanawa,146_they,ha,ha,h a,,loos1998,1259,,,,0,h a,that_close,
Shanenawa-146_they-1,,Shanenawa,146_they,a,a,a,,lanes2005,1259,,,,0,a,that_close,
Yawanawa-146_they-1,,Yawanawa,146_they,a,a,a,,paula1992,1259,,,,0,a,that_close,
Poyanawa-146_they-1,,Poyanawa,146_they,a,a,a,,paula1992,1259,,,,0,a,that_close,
Iskonawa-146_they-1,,Iskonawa,146_they,a,a,a,,zariquiey2017,1259,,,,0,a,that_close,
Chakobo-146_they-1,,Chakobo,146_they,hatu,hatu,h a + t u,,zingg1998,1259,,,,0,h a + t u,that_close _PL,
Pakawara-146_they-1,,Pakawara,146_they,a,a,a,,key2000,1259,,,,0,a,that_close,
Kakataibo-146_they-1,,Kakataibo,146_they,atu,atu,a + t u,,zariquiey2017,1259,,,,0,a + t u,that_close _PL,
Kaxarari-146_they-1,,Kaxarari,146_they,wautʃitɨwɨ,ua,u a,,couto2005,1618,,,,0,u a,that_far,
Mastanawa-146_they-1,,Mastanawa,146_they,ua,ua,u a,,zariquiey2017,1618,,,,0,u a,that_far,
Chaninawa-146_they-1,,Chaninawa,146_they,naɸu,naɸu,n a + ɸ u,,zariquiey2017,1259,,,,0,n a + ɸ u,this _PL,
Sharanawa-146_they-1,,Sharanawa,146_they,ua,ua,u a,,zariquiey2017,1618,,,,0,u a,that_far,
Amawaka-146_they-1,,Amawaka,146_they,ua,ua,u a,,zariquiey2017,1618,,,,0,u a,that_far,
Nawa-146_they-1,,Nawa,146_they,daɸu,daɸu,d a + ɸ u,,zariquiey2017,1262,,,,0,d a + ɸ u,that_close _PL,
Marinawa-146_they-1,,Marinawa,146_they,uatũ,uatũ,u a + t ũ,,zariquiey2017,1618,,,,0,u a + t ũ,that_far _PL,
Yaminawa-146_they-1,,Yaminawa,146_they,dahu,dahu,d a + h u,,zariquiey2017,1262,,,,0,d a + h u,this _PL,
Kashinawa_P-146_they-1,,Kashinawa_P,146_they,haβu,haβu,h a + β u,,zariquiey2017,1259,,,,0,h a + β u,that_close _PL,
Kashinawa_B-146_they-1,,Kashinawa_B,146_they,ha,ha,h a,,camargo1995,1259,,,,0,h a,that_close,
Matses-170_whointerr-1,,Matses,170_whointerr,tsutsi,tsutsi,ts u ts i,,fleck2005,1443,,,,0,ts u ts - i,who _tsi,
Matis-170_whointerr-1,,Matis,170_whointerr,tsutsi,tsutsi,ts u ts i,,fleck2005,1443,,,,0,ts u ts - i,who _tsi,
Marubo-170_whointerr-1,,Marubo,170_whointerr,tsua,tsua,ts u a,,fleck2005,1443,,,,0,ts u - - a,who _a,
Katukina-170_whointerr-1,,Katukina,170_whointerr,txua,txua,ʈʂ u a,,aguiar1994,1443,,,,0,ʈʂ u - - a,who _a,
Shipibo_Konibo-170_whointerr-1,,Shipibo_Konibo,170_whointerr,tsu,tsu,ts u a,,fleck2005,1443,,,,0,ts u - - a,who _a,
Kapanawa-170_whointerr-1,,Kapanawa,170_whointerr,tsua,tsua,ts u a,,loos1998,1443,,,,0,ts u - - a,who _a,
Arara-170_whointerr-1,,Arara,170_whointerr,tua,tua,t u a,,cunha1993,1443,,,,0,t u - - a - -,who,
Shanenawa-170_whointerr-1,,Shanenawa,170_whointerr,tsua,tsua,ts u a,,lanes2005,1443,,,,0,ts u - - a,who _a,
Yawanawa-170_whointerr-1,,Yawanawa,170_whointerr,tsu,tsu,ts u,,paula1992,1443,,,,0,ts u - - -,who,
Iskonawa-170_whointerr-1,,Iskonawa,170_whointerr,tsu,tsu,ts u,,zariquiey2017,1443,,,,0,ts u - - -,who,
Chakobo-170_whointerr-1,,Chakobo,170_whointerr,tsuwɨni,tsuwɨni,ts u w ɨ n i,,zingg1998,1443,,,,0,ts u w ɨ n i,who _wɨni,
Kakataibo-170_whointerr-1,,Kakataibo,170_whointerr,ui,ui,u i,,zariquiey2017,1446,,,,0,u i,who/ui,
Kaxarari-170_whointerr-1,,Kaxarari,170_whointerr,tsuhũ,tsuhũ,ts u h ũ,,couto2005,1443,,,,0,ts u h ũ,who _n,
Mastanawa-170_whointerr-1,,Mastanawa,170_whointerr,tsua,tsua,ts u a,,zariquiey2017,1443,,,,0,ts u - - a,who _a,
Chaninawa-170_whointerr-1,,Chaninawa,170_whointerr,t͡suamɨ,t͡suamɨ,ts u a + m ɨ,,zariquiey2017,1443,,,,0,ts u - - a + m ɨ,who _a _mɨ,
Sharanawa-170_whointerr-1,,Sharanawa,170_whointerr,t͡suan,t͡suan,ts u a,,zariquiey2017,1443,,,,0,ts u - - a,who _a,
Amawaka-170_whointerr-1,,Amawaka,170_whointerr,t͡sua,t͡sua,ts u a,,zariquiey2017,1443,,,,0,ts u - - a,who _a,
Nawa-170_whointerr-1,,Nawa,170_whointerr,tsua,tsua,ts u a,,zariquiey2017,1443,,,,0,ts u - - a,who _a,
Marinawa-170_whointerr-1,,Marinawa,170_whointerr,tsunwa,tsunwa,ts u n w a,,zariquiey2017,1443,,,,0,ts u n w a,who _n _wa,
Yaminawa-170_whointerr-1,,Yaminawa,170_whointerr,tswa,tswa,ts u a,,zariquiey2017,1443,,,,0,ts u - - a,who _a,
Kashinawa_P-170_whointerr-1,,Kashinawa_P,170_whointerr,tsua,tsua,ts u a,,zariquiey2017,1443,,,,0,ts u - - a,who _a,
Kashinawa_B-170_whointerr-1,,Kashinawa_B,170_whointerr,tsua,tsua,ts u a,,camargo1995,1443,,,,0,ts u - - a,who _a,
Matses-166_whatinterr-1,,Matses,166_whatinterr,atotsi,atotsi,a t o + ts i,,fleck2005,1415,,,,0,a t o + ts i,that _question,
Matis-166_whatinterr-1,,Matis,166_whatinterr,awɨda,awɨda,a w ɨ d a,,fleck2005,1412,,,,0,a w ɨ d a,what _da,
Marubo-166_whatinterr-1,,Marubo,166_whatinterr,awɨ,awɨ,a w ɨ,,fleck2005,1412,,,,0,- a w - - ɨ,what,
Shipibo_Konibo-166_whatinterr-1,,Shipibo_Konibo,166_whatinterr,hawɨ,hawɨ,h a w ɨ,,fleck2005,1412,,,,0,h a w - - ɨ,what,
Kapanawa-166_whatinterr-1,,Kapanawa,166_whatinterr,hawa,hawa,h a w a,,loos1998,1412,,,,0,h a w - - a,what,
Shanenawa-166_whatinterr-1,,Shanenawa,166_whatinterr,hawɨ,hawɨ,h a w ɨ,,lanes2005,1412,,,,0,h a w - - ɨ,what,
Yawanawa-166_whatinterr-1,,Yawanawa,166_whatinterr,awɨ,awɨ,a w ɨ,,paula1992,1412,,,,0,- a w - - ɨ,what,
Iskonawa-166_whatinterr-1,,Iskonawa,166_whatinterr,ahuja,ahuja,a h u j a,,zariquiey2017,1417,,,,0,a h u j a,?,
Iskonawa-166_whatinterr-2,,Iskonawa,166_whatinterr,awɨ,awɨ,a w ɨ,,zariquiey2017,1412,,,,0,- a w - - ɨ,what,
Chakobo-166_whatinterr-1,,Chakobo,166_whatinterr,hawɨ,hawɨ,h a w ɨ,,zingg1998,1412,,,,0,h a w - - ɨ,what,
Kakataibo-166_whatinterr-1,,Kakataibo,166_whatinterr,a ɲu,a ɲu,a + ɲ u,,zariquiey2017,1416,,,,0,a + ɲ u,that thing,
Kaxarari-166_whatinterr-1,,Kaxarari,166_whatinterr,hawã,hawã,h a w ã,,couto2005,1412,,,,0,h a w - - ã,what,
Mastanawa-166_whatinterr-1,,Mastanawa,166_whatinterr,awa,awa,a w a,,zariquiey2017,1412,,,,0,- a w - - a,what,
Chaninawa-166_whatinterr-1,,Chaninawa,166_whatinterr,awamɨ,awamɨ,a w a m ɨ,,zariquiey2017,1412,,,,0,- a w a m ɨ,what _mɨ,
Sharanawa-166_whatinterr-1,,Sharanawa,166_whatinterr,awa,awa,a w a,,zariquiey2017,1412,,,,0,- a w - - a,what,
Amawaka-166_whatinterr-1,,Amawaka,166_whatinterr,haɨ,haɨ,h a ɨ,,zariquiey2017,1412,,,,0,h a - - - ɨ,what,
Nawa-166_whatinterr-1,,Nawa,166_whatinterr,awa,awa,a w a,,zariquiey2017,1412,,,,0,- a w - - a,what,
Marinawa-166_whatinterr-1,,Marinawa,166_whatinterr,awa,awa,a w a,,zariquiey2017,1412,,,,0,- a w - - a,what,
Yaminawa-166_whatinterr-1,,Yaminawa,166_whatinterr,awa,awa,a w a,,zariquiey2017,1412,,,,0,- a w - - a,what,
Kashinawa_P-166_whatinterr-1,,Kashinawa_P,166_whatinterr,hawa,hawa,h a w a,,zariquiey2017,1412,,,,0,h a w - - a,what,
Kashinawa_B-166_whatinterr-1,,Kashinawa_B,166_whatinterr,hawa,hawa,h a w a,,camargo1995,1412,,,,0,h a w - - a,what,
Matses-150_this-1,,Matses,150_this,nɨid,nɨid,n ɨ i d,,fleck2005,1307,,,,0,- n ɨ i d,here _id,
Matis-150_this-1,,Matis,150_this,nɨkid,nɨkid,n ɨ + k i d,,fleck2005,1307,,,,64,- n ɨ - - + k i d,here _-:suffix/kid,
Marubo-150_this-1,,Marubo,150_this,na,na,n a,,fleck2005,1305,,,,0,n a - - -,this,
Katukina-150_this-1,,Katukina,150_this,nia,nia,n i a,,aguiar1994,1622,,,,0,- n i a -,here,
Shipibo_Konibo-150_this-1,,Shipibo_Konibo,150_this,natu,natu,n a + t u,,fleck2005,1305,,,,0,n a + t u,this _PL,
Kapanawa-150_this-1,,Kapanawa,150_this,nɨa,nɨa,n ɨ a,,loos1998,1622,,,,0,- n ɨ a -,here,
Shanenawa-150_this-1,,Shanenawa,150_this,na,na,n a,,lanes2005,1305,,,,0,n a - - -,this,
Yawanawa-150_this-1,,Yawanawa,150_this,na,na,n a,,paula1992,1305,,,,0,n a - - -,this,
Iskonawa-150_this-1,,Iskonawa,150_this,na,na,n a,,zariquiey2017,1305,,,,0,n a - - -,this,
Chakobo-150_this-1,,Chakobo,150_this,na,na,n a,,zingg1998,1305,,,,0,n a - - -,this,
Kakataibo-150_this-1,,Kakataibo,150_this,ɨnɨ,ɨnɨ,ɨ n ɨ,,zariquiey2017,1307,,,,0,ɨ n ɨ - -,here,
Kaxarari-150_this-1,,Kaxarari,150_this,liya,liya,l i j a,,couto2005,1306,,,,0,l i j a,here,
Kaxarari-150_this-2,,Kaxarari,150_this,yaka,yaka,j a k a,,couto2005,1306,,,,0,j a k a,?,
Mastanawa-150_this-1,,Mastanawa,150_this,da,da,d a,,zariquiey2017,1305,,,,0,- - - d a,this,
Chaninawa-150_this-1,,Chaninawa,150_this,da,da,d a,,zariquiey2017,1305,,,,0,- - - d a,this,
Sharanawa-150_this-1,,Sharanawa,150_this,da,da,d a,,zariquiey2017,1305,,,,0,- - - d a,this,
Amawaka-150_this-1,,Amawaka,150_this,na,na,n a,,zariquiey2017,1305,,,,0,n a - - -,this,
Nawa-150_this-1,,Nawa,150_this,da,da,d a,,zariquiey2017,1305,,,,0,- - - d a,this,
Marinawa-150_this-1,,Marinawa,150_this,da,da,d a,,zariquiey2017,1305,,,,0,- - - d a,this,
Yaminawa-150_this-1,,Yaminawa,150_this,da,da,d a,,zariquiey2017,1305,,,,0,- - - d a,this,
Kashinawa_P-150_this-1,,Kashinawa_P,150_this,na,na,n a,,zariquiey2017,1305,,,,0,n a - - -,this,
Matses-110_rottenlog-1,,Matses,110_rottenlog,pisen,pisen,p i s e n,,fleck2005,933,,,,0,p i s e n,rotten,
Matis-110_rottenlog-1,,Matis,110_rottenlog,pisi,pisi,p i s i,,fleck2005,933,,,,0,p i s i -,rotten,
Marubo-110_rottenlog-1,,Marubo,110_rottenlog,patu,patu,p a t u,,fleck2005,935,,,,0,p a t u,age_worn,
Katukina-110_rottenlog-1,,Katukina,110_rottenlog,payu,payu,p a j u,,aguiar1994,935,,,,0,p a j u,old,
Shipibo_Konibo-110_rottenlog-1,,Shipibo_Konibo,110_rottenlog,payu,payu,p a j u,,fleck2005,935,,,,0,p a j u,old,
Kapanawa-110_rottenlog-1,,Kapanawa,110_rottenlog,payu,payu,p a j u,,loos1998,935,,,,0,p a j u,age_worn,
Arara-110_rottenlog-1,,Arara,110_rottenlog,tʃapu,tʃapu,tʃ a p u,,cunha1993,934,,,,0,tʃ a p u,age_worn,
Shanenawa-110_rottenlog-1,,Shanenawa,110_rottenlog,tʃaka,tʃaka,tʃ a k a,,lanes2005,940,,,,0,tʃ a k a,age_worn,
Yawanawa-110_rottenlog-1,,Yawanawa,110_rottenlog,tʃapu,tʃapu,tʃ a p u,,paula1992,934,,,,0,tʃ a p u,age_worn,
Nukini-110_rottenlog-1,,Nukini,110_rottenlog,pisi,pisi,p i s i,,aguiar2004,933,,,,0,p i s i -,rotten,
Chakobo-110_rottenlog-1,,Chakobo,110_rottenlog,βuaʂa,βuaʂa,β u a ʂ a,,zingg1998,942,,,,0,β u a ʂ a,?,
Chakobo-110_rottenlog-2,,Chakobo,110_rottenlog,pisi,pisi,p i s i,,zingg1998,933,,,,16,p i s i -,rotten,
Kakataibo-110_rottenlog-1,,Kakataibo,110_rottenlog,pisikɨ,pisikɨ,p i s i + k ɨ,,zariquiey2017,933,,,,0,p i s i - + k ɨ,rotten _ka,
Kaxarari-110_rottenlog-1,,Kaxarari,110_rottenlog,patsa,patsa,p a ts a,,couto2005,1584,,,,0,p a ts a -,age_worn,
Mastanawa-110_rottenlog-1,,Mastanawa,110_rottenlog,pisi,pisi,p i s i,,zariquiey2017,933,,,,0,p i s i -,rotten,
Chaninawa-110_rottenlog-1,,Chaninawa,110_rottenlog,pisi,pisi,p i s i,,zariquiey2017,933,,,,0,p i s i -,rotten,
Sharanawa-110_rottenlog-1,,Sharanawa,110_rottenlog,pisi,pisi,p i s i,,zariquiey2017,933,,,,0,p i s i -,rotten,
Amawaka-110_rottenlog-1,,Amawaka,110_rottenlog,pisi,pisi,p i s i,,zariquiey2017,933,,,,0,p i s i -,rotten,
Nawa-110_rottenlog-1,,Nawa,110_rottenlog,pisi,pisi,p i s i,,zariquiey2017,933,,,,0,p i s i -,rotten,
Marinawa-110_rottenlog-1,,Marinawa,110_rottenlog,pisi,pisi,p i s i,,zariquiey2017,933,,,,0,p i s i -,rotten,
Yaminawa-110_rottenlog-1,,Yaminawa,110_rottenlog,pisi,pisi,p i s i,,zariquiey2017,933,,,,0,p i s i -,rotten,
Kashinawa_P-110_rottenlog-1,,Kashinawa_P,110_rottenlog,ʧapu,ʧapu,tʃ a p u,,zariquiey2017,934,,,,0,tʃ a p u,age_worn,
Kashinawa_B-110_rottenlog-1,,Kashinawa_B,110_rottenlog,tʃapu,tʃapu,tʃ a p u,,camargo1995,934,,,,0,tʃ a p u,age_worn,
Matses-27_dirty-1,,Matses,27_dirty,βɨtʃiʃ,βɨtʃiʃ,β ɨ tʃ i ʃ,,fleck2005,898,,,,0,β ɨ tʃ i ʃ,dirty,
Matis-27_dirty-1,,Matis,27_dirty,wisu,wisu,w i s u,,fleck2005,150,,,,0,w i s u,black,
Marubo-27_dirty-1,,Marubo,27_dirty,tʂuʂta,tʂuʂta,ʈʂ u ʂ t a,,fleck2005,250,,,,0,ʈʂ u ʂ t a,dirty,
Marubo-27_dirty-2,,Marubo,27_dirty,mɨʂu,mɨʂu,m ɨ ʂ u,,fleck2005,251,,,,0,m ɨ ʂ u,dirty,
Katukina-27_dirty-1,,Katukina,27_dirty,txuxtxa,txuxtxa,ʈʂ u x/ʂ ʈʂ a,,aguiar1994,250,,,,0,ʈʂ u x/ʂ ʈʂ a,dirty,
Shipibo_Konibo-27_dirty-1,,Shipibo_Konibo,27_dirty,kɨras,kɨras,k ɨ r a s,,fleck2005,255,,,,0,k ɨ r a s,dirty,
Kapanawa-27_dirty-1,,Kapanawa,27_dirty,riʃta,riʃta,r i ʃ t a,,loos1998,161,,,,0,r i ʃ t a,dirty,
Arara-27_dirty-1,,Arara,27_dirty,tɨʃta,tɨʃta,t ɨ ʃ t a,,cunha1993,250,,,,0,t ɨ ʃ t a,dirty,
Shanenawa-27_dirty-1,,Shanenawa,27_dirty,fui,fui,f u j,,lanes2005,253,,,,0,f u i,pitch,
Yawanawa-27_dirty-1,,Yawanawa,27_dirty,hui,hui,h u j,,paula1992,253,,,,0,h u i,pitch,
Nukini-27_dirty-1,,Nukini,27_dirty,βuhta,βuhta,β u h t a,,aguiar2004,155,,,,0,β u h t a,dirty,
Poyanawa-27_dirty-1,,Poyanawa,27_dirty,βɨsta,βɨsta,β ɨ s t a,,paula1992,155,,,,0,β ɨ s t a,dirty,
Chakobo-27_dirty-1,,Chakobo,27_dirty,tʃɨkɨ,tʃɨkɨ,tʃ ɨ k ɨ,,zingg1998,162,,,,0,tʃ ɨ k ɨ,dirty,
Kakataibo-27_dirty-1,,Kakataibo,27_dirty,aisama,aisama,a j s a m a,,zariquiey2017,257,,,,0,a i s a m a,bad,
Kaxarari-27_dirty-1,,Kaxarari,27_dirty,tʂɨʂɨ,tʂɨʂɨ,ʈʂ ɨ ʂ ɨ,,couto2005,256,,,,0,ʈʂ ɨ ʂ ɨ,dirty,
Mastanawa-27_dirty-1,,Mastanawa,27_dirty,ʧuʂta,ʧuʂta,tʃ u ʂ t a,,zariquiey2017,250,,,,0,tʃ u ʂ t a,dirty,
Chaninawa-27_dirty-1,,Chaninawa,27_dirty,t͡ʃuʂta,t͡ʃuʂta,tʃ u ʂ t a,,zariquiey2017,250,,,,0,tʃ u ʂ t a,dirty,
Sharanawa-27_dirty-1,,Sharanawa,27_dirty,t͡ʃuʂta,t͡ʃuʂta,tʃ u ʂ t a,,zariquiey2017,250,,,,0,tʃ u ʂ t a,dirty,
Amawaka-27_dirty-1,,Amawaka,27_dirty,kɨmbu,kɨmbu,k ɨ m b u,,zariquiey2017,260,,,,0,k ɨ m b u,dirty,
Nawa-27_dirty-1,,Nawa,27_dirty,ʧuʂta,ʧuʂta,tʃ u ʂ t a,,zariquiey2017,250,,,,0,tʃ u ʂ t a,dirty,
Marinawa-27_dirty-1,,Marinawa,27_dirty,ʧuʂta,ʧuʂta,tʃ u ʂ t a,,zariquiey2017,250,,,,0,tʃ u ʂ t a,dirty,
Yaminawa-27_dirty-1,,Yaminawa,27_dirty,ʧuʂta,ʧuʂta,tʃ u ʂ t a,,zariquiey2017,250,,,,0,tʃ u ʂ t a,dirty,
Kashinawa_P-27_dirty-1,,Kashinawa_P,27_dirty,dɨtis,dɨtis,d ɨ t i s,,zariquiey2017,252,,,,0,d ɨ t i s,dirty,
Kashinawa_P-27_dirty-2,,Kashinawa_P,27_dirty,mɨʂu,mɨʂu,m ɨ ʂ u,,zariquiey2017,251,,,,0,m ɨ ʂ u,dirty,
Kashinawa_B-27_dirty-1,,Kashinawa_B,27_dirty,dɨtis,dɨtis,d ɨ t i s,,camargo1995,252,,,,0,d ɨ t i s,dirty,
Matses-122_sit-1,,Matses,122_sit,tsad,tsad,ts a d,,fleck2005,1054,,,,0,ts a d,sit/dwell,
Matis-122_sit-1,,Matis,122_sit,tsad,tsad,ts a d,,fleck2005,1054,,,,0,ts a d,sit/dwell,
Marubo-122_sit-1,,Marubo,122_sit,tsau,tsau,ts a u,,fleck2005,1054,,,,0,ts a - u,sit/dwell,
Katukina-122_sit-1,,Katukina,122_sit,βeu-ai,βeuai,β e w a,,aguiar1994,1597,,,,0,β e u a i,put_over,
Shipibo_Konibo-122_sit-1,,Shipibo_Konibo,122_sit,yakat,yakat,j a k a t,,fleck2005,1056,,,,0,j a k a t,lean,
Kapanawa-122_sit-1,,Kapanawa,122_sit,tsauti,tsauti,ts a u + t i,,loos1998,1054,,,,0,ts a - u + t i,sit/dwell _ti,
Shanenawa-122_sit-1,,Shanenawa,122_sit,tsaw,tsaw,ts a w,,lanes2005,1054,,,,0,ts a w,sit/dwell,
Yawanawa-122_sit-1,,Yawanawa,122_sit,tsaw,tsaw,ts a w,,paula1992,1054,,,,0,ts a w,sit/dwell,
Iskonawa-122_sit-1,,Iskonawa,122_sit,βɨwi,βɨwi,β ɨ w i,,zariquiey2017,1597,,,,0,β ɨ w i,put_over,
Chakobo-122_sit-1,,Chakobo,122_sit,tsa?u,tsaʔu,ts a ʔ u,,zingg1998,1054,,,,0,ts a ʔ u,sit/dwell,
Pakawara-122_sit-1,,Pakawara,122_sit,yakat,yakat,j a k a t,,key2000,1056,,,,30,j a k a t,lean,
Kakataibo-122_sit-1,,Kakataibo,122_sit,tso,tso,ts o,,zariquiey2017,1054,,,,0,ts o - -,sit/dwell,
Mastanawa-122_sit-1,,Mastanawa,122_sit,tsawa,tsawa,ts a w + a,,zariquiey2017,1054,,,,19,ts a w + a,sit/dwell _a,
Chaninawa-122_sit-1,,Chaninawa,122_sit,t͡sauwi,t͡sauwi,ts a u + w i,,zariquiey2017,1054,,,,0,ts a - u + w i,sit/dwell _wi,
Sharanawa-122_sit-1,,Sharanawa,122_sit,t͡sauwɨ,t͡sauwɨ,ts a u + w ɨ,,zariquiey2017,1054,,,,0,ts a - u + w ɨ,sit/dwell _wɨ,
Amawaka-122_sit-1,,Amawaka,122_sit,t͡saʔu,t͡saʔu,ts a ʔ u,,zariquiey2017,1054,,,,0,ts a ʔ u,sit/dwell,
Nawa-122_sit-1,,Nawa,122_sit,tsau,tsau,ts a u,,zariquiey2017,1054,,,,0,ts a - u,sit/dwell,
Marinawa-122_sit-1,,Marinawa,122_sit,tsawbi,tsawbi,ts a w + b i,,zariquiey2017,1054,,,,0,ts a w + b i,sit/dwell _bi,
Yaminawa-122_sit-1,,Yaminawa,122_sit,tsawa,tsawa,ts a w + a,,zariquiey2017,1054,,,,20,ts a w + a,sit/dwell _a,
Kashinawa_P-122_sit-1,,Kashinawa_P,122_sit,tsua,tsua,ts u a,,zariquiey2017,1054,,,,0,ts u - a,sit/dwell,
Matses-136_stand-1,,Matses,136_stand,nid,nid,n i d,,fleck2005,1179,,,,0,n i d -,stand/walk,
Matis-136_stand-1,,Matis,136_stand,nid,nid,n i d,,fleck2005,1179,,,,0,n i d -,stand/walk,
Marubo-136_stand-1,,Marubo,136_stand,ni,ni,n i,,fleck2005,1179,,,,0,n i - -,stand/walk,
Shipibo_Konibo-136_stand-1,,Shipibo_Konibo,136_stand,ni,ni,n i,,fleck2005,1179,,,,0,n i - -,stand/walk,
Kapanawa-136_stand-1,,Kapanawa,136_stand,nɨtɨ,niti,n i t i,,loos1998,1179,,,,0,n i t i,stand/walk _ti,
Iskonawa-136_stand-1,,Iskonawa,136_stand,ni,ni,n i,,zariquiey2017,1179,,,,0,n i - -,stand/walk,
Chakobo-136_stand-1,,Chakobo,136_stand,ni,ni,n i,,zingg1998,1179,,,,0,n i - -,stand/walk,
Kakataibo-136_stand-1,,Kakataibo,136_stand,niru,niru,n i + r u,,zariquiey2017,1179,,,,0,n i - - + r u,stand/walk _up,
Kaxarari-136_stand-1,,Kaxarari,136_stand,nitʃi,nitʃi,n i + tʃ i,,couto2005,1179,,,,0,n i - - + tʃ i,stand/walk _tʃi,
Mastanawa-136_stand-1,,Mastanawa,136_stand,diwɨ,diwɨ,d i + w ɨ,,zariquiey2017,1179,,,,0,d i + w ɨ,stand/walk _wɨ,
Chaninawa-136_stand-1,,Chaninawa,136_stand,di,di,d i,,zariquiey2017,1179,,,,0,d i,stand/walk,
Sharanawa-136_stand-1,,Sharanawa,136_stand,di,di,d i,,zariquiey2017,1179,,,,0,d i,stand/walk,
Amawaka-136_stand-1,,Amawaka,136_stand,niʔi,niʔi,n i + ʔ i,,zariquiey2017,1179,,,,0,n i - - + ʔ i,stand/walk _ʔi,
Nawa-136_stand-1,,Nawa,136_stand,dija,dija,d i + j a,,zariquiey2017,1179,,,,0,d i + j a,stand/walk _ja,
Marinawa-136_stand-1,,Marinawa,136_stand,di,di,d i,,zariquiey2017,1179,,,,0,d i,stand/walk,
Yaminawa-136_stand-1,,Yaminawa,136_stand,dija,dija,d i + j a,,zariquiey2017,1179,,,,0,d i + j a,stand/walk _ja,
Kashinawa_P-136_stand-1,,Kashinawa_P,136_stand,nja,nja,n i a,,zariquiey2017,1179,,,,0,n i - a,stand/walk _a,
Matses-79_liebelyingdown-1,,Matses,79_liebelyingdown,we,we,w e,,fleck2005,636,,,,0,w e,dwell,
Matis-79_liebelyingdown-1,,Matis,79_liebelyingdown,sukuad,sukuad,s u kʷ a d,,fleck2005,617,,,,0,s u k u a d,?,
Marubo-79_liebelyingdown-1,,Marubo,79_liebelyingdown,raka,raka,r a k a,,fleck2005,689,,,,0,r a k a - -,lie_down,
Katukina-79_liebelyingdown-1,,Katukina,79_liebelyingdown,raka,raka,r a k a,,aguiar1994,689,,,,0,r a k a - -,lie_down,
Shipibo_Konibo-79_liebelyingdown-1,,Shipibo_Konibo,79_liebelyingdown,raka,raka,r a k a,,fleck2005,689,,,,0,r a k a - -,lie_down,
Kapanawa-79_liebelyingdown-1,,Kapanawa,79_liebelyingdown,raka,raka,r a k a,,loos1998,689,,,,0,r a k a - -,lie_down,
Shanenawa-79_liebelyingdown-1,,Shanenawa,79_liebelyingdown,raka,raka,r a k a,,lanes2005,689,,,,27,r a k a - -,lie_down,
Nukini-79_liebelyingdown-1,,Nukini,79_liebelyingdown,raka,raka,r a k a,,aguiar2004,689,,,,0,r a k a - -,lie_down,
Poyanawa-79_liebelyingdown-1,,Poyanawa,79_liebelyingdown,raka,raka,r a k a,,paula1992,689,,,,0,r a k a - -,lie_down,
Iskonawa-79_liebelyingdown-1,,Iskonawa,79_liebelyingdown,ɾaka,ɾaka,ɾ a k a,,zariquiey2017,689,,,,0,ɾ a k a - -,lie_down,
Chakobo-79_liebelyingdown-1,,Chakobo,79_liebelyingdown,raka,raka,r a k a,,zingg1998,689,,,,0,r a k a - -,lie_down,
Pakawara-79_liebelyingdown-1,,Pakawara,79_liebelyingdown,rakat,rakat,r a k a t,,key2000,689,,,,25,r a k a - t,lie_down,
Kakataibo-79_liebelyingdown-1,,Kakataibo,79_liebelyingdown,raka,raka,r a k a,,zariquiey2017,689,,,,0,r a k a - -,lie_down,
Kaxarari-79_liebelyingdown-1,,Kaxarari,79_liebelyingdown,tsiso,tsiso,ts i s o,,couto2005,605,,,,0,ts i s o,back _so,
Mastanawa-79_liebelyingdown-1,,Mastanawa,79_liebelyingdown,ɾaʔaj,ɾaʔaj,ɾ a ʔ a i,,zariquiey2017,689,,,,23,ɾ a ʔ a i -,lie_down,
Chaninawa-79_liebelyingdown-1,,Chaninawa,79_liebelyingdown,ɾaka,ɾaka,ɾ a k a,,zariquiey2017,689,,,,0,ɾ a k a - -,lie_down,
Sharanawa-79_liebelyingdown-1,,Sharanawa,79_liebelyingdown,ɾaka,ɾaka,ɾ a k a,,zariquiey2017,689,,,,0,ɾ a k a - -,lie_down,
Amawaka-79_liebelyingdown-1,,Amawaka,79_liebelyingdown,ɾaka,ɾaka,ɾ a k a,,zariquiey2017,689,,,,0,ɾ a k a - -,lie_down,
Nawa-79_liebelyingdown-1,,Nawa,79_liebelyingdown,ɾaka,ɾaka,ɾ a k a,,zariquiey2017,689,,,,24,ɾ a k a - -,lie_down,
Marinawa-79_liebelyingdown-1,,Marinawa,79_liebelyingdown,ɾaka,ɾaka,ɾ a k a,,zariquiey2017,689,,,,0,ɾ a k a - -,lie_down,
Yaminawa-79_liebelyingdown-1,,Yaminawa,79_liebelyingdown,laʔaj,laʔaj,l a ʔ a j,,zariquiey2017,689,,,,28,l a ʔ a - j,lie_down,
Kashinawa_P-79_liebelyingdown-1,,Kashinawa_P,79_liebelyingdown,daka,daka,d a k a,,zariquiey2017,689,,,,0,d a k a - -,lie_down,
Matses-48_float-1,,Matses,48_float,nuad,nuad,n u a d,,fleck2005,425,,,,0,n u a d,swimming_bird,
Matis-48_float-1,,Matis,48_float,nuad,nuad,n u a d,,fleck2005,425,,,,0,n u a d,swimming_bird,
Marubo-48_float-1,,Marubo,48_float,nunu,nunu,n u n u,,fleck2005,424,,,,0,n u n u - -,swim,
Shipibo_Konibo-48_float-1,,Shipibo_Konibo,48_float,tuʂβa,tuʂβa,t u ʂ β a,,fleck2005,426,,,,0,t u ʂ β a,float,
Kapanawa-48_float-1,,Kapanawa,48_float,nunu,nunu,n u n u,,loos1998,424,,,,0,n u n u - -,swim,
Kapanawa-48_float-2,,Kapanawa,48_float,tuʂβa,tuʂβa,t u ʂ β a,,loos1998,426,,,,0,t u ʂ β a,float,
Iskonawa-48_float-1,,Iskonawa,48_float,nunu,nunu,n u n u,,zariquiey2017,424,,,,0,n u n u - -,swim,
Chakobo-48_float-1,,Chakobo,48_float,nunu,nunu,n u n u,,zingg1998,424,,,,0,n u n u - -,swim,
Kakataibo-48_float-1,,Kakataibo,48_float,βɨspo,βɨspo,β ɨ s p o,,zariquiey2017,430,,,,0,β ɨ s p o,face _spo,
Mastanawa-48_float-1,,Mastanawa,48_float,dudua,dudua,d u d u a,,zariquiey2017,424,,,,0,d u d u - a,swim,
Chaninawa-48_float-1,,Chaninawa,48_float,dudu,dudu,d u d u,,zariquiey2017,424,,,,0,d u d u - -,swim,
Sharanawa-48_float-1,,Sharanawa,48_float,dudu,dudu,d u d u,,zariquiey2017,424,,,,0,d u d u - -,swim,
Amawaka-48_float-1,,Amawaka,48_float,nundu,nundu,n u ⁿd u,,zariquiey2017,424,,,,0,n u ⁿd u - -,swim,
Nawa-48_float-1,,Nawa,48_float,tupi,tupi,t u p i,,zariquiey2017,431,,,,0,t u p i,float,
Marinawa-48_float-1,,Marinawa,48_float,dunduj,dunduj,d u ⁿd u j,,zariquiey2017,424,,,,0,d u ⁿd u j -,swim,
Yaminawa-48_float-1,,Yaminawa,48_float,dudua,dudua,d u d u a,,zariquiey2017,424,,,,0,d u d u - a,swim,
Kashinawa_P-48_float-1,,Kashinawa_P,48_float,nunwa,nunwa,n u n w a,,zariquiey2017,424,,,,0,n u n w a,swim,
Matses-14_blowwind-1,,Matses,14_blowwind,kunke,kunke,k u n + k e,,fleck2005,1565,,,,70 58,k u n + - k e,blow/kun _-:suffix/ke,
Matis-14_blowwind-1,,Matis,14_blowwind,kunke,kunke,k u n + k e,,fleck2005,1565,,,,70 58,k u n + - k e,blow/kun _-:suffix/ke,
Marubo-14_blowwind-1,,Marubo,14_blowwind,ʂuβi iki,ʂuβi iki,ʂ u β i + i k i,,fleck2005,112,,,,0,ʂ u β i + i k i,blow iki,
Shipibo_Konibo-14_blowwind-1,,Shipibo_Konibo,14_blowwind,ʂu,ʂu,ʂ u,,fleck2005,111,,,,0,ʂ u - -,blow,
Kapanawa-14_blowwind-1,,Kapanawa,14_blowwind,ʂuanki,ʂuanki,ʂ u a n + k i,,loos1998,111,,,,0,ʂ u - - a n - - - + - k i,blow _ki,
Arara-14_blowwind-1,,Arara,14_blowwind,ʂũã,ʂũã,ʂ ũ ã,,cunha1993,111,,,,0,ʂ ũ - - - - - ã,blow,
Shanenawa-14_blowwind-1,,Shanenawa,14_blowwind,ʂuan,ʂuan,ʂ u a n,,lanes2005,111,,,,0,ʂ u - - a n - - -,blow,
Yawanawa-14_blowwind-1,,Yawanawa,14_blowwind,sui,sui,s u j,,paula1992,111,,,,0,s u - i,blow,
Poyanawa-14_blowwind-1,,Poyanawa,14_blowwind,hun,hun,h u n,,paula1992,111,,,,0,h u - - - n - - -,blow,
Iskonawa-14_blowwind-1,,Iskonawa,14_blowwind,hun hun ik,hun hun ik,h u n + h u n + i k,,zariquiey2017,111,,,,0,h u n + h u n + i k,blow blow ik,
Iskonawa-14_blowwind-2,,Iskonawa,14_blowwind,puyu puyu ik,puyu puyu ik,p u j u + p u j u + i k,,zariquiey2017,115,,,,0,p u j u + p u j u + i k,wind wind ik,
Chakobo-14_blowwind-1,,Chakobo,14_blowwind,ʂu?a,ʂuʔa,ʂ u ʔ a,,zingg1998,111,,,,0,ʂ u - - - ʔ - a -,blow,
Kakataibo-14_blowwind-1,,Kakataibo,14_blowwind,ʂunka,ʂunka,ʂ u n k a,,zariquiey2017,111,,,,0,ʂ u - - - n k a -,blow _ka,
Kaxarari-14_blowwind-1,,Kaxarari,14_blowwind,kuha,kuha,k u h a,,couto2005,1564,,,,0,k u h a,?,
Mastanawa-14_blowwind-1,,Mastanawa,14_blowwind,ʂunaj,ʂunaj,ʂ u n a j,,zariquiey2017,111,,,,0,ʂ u - - - n - a j,blow,
Chaninawa-14_blowwind-1,,Chaninawa,14_blowwind,ʂũnwaki,ʂũwankin,ʂ ũ w a n k i,,zariquiey2017,111,,,,0,ʂ ũ - w a n k i -,blow _ki,
Sharanawa-14_blowwind-1,,Sharanawa,14_blowwind,ʂũnwaki,ʂũnwaki,ʂ ũ n w a k i,,zariquiey2017,111,,,,0,ʂ ũ n w a - k i -,blow _ki,
Amawaka-14_blowwind-1,,Amawaka,14_blowwind,çunki,çunki,ç u n k i,,zariquiey2017,111,,,,0,ç u - - - n k i -,blow _ki,
Nawa-14_blowwind-1,,Nawa,14_blowwind,ʂuanki,ʂuanki,ʂ u a n k i,,zariquiey2017,111,,,,0,ʂ u - - a n k i -,blow _ki,
Marinawa-14_blowwind-1,,Marinawa,14_blowwind,ʂunwaki,ʂunwaki,ʂ u n w a k i,,zariquiey2017,111,,,,0,ʂ u n w a - k i -,blow _ki,
Yaminawa-14_blowwind-1,,Yaminawa,14_blowwind,ʃuwaʔi,ʃuwaʔi,ʃ u w a ʔ i,,zariquiey2017,111,,,,0,ʃ u - w a ʔ - i -,blow _ʔi,
Kashinawa_P-14_blowwind-1,,Kashinawa_P,14_blowwind,ʂuanka,ʂuanka,ʂ u a n k a,,zariquiey2017,111,,,,0,ʂ u - - a n k a -,blow _ka,
Kashinawa_B-14_blowwind-1,,Kashinawa_B,14_blowwind,ʂuwaki,ʂuwaki,ʂ u w a k i,,camargo1995,111,,,,0,ʂ u - w a - k i -,blow _ki,
Matses-160_walk-1,,Matses,160_walk,kapu,kapu,k a p u,,fleck2005,1368,,,,0,k a p u,go _pu,
Matis-160_walk-1,,Matis,160_walk,kapo,kapo,k a + p o,,fleck2005,1368,,,,0,k a - - + p o,go _po,
Marubo-160_walk-1,,Marubo,160_walk,ka,ka,k a,,fleck2005,1368,,,,0,k a - -,go,
Katukina-160_walk-1,,Katukina,160_walk,hinna,hinna,h i nː a,,aguiar1994,1371,,,,0,h i nː a,?,
Kanamari-160_walk-1,,Kanamari,160_walk,koʃi,koʃi,k o ʃ i,,aguiar1994,1334,,,,0,k o ʃ i,?,
Shipibo_Konibo-160_walk-1,,Shipibo_Konibo,160_walk,ni,ni,n i,,fleck2005,1369,,,,0,n i,stand/walk,
Kapanawa-160_walk-1,,Kapanawa,160_walk,nitʃi,nitʃi,n i + tʃ i,,loos1998,1369,,,,0,n i + tʃ i,stand/walk _tʃi,
Yawanawa-160_walk-1,,Yawanawa,160_walk,kãw̃̃̃ã,kawan,k a w a n,,paula1992,1368,,,,0,k a w a n,go _wan,
Iskonawa-160_walk-1,,Iskonawa,160_walk,ni,ni,n i,,zariquiey2017,1369,,,,0,n i,stand/walk,
Chakobo-160_walk-1,,Chakobo,160_walk,βu?una,βuʔuna,β u ʔ u n a,,zingg1998,1373,,,,0,β u ʔ u n a,?,
Pakawara-160_walk-1,,Pakawara,160_walk,ka,ka,k a,,key2000,1368,,,,0,k a - -,go,
Kakataibo-160_walk-1,,Kakataibo,160_walk,niti,niti,n i + t i,,zariquiey2017,1369,,,,0,n i + t i,stand/walk _ti,
Kaxarari-160_walk-1,,Kaxarari,160_walk,kã,kã,k ã,,couto2005,1368,,,,0,k ã - -,go,
Mastanawa-160_walk-1,,Mastanawa,160_walk,kaj,kai,k a,,zariquiey2017,1368,,,,0,k a - i,go _i,
Chaninawa-160_walk-1,,Chaninawa,160_walk,ka,ka,k a,,zariquiey2017,1368,,,,0,k a - -,go,
Sharanawa-160_walk-1,,Sharanawa,160_walk,ka,ka,k a,,zariquiey2017,1368,,,,0,k a - -,go,
Amawaka-160_walk-1,,Amawaka,160_walk,kaʔi,kaʔi,k a ʔ i,,zariquiey2017,1368,,,,0,k a ʔ i,go _ʔi,
Nawa-160_walk-1,,Nawa,160_walk,ka,ka,k a,,zariquiey2017,1368,,,,0,k a - -,go,
Marinawa-160_walk-1,,Marinawa,160_walk,ka,ka,k a,,zariquiey2017,1368,,,,0,k a - -,go,
Yaminawa-160_walk-1,,Yaminawa,160_walk,kaj,kai,k a,,zariquiey2017,1368,,,,0,k a - i,go _i,
Kashinawa_P-160_walk-1,,Kashinawa_P,160_walk,ni,ni,n i,,zariquiey2017,1369,,,,0,n i,stand/walk,
Matses-51_flyverb-1,,Matses,51_flyverb,kapu,kapu,k a + p u,,fleck2005,457,,,,0,k a + p u,go _pu,
Matis-51_flyverb-1,,Matis,51_flyverb,kapo,kapo,k a + p o,,fleck2005,457,,,,0,k a + p o,go _po,
Marubo-51_flyverb-1,,Marubo,51_flyverb,nuja,nuja,n u j a,,fleck2005,456,,,,0,n u - - j a -,fly,
Shipibo_Konibo-51_flyverb-1,,Shipibo_Konibo,51_flyverb,nuya,nuya,n u j a,,fleck2005,456,,,,0,n u - - j a -,fly,
Kapanawa-51_flyverb-1,,Kapanawa,51_flyverb,nuya,nuya,n u j a,,loos1998,456,,,,0,n u - - j a -,fly,
Arara-51_flyverb-1,,Arara,51_flyverb,pɨraĩ,pɨraĩ,p ɨ r a ĩ,,cunha1993,460,,,,0,p ɨ r a ĩ,wing,
Shanenawa-51_flyverb-1,,Shanenawa,51_flyverb,nuja,nuja,n u j a,,lanes2005,456,,,,0,n u - - j a -,fly,
Yawanawa-51_flyverb-1,,Yawanawa,51_flyverb,nuja,nuja,n u j a,,paula1992,456,,,,0,n u - - j a -,fly,
Poyanawa-51_flyverb-1,,Poyanawa,51_flyverb,jũnda,jũnda,j ũ ⁿd a,,paula1992,459,,,,0,j ũ ⁿd a,fly,
Iskonawa-51_flyverb-1,,Iskonawa,51_flyverb,juna,juna,j u n a,,zariquiey2017,459,,,,0,j u n a,fly,
Chakobo-51_flyverb-1,,Chakobo,51_flyverb,nuya,nuya,n u j a,,zingg1998,456,,,,0,n u - - j a -,fly,
Kakataibo-51_flyverb-1,,Kakataibo,51_flyverb,noan,noan,n o a n,,zariquiey2017,955,,,,0,n o a n,fly,
Kaxarari-51_flyverb-1,,Kaxarari,51_flyverb,hatʃakikɨ,hatʃakikɨ,h a tʃ a k i k ɨ,,couto2005,462,,,,0,h a tʃ a k i k ɨ,?,
Mastanawa-51_flyverb-1,,Mastanawa,51_flyverb,duʔujaj,duʔujai,d u ʔ u j a,,zariquiey2017,456,,,,0,d u ʔ u j a i,fly _i,
Chaninawa-51_flyverb-1,,Chaninawa,51_flyverb,duja,duja,d u j a,,zariquiey2017,456,,,,0,d u - - j a -,fly,
Sharanawa-51_flyverb-1,,Sharanawa,51_flyverb,duja,duja,d u j a,,zariquiey2017,456,,,,0,d u - - j a -,fly,
Amawaka-51_flyverb-1,,Amawaka,51_flyverb,maka,maka,m a k a,,zariquiey2017,464,,,,0,m a k a,head _ka,
Nawa-51_flyverb-1,,Nawa,51_flyverb,duja,duja,d u j a,,zariquiey2017,456,,,,0,d u - - j a -,fly,
Marinawa-51_flyverb-1,,Marinawa,51_flyverb,duja,duja,d u j a,,zariquiey2017,456,,,,0,d u - - j a -,fly,
Yaminawa-51_flyverb-1,,Yaminawa,51_flyverb,jujaj,jujaj,j u j a j,,zariquiey2017,456,,,,0,j u j a j,fly,
Kashinawa_P-51_flyverb-1,,Kashinawa_P,51_flyverb,nuja,nuja,n u j a,,zariquiey2017,456,,,,0,n u - - j a -,fly,
Kashinawa_B-51_flyverb-1,,Kashinawa_B,51_flyverb,nuja,nuja,n u j a,,camargo1995,456,,,,0,n u - - j a -,fly,
Matses-144_swim-1,,Matses,144_swim,tantan,tantan,t a n t a n,,fleck2005,1248,,,,0,t a n t a n,?,
Matis-144_swim-1,,Matis,144_swim,nun,nun,n u n,,fleck2005,1241,,,,0,n u n - -,float,
Marubo-144_swim-1,,Marubo,144_swim,nuna,nuna,n u n a,,fleck2005,1241,,,,0,n u n a -,float,
Katukina-144_swim-1,,Katukina,144_swim,nuna,nuna,n u n a,,aguiar1994,1241,,,,0,n u n a -,float,
Shipibo_Konibo-144_swim-1,,Shipibo_Konibo,144_swim,nunu,nunu,n u n u,,fleck2005,1241,,,,0,n u n u -,float,
Kapanawa-144_swim-1,,Kapanawa,144_swim,nuna,nuna,n u n a,,loos1998,1241,,,,0,n u n a -,float,
Arara-144_swim-1,,Arara,144_swim,tupi,tupi,t u p i,,cunha1993,1242,,,,0,t u - p i - - - - -,gather,
Shanenawa-144_swim-1,,Shanenawa,144_swim,tupi,tunpi,t u n p i,,lanes2005,1242,,,,0,t u n p i -,gather_with_hands,
Yawanawa-144_swim-1,,Yawanawa,144_swim,tupin,tupin,t u p i n,,paula1992,1242,,,,0,t u - p i n,gather_with_hands,
Poyanawa-144_swim-1,,Poyanawa,144_swim,ua,ua,u a,,paula1992,1247,,,,0,u a,float,
Iskonawa-144_swim-1,,Iskonawa,144_swim,tunpi,tunpi,t u n p i,,zariquiey2017,1242,,,,0,t u n p i -,gather_with_hands,
Chakobo-144_swim-1,,Chakobo,144_swim,aʃi,aʃi,a ʃ i,,zingg1998,1245,,,,0,a ʃ i,?,
Chakobo-144_swim-2,,Chakobo,144_swim,nono,nono,n o n o,,zingg1998,1241,,,,0,n o n o -,float,
Pakawara-144_swim-1,,Pakawara,144_swim,nunan,nunan,n u n a n,,key2000,1241,,,,0,n u n a n,float,
Kakataibo-144_swim-1,,Kakataibo,144_swim,mɨɲu,mɨɲu,m ɨ ɲ u,,zariquiey2017,1250,,,,0,m ɨ ɲ u,hand _ɲu,
Kaxarari-144_swim-1,,Kaxarari,144_swim,natai,natai,n a t a,,couto2005,1249,,,,0,n a t a,?,
Mastanawa-144_swim-1,,Mastanawa,144_swim,tupitjaj,tunpi,t u n p i,,zariquiey2017,1242,,,,0,t u n p i -,gather_with_hands,
Chaninawa-144_swim-1,,Chaninawa,144_swim,tupi,tupi,t u p i,,zariquiey2017,1242,,,,0,t u - p i -,gather_with_hands,
Sharanawa-144_swim-1,,Sharanawa,144_swim,tupi,tunpi,t u n p i,,zariquiey2017,1242,,,,0,t u n p i -,gather_with_hands,
Amawaka-144_swim-1,,Amawaka,144_swim,pukɨ,pukɨ,p u k ɨ,,zariquiey2017,1243,,,,0,p u k ɨ,?,
Nawa-144_swim-1,,Nawa,144_swim,pukɨ,pukɨ,p u k ɨ,,zariquiey2017,1243,,,,0,p u k ɨ,?,
Marinawa-144_swim-1,,Marinawa,144_swim,pukɨ,pukɨ,p u k ɨ,,zariquiey2017,1243,,,,0,p u k ɨ,?,
Yaminawa-144_swim-1,,Yaminawa,144_swim,tupitadi,tunpi,t u n p i,,zariquiey2017,1242,,,,0,t u n p i -,gather_with_hands,
Kashinawa_P-144_swim-1,,Kashinawa_P,144_swim,nuna,nuna,n u n a,,zariquiey2017,1241,,,,0,n u n a -,float,
Kashinawa_B-144_swim-1,,Kashinawa_B,144_swim,nunai,nunai,n u n a,,camargo1995,1241,,,,0,n u n a -,float,
Matses-49_flow-1,,Matses,49_flow,tʂɨwɨd,tʂɨwɨd,ʈʂ ɨ w ɨ d,,fleck2005,439,,,,0,ʈʂ ɨ w ɨ d,rainy_season,
Matis-49_flow-1,,Matis,49_flow,ʂuke,ʂuke,ʂ u k e,,fleck2005,435,,,,0,ʂ u k e,?,
Marubo-49_flow-1,,Marubo,49_flow,aβa,aβa,a β a,,fleck2005,440,,,,0,- - - - - a β a,flow,
Shipibo_Konibo-49_flow-1,,Shipibo_Konibo,49_flow,iʃtua,iʃtua,i ʃ t u a,,fleck2005,437,,,,0,i ʃ t u a,?,
Kapanawa-49_flow-1,,Kapanawa,49_flow,ɨnɨ βaii,ɨnɨ aβa,ɨ n ɨ + a β a,,loos1998,440,,,,0,ɨ n ɨ + - a β a,water flow,
Iskonawa-49_flow-1,,Iskonawa,49_flow,hu hu ik,hu hu ik,h u + h u + i k,,zariquiey2017,441,,,,0,h u # h u # i k,blow,
Chakobo-49_flow-1,,Chakobo,49_flow,wawa,wawa,w a w a,,zingg1998,440,,,,0,- - - - w a w a,flow,
Kakataibo-49_flow-1,,Kakataibo,49_flow,ʔiβu,aβa,a β a,,zariquiey2017,440,,,,0,- - - - - a β a,flow,
Mastanawa-49_flow-1,,Mastanawa,49_flow,sibɨj,sinbɨ,s i n b ɨ,,zariquiey2017,434,,,,0,s i n b ɨ,?,
Chaninawa-49_flow-1,,Chaninawa,49_flow,kuʃi,kuʃi,k u ʃ i,,zariquiey2017,433,,,,0,k u ʃ i,strong,
Sharanawa-49_flow-1,,Sharanawa,49_flow,ɸu,ɸu,ɸ u,,zariquiey2017,438,,,,0,ɸ u,?,
Amawaka-49_flow-1,,Amawaka,49_flow,ka,ka,k a,,zariquiey2017,447,,,,0,k a,go,
Nawa-49_flow-1,,Nawa,49_flow,pukɨ,pukɨ,p u k ɨ,,zariquiey2017,379,,,,0,p u k ɨ,swing,
Marinawa-49_flow-1,,Marinawa,49_flow,kuʃi,kuʃi,k u ʃ i,,zariquiey2017,433,,,,0,k u ʃ i,strong,
Marinawa-49_flow-2,,Marinawa,49_flow,sinbɨ,sinbɨ,s i n b ɨ,,zariquiey2017,434,,,,0,s i n b ɨ,?,
Yaminawa-49_flow-1,,Yaminawa,49_flow,kuʃi,kuʃi,k u ʃ i,,zariquiey2017,433,,,,0,k u ʃ i,strong,
Kashinawa_P-49_flow-1,,Kashinawa_P,49_flow,kuʃi,kuʃi,k u ʃ i,,zariquiey2017,433,,,,0,k u ʃ i,strong,
Matses-21_come-1,,Matses,21_come,tʃo,tʃo,tʃ o,,fleck2005,178,,,,0,tʃ o,come/tʃo,
Matis-21_come-1,,Matis,21_come,tʃo,tʃo,tʃ o,,fleck2005,178,,,,0,tʃ o,come/tʃo,
Marubo-21_come-1,,Marubo,21_come,uri,uri,u r i,,fleck2005,176,,,,0,- u r i,come _ri,
Shipibo_Konibo-21_come-1,,Shipibo_Konibo,21_come,hu,hu,h u,,fleck2005,176,,,,0,h u - -,come,
Kapanawa-21_come-1,,Kapanawa,21_come,hu,hu,h u,,loos1998,176,,,,0,h u - -,come,
Arara-21_come-1,,Arara,21_come,ua,ua,u a,,cunha1993,176,,,,0,- u - a,come,
Shanenawa-21_come-1,,Shanenawa,21_come,u,u,u,,lanes2005,176,,,,0,- u - -,come,
Yawanawa-21_come-1,,Yawanawa,21_come,uwi,u,u,,paula1992,176,,,,0,- u - -,come,
Nukini-21_come-1,,Nukini,21_come,ua,u,u,,aguiar2004,176,,,,0,- u - -,come,
Poyanawa-21_come-1,,Poyanawa,21_come,u,u,u,,paula1992,176,,,,0,- u - -,come,
Iskonawa-21_come-1,,Iskonawa,21_come,u,u,u,,zariquiey2017,176,,,,0,- u - -,come,
Chakobo-21_come-1,,Chakobo,21_come,hu,hu,h u,,zingg1998,176,,,,0,h u - -,come,
Chakobo-21_come-2,,Chakobo,21_come,βɨka,βɨka,β ɨ k a,,zingg1998,183,,,,0,β ɨ k a,bring,
Pakawara-21_come-1,,Pakawara,21_come,u,u,u,,key2000,176,,,,0,- u - -,come,
Kakataibo-21_come-1,,Kakataibo,21_come,u,u,u,,zariquiey2017,176,,,,0,- u - -,come,
Kaxarari-21_come-1,,Kaxarari,21_come,hu,hu,h u,,couto2005,176,,,,0,h u - -,come,
Mastanawa-21_come-1,,Mastanawa,21_come,ɨuwɨ,u,u,,zariquiey2017,176,,,,0,- u - -,come,
Chaninawa-21_come-1,,Chaninawa,21_come,uwɨ,u,u,,zariquiey2017,176,,,,0,- u - -,come,
Sharanawa-21_come-1,,Sharanawa,21_come,u,u,u,,zariquiey2017,176,,,,0,- u - -,come,
Amawaka-21_come-1,,Amawaka,21_come,huʔi,huʔi,h u ʔ i,,zariquiey2017,176,,,,0,h u ʔ i,come,
Nawa-21_come-1,,Nawa,21_come,u,u,u,,zariquiey2017,176,,,,0,- u - -,come,
Marinawa-21_come-1,,Marinawa,21_come,u,u,u,,zariquiey2017,176,,,,0,- u - -,come,
Yaminawa-21_come-1,,Yaminawa,21_come,u,u,u,,zariquiey2017,176,,,,0,- u - -,come,
Kashinawa_P-21_come-1,,Kashinawa_P,21_come,hu,hu,h u,,zariquiey2017,176,,,,0,h u - -,come,
Kashinawa_B-21_come-1,,Kashinawa_B,21_come,hu,hu,h u,,camargo1995,176,,,,0,h u - -,come,
Matses-38_falldrop-1,,Matses,38_falldrop,paɨd,paɨd,p a ɨ d,,fleck2005,334,,,,0,- - - p a - ɨ d -,fall,
Matis-38_falldrop-1,,Matis,38_falldrop,pakɨd,pakɨd,p a k ɨ d,,fleck2005,334,,,,0,- - - p a k ɨ d -,fall,
Marubo-38_falldrop-1,,Marubo,38_falldrop,pakɨ,pakɨ,p a k ɨ,,fleck2005,334,,,,0,- - - p a k ɨ - -,fall,
Katukina-38_falldrop-1,,Katukina,38_falldrop,paki,paki,p a k i,,aguiar1994,334,,,,0,- - - p a k i - -,fall,
Shipibo_Konibo-38_falldrop-1,,Shipibo_Konibo,38_falldrop,pakɨt,pakɨt,p a k ɨ t,,fleck2005,334,,,,0,- - - p a k ɨ t -,fall,
Kapanawa-38_falldrop-1,,Kapanawa,38_falldrop,pakɨ,pakɨ,p a k ɨ,,loos1998,334,,,,0,- - - p a k ɨ - -,fall,
Arara-38_falldrop-1,,Arara,38_falldrop,pakɨ,pakɨ,p a k ɨ,,cunha1993,334,,,,0,- - - p a k ɨ - -,fall,
Shanenawa-38_falldrop-1,,Shanenawa,38_falldrop,pakɨ,pakɨ,p a k ɨ,,lanes2005,334,,,,0,- - - p a k ɨ - -,fall,
Yawanawa-38_falldrop-1,,Yawanawa,38_falldrop,pakɨ,pakɨ,p a k ɨ,,paula1992,334,,,,0,- - - p a k ɨ - -,fall,
Iskonawa-38_falldrop-1,,Iskonawa,38_falldrop,pakɨ,pakɨ,p a k ɨ,,zariquiey2017,334,,,,0,- - - p a k ɨ - -,fall,
Chakobo-38_falldrop-1,,Chakobo,38_falldrop,pakɨ,pakɨ,p a k ɨ,,zingg1998,334,,,,0,- - - p a k ɨ - -,fall,
Chakobo-38_falldrop-2,,Chakobo,38_falldrop,poʂo,poʂo,p o ʂ o,,zingg1998,339,,,,0,p o ʂ o,overthrow,
Kakataibo-38_falldrop-1,,Kakataibo,38_falldrop,nipakɨ,nipakɨ,n i + p a k ɨ,,zariquiey2017,334,,,,0,n i + p a k ɨ - -,stand fall,
Kaxarari-38_falldrop-1,,Kaxarari,38_falldrop,kawa,kawa,k a w a,,couto2005,335,,,,0,k a w - - a,walk_over_something,
Kaxarari-38_falldrop-2,,Kaxarari,38_falldrop,wilo,wilo,w i l o,,couto2005,338,,,,0,w i l o,cross_over_something,
Mastanawa-38_falldrop-1,,Mastanawa,38_falldrop,paɨa,paɨa,p a ɨ a,,zariquiey2017,334,,,,0,- - - p a - ɨ a -,fall,
Chaninawa-38_falldrop-1,,Chaninawa,38_falldrop,pakɨ,pakɨ,p a k ɨ,,zariquiey2017,334,,,,0,- - - p a k ɨ - -,fall,
Sharanawa-38_falldrop-1,,Sharanawa,38_falldrop,pakɨ,pakɨ,p a k ɨ,,zariquiey2017,334,,,,0,- - - p a k ɨ - -,fall,
Amawaka-38_falldrop-1,,Amawaka,38_falldrop,pakɨʔɨ,pakɨʔɨ,p a k ɨ ʔ ɨ,,zariquiey2017,334,,,,0,- - - p a k ɨ ʔ ɨ,fall,
Nawa-38_falldrop-1,,Nawa,38_falldrop,pakɨ,pakɨ,p a k ɨ,,zariquiey2017,334,,,,0,- - - p a k ɨ - -,fall,
Marinawa-38_falldrop-1,,Marinawa,38_falldrop,pakɨ,pakɨ,p a k ɨ,,zariquiey2017,334,,,,0,- - - p a k ɨ - -,fall,
Yaminawa-38_falldrop-1,,Yaminawa,38_falldrop,paʔɨ,paʔɨ,p a ʔ ɨ,,zariquiey2017,334,,,,0,- - - p a ʔ ɨ - -,fall,
Kashinawa_P-38_falldrop-1,,Kashinawa_P,38_falldrop,kawana,kawana,k a w a n a,,zariquiey2017,335,,,,0,k a w a n a,walk_over_something,
Kashinawa_B-38_falldrop-1,,Kashinawa_B,38_falldrop,tinika,tinika,t i n i k a,,camargo1995,340,,,,0,t i n i k a,fall_together,
Matses-69_holdinhand-1,,Matses,69_holdinhand,sanan,sanan,s a n a n,,fleck2005,601,,,,0,s a n a n,hold/sanan,
Matis-69_holdinhand-1,,Matis,69_holdinhand,tɨdin,tɨdin,t ɨ d i n,,fleck2005,538,,,,0,t ɨ d i n,hold/tɨdin,
Marubo-69_holdinhand-1,,Marubo,69_holdinhand,tuin,tuin,t u i n,,fleck2005,598,,,,0,t u i n -,hold_in_hand,
Katukina-69_holdinhand-1,,Katukina,69_holdinhand,tuyna,tuina,t u i n a,,aguiar1994,598,,,,0,t u i n a,hold_in_hand,
Shipibo_Konibo-69_holdinhand-1,,Shipibo_Konibo,69_holdinhand,βi,tsoma,ts o m a,,fleck2005,597,,,,0,ts o m a,hold_in_hand,
Kapanawa-69_holdinhand-1,,Kapanawa,69_holdinhand,βi,tsoma,ts o m a,,loos1998,597,,,,0,ts o m a,hold_in_hand,
Shanenawa-69_holdinhand-1,,Shanenawa,69_holdinhand,tʃuma,tʃuma,tʃ u m a,,lanes2005,597,,,,0,tʃ u m a,hold_in_hand,
Iskonawa-69_holdinhand-1,,Iskonawa,69_holdinhand,achi,achi,a tʃ i,,zariquiey2017,596,,,,0,- a tʃ i,grap_animal,
Chakobo-69_holdinhand-1,,Chakobo,69_holdinhand,atʃa,atʃa,a tʃ a,,zingg1998,596,,,,0,- a tʃ a,grap_animal,
Kakataibo-69_holdinhand-1,,Kakataibo,69_holdinhand,tuin,βi,β i,,zariquiey2017,599,,,,0,β i,hold/βi,
Mastanawa-69_holdinhand-1,,Mastanawa,69_holdinhand,aʧi,aʧi,a tʃ i,,zariquiey2017,596,,,,0,- a tʃ i,grap_animal,
Chaninawa-69_holdinhand-1,,Chaninawa,69_holdinhand,t͡suba,t͡suba,ts u b a,,zariquiey2017,597,,,,0,ts u b a,hold_in_hand,
Sharanawa-69_holdinhand-1,,Sharanawa,69_holdinhand,t͡suba,t͡suba,ts u b a,,zariquiey2017,597,,,,0,ts u b a,hold_in_hand,
Amawaka-69_holdinhand-1,,Amawaka,69_holdinhand,at͡ʃi,at͡ʃi,a tʃ i,,zariquiey2017,596,,,,0,- a tʃ i,grap_animal,
Nawa-69_holdinhand-1,,Nawa,69_holdinhand,aʧi,aʧi,a tʃ i,,zariquiey2017,596,,,,0,- a tʃ i,grap_animal,
Marinawa-69_holdinhand-1,,Marinawa,69_holdinhand,jata,jata,j a t a,,zariquiey2017,212,,,,0,j a t a,hold/jata,
Yaminawa-69_holdinhand-1,,Yaminawa,69_holdinhand,aʧi,aʧi,a tʃ i,,zariquiey2017,596,,,,0,- a tʃ i,grap_animal,
Kashinawa_P-69_holdinhand-1,,Kashinawa_P,69_holdinhand,tsuma,tsuma,ts u m a,,zariquiey2017,597,,,,0,ts u m a,hold_in_hand,
Matses-55_give-1,,Matses,55_give,mene,mene,m e + n e,,fleck2005,496,,,,0,m e + n e,hand _ne,
Matis-55_give-1,,Matis,55_give,mene,mene,m e n e,,fleck2005,496,,,,0,m e - n e,hand _ne,
Marubo-55_give-1,,Marubo,55_give,ina,ina,i n a,,fleck2005,491,,,,0,- i n a -,give_at_hand,
Katukina-55_give-1,,Katukina,55_give,ina,ina,i n a,,aguiar1994,491,,,,0,- i n a -,give_at_hand,
Shipibo_Konibo-55_give-1,,Shipibo_Konibo,55_give,mɨni,mɨni,m ɨ n i,,fleck2005,496,,,,0,m ɨ - n i,hand _ni,
Kapanawa-55_give-1,,Kapanawa,55_give,inan,inan,i n a n,,loos1998,491,,,,0,- i n a n,give_at_hand,
Shanenawa-55_give-1,,Shanenawa,55_give,inan,inan,i n a n,,lanes2005,491,,,,0,- i n a n,give_at_hand,
Yawanawa-55_give-1,,Yawanawa,55_give,inan,inan,i n a n,,paula1992,491,,,,0,- i n a n,give_at_hand,
Poyanawa-55_give-1,,Poyanawa,55_give,inan,inan,i n a n,,paula1992,491,,,,0,- i n a n,give_at_hand,
Iskonawa-55_give-1,,Iskonawa,55_give,mini,mini,m i n i,,zariquiey2017,496,,,,0,m i - n i,hand _ni,
Iskonawa-55_give-2,,Iskonawa,55_give,inan,inan,i n a n,,zariquiey2017,491,,,,0,- i n a n,give_at_hand,
Chakobo-55_give-1,,Chakobo,55_give,mɨ,mɨ,m ɨ,,zingg1998,496,,,,0,m ɨ - - -,hand,
Kakataibo-55_give-1,,Kakataibo,55_give,ʔinan,ʔinan,ʔ i n a n,,zariquiey2017,491,,,,0,ʔ i n a n,give_at_hand,
Mastanawa-55_give-1,,Mastanawa,55_give,ina,ina,i n a,,zariquiey2017,491,,,,0,- i n a -,give_at_hand,
Chaninawa-55_give-1,,Chaninawa,55_give,inan,inan,i n a n,,zariquiey2017,491,,,,0,- i n a n,give_at_hand,
Sharanawa-55_give-1,,Sharanawa,55_give,inan,inan,i n a n,,zariquiey2017,491,,,,0,- i n a n,give_at_hand,
Amawaka-55_give-1,,Amawaka,55_give,ina,inan,i n a n,,zariquiey2017,491,,,,0,- i n a n,give_at_hand,
Nawa-55_give-1,,Nawa,55_give,ina,ina,i n a,,zariquiey2017,491,,,,0,- i n a -,give_at_hand,
Marinawa-55_give-1,,Marinawa,55_give,ina,ina,i n a,,zariquiey2017,491,,,,0,- i n a -,give_at_hand,
Yaminawa-55_give-1,,Yaminawa,55_give,biʔdi,bidi,b i d i,,zariquiey2017,496,,,,0,b i - d i,hand _ni,
Kashinawa_P-55_give-1,,Kashinawa_P,55_give,inan,inan,i n a n,,zariquiey2017,491,,,,0,- i n a n,give_at_hand,
Matses-102_pull-1,,Matses,102_pull,ʂɨkka,ʂɨkka,ʂ ɨ k + k a,,fleck2005,851,,,,0,ʂ ɨ k + k a,_-:suffix/ka,
Matis-102_pull-1,,Matis,102_pull,tɨkka,tɨkka,t ɨ k + k a,,fleck2005,851,,,,0,t ɨ k + k a,pull/tɨk _-:suffix/ka,
Marubo-102_pull-1,,Marubo,102_pull,tɨri,tɨri,t ɨ r i,,fleck2005,851,,,,0,t ɨ r i,pull/tɨk _ri,
Shipibo_Konibo-102_pull-1,,Shipibo_Konibo,102_pull,nini,nini,n i n i,,fleck2005,874,,,,0,n i n i,pull,
Kapanawa-102_pull-1,,Kapanawa,102_pull,nini,nini,n i n i,,loos1998,874,,,,0,n i n i,pull,
Arara-102_pull-1,,Arara,102_pull,nindi,nindi,n i ⁿd i,,cunha1993,874,,,,0,n i n d i,?,
Shanenawa-102_pull-1,,Shanenawa,102_pull,nini,nini,n i n i,,lanes2005,874,,,,0,n i n i,pull,
Yawanawa-102_pull-1,,Yawanawa,102_pull,nini,nini,n i n i,,paula1992,874,,,,0,n i n i,pull,
Iskonawa-102_pull-1,,Iskonawa,102_pull,ha ha ak,ha ha ak,h a + h a + a k,,zariquiey2017,879,,,,0,h a # h a # a k,ha ha do,
Chakobo-102_pull-1,,Chakobo,102_pull,nini,nini,n i n i,,zingg1998,874,,,,0,n i n i,pull,
Kakataibo-102_pull-1,,Kakataibo,102_pull,nini,nini,n i n i,,zariquiey2017,874,,,,0,n i n i,pull,
Kaxarari-102_pull-1,,Kaxarari,102_pull,waraha,waraha,w a r a h a,,couto2005,878,,,,0,w a r a h a,?,
Mastanawa-102_pull-1,,Mastanawa,102_pull,didi,didi,d i d i,,zariquiey2017,874,,,,0,d i d i,pull,
Chaninawa-102_pull-1,,Chaninawa,102_pull,didi,didi,d i d i,,zariquiey2017,874,,,,0,d i d i,pull,
Sharanawa-102_pull-1,,Sharanawa,102_pull,didi,didi,d i d i,,zariquiey2017,874,,,,0,d i d i,pull,
Amawaka-102_pull-1,,Amawaka,102_pull,nindi,nindi,n i ⁿd i,,zariquiey2017,874,,,,0,n i ⁿd i,pull,
Nawa-102_pull-1,,Nawa,102_pull,didi,didi,d i d i,,zariquiey2017,874,,,,0,d i d i,pull,
Marinawa-102_pull-1,,Marinawa,102_pull,dindi,dindi,d i ⁿd i,,zariquiey2017,874,,,,0,d i ⁿd i,pull,
Yaminawa-102_pull-1,,Yaminawa,102_pull,didi,didi,d i d i,,zariquiey2017,874,,,,0,d i d i,pull,
Kashinawa_P-102_pull-1,,Kashinawa_P,102_pull,nini,nini,n i n i,,zariquiey2017,874,,,,0,n i n i,pull,
Kashinawa_B-102_pull-1,,Kashinawa_B,102_pull,nini,nini,n i n i,,camargo1995,874,,,,0,n i n i,pull,
Matses-103_push-1,,Matses,103_push,tsikunne,tsikunne,ts i k u n n e,,fleck2005,832,,,,0,ts i k u n n e,back push/kune,
Matis-103_push-1,,Matis,103_push,kune,kune,k u n e,,fleck2005,832,,,,0,k u n e,push/kune,
Marubo-103_push-1,,Marubo,103_push,masta,masta,m a s t a,,fleck2005,889,,,,0,m a s t a,push/masta,
Katukina-103_push-1,,Katukina,103_push,xutu,xutu,x/ʂ u t u,,aguiar1994,884,,,,0,x u t u -,push/xutu,
Shipibo_Konibo-103_push-1,,Shipibo_Konibo,103_push,ʂutun,ʂutun,ʂ u t u n,,fleck2005,884,,,,0,ʂ u t u n,push/ʂutun,
Kapanawa-103_push-1,,Kapanawa,103_push,wɨra,wɨra,w ɨ r a n,,loos1998,886,,,,0,w ɨ r a n,push/wɨran,
Kapanawa-103_push-2,,Kapanawa,103_push,ʂutun,ʂutun,ʂ u t u n,,loos1998,884,,,,0,ʂ u t u n,push/ʂutun,
Shanenawa-103_push-1,,Shanenawa,103_push,pakɨ,pakɨ,p a k ɨ,,lanes2005,883,,,,0,p a k ɨ,fall,
Yawanawa-103_push-1,,Yawanawa,103_push,tsiki,tsiki,ts i k i,,paula1992,883,,,,0,ts i k i,back _ki,
Iskonawa-103_push-1,,Iskonawa,103_push,tɨtu,tɨtu,t ɨ t u,,zariquiey2017,887,,,,0,t ɨ t u,push/tɨtu,
Chakobo-103_push-1,,Chakobo,103_push,tʃima,tʃima,tʃ i m a,,zingg1998,891,,,,0,tʃ i m a,push/tʃima,
Kakataibo-103_push-1,,Kakataibo,103_push,tʃatʃi,tʃatʃi,tʃ a tʃ i,,zariquiey2017,887,,,,0,tʃ a tʃ i,push/tʃatʃi,
Kaxarari-103_push-1,,Kaxarari,103_push,kuita,kuita,k u i t a,,couto2005,890,,,,0,k u i t a,push/kuita,
Mastanawa-103_push-1,,Mastanawa,103_push,pɨʂu,pɨʂu,p ɨ ʂ u,,zariquiey2017,883,,,,0,p ɨ ʂ u,push/pɨʂu,
Chaninawa-103_push-1,,Chaninawa,103_push,pɨt͡sikidi,pɨt͡si,p ɨ ts i,,zariquiey2017,883,,,,0,p ɨ ts i,push/pɨtsi,
Sharanawa-103_push-1,,Sharanawa,103_push,pɨt͡sikidi,pɨt͡si,p ɨ ts i,,zariquiey2017,883,,,,0,p ɨ ts i,push/pɨtsi,
Amawaka-103_push-1,,Amawaka,103_push,mɨɾa,wɨɾan,w ɨ ɾ a n,,zariquiey2017,886,,,,0,w ɨ ɾ a n,push/wɨɾan,
Nawa-103_push-1,,Nawa,103_push,pɨtsi,pɨtsi,p ɨ ts i,,zariquiey2017,883,,,,0,p ɨ ts i,push/pɨtsi,
Marinawa-103_push-1,,Marinawa,103_push,pɨtsikɨdi,pɨtsi,p ɨ ts i,,zariquiey2017,883,,,,0,p ɨ ts i,push/pɨtsi,
Yaminawa-103_push-1,,Yaminawa,103_push,pɨʂɨ,pɨʂɨ,p ɨ ʂ ɨ,,zariquiey2017,883,,,,0,p ɨ ʂ ɨ,push/pɨʂɨ,
Kashinawa_P-103_push-1,,Kashinawa_P,103_push,ʂutu,ʂutu,ʂ u t u,,zariquiey2017,884,,,,0,ʂ u t u -,push/ʂutu,
Matses-157_turnintrv-1,,Matses,157_turnintrv,βidiad,βidiad,β i d i a d,,fleck2005,1345,,,,0,β i d i a d,turn/bidi _diad,
Matis-157_turnintrv-1,,Matis,157_turnintrv,βidikiakɨd,βidikiakɨd,β i d i + k i a + k ɨ d,,fleck2005,1345,,,,0,β i d i - - + k i a + k ɨ d,turn/bidi kia kɨd,
Marubo-157_turnintrv-1,,Marubo,157_turnintrv,βɨsukɨ,βɨsukɨ,β ɨ s u k ɨ,,fleck2005,1016,,,,0,β ɨ s u k ɨ,face _su _kɨ,
Katukina-157_turnintrv-1,,Katukina,157_turnintrv,hiku,hiku,h i k u,,aguiar1994,1354,,,,0,h i k u,?,
Shipibo_Konibo-157_turnintrv-1,,Shipibo_Konibo,157_turnintrv,raβɨ,raβɨ,r a β ɨ,,fleck2005,1343,,,,0,r a β - - ɨ,turn/ɾaβɨ,
Kapanawa-157_turnintrv-1,,Kapanawa,157_turnintrv,raβɨ,raβɨ,r a β ɨ,,loos1998,1343,,,,0,r a β - - ɨ,turn/ɾaβɨ,
Arara-157_turnintrv-1,,Arara,157_turnintrv,ua,ua,u a,,cunha1993,1350,,,,0,u a,?,
Yawanawa-157_turnintrv-1,,Yawanawa,157_turnintrv,nitã,nitã,n i t ã,,paula1992,1351,,,,0,n i t ã,?,
Iskonawa-157_turnintrv-1,,Iskonawa,157_turnintrv,maja,maja,m a j a,,zariquiey2017,1349,,,,0,m a j a,turn/maja,
Chakobo-157_turnintrv-1,,Chakobo,157_turnintrv,βupi,βupi,β u p i,,zingg1998,1356,,,,0,β u p i,turn/βupi,
Kakataibo-157_turnintrv-1,,Kakataibo,157_turnintrv,kwanankɨ,raβɨ,r a β ɨ,,zariquiey2017,1348,,,,0,r a β - - ɨ,turn/ɾaβɨ,
Kaxarari-157_turnintrv-1,,Kaxarari,157_turnintrv,pu,pu,p u,,couto2005,1353,,,,0,p u,?,
Mastanawa-157_turnintrv-1,,Mastanawa,157_turnintrv,ɸuswakaw,ɾaɸɨ,ɸ u sʷ a k a w,,zariquiey2017,1346,,,,0,ɸ u sʷ a k a w,turn/ɾaβɨ,
Chaninawa-157_turnintrv-1,,Chaninawa,157_turnintrv,ɾaɸɨ,ɾaɸɨ,ɾ a ɸ ɨ,,zariquiey2017,1343,,,,0,ɾ a ɸ - - ɨ,turn/ɾaɸɨ,
Sharanawa-157_turnintrv-1,,Sharanawa,157_turnintrv,ɾaɸɨ,ɾaɸɨ,ɾ a ɸ ɨ,,zariquiey2017,1343,,,,0,ɾ a ɸ - - ɨ,turn/ɾaβɨ,
Amawaka-157_turnintrv-1,,Amawaka,157_turnintrv,huʔi,maja,m a j a,,zariquiey2017,443,,,,0,m a j a,turn/maja,
Nawa-157_turnintrv-1,,Nawa,157_turnintrv,ũnwĩ,ɾaɸɨ,ɾ a ɸ ɨ,,zariquiey2017,1343,,,,0,ɾ a ɸ - - ɨ,turn/ɾaβɨ,
Marinawa-157_turnintrv-1,,Marinawa,157_turnintrv,ɾaɸɨ,ɾaɸɨ,ɾ a ɸ ɨ,,zariquiey2017,1343,,,,0,ɾ a ɸ - - ɨ,turn/ɾaβɨ,
Yaminawa-157_turnintrv-1,,Yaminawa,157_turnintrv,lawɨ,lawɨ,l a w ɨ,,zariquiey2017,1343,,,,0,l a w - - ɨ,turn/ɾaβɨ,
Kashinawa_P-157_turnintrv-1,,Kashinawa_P,157_turnintrv,daβɨkɨ,daβɨkɨ,d a β ɨ k ɨ,,zariquiey2017,1343,,,,0,d a β ɨ k ɨ,turn/ɾaβɨ,
Kashinawa_B-157_turnintrv-1,,Kashinawa_B,157_turnintrv,anuhu,anuhu,a n u h u,,camargo1995,1347,,,,0,a n u h u,?,
Matses-152_throw-1,,Matses,152_throw,ne,ne,n e,,fleck2005,1316,,,,0,n e ( - ),introduce,
Matis-152_throw-1,,Matis,152_throw,ne,ne,n e,,fleck2005,1316,,,,0,n e ( - ),introduce,
Marubo-152_throw-1,,Marubo,152_throw,untʃi,untʃi,u n tʃ i,,fleck2005,1320,,,,0,u n tʃ i,?,
Shipibo_Konibo-152_throw-1,,Shipibo_Konibo,152_throw,puta,puta,p u t a,,fleck2005,1314,,,,0,p u - t a,throw_away,
Kapanawa-152_throw-1,,Kapanawa,152_throw,tsaka,tsaka,ts a k a,,loos1998,1315,,,,0,ts a k a,throw_to_someone,
Shanenawa-152_throw-1,,Shanenawa,152_throw,puta,puta,p u t a,,lanes2005,1314,,,,0,p u - t a,throw_away,
Yawanawa-152_throw-1,,Yawanawa,152_throw,puta,puta,p u t a,,paula1992,1314,,,,0,p u - t a,throw_away,
Poyanawa-152_throw-1,,Poyanawa,152_throw,puta,puta,p u t a,,paula1992,1314,,,,0,p u - t a,throw_away,
Iskonawa-152_throw-1,,Iskonawa,152_throw,miɾi,miɾi,m i ɾ i,,zariquiey2017,1318,,,,0,m i ɾ i,?,
Chakobo-152_throw-1,,Chakobo,152_throw,nia,nia,n i a,,zingg1998,1316,,,,0,n i ( a ),introduce,
Kakataibo-152_throw-1,,Kakataibo,152_throw,pu,niti,n i,,zariquiey2017,1316,,,,0,n i ( - ),throw_away,
Kaxarari-152_throw-1,,Kaxarari,152_throw,nial,nia,n i a,,couto2005,1316,,,,0,n i ( a ),introduce,
Mastanawa-152_throw-1,,Mastanawa,152_throw,puta,puta,p u t a,,zariquiey2017,1314,,,,0,p u - t a,throw_away,
Mastanawa-152_throw-2,,Mastanawa,152_throw,tsaka,tsaka,ts a k a,,zariquiey2017,1315,,,,0,ts a k a,throw_to_someone,
Chaninawa-152_throw-1,,Chaninawa,152_throw,t͡saka,t͡saka,ts a k a,,zariquiey2017,1315,,,,0,ts a k a,throw_to_someone,
Sharanawa-152_throw-1,,Sharanawa,152_throw,puta,puta,p u t a,,zariquiey2017,1314,,,,0,p u - t a,throw_away,
Amawaka-152_throw-1,,Amawaka,152_throw,t͡saka,t͡saka,ts a k a,,zariquiey2017,1315,,,,0,ts a k a,throw_to_someone,
Nawa-152_throw-1,,Nawa,152_throw,puta,puta,p u t a,,zariquiey2017,1314,,,,0,p u - t a,throw_away,
Marinawa-152_throw-1,,Marinawa,152_throw,puta,puta,p u t a,,zariquiey2017,1314,,,,0,p u - t a,throw_away,
Yaminawa-152_throw-1,,Yaminawa,152_throw,puʔta,puʔta,p u ʔ t a,,zariquiey2017,1314,,,,0,p u ʔ t a,throw_away,
Yaminawa-152_throw-2,,Yaminawa,152_throw,tsaʔa,tsaʔa,ts a ʔ a,,zariquiey2017,1315,,,,0,ts a ʔ a,throw_to_someone/tsaka,
Kashinawa_P-152_throw-1,,Kashinawa_P,152_throw,puta,puta,p u t a,,zariquiey2017,1314,,,,0,p u - t a,throw_away,
Kashinawa_P-152_throw-2,,Kashinawa_P,152_throw,tsaka,tsaka,ts a k a,,zariquiey2017,1315,,,,0,ts a k a,throw_to_someone,
Matses-101_play-1,,Matses,101_play,mamɨn,mamɨn,m a m ɨ n,,fleck2005,867,,,,0,m a m ɨ n,play/mamɨn,
Matis-101_play-1,,Matis,101_play,tʃuke,tʃuke,tʃ u k e,,fleck2005,868,,,,0,tʃ u k e,play/tʃuke,
Marubo-101_play-1,,Marubo,101_play,wɨsia,wɨsia,w ɨ s i a,,fleck2005,869,,,,0,w ɨ s i a,play/wɨsia,
Marubo-101_play-2,,Marubo,101_play,usan,usan,u s a n,,fleck2005,864,,,,0,u s a n,laugh,
Shipibo_Konibo-101_play-1,,Shipibo_Konibo,101_play,tsini,tsini,ts i n i,,fleck2005,866,,,,0,ts i n i,play/tsini,
Kapanawa-101_play-1,,Kapanawa,101_play,ʃiru,ʃiru,ʃ i r u,,loos1998,1064,,,,0,ʃ i r u,play/ʃiru,
Arara-101_play-1,,Arara,101_play,ʃuʃui,ʃuʃui,ʃ u ʃ u i,,cunha1993,862,,,,0,ʃ u ʃ u i,?,
Shanenawa-101_play-1,,Shanenawa,101_play,ʂuʂu,ʂuʂu,ʂ u ʂ u,,lanes2005,862,,,,0,ʂ u ʂ u,play/ʂuʂu,
Yawanawa-101_play-1,,Yawanawa,101_play,ʃuʃu,ʃuʃu,ʂ u ʂ u,,paula1992,862,,,,0,ʂ u ʂ u,play/ʂuʂu,
Iskonawa-101_play-1,,Iskonawa,101_play,mɨka,mɨka,m ɨ k a,,zariquiey2017,863,,,,0,m ɨ k a,hand _ka,
Chakobo-101_play-1,,Chakobo,101_play,kaʂa,kaʂa,k a ʂ a,,zingg1998,861,,,,0,k a ʂ a,play/kaʂa,
Kakataibo-101_play-1,,Kakataibo,101_play,kwai,kwai,kʷ a j,,zariquiey2017,809,,,,0,kʷ a - i,play/laugh,
Mastanawa-101_play-1,,Mastanawa,101_play,kaʂɨ,kaʂɨ,k a ʂ ɨ,,zariquiey2017,861,,,,0,k a ʂ ɨ,play/kaʂɨ,
Chaninawa-101_play-1,,Chaninawa,101_play,kaʂɨ,kaʂɨ,k a ʂ ɨ,,zariquiey2017,861,,,,0,k a ʂ ɨ,play/kaʂɨ,
Sharanawa-101_play-1,,Sharanawa,101_play,kaʂɨ,kaʂɨ,k a ʂ ɨ,,zariquiey2017,861,,,,0,k a ʂ ɨ,play/kaʂɨ,
Amawaka-101_play-1,,Amawaka,101_play,mɨka,mɨka,m ɨ k a,,zariquiey2017,863,,,,0,m ɨ k a,hand _ka,
Nawa-101_play-1,,Nawa,101_play,kaʂɨ,kaʂɨ,k a ʂ ɨ,,zariquiey2017,861,,,,0,k a ʂ ɨ,play/kaʂɨ,
Marinawa-101_play-1,,Marinawa,101_play,kaʂɨ,kaʂɨ,k a ʂ ɨ,,zariquiey2017,861,,,,0,k a ʂ ɨ,play/kaʂɨ,
Yaminawa-101_play-1,,Yaminawa,101_play,kaʂɨ,kaʂɨ,k a ʂ ɨ,,zariquiey2017,861,,,,0,k a ʂ ɨ,play/kaʂɨ,
Yaminawa-101_play-2,,Yaminawa,101_play,ʂuʂu,ʂuʂu,ʂ u ʂ u,,zariquiey2017,862,,,,0,ʂ u ʂ u,play/ʂuʂu,
Kashinawa_P-101_play-1,,Kashinawa_P,101_play,βɨjusa,βɨjusa,β ɨ j u s a,,zariquiey2017,870,,,,0,β ɨ j u s a,play/βɨjusa,
Matses-162_wash-1,,Matses,162_wash,pan,pan,p a n,,fleck2005,1158,,,,0,- - p a n,wash/pan,
Matis-162_wash-1,,Matis,162_wash,ʃik,ʃik,ʃ i k,,fleck2005,1389,,,,0,ʃ i k,wash/ʃik,
Marubo-162_wash-1,,Marubo,162_wash,tʃaka,tʃaka,tʃ a k a,,fleck2005,1384,,,,0,tʃ a k a,wash,
Katukina-162_wash-1,,Katukina,162_wash,txua,txua,ʈʂ u a,,aguiar1994,1384,,,,0,ʈʂ u - a,wash,
Shipibo_Konibo-162_wash-1,,Shipibo_Konibo,162_wash,patsa,patsa,p a ts a,,fleck2005,1383,,,,0,p a ts a -,wash_clothes_beating,
Kapanawa-162_wash-1,,Kapanawa,162_wash,dapan,dapan,d a p a n,,loos1998,1105,,,,0,d a p a n,?,
Kapanawa-162_wash-2,,Kapanawa,162_wash,patsa,patsa,p a ts a,,loos1998,1383,,,,0,p a ts a -,wash_clothes_beating,
Arara-162_wash-1,,Arara,162_wash,pãsa,pãsa,p ã s a,,cunha1993,1383,,,,0,p ã s - a - - - - -,?,
Shanenawa-162_wash-1,,Shanenawa,162_wash,tʃuka,tʃuka,tʃ u k a,,lanes2005,1384,,,,0,tʃ u k a,wash,
Yawanawa-162_wash-1,,Yawanawa,162_wash,tʃuka,tʃuka,tʃ u k a,,paula1992,1384,,,,0,tʃ u k a,wash,
Poyanawa-162_wash-1,,Poyanawa,162_wash,ʧuki,ʧuki,tʃ u k i,,paula1992,1384,,,,0,tʃ u k i,wash,
Iskonawa-162_wash-1,,Iskonawa,162_wash,ʧuka,ʧuka,tʃ u k a,,zariquiey2017,1384,,,,0,tʃ u k a,wash,
Chakobo-162_wash-1,,Chakobo,162_wash,tʃuku,tʃuku,tʃ u k u,,zingg1998,1384,,,,0,tʃ u k u,wash,
Pakawara-162_wash-1,,Pakawara,162_wash,aʃi,aʃi,a ʃ i,,key2000,1383,,,,0,a ʃ i,?,
Kakataibo-162_wash-1,,Kakataibo,162_wash,tʃuka,tʃuka,tʃ u k a,,zariquiey2017,1384,,,,0,tʃ u k a,wash,
Kaxarari-162_wash-1,,Kaxarari,162_wash,palo,palo,p a l o,,couto2005,1386,,,,0,p a l o,?,
Mastanawa-162_wash-1,,Mastanawa,162_wash,patsa,patsa,p a ts a,,zariquiey2017,1383,,,,0,p a ts a -,wash_clothes_beating,
Chaninawa-162_wash-1,,Chaninawa,162_wash,pat͡san,pat͡san,p a ts a n,,zariquiey2017,1383,,,,0,p a ts a n,wash_clothes_beating,
Sharanawa-162_wash-1,,Sharanawa,162_wash,t͡ʃuka,t͡ʃuka,tʃ u k a,,zariquiey2017,1384,,,,0,tʃ u k a,wash,
Sharanawa-162_wash-2,,Sharanawa,162_wash,pat͡san,pat͡san,p a ts a n,,zariquiey2017,1383,,,,0,p a ts a n,wash_clothes_beating,
Amawaka-162_wash-1,,Amawaka,162_wash,pat͡san,pat͡san,p a ts a n,,zariquiey2017,1383,,,,0,p a ts a n,wash_clothes_beating,
Nawa-162_wash-1,,Nawa,162_wash,patsaj,patsa,p a ts a,,zariquiey2017,1383,,,,0,p a ts a -,wash_clothes_beating,
Nawa-162_wash-2,,Nawa,162_wash,ʧuka,ʧuka,tʃ u k a,,zariquiey2017,1384,,,,0,tʃ u k a,wash,
Marinawa-162_wash-1,,Marinawa,162_wash,patsaj,patsa,p a ts a,,zariquiey2017,1383,,,,0,p a ts a -,wash_clothes_beating,
Marinawa-162_wash-2,,Marinawa,162_wash,ʧukaj,ʧuka,tʃ u k a,,zariquiey2017,1384,,,,0,tʃ u k a,wash,
Yaminawa-162_wash-1,,Yaminawa,162_wash,patsa,patsa,p a ts a,,zariquiey2017,1383,,,,0,p a ts a -,wash_clothes_beating,
Kashinawa_P-162_wash-1,,Kashinawa_P,162_wash,patsa,patsa,p a ts a,,zariquiey2017,1383,,,,0,p a ts a -,wash_clothes_beating,
Matses-175_wipe-1,,Matses,175_wipe,uk,uk,u k,,fleck2005,1489,,,,0,u k,wipe,
Matis-175_wipe-1,,Matis,175_wipe,uk,uk,u k,,fleck2005,1489,,,,0,u k,wipe,
Marubo-175_wipe-1,,Marubo,175_wipe,tuʃku,tuʃku,t u ʃ + k u,,fleck2005,1490,,,,0,t u ʃ + k u,wipe _ku,
Katukina-175_wipe-1,,Katukina,175_wipe,matxi,matxi,m a ʈʂ i,,aguiar1994,1491,,,,0,m a ʈʂ i,?,
Katukina-175_wipe-2,,Katukina,175_wipe,rini,rini,r i n i,,aguiar1994,1492,,,,0,r i n i,?,
Shipibo_Konibo-175_wipe-1,,Shipibo_Konibo,175_wipe,sua,sua,s u a,,fleck2005,1487,,,,0,s u a,clean/sua,
Kapanawa-175_wipe-1,,Kapanawa,175_wipe,wasa,wasa,w a s a,,loos1998,1626,,,,0,w a s a,?,
Kapanawa-175_wipe-2,,Kapanawa,175_wipe,sua,sua,s u a,,loos1998,1487,,,,0,s u a,clean/sua,
Iskonawa-175_wipe-1,,Iskonawa,175_wipe,sua,sua,s u a,,zariquiey2017,1487,,,,0,s u a,clean/sua,
Chakobo-175_wipe-1,,Chakobo,175_wipe,sinu,sinu,s i n u,,zingg1998,1498,,,,0,s i n u,?,
Chakobo-175_wipe-2,,Chakobo,175_wipe,masa,masa,m a s a,,zingg1998,1491,,,,0,m a s a,?,
Kakataibo-175_wipe-1,,Kakataibo,175_wipe,tɨrɨn,tɨrɨn,t ɨ r ɨ n,,zariquiey2017,1486,,,,0,t ɨ r ɨ - n -,dry_with_cloth,
Mastanawa-175_wipe-1,,Mastanawa,175_wipe,tɨɾɨa,tɨɾɨa,t ɨ ɾ ɨ a,,zariquiey2017,1486,,,,0,t ɨ ɾ ɨ - - a,dry_with_cloth,
Chaninawa-175_wipe-1,,Chaninawa,175_wipe,t͡ʃuka,t͡ʃuka,tʃ u k a,,zariquiey2017,1160,,,,0,tʃ u k a,wash,
Sharanawa-175_wipe-1,,Sharanawa,175_wipe,tɨɾɨa,tɨɾɨa,t ɨ ɾ ɨ a,,zariquiey2017,1486,,,,0,t ɨ ɾ ɨ - - a,dry_with_cloth,
Amawaka-175_wipe-1,,Amawaka,175_wipe,mat͡su,mat͡su,m a ts u,,zariquiey2017,1491,,,,0,m a ts u,?,
Nawa-175_wipe-1,,Nawa,175_wipe,ʂaɾa,ʂaɾa,ʂ a ɾ a,,zariquiey2017,1488,,,,0,ʂ a ɾ - - a,good,
Marinawa-175_wipe-1,,Marinawa,175_wipe,tɨɾɨaki,tɨɾɨaki,t ɨ ɾ ɨ a k i,,zariquiey2017,1486,,,,0,t ɨ ɾ ɨ a k i,dry_with_cloth,
Yaminawa-175_wipe-1,,Yaminawa,175_wipe,ʃaɾawa,ʃaɾawa,ʃ a ɾ a w a,,zariquiey2017,1488,,,,0,ʃ a ɾ a w a,good _wa,
Kashinawa_P-175_wipe-1,,Kashinawa_P,175_wipe,jinkɨwa,jinkɨwa,j i n k ɨ w a,,zariquiey2017,1500,,,,0,j i n k ɨ w a,?,
Matses-111_rub-1,,Matses,111_rub,da-ʂun,daʂun,d a ʂ u n,,fleck2005,949,,,,0,d a ʂ u n,?,
Matis-111_rub-1,,Matis,111_rub,tɨkɨka,tɨkɨka,t ɨ k ɨ + k a,,fleck2005,1587,,,,0,t ɨ k ɨ + k a,rub _-:suffix/ka,
Marubo-111_rub-1,,Marubo,111_rub,tuʃku,tuʃku,t u ʃ + k u,,fleck2005,1586,,,,0,t u ʃ + k u,wipe ku,
Shipibo_Konibo-111_rub-1,,Shipibo_Konibo,111_rub,ʂɨyu,ʂɨyu,ʂ ɨ j u,,fleck2005,944,,,,0,ʂ ɨ j u,?,
Kapanawa-111_rub-1,,Kapanawa,111_rub,tuyu,tuyu,t u j u,,loos1998,944,,,,0,t u j u,?,
Kapanawa-111_rub-2,,Kapanawa,111_rub,rɨnkɨ,rɨnkɨ,r ɨ n k ɨ,,loos1998,1172,,,,0,r ɨ n k ɨ,?,
Poyanawa-111_rub-1,,Poyanawa,111_rub,haki,haki,h a k i,,paula1992,948,,,,0,h a k i,?,
Chakobo-111_rub-1,,Chakobo,111_rub,sinu,sinu,s i n u,,zingg1998,953,,,,0,s i n u,rub/sinu,
Chakobo-111_rub-2,,Chakobo,111_rub,masa,masa,m a s a,,zingg1998,946,,,,0,m a s a,rub/masa,
Kakataibo-111_rub-1,,Kakataibo,111_rub,tʃɨka,tʃɨka,tʃ ɨ k a,,zariquiey2017,945,,,,0,tʃ ɨ k a,?,
Mastanawa-111_rub-1,,Mastanawa,111_rub,tɨɾɨa,tɨɾɨa,t ɨ ɾ ɨ a,,zariquiey2017,943,,,,0,t ɨ ɾ - ɨ - a,rub/tɨɾɨ,
Chaninawa-111_rub-1,,Chaninawa,111_rub,ɸiʃkia,ɸiʃkia,ɸ i ʃ k i a,,zariquiey2017,952,,,,0,ɸ i ʃ k i a,?,
Sharanawa-111_rub-1,,Sharanawa,111_rub,tɨɾɨa,tɨɾɨa,t ɨ ɾ ɨ a,,zariquiey2017,943,,,,0,t ɨ ɾ - ɨ - a,rub/tɨɾɨ,
Amawaka-111_rub-1,,Amawaka,111_rub,tɨɾɨki,tɨɾɨki,t ɨ ɾ ɨ k i,,zariquiey2017,943,,,,0,t ɨ ɾ - ɨ k i,rub/tɨɾɨ _ki,
Nawa-111_rub-1,,Nawa,111_rub,tɨɾaki,tɨɾaki,t ɨ ɾ a k i,,zariquiey2017,943,,,,0,t ɨ ɾ - a k i,rub/tɨɾɨ,
Marinawa-111_rub-1,,Marinawa,111_rub,tɨɾɨaki,tɨɾɨaki,t ɨ ɾ ɨ a k i,,zariquiey2017,943,,,,0,t ɨ ɾ ɨ a k i,rub/tɨɾɨ,
Yaminawa-111_rub-1,,Yaminawa,111_rub,lɨjuwi,lɨjuwi,l ɨ j u w i,,zariquiey2017,1585,,,,0,l ɨ j u w i,?,
Kashinawa_P-111_rub-1,,Kashinawa_P,111_rub,huʂwa,huʂwa,h u ʂʷ a,,zariquiey2017,950,,,,0,h u ʂʷ a,?,
Matses-22_countverb-1,,Matses,22_countverb,tan,tan,t a n,,fleck2005,184,,,,0,t a n,measure _wa,
Marubo-22_countverb-1,,Marubo,22_countverb,tana,tana,t a n a,,fleck2005,184,,,,0,t a n a - -,measure _wa,
Katukina-22_countverb-1,,Katukina,22_countverb,katse,katse,k a ts e,,aguiar1994,188,,,,0,k a ts e,?,
Shipibo_Konibo-22_countverb-1,,Shipibo_Konibo,22_countverb,tupun,tupun,t u p u n,,fleck2005,446,,,,0,t u p u n,count,
Kapanawa-22_countverb-1,,Kapanawa,22_countverb,tupun,tupun,t u p u n,,loos1998,445,,,,0,t u p u n,count,
Iskonawa-22_countverb-1,,Iskonawa,22_countverb,tupun,tupun,t u p u n,,zariquiey2017,275,,,,0,t u p u n,count,
Chakobo-22_countverb-1,,Chakobo,22_countverb,tuka,tuka,t u k a,,zingg1998,192,,,,0,t u k a,?,
Kakataibo-22_countverb-1,,Kakataibo,22_countverb,tupu,tupu,t u p u,,zariquiey2017,311,,,,0,t u p u -,count,
Mastanawa-22_countverb-1,,Mastanawa,22_countverb,tanaɸa,tanaɸa,t a n a ɸ a,,zariquiey2017,184,,,,0,t a n a ɸ a,measure _wa,
Chaninawa-22_countverb-1,,Chaninawa,22_countverb,tanawa,tanawa,t a n a w a,,zariquiey2017,184,,,,0,t a n a w a,measure _wa,
Sharanawa-22_countverb-1,,Sharanawa,22_countverb,tanawa,tanawa,t a n a w a,,zariquiey2017,184,,,,0,t a n a w a,measure _wa,
Amawaka-22_countverb-1,,Amawaka,22_countverb,tanan,tanan,t a n a n,,zariquiey2017,184,,,,0,t a n a n -,measure,
Nawa-22_countverb-1,,Nawa,22_countverb,tanawaj,tanawa,t a n a w a,,zariquiey2017,184,,,,0,t a n a w a,measure _wa,
Marinawa-22_countverb-1,,Marinawa,22_countverb,tana,tana,t a n a,,zariquiey2017,184,,,,0,t a n a - -,measure _wa,
Yaminawa-22_countverb-1,,Yaminawa,22_countverb,adɨ,adɨ,a d ɨ,,zariquiey2017,186,,,,0,a d ɨ,?,
Kashinawa_P-22_countverb-1,,Kashinawa_P,22_countverb,tana,tana,t a n a,,zariquiey2017,184,,,,0,t a n a - -,measure,
Matses-73_kill-1,,Matses,73_kill,ak,ak,a k,,fleck2005,639,,,,0,a k,do,
Matis-73_kill-1,,Matis,73_kill,ak,ak,a k,,fleck2005,639,,,,0,a k,do,
Marubo-73_kill-1,,Marubo,73_kill,jamama,jamama,j a m a m a,,fleck2005,645,,,,0,j a m a m a,?,
Katukina-73_kill-1,,Katukina,73_kill,atan,atan,a t a n,,aguiar1994,646,,,,0,a t a n,do _tan,
Katukina-73_kill-2,,Katukina,73_kill,maki,maki,m a k i,,aguiar1994,552,,,,0,m a k i,head _ki,
Shipibo_Konibo-73_kill-1,,Shipibo_Konibo,73_kill,rɨtɨ,rɨtɨ,r ɨ t ɨ,,fleck2005,638,,,,0,r ɨ t ɨ,kill,
Kapanawa-73_kill-1,,Kapanawa,73_kill,rɨtɨ,rɨtɨ,r ɨ t ɨ,,loos1998,638,,,,0,r ɨ t ɨ,kill,
Arara-73_kill-1,,Arara,73_kill,rɨtɨ,rɨtɨ,r ɨ t ɨ,,cunha1993,638,,,,0,r ɨ t ɨ -,?,
Shanenawa-73_kill-1,,Shanenawa,73_kill,rɨtɨ,rɨtɨ,r ɨ t ɨ,,lanes2005,638,,,,0,r ɨ t ɨ,kill,
Yawanawa-73_kill-1,,Yawanawa,73_kill,rɨtɨ,rɨtɨ,r ɨ t ɨ,,paula1992,638,,,,0,r ɨ t ɨ,kill,
Nukini-73_kill-1,,Nukini,73_kill,rɨtɨ,rɨtɨ,r ɨ t ɨ,,aguiar2004,638,,,,0,r ɨ t ɨ,kill,
Poyanawa-73_kill-1,,Poyanawa,73_kill,kuja,kuja,k u j a,,paula1992,644,,,,0,k u j a,?,
Iskonawa-73_kill-1,,Iskonawa,73_kill,marɨ,marɨ,m a + r ɨ,,zariquiey2017,638,,,,0,m a + r ɨ - -,head kill,
Chakobo-73_kill-1,,Chakobo,73_kill,kaka,kaka,k a k a,,zingg1998,639,,,,0,k a k a,?,
Chakobo-73_kill-2,,Chakobo,73_kill,tɨpas,tɨpas,t ɨ p a s,,zingg1998,550,,,,0,t ɨ p a s,?,
Pakawara-73_kill-1,,Pakawara,73_kill,aha,aha,a h a,,key2000,639,,,,0,a h a,do _ha,
Kakataibo-73_kill-1,,Kakataibo,73_kill,rɨ,rɨ,r ɨ,,zariquiey2017,638,,,,0,r ɨ - -,kill,
Kaxarari-73_kill-1,,Kaxarari,73_kill,?a,ʔa,ʔ a,,couto2005,639,,,,0,- ʔ a,do,
Mastanawa-73_kill-1,,Mastanawa,73_kill,ɾɨtɨ,ɾɨtɨ,ɾ ɨ t ɨ,,zariquiey2017,638,,,,0,ɾ ɨ t ɨ,kill,
Chaninawa-73_kill-1,,Chaninawa,73_kill,ɾɨtɨ,ɾɨtɨ,ɾ ɨ t ɨ,,zariquiey2017,638,,,,0,ɾ ɨ t ɨ,kill,
Sharanawa-73_kill-1,,Sharanawa,73_kill,ɾɨtɨ,ɾɨtɨ,ɾ ɨ t ɨ,,zariquiey2017,638,,,,0,ɾ ɨ t ɨ,kill,
Amawaka-73_kill-1,,Amawaka,73_kill,ɾɨtɨ,ɾɨtɨ,ɾ ɨ t ɨ,,zariquiey2017,638,,,,0,ɾ ɨ t ɨ,kill,
Nawa-73_kill-1,,Nawa,73_kill,ɾɨtɨj,ɾɨtɨ,ɾ ɨ t ɨ,,zariquiey2017,638,,,,0,ɾ ɨ t ɨ,kill,
Marinawa-73_kill-1,,Marinawa,73_kill,ɾɨtɨ,ɾɨtɨ,ɾ ɨ t ɨ,,zariquiey2017,638,,,,0,ɾ ɨ t ɨ,kill,
Yaminawa-73_kill-1,,Yaminawa,73_kill,ɾɨtɨ,ɾɨtɨ,ɾ ɨ t ɨ,,zariquiey2017,638,,,,0,ɾ ɨ t ɨ,kill,
Kashinawa_P-73_kill-1,,Kashinawa_P,73_kill,tɨnja,tɨnia,t ɨ n j a,,zariquiey2017,647,,,,0,t ɨ n j a,?,
Matses-68_hit-1,,Matses,68_hit,kues,kues,k u e s,,fleck2005,515,,,,0,k u e s,hit,
Matis-68_hit-1,,Matis,68_hit,kues,kues,k u e s,,fleck2005,515,,,,0,k u e s,hit,
Marubo-68_hit-1,,Marubo,68_hit,riʃki,riʃki,r i ʃ k i,,fleck2005,587,,,,0,r i ʃ k i,scrup,
Katukina-68_hit-1,,Katukina,68_hit,rixki,rixki,r i x/ʂ k i,,aguiar1994,587,,,,0,r i x k i,scrup,
Shipibo_Konibo-68_hit-1,,Shipibo_Konibo,68_hit,riʃki,riʃki,r i ʃ k i,,fleck2005,587,,,,0,r i ʃ k i,scrub,
Kapanawa-68_hit-1,,Kapanawa,68_hit,riʃki,riʃki,r i ʃ k i,,loos1998,587,,,,0,r i ʃ k i,scrup,
Arara-68_hit-1,,Arara,68_hit,kɨʃa,kɨʃa,k ɨ ʃ a,,cunha1993,585,,,,0,k ɨ - ʃ a,?,
Shanenawa-68_hit-1,,Shanenawa,68_hit,kuʂa,kuʂa,k u ʂ a,,lanes2005,585,,,,0,k u ʂ a,hit,
Yawanawa-68_hit-1,,Yawanawa,68_hit,kuʃa,kuʃa,k u ʃ a,,paula1992,585,,,,0,k u ʃ a,hit,
Poyanawa-68_hit-1,,Poyanawa,68_hit,burutu,burutu,b u r u t u,,paula1992,592,,,,0,b u r u t u,?,
Iskonawa-68_hit-1,,Iskonawa,68_hit,mɨ,mɨ,m ɨ,,zariquiey2017,588,,,,0,m ɨ - -,hand,
Chakobo-68_hit-1,,Chakobo,68_hit,tʃaka,tʃaka,tʃ a k a,,zingg1998,589,,,,0,tʃ a k a,throw_at,
Chakobo-68_hit-2,,Chakobo,68_hit,tuʂ,tuʂ,t u ʂ,,zingg1998,532,,,,0,t u ʂ,slap,
Chakobo-68_hit-3,,Chakobo,68_hit,raʃi,raʃi,r a ʃ i,,zingg1998,590,,,,0,r a ʃ i,?,
Kakataibo-68_hit-1,,Kakataibo,68_hit,mɨ,mɨ,m ɨ,,zariquiey2017,588,,,,0,m ɨ - -,hand,
Mastanawa-68_hit-1,,Mastanawa,68_hit,kuʂa,kuʂa,k u ʂ a,,zariquiey2017,585,,,,0,k u ʂ a,hit,
Chaninawa-68_hit-1,,Chaninawa,68_hit,sɨtɨ,sɨtɨ,s ɨ t ɨ,,zariquiey2017,586,,,,0,s ɨ t ɨ,punch,
Chaninawa-68_hit-2,,Chaninawa,68_hit,kuʃa,kuʃa,k u ʃ a,,zariquiey2017,585,,,,0,k u ʃ a,?,
Sharanawa-68_hit-1,,Sharanawa,68_hit,t͡sɨtɨ,t͡sɨtɨ,ts ɨ t ɨ,,zariquiey2017,586,,,,0,ts ɨ t ɨ,punch,
Amawaka-68_hit-1,,Amawaka,68_hit,mɨʔɨ,mɨʔɨ,m ɨ ʔ ɨ,,zariquiey2017,588,,,,0,m ɨ ʔ ɨ,hand,
Nawa-68_hit-1,,Nawa,68_hit,sɨtɨj,sɨtɨ,s ɨ t ɨ,,zariquiey2017,586,,,,0,s ɨ t ɨ,punch,
Marinawa-68_hit-1,,Marinawa,68_hit,sɨtɨ,sɨtɨ,s ɨ t ɨ,,zariquiey2017,586,,,,0,s ɨ t ɨ,punch,
Yaminawa-68_hit-1,,Yaminawa,68_hit,sɨtɨ,sɨtɨ,s ɨ t ɨ,,zariquiey2017,586,,,,0,s ɨ t ɨ,punch,
Kashinawa_P-68_hit-1,,Kashinawa_P,68_hit,ʧaka,ʧaka,tʃ a k a,,zariquiey2017,589,,,,0,tʃ a k a,throw_at,
Matses-45_fight-1,,Matses,45_fight,kues-nan,kuesnan,k u e s + n a n,,fleck2005,395,,,,0,k u e s + - n a n,hit _nan,
Matis-45_fight-1,,Matis,45_fight,kues-nan,kuesnan,k u e s + n a n,,fleck2005,395,,,,0,k u e s + - n a n,hit _nan,
Marubo-45_fight-1,,Marubo,45_fight,wɨakinan,wɨakinan,w ɨ a k i n a n,,fleck2005,1180,,,,0,w ɨ a k i n a n,?,
Shipibo_Konibo-45_fight-1,,Shipibo_Konibo,45_fight,rɨtianan,rɨtianan,r ɨ t i + a n a n,,fleck2005,394,,,,0,r ɨ t i - - - - + a n a n,kill _REC,
Kapanawa-45_fight-1,,Kapanawa,45_fight,rɨtɨnankan,rɨtɨnankan,r ɨ t ɨ + n a n + k a n,,loos1998,392,,,,0,r ɨ t ɨ - - - - + - n a n + k a n,kill _REC _PL,
Arara-45_fight-1,,Arara,45_fight,rɨtɨ,rɨtɨ,r ɨ t ɨ,,cunha1993,392,,,,0,r ɨ t ɨ - - - -,?,
Poyanawa-45_fight-1,,Poyanawa,45_fight,ikina,ikina,i k i n a,,paula1992,321,,,,0,i k i n a,?,
Iskonawa-45_fight-1,,Iskonawa,45_fight,muʃa,muʃa,m u ʃ a,,zariquiey2017,396,,,,0,m u ʃ a,?,
Chakobo-45_fight-1,,Chakobo,45_fight,niana,niana,n i a n a,,zingg1998,393,,,,0,n i a n a,get_closer _REC,
Chakobo-45_fight-2,,Chakobo,45_fight,ikina,ikina,i k i n a,,zingg1998,321,,,,0,i k i n a,?,
Kakataibo-45_fight-1,,Kakataibo,45_fight,mɨanan,mɨanan,m ɨ + a n a n,,zariquiey2017,642,,,,0,m ɨ - - + a n a n,hand _REC,
Mastanawa-45_fight-1,,Mastanawa,45_fight,ʂɨtɨna,ʂɨtɨna,ʂ ɨ t ɨ + n a,,zariquiey2017,392,,,,0,ʂ ɨ t ɨ - - - - + - n a -,punch _REC,
Chaninawa-45_fight-1,,Chaninawa,45_fight,sɨtɨnan,sɨtɨnan,s ɨ t ɨ n a n,,zariquiey2017,392,,,,0,s ɨ t ɨ n a n -,punch _REC,
Sharanawa-45_fight-1,,Sharanawa,45_fight,t͡sɨtɨnaka,t͡sɨtɨnaka,ts ɨ t ɨ n a k a,,zariquiey2017,392,,,,0,ts ɨ t ɨ n a k a,punch _REC,
Amawaka-45_fight-1,,Amawaka,45_fight,mɨʔɨna,mɨʔɨna,m ɨ ʔ ɨ + n a,,zariquiey2017,316,,,,0,m ɨ ʔ ɨ + - n a -,hand _REC,
Nawa-45_fight-1,,Nawa,45_fight,ʂɨtɨnaj,ʂɨtɨnaj,ʂ ɨ t ɨ + n a,,zariquiey2017,392,,,,0,ʂ ɨ t ɨ - - - - + - n a -,punch _REC,
Marinawa-45_fight-1,,Marinawa,45_fight,ʂɨtɨna,ʂɨtɨna,ʂ ɨ t ɨ + n a,,zariquiey2017,392,,,,0,ʂ ɨ t ɨ - - - - + - n a -,punch _REC,
Yaminawa-45_fight-1,,Yaminawa,45_fight,ʂɨtɨna,ʂɨtɨna,ʂ ɨ t ɨ + n a,,zariquiey2017,392,,,,0,ʂ ɨ t ɨ - - - - + - n a -,punch _REC,
Kashinawa_P-45_fight-1,,Kashinawa_P,45_fight,dɨtja,dɨti,d ɨ t i,,zariquiey2017,398,,,,0,d ɨ t i - - - -,get_closer,
Kashinawa_P-45_fight-2,,Kashinawa_P,45_fight,ʂutu,ʂɨtɨ,ʂ ɨ t ɨ,,zariquiey2017,392,,,,0,ʂ ɨ t ɨ - - - -,punch,
Matses-135_staborpierce-1,,Matses,135_staborpierce,se,se,s e,,fleck2005,1606,,,,0,s e,stab,
Matis-135_staborpierce-1,,Matis,135_staborpierce,tuska,tuska,t u s + k a,,fleck2005,1174,,,,0,t u s + k a,stab _-:suffix/ka,
Marubo-135_staborpierce-1,,Marubo,135_staborpierce,rɨtɨ,rɨtɨ,r ɨ t ɨ,,fleck2005,1605,,,,0,r ɨ t ɨ,kill,
Shipibo_Konibo-135_staborpierce-1,,Shipibo_Konibo,135_staborpierce,tʃatʃi,tʃatʃi,tʃ a tʃ i,,fleck2005,1168,,,,0,tʃ a tʃ i,prick,
Kapanawa-135_staborpierce-1,,Kapanawa,135_staborpierce,nakuki,nakuki,n a k u k i,,loos1998,1178,,,,0,n a k u k i,?,
Kapanawa-135_staborpierce-2,,Kapanawa,135_staborpierce,tʃatʃi,tʃatʃi,tʃ a tʃ i,,loos1998,1168,,,,0,tʃ a tʃ i,prick,
Poyanawa-135_staborpierce-1,,Poyanawa,135_staborpierce,du,du,d u,,paula1992,1175,,,,0,d u,?,
Iskonawa-135_staborpierce-1,,Iskonawa,135_staborpierce,masta,masta,m a s t a,,zariquiey2017,1170,,,,0,m a s t a,?,
Chakobo-135_staborpierce-1,,Chakobo,135_staborpierce,tsaka,tsaka,ts a k a,,zingg1998,1169,,,,0,ts a k a,throw_at,
Kakataibo-135_staborpierce-1,,Kakataibo,135_staborpierce,tʃatʃi,pɨti,p ɨ + t i,,zariquiey2017,191,,,,0,p ɨ + t i,?,
Kaxarari-135_staborpierce-1,,Kaxarari,135_staborpierce,tʃulawa,tʃulawa,tʃ u l a w a,,couto2005,1173,,,,0,tʃ u l a w a,?,
Kaxarari-135_staborpierce-2,,Kaxarari,135_staborpierce,poha,poha,p o h a,,couto2005,1177,,,,0,p o h a,?,
Mastanawa-135_staborpierce-1,,Mastanawa,135_staborpierce,sɨwɨ,sɨwɨ,s ɨ w ɨ,,zariquiey2017,1167,,,,0,s ɨ w ɨ,?,
Chaninawa-135_staborpierce-1,,Chaninawa,135_staborpierce,ʂu,ʂu,ʂ u,,zariquiey2017,1167,,,,0,ʂ u - - - -,?,
Sharanawa-135_staborpierce-1,,Sharanawa,135_staborpierce,ʂu,ʂu,ʂ u,,zariquiey2017,1167,,,,0,ʂ u - - - -,?,
Amawaka-135_staborpierce-1,,Amawaka,135_staborpierce,çuwi,çuwi,ç u w i,,zariquiey2017,1167,,,,0,ç u w - - i,?,
Nawa-135_staborpierce-1,,Nawa,135_staborpierce,bastaj,basta,b a s t a,,zariquiey2017,1170,,,,0,b a s t a,?,
Marinawa-135_staborpierce-1,,Marinawa,135_staborpierce,tsɨwɨ,tsɨwɨ,ts ɨ w ɨ,,zariquiey2017,1167,,,,0,ts ɨ w ɨ,?,
Yaminawa-135_staborpierce-1,,Yaminawa,135_staborpierce,ʂuwiwa,ʂuwiwa,ʂ u w i w a,,zariquiey2017,1167,,,,0,ʂ u w i w a,?,
Kashinawa_P-135_staborpierce-1,,Kashinawa_P,135_staborpierce,ʂukja,ʂuki,ʂ u k i,,zariquiey2017,1167,,,,0,ʂ u k - - i,?,
Matses-23_cutverb-1,,Matses,23_cutverb,te,te,t e,,fleck2005,195,,,,0,t e,cut/te,
Matis-23_cutverb-1,,Matis,23_cutverb,te,te,t e,,fleck2005,195,,,,0,t e,cut/te,
Marubo-23_cutverb-1,,Marubo,23_cutverb,ʂatɨ,ʂatɨ,ʂ a t ɨ,,fleck2005,193,,,,0,ʂ a t ɨ,cut/ʂatɨ,
Katukina-23_cutverb-1,,Katukina,23_cutverb,rera,rera,r e r a,,aguiar1994,206,,,,0,r e r a,cut/rɨra,
Shipibo_Konibo-23_cutverb-1,,Shipibo_Konibo,23_cutverb,ʂatɨ,ʂatɨ,ʂ a t ɨ,,fleck2005,193,,,,0,ʂ a t ɨ,cut/ʂatɨ,
Kapanawa-23_cutverb-1,,Kapanawa,23_cutverb,ʂatɨ,ʂatɨ,ʂ a t ɨ,,loos1998,193,,,,0,ʂ a t ɨ,cut/ʂatɨ,
Arara-23_cutverb-1,,Arara,23_cutverb,ʃati,ʃati,ʃ a t i,,cunha1993,193,,,,0,ʃ a t i -,?,
Shanenawa-23_cutverb-1,,Shanenawa,23_cutverb,ʂatɨ,ʂatɨ,ʂ a t ɨ,,lanes2005,193,,,,0,ʂ a t ɨ,cut/ʂatɨ,
Yawanawa-23_cutverb-1,,Yawanawa,23_cutverb,wɨʃa,wɨʃa,w ɨ ʃ a,,paula1992,203,,,,0,w ɨ ʃ a,?,
Nukini-23_cutverb-1,,Nukini,23_cutverb,hatɨ,hatɨ,h a t ɨ,,aguiar2004,193,,,,0,h a t ɨ,cut/ʂatɨ,
Poyanawa-23_cutverb-1,,Poyanawa,23_cutverb,marka,marka,m a r k a,,paula1992,204,,,,0,m a r k a,?,
Iskonawa-23_cutverb-1,,Iskonawa,23_cutverb,hatɨ,hatɨ,h a t ɨ,,zariquiey2017,193,,,,0,h a t ɨ,cut/ʂatɨ,
Chakobo-23_cutverb-1,,Chakobo,23_cutverb,pɨrɨʂa,pɨrɨʂa,p ɨ r ɨ ʂ a,,zingg1998,209,,,,0,p ɨ r ɨ ʂ a,?,
Chakobo-23_cutverb-2,,Chakobo,23_cutverb,tsɨi?a,tsɨiʔa,ts ɨ j ʔ a,,zingg1998,201,,,,0,ts ɨ i ʔ a,?,
Chakobo-23_cutverb-3,,Chakobo,23_cutverb,kɨɨsa,kɨsa,k ɨ s a,,zingg1998,198,,,,0,k ɨ s a,?,
Kakataibo-23_cutverb-1,,Kakataibo,23_cutverb,ʂatɨ,ʂatɨ,ʂ a t ɨ,,zariquiey2017,193,,,,0,ʂ a t ɨ,cut/ʂatɨ,
Kaxarari-23_cutverb-1,,Kaxarari,23_cutverb,buʂte,buʂte,b u ʂ t e,,couto2005,205,,,,0,b u ʂ t e,_bu cut/ʂatɨ,
Mastanawa-23_cutverb-1,,Mastanawa,23_cutverb,ʂatɨ,ʂatɨ,ʂ a t ɨ,,zariquiey2017,193,,,,0,ʂ a t ɨ,cut/ʂatɨ,
Chaninawa-23_cutverb-1,,Chaninawa,23_cutverb,ʂatɨ,ʂatɨ,ʂ a t ɨ,,zariquiey2017,193,,,,0,ʂ a t ɨ,cut/ʂatɨ,
Sharanawa-23_cutverb-1,,Sharanawa,23_cutverb,ʂatɨ,ʂatɨ,ʂ a t ɨ,,zariquiey2017,193,,,,0,ʂ a t ɨ,cut/ʂatɨ,
Amawaka-23_cutverb-1,,Amawaka,23_cutverb,çatɨ,çatɨ,ç a t ɨ,,zariquiey2017,193,,,,0,ç a t ɨ,cut/ʂatɨ,
Nawa-23_cutverb-1,,Nawa,23_cutverb,ʂatɨj,ʂatɨ,ʂ a t ɨ,,zariquiey2017,193,,,,0,ʂ a t ɨ,cut/ʂatɨ,
Marinawa-23_cutverb-1,,Marinawa,23_cutverb,ʂatɨ,ʂatɨ,ʂ a t ɨ,,zariquiey2017,193,,,,0,ʂ a t ɨ,cut/ʂatɨ,
Yaminawa-23_cutverb-1,,Yaminawa,23_cutverb,ʂata,ʂata,ʂ a t a,,zariquiey2017,193,,,,0,ʂ a t a,cut/ʂatɨ,
Kashinawa_P-23_cutverb-1,,Kashinawa_P,23_cutverb,mɨʂtja,mɨʂtja,m ɨ ʂ t j a,,zariquiey2017,207,,,,0,m ɨ ʂ t j a,?,
Matses-133_split-1,,Matses,133_split,kuɨʂ,kuɨʂ,kʷ ɨ ʂ,,fleck2005,1602,,,,0,k u ɨ ʂ,split,
Matis-133_split-1,,Matis,133_split,pos,pos,p o s,,fleck2005,400,,,,0,p o s,?,
Marubo-133_split-1,,Marubo,133_split,tuʂa,tuʂa,t u ʂ a,,fleck2005,1599,,,,0,t u ʂ a,?,
Shipibo_Konibo-133_split-1,,Shipibo_Konibo,133_split,kaʂkɨ,kaʂkɨ,k a ʂ k ɨ,,fleck2005,1138,,,,0,k a ʂ k ɨ,split,
Kapanawa-133_split-1,,Kapanawa,133_split,kaʂkɨ,kaʂkɨ,k a ʂ k ɨ,,loos1998,1138,,,,0,k a ʂ k ɨ,split,
Yawanawa-133_split-1,,Yawanawa,133_split,kɨʃa,kɨʃa,k ɨ ʃ a,,paula1992,1141,,,,0,k ɨ ʃ a,?,
Iskonawa-133_split-1,,Iskonawa,133_split,kahkɨ,kahkɨ,k a h k ɨ,,zariquiey2017,1138,,,,0,k a h k ɨ,split,
Chakobo-133_split-1,,Chakobo,133_split,matuʂ,matuʂ,m a t u ʂ,,zingg1998,1140,,,,0,m a t u ʂ,?,
Kakataibo-133_split-1,,Kakataibo,133_split,tuka,tuka,t u k a,,zariquiey2017,1139,,,,0,t u k a,?,
Mastanawa-133_split-1,,Mastanawa,133_split,kaʂkɨ,kaʂkɨ,k a ʂ k ɨ,,zariquiey2017,1138,,,,0,k a ʂ k ɨ,split,
Chaninawa-133_split-1,,Chaninawa,133_split,kaʂkɨ,kaʂkɨ,k a ʂ k ɨ,,zariquiey2017,1138,,,,0,k a ʂ k ɨ,split,
Sharanawa-133_split-1,,Sharanawa,133_split,tɨkɨ,tɨkɨ,t ɨ k ɨ,,zariquiey2017,1139,,,,0,t ɨ k ɨ,?,
Amawaka-133_split-1,,Amawaka,133_split,çatɨ,çatɨ,ç a t ɨ,,zariquiey2017,1142,,,,0,ç a t ɨ,cut,
Nawa-133_split-1,,Nawa,133_split,pɨʂaj,pɨʂa,p ɨ ʂ a,,zariquiey2017,1600,,,,0,p ɨ ʂ a,?,
Marinawa-133_split-1,,Marinawa,133_split,kaʂkɨ,kaʂkɨ,k a ʂ k ɨ,,zariquiey2017,1138,,,,0,k a ʂ k ɨ,split,
Yaminawa-133_split-1,,Yaminawa,133_split,kaʂkɨ,kaʂkɨ,k a ʂ k ɨ,,zariquiey2017,1138,,,,0,k a ʂ k ɨ,split,
Kashinawa_P-133_split-1,,Kashinawa_P,133_split,pɨʂa,pɨʂa,p ɨ ʂ a,,zariquiey2017,1600,,,,0,p ɨ ʂ a,?,
Kashinawa_P-133_split-2,,Kashinawa_P,133_split,kaʂki,kaʂki,k a ʂ k i,,zariquiey2017,1138,,,,0,k a ʂ k i,split,
Matses-115_scratchanitch-1,,Matses,115_scratchanitch,ʃueʃka,ʃueʃka,ʃ u e ʃ + k a,,fleck2005,985,,,,0,ʃ u e ʃ + k a,ʃueʃ _-:suffix/ka,
Matis-115_scratchanitch-1,,Matis,115_scratchanitch,ʂɨkɨdke,ʂɨkɨdke,ʂ ɨ k ɨ d + k e,,fleck2005,990,,,,58,ʂ ɨ k ɨ d + k e,ʂɨkɨd _-:suffix/ke,
Marubo-115_scratchanitch-1,,Marubo,115_scratchanitch,turɨska,turɨska,t u r ɨ s + k a,,fleck2005,985,,,,0,t u r ɨ s + k a,turɨs AUX,
Katukina-115_scratchanitch-1,,Katukina,115_scratchanitch,rani,rani,r a n i,,aguiar1994,986,,,,0,r a n i,bodyhair,
Shipibo_Konibo-115_scratchanitch-1,,Shipibo_Konibo,115_scratchanitch,ʂua,ʂua,ʂ u a,,fleck2005,983,,,,0,ʂ u - a,scratch,
Kapanawa-115_scratchanitch-1,,Kapanawa,115_scratchanitch,raβɨʂ,raβɨʂ,r a β ɨ ʂ,,loos1998,972,,,,0,r a β ɨ ʂ,?,
Kapanawa-115_scratchanitch-2,,Kapanawa,115_scratchanitch,ʂua,ʂua,ʂ u a,,loos1998,983,,,,0,ʂ u - a,scratch,
Shanenawa-115_scratchanitch-1,,Shanenawa,115_scratchanitch,ʂua,ʂua,ʂ u a,,lanes2005,983,,,,0,ʂ u - a,scratch,
Iskonawa-115_scratchanitch-1,,Iskonawa,115_scratchanitch,ʧuɨh ʧuɨh ik,ʧuɨh ʧuɨh ik,tʃ u ɨ h tʃ u ɨ h i k,,zariquiey2017,993,,,,0,tʃ u ɨ h tʃ u ɨ h i k,tʃuɨh tʃuɨh AUX,
Chakobo-115_scratchanitch-1,,Chakobo,115_scratchanitch,ʂua,ʂua,ʂ u a,,zingg1998,983,,,,0,ʂ u - a,scratch,
Kakataibo-115_scratchanitch-1,,Kakataibo,115_scratchanitch,ʂua,ʂua,ʂ u a,,zariquiey2017,983,,,,0,ʂ u - a,scratch,
Mastanawa-115_scratchanitch-1,,Mastanawa,115_scratchanitch,ʂuwa,ʂuwa,ʂ u w a,,zariquiey2017,983,,,,0,ʂ u w a,scratch,
Chaninawa-115_scratchanitch-1,,Chaninawa,115_scratchanitch,ʂuwa,ʂuwa,ʂ u w a,,zariquiey2017,983,,,,0,ʂ u w a,scratch,
Sharanawa-115_scratchanitch-1,,Sharanawa,115_scratchanitch,ʂuwa,ʂuwa,ʂ u w a,,zariquiey2017,983,,,,0,ʂ u w a,scratch,
Amawaka-115_scratchanitch-1,,Amawaka,115_scratchanitch,çuwa,çuwa,ç u w a,,zariquiey2017,983,,,,0,ç u w a,scratch,
Nawa-115_scratchanitch-1,,Nawa,115_scratchanitch,ʂuwaj,ʂuwa,ʂ u w a,,zariquiey2017,983,,,,0,ʂ u w a,scratch,
Marinawa-115_scratchanitch-1,,Marinawa,115_scratchanitch,ʂu,ʂu,ʂ u,,zariquiey2017,983,,,,0,ʂ u - -,scratch,
Yaminawa-115_scratchanitch-1,,Yaminawa,115_scratchanitch,ʂuwa,ʂuwa,ʂ u w a,,zariquiey2017,983,,,,0,ʂ u w a,scratch,
Kashinawa_P-115_scratchanitch-1,,Kashinawa_P,115_scratchanitch,ʂwaj,ʂua,ʂ u a,,zariquiey2017,983,,,,0,ʂ u - a,scratch,
Matses-26_dig-1,,Matses,26_dig,wɨdɨʂka,wɨdɨʂka,w ɨ d ɨ ʂ k a,,fleck2005,242,,,,0,w ɨ d ɨ ʂ k a,?,
Matis-26_dig-1,,Matis,26_dig,naʂ,naʂ,n a ʂ,,fleck2005,243,,,,0,n a ʂ,?,
Marubo-26_dig-1,,Marubo,26_dig,pukin,pukin,p u k i n,,fleck2005,232,,,,0,p u - k i n,dig,
Shipibo_Konibo-26_dig-1,,Shipibo_Konibo,26_dig,tʃinit,tʃinit,tʃ i n i t,,fleck2005,239,,,,0,tʃ i n i t,?,
Kapanawa-26_dig-1,,Kapanawa,26_dig,pukin,pukin,p u k i n,,loos1998,232,,,,0,p u - k i n,dig,
Shanenawa-26_dig-1,,Shanenawa,26_dig,maipɨju,maipɨju,m a j + p ɨ j u,,lanes2005,1228,,,,0,m a i + p ɨ j u,soil pɨju,
Yawanawa-26_dig-1,,Yawanawa,26_dig,natsa,natsa,n a ts a,,paula1992,237,,,,0,n a ts a,?,
Iskonawa-26_dig-1,,Iskonawa,26_dig,pɨnaha,pɨnaha,p ɨ n a h a,,zariquiey2017,246,,,,0,p ɨ n a h a,?,
Chakobo-26_dig-1,,Chakobo,26_dig,wɨyu,wɨyu,w ɨ j u,,zingg1998,248,,,,0,w ɨ j u,?,
Kakataibo-26_dig-1,,Kakataibo,26_dig,naɨ,naɨ,n a ɨ,,zariquiey2017,235,,,,0,n a ɨ,garden,
Kaxarari-26_dig-1,,Kaxarari,26_dig,tʃil,tʃil,tʃ i l,,couto2005,244,,,,0,tʃ i l,?,
Mastanawa-26_dig-1,,Mastanawa,26_dig,punʔi,punʔi,p u n ʔ i,,zariquiey2017,232,,,,0,p u n ʔ i -,dig,
Mastanawa-26_dig-2,,Mastanawa,26_dig,piwɨ,piwɨ,p i w ɨ,,zariquiey2017,234,,,,0,p i w ɨ,?,
Chaninawa-26_dig-1,,Chaninawa,26_dig,pɨwɨj,pɨwɨ,p ɨ w ɨ,,zariquiey2017,234,,,,0,p ɨ w ɨ,?,
Sharanawa-26_dig-1,,Sharanawa,26_dig,ʂuwi,ʂuwi,ʂ u w i,,zariquiey2017,240,,,,0,ʂ u w i,?,
Sharanawa-26_dig-2,,Sharanawa,26_dig,kidi,kidi,k i d i,,zariquiey2017,233,,,,0,k i d i,hole,
Amawaka-26_dig-1,,Amawaka,26_dig,puki,puki,p u k i,,zariquiey2017,232,,,,0,p u - k i -,dig,
Nawa-26_dig-1,,Nawa,26_dig,puki,puki,p u k i,,zariquiey2017,232,,,,0,p u - k i -,dig,
Marinawa-26_dig-1,,Marinawa,26_dig,kindi,kindi,k i ⁿd i,,zariquiey2017,233,,,,0,k i ⁿd i,hole,
Yaminawa-26_dig-1,,Yaminawa,26_dig,punʔi,punʔi,p u n ʔ i,,zariquiey2017,232,,,,0,p u n ʔ i -,dig,
Kashinawa_P-26_dig-1,,Kashinawa_P,26_dig,pukja,puki,p u k i,,zariquiey2017,232,,,,0,p u - k i -,dig,
Kashinawa_P-26_dig-2,,Kashinawa_P,26_dig,kini,kini,k i n i,,zariquiey2017,233,,,,0,k i n i,hole,
Kashinawa_B-26_dig-1,,Kashinawa_B,26_dig,βaʂã,βaʂã,β a ʂ ã,,camargo1995,245,,,,0,β a ʂ ã,?,
Matses-134_squeeze-1,,Matses,134_squeeze,tsuidka,tsuidka,ts u i d + k a,,fleck2005,1604,,,,0,ts u i d + k a,squeeze/tsuid _-:suffix/ka,
Matis-134_squeeze-1,,Matis,134_squeeze,tsuidka,tsuidka,ts u i d + k a,,fleck2005,1604,,,,0,ts u i d + k a,squeeze/tsuid _-:suffix/ka,
Marubo-134_squeeze-1,,Marubo,134_squeeze,tɨju,tɨju,t ɨ j u,,fleck2005,1152,,,,0,t ɨ j u,?,
Shipibo_Konibo-134_squeeze-1,,Shipibo_Konibo,134_squeeze,βitaʂ,βitaʂ,β i t a ʂ,,fleck2005,1151,,,,0,β i t a ʂ,?,
Kapanawa-134_squeeze-1,,Kapanawa,134_squeeze,βitaʂ,βitaʂ,β i t a ʂ,,loos1998,1151,,,,0,β i t a ʂ,?,
Shanenawa-134_squeeze-1,,Shanenawa,134_squeeze,rɨiu,rɨiu,r ɨ j u,,lanes2005,1152,,,,0,r ɨ - i u,?,
Iskonawa-134_squeeze-1,,Iskonawa,134_squeeze,mutsara,mutsara,m u ts a r a,,zariquiey2017,1156,,,,0,m u ts a r a,?,
Chakobo-134_squeeze-1,,Chakobo,134_squeeze,nɨtsi,nɨtsi,n ɨ ts i,,zingg1998,1166,,,,0,n ɨ ts i,squeeze,
Chakobo-134_squeeze-2,,Chakobo,134_squeeze,tsiakana,tsiakana,ts i a k a n a,,zingg1998,1149,,,,0,ts i a k a n a,push _PL _REC,
Kakataibo-134_squeeze-1,,Kakataibo,134_squeeze,tsɨnka,tsɨnka,ts ɨ n k a,,zariquiey2017,1258,,,,0,ts ɨ n k a,push,
Mastanawa-134_squeeze-1,,Mastanawa,134_squeeze,jɨɾɨa,jɨɾɨa,j ɨ ɾ ɨ a,,zariquiey2017,1150,,,,0,j ɨ ɾ ɨ a - -,squeeze/jɨɾɨ _AUX,
Chaninawa-134_squeeze-1,,Chaninawa,134_squeeze,jɨɾɨaki,jɨɾɨaki,j ɨ ɾ ɨ a k i,,zariquiey2017,1150,,,,0,j ɨ ɾ ɨ a k i,squeeze,
Sharanawa-134_squeeze-1,,Sharanawa,134_squeeze,jɨɾɨaki,jɨɾɨak,j ɨ ɾ ɨ a k,,zariquiey2017,1150,,,,0,j ɨ ɾ ɨ a k -,squeeze/jɨɾɨ _AUX,
Amawaka-134_squeeze-1,,Amawaka,134_squeeze,at͡ʃi,at͡ʃi,a tʃ i,,zariquiey2017,1153,,,,0,a tʃ i,grap,
Nawa-134_squeeze-1,,Nawa,134_squeeze,jɨɾaki,jɨɾaki,j ɨ ɾ a k i,,zariquiey2017,1150,,,,0,j ɨ ɾ - a k i,squeeze/jɨɾɨ _AUX,
Marinawa-134_squeeze-1,,Marinawa,134_squeeze,jɨɾɨa,jɨɾɨa,j ɨ ɾ ɨ a,,zariquiey2017,1150,,,,0,j ɨ ɾ ɨ a - -,squeeze/jɨɾɨ _AUX,
Yaminawa-134_squeeze-1,,Yaminawa,134_squeeze,lɨjɨwi,lɨjɨ,l ɨ j ɨ,,zariquiey2017,1152,,,,0,l ɨ j ɨ -,squeeze/jɨɾɨ,
Kashinawa_P-134_squeeze-1,,Kashinawa_P,134_squeeze,tsinkja,tsinki,ts i n k i,,zariquiey2017,1246,,,,0,ts i n k i,push,
Matses-11_bite-1,,Matses,11_bite,pe,pe,p e,,fleck2005,93,,,,0,p e,eat,
Matis-11_bite-1,,Matis,11_bite,pe,pe,p e,,fleck2005,93,,,,0,p e,eat,
Marubo-11_bite-1,,Marubo,11_bite,naʃa,naʂa,n a + ʂ a,,fleck2005,1558,,,,0,n a + - - ʂ a -,bite/naʂa,
Katukina-11_bite-1,,Katukina,11_bite,naxa,naʂa,n a + ʂ a,,aguiar1994,1558,,,,0,n a + - - ʂ a -,bite/naʂa,
Shipibo_Konibo-11_bite-1,,Shipibo_Konibo,11_bite,natɨʂ,natɨʂ,n a + t ɨ ʂ,,fleck2005,1558,,,,0,n a + t ɨ ʂ - -,bite,
Kapanawa-11_bite-1,,Kapanawa,11_bite,natɨʂ,natɨʂ,n a + t ɨ ʂ,,loos1998,1558,,,,0,n a + t ɨ ʂ - -,bite,
Arara-11_bite-1,,Arara,11_bite,daka,daka,d a + k a,,cunha1993,90,,,,0,d a k a,?,
Shanenawa-11_bite-1,,Shanenawa,11_bite,naka,naka,n a + k a,,lanes2005,90,,,,0,n a k a,bite/naka,
Yawanawa-11_bite-1,,Yawanawa,11_bite,naka,naka,n a + k a,,paula1992,90,,,,0,n a k a,bite/naka,
Poyanawa-11_bite-1,,Poyanawa,11_bite,daça,daça,d a + ç a,,paula1992,1558,,,,0,- - - d a + ç a,bite/naʂa,
Iskonawa-11_bite-1,,Iskonawa,11_bite,kiwi,kiwi,k i w i,,zariquiey2017,89,,,,0,k i w i,mouth _wi,
Chakobo-11_bite-1,,Chakobo,11_bite,tɨʂa,tɨʂa,t ɨ ʂ a,,zingg1998,1558,,,,0,- - - t ɨ ʂ a -,bite,
Kakataibo-11_bite-1,,Kakataibo,11_bite,natɨʂ,natɨʂ,n a + t ɨ ʂ,,zariquiey2017,1558,,,,0,n a + t ɨ ʂ - -,bite,
Kaxarari-11_bite-1,,Kaxarari,11_bite,ʃɨla,ʃɨla,ʃ ɨ l a,,couto2005,96,,,,0,ʃ ɨ l a,?,
Mastanawa-11_bite-1,,Mastanawa,11_bite,ʂatɨa,ʂatɨ,ʂ a t ɨ,,zariquiey2017,1558,,,,0,- - - ʂ a - t ɨ,cut,
Mastanawa-11_bite-2,,Mastanawa,11_bite,kɨju,kɨju,k ɨ j u,,zariquiey2017,89,,,,0,k ɨ j u,mouth _ju,
Chaninawa-11_bite-1,,Chaninawa,11_bite,kɨjuj,kɨju,k ɨ j u,,zariquiey2017,89,,,,0,k ɨ j u,mouth _ju,
Sharanawa-11_bite-1,,Sharanawa,11_bite,kɨjuwi,kɨju,k ɨ j u,,zariquiey2017,89,,,,0,k ɨ j u,mouth _ju,
Amawaka-11_bite-1,,Amawaka,11_bite,naʔtɨçɨ,natɨçɨ,n a + t ɨ ç ɨ,,zariquiey2017,1558,,,,0,n a + t ɨ ç ɨ -,bite,
Nawa-11_bite-1,,Nawa,11_bite,kɨjuɸi,kɨju,k ɨ j u,,zariquiey2017,89,,,,0,k ɨ j u,mouth _ju,
Marinawa-11_bite-1,,Marinawa,11_bite,kɨju,kɨju,k ɨ j u,,zariquiey2017,89,,,,0,k ɨ j u,mouth _ju,
Yaminawa-11_bite-1,,Yaminawa,11_bite,kɨjuwi,kɨju,k ɨ j u,,zariquiey2017,89,,,,0,k ɨ j u,mouth _ju,
Kashinawa_P-11_bite-1,,Kashinawa_P,11_bite,kɨjwa,kɨju,k ɨ j u,,zariquiey2017,89,,,,0,k ɨ j u,mouth _ju,
Kashinawa_B-11_bite-1,,Kashinawa_B,11_bite,kɨjuwi,kɨju,k ɨ j u,,camargo1995,89,,,,0,k ɨ j u,mouth _ju,
Matses-17_burntrv-1,,Matses,17_burntrv,nɨdɨnka,nɨdɨnka,n ɨ d ɨ n k a,,fleck2005,147,,,,0,n ɨ d ɨ n k a,burn _ka,
Matis-17_burntrv-1,,Matis,17_burntrv,tʂamo,tʂamo,ʈʂ a m o,,fleck2005,148,,,,0,ʈʂ a m o,?,
Marubo-17_burntrv-1,,Marubo,17_burntrv,kua,kuwa,k u w a,,fleck2005,140,,,,0,k u w a,burn _wa,
Katukina-17_burntrv-1,,Katukina,17_burntrv,ku,ku,k u,,aguiar1994,140,,,,0,k u - -,burn,
Shipibo_Konibo-17_burntrv-1,,Shipibo_Konibo,17_burntrv,mɨnu,mɨnu,m ɨ n u,,fleck2005,141,,,,0,m ɨ n u,burn/mɨnu,
Kapanawa-17_burntrv-1,,Kapanawa,17_burntrv,mawa,mawa,m a w a,,loos1998,116,,,,0,m a w a,?,
Kapanawa-17_burntrv-2,,Kapanawa,17_burntrv,kua,kua,k u a,,loos1998,140,,,,0,k u - a,burn _wa,
Arara-17_burntrv-1,,Arara,17_burntrv,kuai,kuai,k u a,,cunha1993,140,,,,0,k u - a - i,?,
Shanenawa-17_burntrv-1,,Shanenawa,17_burntrv,tʃiwa,tʃiwa,tʃ i w a,,lanes2005,107,,,,0,tʃ i w a,?,
Yawanawa-17_burntrv-1,,Yawanawa,17_burntrv,ku,ku,k u,,paula1992,140,,,,0,k u - -,burn,
Poyanawa-17_burntrv-1,,Poyanawa,17_burntrv,kua,kua,k u a,,paula1992,140,,,,0,k u - a,burn _wa,
Iskonawa-17_burntrv-1,,Iskonawa,17_burntrv,kua,kuwa,k u w a,,zariquiey2017,140,,,,0,k u w a,burn _wa,
Chakobo-17_burntrv-1,,Chakobo,17_burntrv,mɨʂa,mɨʂa,m ɨ ʂ a,,zingg1998,154,,,,0,m ɨ ʂ a,?,
Chakobo-17_burntrv-2,,Chakobo,17_burntrv,pɨrɨ?a,pɨrɨʔa,p ɨ r ɨ ʔ a,,zingg1998,144,,,,0,p ɨ r ɨ ʔ a,?,
Kakataibo-17_burntrv-1,,Kakataibo,17_burntrv,ʂarao,ʂarao,ʂ a r a o,,zariquiey2017,118,,,,0,ʂ a r a o,hot _o,
Kaxarari-17_burntrv-1,,Kaxarari,17_burntrv,ʂalaw,ʂalaw,ʂ a l a w,,couto2005,118,,,,0,ʂ a l a w,?,
Mastanawa-17_burntrv-1,,Mastanawa,17_burntrv,kuwa,kuwa,k u w a,,zariquiey2017,140,,,,0,k u w a,burn _wa,
Chaninawa-17_burntrv-1,,Chaninawa,17_burntrv,kuwaj,kuwa,k u w a,,zariquiey2017,140,,,,0,k u w a,burn _wa,
Sharanawa-17_burntrv-1,,Sharanawa,17_burntrv,kuwai,kuwa,k u w a,,zariquiey2017,140,,,,0,k u w a,burn _wa,
Amawaka-17_burntrv-1,,Amawaka,17_burntrv,kuʔuj,kuʔu,k u ʔ u,,zariquiey2017,140,,,,0,k u ʔ u,burn,
Nawa-17_burntrv-1,,Nawa,17_burntrv,kũwĩ,kũwĩ,k ũ w ĩ,,zariquiey2017,140,,,,0,k ũ w ĩ,burn _wi,
Marinawa-17_burntrv-1,,Marinawa,17_burntrv,kuwa,kuwa,k u w a,,zariquiey2017,140,,,,0,k u w a,burn _wa,
Yaminawa-17_burntrv-1,,Yaminawa,17_burntrv,kuwa,kuwa,k u w a,,zariquiey2017,140,,,,0,k u w a,burn _wa,
Kashinawa_P-17_burntrv-1,,Kashinawa_P,17_burntrv,mɨnwa,mɨnu,m ɨ n u,,zariquiey2017,141,,,,0,m ɨ n u,burn/mɨnu,
Kashinawa_B-17_burntrv-1,,Kashinawa_B,17_burntrv,mɨnui,mɨnu,m ɨ n u,,camargo1995,141,,,,0,m ɨ n u,burn/mɨnu,
Matses-153_tieverb-1,,Matses,153_tieverb,nɨʂ,nɨʂ,n ɨ ʂ,,fleck2005,1323,,,,0,n ɨ ʂ -,tie,
Matis-153_tieverb-1,,Matis,153_tieverb,nɨʂ,nɨʂ,n ɨ ʂ,,fleck2005,1323,,,,0,n ɨ ʂ -,tie,
Marubo-153_tieverb-1,,Marubo,153_tieverb,nɨʂa,nɨʂa,n ɨ ʂ a,,fleck2005,1323,,,,0,n ɨ ʂ a,tie,
Katukina-153_tieverb-1,,Katukina,153_tieverb,nixa,nixa,n i x/ʂ a,,aguiar1994,1323,,,,0,n i x a,tie,
Shipibo_Konibo-153_tieverb-1,,Shipibo_Konibo,153_tieverb,nɨʂa,nɨʂa,n ɨ ʂ a,,fleck2005,1323,,,,0,n ɨ ʂ a,tie,
Kapanawa-153_tieverb-1,,Kapanawa,153_tieverb,nɨʂa,nɨʂa,n ɨ ʂ a,,loos1998,1323,,,,0,n ɨ ʂ a,tie,
Shanenawa-153_tieverb-1,,Shanenawa,153_tieverb,niʂa,niʂa,n i ʂ a,,lanes2005,1323,,,,0,n i ʂ a,tie,
Poyanawa-153_tieverb-1,,Poyanawa,153_tieverb,dɨa,dɨa,d ɨ a,,paula1992,1323,,,,0,d ɨ - a,tie,
Iskonawa-153_tieverb-1,,Iskonawa,153_tieverb,nɨa,nɨa,n ɨ a,,zariquiey2017,1323,,,,0,n ɨ - a,tie,
Chakobo-153_tieverb-1,,Chakobo,153_tieverb,nɨa,nɨa,n ɨ a,,zingg1998,1323,,,,0,n ɨ - a,tie,
Chakobo-153_tieverb-2,,Chakobo,153_tieverb,nɨ?a,nɨʔa,n ɨ ʔ a,,zingg1998,1323,,,,0,n ɨ ʔ a,tie,
Kakataibo-153_tieverb-1,,Kakataibo,153_tieverb,nɨa,nɨa,n ɨ a,,zariquiey2017,1323,,,,0,n ɨ - a,tie,
Kaxarari-153_tieverb-1,,Kaxarari,153_tieverb,bure,bure,b u r e,,couto2005,1328,,,,0,b u r e,?,
Mastanawa-153_tieverb-1,,Mastanawa,153_tieverb,dɨʂa,dɨʂa,d ɨ ʂ a,,zariquiey2017,1323,,,,0,d ɨ ʂ a,tie,
Chaninawa-153_tieverb-1,,Chaninawa,153_tieverb,dɨʂaj,dɨʂa,d ɨ ʂ a,,zariquiey2017,1323,,,,0,d ɨ ʂ a,tie,
Sharanawa-153_tieverb-1,,Sharanawa,153_tieverb,dɨʂaj,dɨʂa,d ɨ ʂ a,,zariquiey2017,1323,,,,0,d ɨ ʂ a,tie,
Amawaka-153_tieverb-1,,Amawaka,153_tieverb,nɨçaj,nɨça,n ɨ ç a,,zariquiey2017,1323,,,,0,n ɨ ç a,tie,
Nawa-153_tieverb-1,,Nawa,153_tieverb,dɨʂa,dɨʂa,d ɨ ʂ a,,zariquiey2017,1323,,,,0,d ɨ ʂ a,tie,
Marinawa-153_tieverb-1,,Marinawa,153_tieverb,dɨʂa,dɨʂa,d ɨ ʂ a,,zariquiey2017,1323,,,,0,d ɨ ʂ a,tie,
Yaminawa-153_tieverb-1,,Yaminawa,153_tieverb,dɨʂa,dɨʂa,d ɨ ʂ a,,zariquiey2017,1323,,,,0,d ɨ ʂ a,tie,
Kashinawa_P-153_tieverb-1,,Kashinawa_P,153_tieverb,βɨʃɨa,βɨʃɨa,β ɨ ʃ ɨ a,,zariquiey2017,1327,,,,0,β ɨ ʃ ɨ a,?,
Kashinawa_P-153_tieverb-2,,Kashinawa_P,153_tieverb,nɨa,nɨa,n ɨ a,,zariquiey2017,1323,,,,0,n ɨ - a,tie,
Matses-118_sew-1,,Matses,118_sew,tuska,tuska,t u s + k a,,fleck2005,1012,,,,0,t u s + k a,? _-:suffix/ka,
Matis-118_sew-1,,Matis,118_sew,kunkun,kunkun,k u n + k u n,,fleck2005,1011,,,,0,k u n + k u n,?,
Marubo-118_sew-1,,Marubo,118_sew,nuʂɨ,nuʂɨ,n u ʂ ɨ,,fleck2005,1006,,,,0,n u ʂ ɨ,?,
Katukina-118_sew-1,,Katukina,118_sew,tariraru,tariraru,t a r i r a r u,,aguiar1994,1010,,,,0,t a r i r a r u,?,
Shipibo_Konibo-118_sew-1,,Shipibo_Konibo,118_sew,kɨʂɨ,kɨʂɨ,k ɨ ʂ ɨ,,fleck2005,1005,,,,0,- k ɨ ʂ - - ɨ,sew,
Kapanawa-118_sew-1,,Kapanawa,118_sew,kɨʂɨ,kɨʂɨ,k ɨ ʂ ɨ,,loos1998,1005,,,,0,- k ɨ ʂ - - ɨ,sew,
Yawanawa-118_sew-1,,Yawanawa,118_sew,ʂɨwa,ʂɨwa,ʂ ɨ w a,,paula1992,1005,,,,0,ʂ ɨ w a,sew _wa,
Iskonawa-118_sew-1,,Iskonawa,118_sew,hɨwa,hɨwa,h ɨ w a,,zariquiey2017,1005,,,,0,h ɨ w a,?,
Chakobo-118_sew-1,,Chakobo,118_sew,kɨʂa,kɨʂa,k ɨ ʂ a,,zingg1998,1005,,,,0,- k ɨ ʂ - - a,sew,
Kakataibo-118_sew-1,,Kakataibo,118_sew,unu,unu,u n u,,zariquiey2017,995,,,,0,u n u,?,
Mastanawa-118_sew-1,,Mastanawa,118_sew,ɨʔɨʃi,ɨʔɨʃi,ɨ ʔ ɨ ʃ i,,zariquiey2017,1005,,,,0,ɨ ʔ ɨ ʃ - - i,_i sew,
Chaninawa-118_sew-1,,Chaninawa,118_sew,ikɨʂɨ,ikɨʂɨ,i k ɨ ʂ ɨ,,zariquiey2017,1005,,,,0,i k ɨ ʂ - - ɨ,_i sew,
Sharanawa-118_sew-1,,Sharanawa,118_sew,ikɨʂɨi,ikɨʂɨ,i k ɨ ʂ ɨ,,zariquiey2017,1005,,,,0,i k ɨ ʂ - - ɨ,_i sew,
Amawaka-118_sew-1,,Amawaka,118_sew,kɨçɨi,kɨçɨ,k ɨ ç ɨ,,zariquiey2017,1005,,,,0,- k ɨ ç - - ɨ,sew,
Nawa-118_sew-1,,Nawa,118_sew,ɨkɨʂɨ,ikɨʂɨ,i k ɨ ʂ ɨ,,zariquiey2017,1005,,,,0,i k ɨ ʂ - - ɨ,_i sew,
Marinawa-118_sew-1,,Marinawa,118_sew,ikɨʃi,ikɨʃi,i k ɨ ʃ i,,zariquiey2017,1005,,,,0,i k ɨ ʃ - - i,_i sew,
Yaminawa-118_sew-1,,Yaminawa,118_sew,kɨʃiwa,kɨʃiwa,k ɨ ʃ i w a,,zariquiey2017,1005,,,,0,- k ɨ ʃ i w a,sew _wa,
Kashinawa_P-118_sew-1,,Kashinawa_P,118_sew,kɨʂɨa,kɨʂɨ,k ɨ ʂ ɨ,,zariquiey2017,1005,,,,0,- k ɨ ʂ - - ɨ,sew,
Matses-116_see-1,,Matses,116_see,is,is,i s,,fleck2005,996,,,,0,- i s - -,see/is,
Matis-116_see-1,,Matis,116_see,is,is,i s,,fleck2005,996,,,,0,- i s - -,see/is,
Marubo-116_see-1,,Marubo,116_see,win,uin,u i n,,fleck2005,997,,,,0,u - i n,see/uin,
Katukina-116_see-1,,Katukina,116_see,uin,uin,u i n,,aguiar1994,997,,,,0,u - i n,see/uin,
Shipibo_Konibo-116_see-1,,Shipibo_Konibo,116_see,win,uin,u i n,,fleck2005,997,,,,0,u - i n,see/uin,
Kapanawa-116_see-1,,Kapanawa,116_see,his,his,h i s,,loos1998,996,,,,0,h i s - -,see/is,
Arara-116_see-1,,Arara,116_see,ũĩ,ũĩ,ũ ĩ,,cunha1993,997,,,,0,- ũ - - ĩ,?,
Shanenawa-116_see-1,,Shanenawa,116_see,uin,uin,u i n,,lanes2005,997,,,,0,u - i n,see/uin,
Yawanawa-116_see-1,,Yawanawa,116_see,uin,uin,u i n,,paula1992,997,,,,0,u - i n,see/uin,
Iskonawa-116_see-1,,Iskonawa,116_see,uin,uin,u i n,,zariquiey2017,997,,,,0,u - i n,see/uin,
Chakobo-116_see-1,,Chakobo,116_see,his,his,h i s,,zingg1998,996,,,,0,h i s - -,see/is,
Pakawara-116_see-1,,Pakawara,116_see,hispa,hispa,h i s p a,,key2000,996,,,,0,h i s p a,?,
Kakataibo-116_see-1,,Kakataibo,116_see,is,is,i s,,zariquiey2017,996,,,,0,- i s - -,see/is,
Kaxarari-116_see-1,,Kaxarari,116_see,waya,waya,w a j a,,couto2005,998,,,,0,w a j a,?,
Mastanawa-116_see-1,,Mastanawa,116_see,unwɨ,unwɨ,u n w ɨ,,zariquiey2017,997,,,,0,u n w ɨ,see/uin,
Chaninawa-116_see-1,,Chaninawa,116_see,unwi,unwi,u n w i,,zariquiey2017,997,,,,0,u n w i,see/uin,
Sharanawa-116_see-1,,Sharanawa,116_see,ũw̃ĩ,ũw̃ĩ,ũ w ĩ,,zariquiey2017,997,,,,0,ũ - w ĩ,see/uin,
Amawaka-116_see-1,,Amawaka,116_see,iʔi,iʔin,i ʔ i n,,zariquiey2017,979,,,,0,i ʔ i n,see/is,
Nawa-116_see-1,,Nawa,116_see,ũwĩ,ũwĩ,ũ w ĩ,,zariquiey2017,997,,,,0,ũ - w ĩ,see/uin,
Marinawa-116_see-1,,Marinawa,116_see,unwɨ,unwɨ,u n w ɨ,,zariquiey2017,997,,,,0,u n w ɨ,see/uin,
Yaminawa-116_see-1,,Yaminawa,116_see,unwɨ,unwɨ,u n w ɨ,,zariquiey2017,997,,,,0,u n w ɨ,see/uin,
Kashinawa_P-116_see-1,,Kashinawa_P,116_see,uɨja,uɨja,u ɨ j a,,zariquiey2017,997,,,,0,u ɨ j a,see/uin,
Kashinawa_B-116_see-1,,Kashinawa_B,116_see,uĩ,uĩ,u ĩ,,camargo1995,997,,,,0,u - ĩ -,see/uin,
Matses-64_hear-1,,Matses,64_hear,tantia,tantia,t a n t i + a,,fleck2005,562,,,,0,t a n t i + a,feel _-:suffix/a,
Matis-64_hear-1,,Matis,64_hear,kuak,kuak,kʷ a k,,fleck2005,1282,,,,0,kʷ a k,hear/kwa,
Marubo-64_hear-1,,Marubo,64_hear,ninkan,ninkan,n i n k a n,,fleck2005,559,,,,0,n i n k a n,hear,
Katukina-64_hear-1,,Katukina,64_hear,ninka,ninka,n i n k a,,aguiar1994,559,,,,0,n i n k a -,hear,
Shipibo_Konibo-64_hear-1,,Shipibo_Konibo,64_hear,ninkat,ninkat,n i n k a t,,fleck2005,559,,,,0,n i n k a t,hear,
Kapanawa-64_hear-1,,Kapanawa,64_hear,ninka,ninka,n i n k a,,loos1998,559,,,,0,n i n k a -,hear,
Arara-64_hear-1,,Arara,64_hear,dika,dika,d i k a,,cunha1993,559,,,,0,d i - k a - -,?,
Shanenawa-64_hear-1,,Shanenawa,64_hear,ninka,ninka,n i n k a,,lanes2005,559,,,,0,n i n k a -,hear,
Yawanawa-64_hear-1,,Yawanawa,64_hear,nika,nika,n i k a,,paula1992,559,,,,0,n i - k a -,hear,
Poyanawa-64_hear-1,,Poyanawa,64_hear,tapi,tapi,t a p i,,paula1992,560,,,,0,t a p i,?,
Iskonawa-64_hear-1,,Iskonawa,64_hear,nika,nika,n i k a,,zariquiey2017,559,,,,0,n i - k a -,hear,
Chakobo-64_hear-1,,Chakobo,64_hear,nika,nika,n i k a,,zingg1998,559,,,,0,n i - k a -,hear,
Kakataibo-64_hear-1,,Kakataibo,64_hear,kwa,kwa,kʷ a,,zariquiey2017,1282,,,,0,kʷ a -,hear/kwa,
Kaxarari-64_hear-1,,Kaxarari,64_hear,ka,ka,k a,,couto2005,1282,,,,0,k a -,hear/kwa,
Mastanawa-64_hear-1,,Mastanawa,64_hear,djaj,dia,d i a,,zariquiey2017,559,,,,0,d i - - a -,hear,
Chaninawa-64_hear-1,,Chaninawa,64_hear,dikaj,dikaj,d i k a dʒ,,zariquiey2017,559,,,,0,d i - k a dʒ,hear,
Sharanawa-64_hear-1,,Sharanawa,64_hear,dikai,dika,d i k a,,zariquiey2017,559,,,,0,d i - k a -,hear,
Amawaka-64_hear-1,,Amawaka,64_hear,ninkaj,ninkaj,n i n k a dʒ,,zariquiey2017,559,,,,0,n i n k a dʒ,hear,
Nawa-64_hear-1,,Nawa,64_hear,dika,dika,d i k a,,zariquiey2017,559,,,,0,d i - k a -,hear,
Marinawa-64_hear-1,,Marinawa,64_hear,dika,dika,d i k a,,zariquiey2017,559,,,,0,d i - k a -,hear,
Yaminawa-64_hear-1,,Yaminawa,64_hear,diʔa,diʔa,d i ʔ a,,zariquiey2017,559,,,,0,d i - ʔ a -,hear,
Kashinawa_P-64_hear-1,,Kashinawa_P,64_hear,ninka,ninka,n i n k a,,zariquiey2017,559,,,,0,n i n k a -,hear,
Kashinawa_B-64_hear-1,,Kashinawa_B,64_hear,nĩkai,nĩka,n ĩ k a,,camargo1995,559,,,,0,n ĩ - k a -,hear,
Matses-127_smelltrv-1,,Matses,127_smelltrv,ʂɨd,ʂɨd,ʂ ɨ d,,fleck2005,1087,,,,0,ʂ ɨ - - d -,smell,
Matis-127_smelltrv-1,,Matis,127_smelltrv,ʂɨd,ʂɨd,ʂ ɨ d,,fleck2005,1087,,,,0,ʂ ɨ - - d -,smell,
Marubo-127_smelltrv-1,,Marubo,127_smelltrv,ʂɨtɨ,ʂɨtɨ,ʂ ɨ t ɨ,,fleck2005,1087,,,,0,ʂ ɨ - - t ɨ,smell,
Katukina-127_smelltrv-1,,Katukina,127_smelltrv,xiti,xiti,x/ʂ i t i,,aguiar1994,1087,,,,0,x i - - t i,smell,
Shipibo_Konibo-127_smelltrv-1,,Shipibo_Konibo,127_smelltrv,ʂɨtɨ,ʂɨtɨ,ʂ ɨ t ɨ,,fleck2005,1087,,,,0,ʂ ɨ - - t ɨ,smell,
Kapanawa-127_smelltrv-1,,Kapanawa,127_smelltrv,ʂɨtɨ,ʂɨtɨ,ʂ ɨ t ɨ,,loos1998,1087,,,,0,ʂ ɨ - - t ɨ,smell,
Shanenawa-127_smelltrv-1,,Shanenawa,127_smelltrv,ʂɨtɨ,ʂɨtɨ,ʂ ɨ t ɨ,,lanes2005,1087,,,,0,ʂ ɨ - - t ɨ,smell,
Yawanawa-127_smelltrv-1,,Yawanawa,127_smelltrv,ʃɨtɨ,ʃɨtɨ,ʃ ɨ t ɨ,,paula1992,1087,,,,0,ʃ ɨ - - t ɨ,smell,
Poyanawa-127_smelltrv-1,,Poyanawa,127_smelltrv,hɨtɨ,hɨtɨ,h ɨ t ɨ,,paula1992,1087,,,,0,h ɨ - - t ɨ,smell,
Iskonawa-127_smelltrv-1,,Iskonawa,127_smelltrv,hɨtɨ,hɨtɨ,h ɨ t ɨ,,zariquiey2017,1087,,,,0,h ɨ - - t ɨ,smell,
Chakobo-127_smelltrv-1,,Chakobo,127_smelltrv,ʂɨtɨ,ʂɨtɨ,ʂ ɨ t ɨ,,zingg1998,1087,,,,0,ʂ ɨ - - t ɨ,smell,
Kakataibo-127_smelltrv-1,,Kakataibo,127_smelltrv,ʂɨ,ʂɨ,ʂ ɨ,,zariquiey2017,1087,,,,0,ʂ ɨ - - - -,smell,
Kaxarari-127_smelltrv-1,,Kaxarari,127_smelltrv,kiʂi,kiʂi,k i ʂ i,,couto2005,1087,,,,0,k i ʂ i,?,
Mastanawa-127_smelltrv-1,,Mastanawa,127_smelltrv,ʂɨtɨa,ʂɨtɨa,ʂ ɨ t ɨ a,,zariquiey2017,1087,,,,0,ʂ ɨ t ɨ - a,smell,
Chaninawa-127_smelltrv-1,,Chaninawa,127_smelltrv,ʂɨtaj,ʂɨtaj,ʂ ɨ t a dʒ,,zariquiey2017,1087,,,,0,ʂ ɨ t a dʒ -,smell,
Sharanawa-127_smelltrv-1,,Sharanawa,127_smelltrv,ʂɨtɨj,ʂɨtɨj,ʂ ɨ t ɨ dʒ,,zariquiey2017,1087,,,,0,ʂ ɨ t ɨ dʒ -,smell,
Amawaka-127_smelltrv-1,,Amawaka,127_smelltrv,çɨʔtɨ,çɨʔtɨ,ç ɨ ʔ t ɨ,,zariquiey2017,1087,,,,0,ç ɨ ʔ - t ɨ,smell,
Nawa-127_smelltrv-1,,Nawa,127_smelltrv,ʂɨtɨ,ʂɨtɨ,ʂ ɨ t ɨ,,zariquiey2017,1087,,,,0,ʂ ɨ - - t ɨ,smell,
Marinawa-127_smelltrv-1,,Marinawa,127_smelltrv,ʂɨtɨ,ʂɨtɨ,ʂ ɨ t ɨ,,zariquiey2017,1087,,,,0,ʂ ɨ - - t ɨ,smell,
Yaminawa-127_smelltrv-1,,Yaminawa,127_smelltrv,ʂɨtɨ,ʂɨtɨ,ʂ ɨ t ɨ,,zariquiey2017,1087,,,,0,ʂ ɨ - - t ɨ,smell,
Kashinawa_P-127_smelltrv-1,,Kashinawa_P,127_smelltrv,ʂɨtɨa,ʂɨtɨa,ʂ ɨ t ɨ a,,zariquiey2017,1087,,,,0,ʂ ɨ t ɨ - a,smell,
Matses-74_knowfacts-1,,Matses,74_knowfacts,tantia,tanti,t a n t i + a,,fleck2005,652,,,,0,t a n t i + a,feel/taste _-:suffix/a,
Matis-74_knowfacts-1,,Matis,74_knowfacts,tanawa,tanawa,t a n a + w a,,fleck2005,652,,,,0,t a n a + w a,feel/taste _wa,
Marubo-74_knowfacts-1,,Marubo,74_knowfacts,tana,tana,t a n a,,fleck2005,652,,,,0,t a n a,feel/taste,
Katukina-74_knowfacts-1,,Katukina,74_knowfacts,tana,tana,t a n a,,aguiar1994,652,,,,0,t a n a,feel/taste,
Shipibo_Konibo-74_knowfacts-1,,Shipibo_Konibo,74_knowfacts,unan,unan,u n a n,,fleck2005,651,,,,0,u n a n,know,
Kapanawa-74_knowfacts-1,,Kapanawa,74_knowfacts,unan,unan,u n a n,,loos1998,651,,,,0,u n a n,know,
Arara-74_knowfacts-1,,Arara,74_knowfacts,tapi,tapi,t a p i,,cunha1993,650,,,,0,t a p - i -,?,
Shanenawa-74_knowfacts-1,,Shanenawa,74_knowfacts,tapian,tapin,t a p i n,,lanes2005,650,,,,0,t a p i n,know/tapin,
Yawanawa-74_knowfacts-1,,Yawanawa,74_knowfacts,tapin,tapin,t a p i n,,paula1992,650,,,,0,t a p i n,know/tapin,
Iskonawa-74_knowfacts-1,,Iskonawa,74_knowfacts,unan,unan,u n a n,,zariquiey2017,651,,,,0,u n a n,know,
Chakobo-74_knowfacts-1,,Chakobo,74_knowfacts,ka?ɨ,kaʔɨ,k a ʔ ɨ,,zingg1998,654,,,,0,k a ʔ ɨ,?,
Kakataibo-74_knowfacts-1,,Kakataibo,74_knowfacts,unan,unan,u n a n,,zariquiey2017,651,,,,0,u n a n,know,
Kaxarari-74_knowfacts-1,,Kaxarari,74_knowfacts,hayusĩ,hayusĩ,h a j u s ĩ,,couto2005,655,,,,0,h a j u s ĩ,?,
Mastanawa-74_knowfacts-1,,Mastanawa,74_knowfacts,tapja,tapi,t a p i,,zariquiey2017,650,,,,0,t a p i -,know/tapin,
Chaninawa-74_knowfacts-1,,Chaninawa,74_knowfacts,tapi,tapi,t a p i,,zariquiey2017,650,,,,0,t a p i -,know/tapin,
Sharanawa-74_knowfacts-1,,Sharanawa,74_knowfacts,tapian,tapin,t a p i n,,zariquiey2017,650,,,,0,t a p i n,know/tapin,
Amawaka-74_knowfacts-1,,Amawaka,74_knowfacts,unan,unan,u n a n,,zariquiey2017,651,,,,0,u n a n,know,
Nawa-74_knowfacts-1,,Nawa,74_knowfacts,tapi,tapi,t a p i,,zariquiey2017,650,,,,0,t a p i -,know/tapin,
Marinawa-74_knowfacts-1,,Marinawa,74_knowfacts,tapi,tapi,t a p i,,zariquiey2017,650,,,,0,t a p i -,know/tapin,
Yaminawa-74_knowfacts-1,,Yaminawa,74_knowfacts,tapĩ,tapĩ,t a p ĩ,,zariquiey2017,650,,,,0,t a p ĩ -,know/tapin,
Kashinawa_P-74_knowfacts-1,,Kashinawa_P,74_knowfacts,unan,unan,u n a n,,zariquiey2017,651,,,,0,u n a n,know,
Kashinawa_P-74_knowfacts-2,,Kashinawa_P,74_knowfacts,tapi,tapi,t a p i,,zariquiey2017,650,,,,0,t a p i -,know/tapin,
Kashinawa_B-74_knowfacts-1,,Kashinawa_B,74_knowfacts,tapĩ,tapĩ,t a p ĩ,,camargo1995,650,,,,0,t a p ĩ -,know/tapin,
Matses-149_think-1,,Matses,149_think,tantia,tanti,t a n t i,,fleck2005,1302,,,,0,t a n t i,feel,
Matis-149_think-1,,Matis,149_think,sinan,sinan,s i n a n,,fleck2005,1295,,,,0,s i n a n,think,
Marubo-149_think-1,,Marubo,149_think,ʃina,ʃina,ʃ i n a,,fleck2005,1295,,,,0,ʃ i n a -,think,
Katukina-149_think-1,,Katukina,149_think,xina,xina,x/ʂ i n a,,aguiar1994,1295,,,,0,x i n a -,think,
Shipibo_Konibo-149_think-1,,Shipibo_Konibo,149_think,ʃinan,ʃinan,ʃ i n a n,,fleck2005,1295,,,,0,ʃ i n a n,think,
Kapanawa-149_think-1,,Kapanawa,149_think,ʃinan,ʃinan,ʃ i n a n,,loos1998,1295,,,,0,ʃ i n a n,think,
Arara-149_think-1,,Arara,149_think,ʃinã,ʃinã,ʃ i n ã,,cunha1993,1295,,,,0,ʃ i n ã - -,?,
Shanenawa-149_think-1,,Shanenawa,149_think,ʃinan,ʃinan,ʃ i n a n,,lanes2005,1295,,,,0,ʃ i n a n,think,
Yawanawa-149_think-1,,Yawanawa,149_think,ʃinan,ʃinan,ʃ i n a n,,paula1992,1295,,,,0,ʃ i n a n,think,
Iskonawa-149_think-1,,Iskonawa,149_think,ʃinan,ʃinan,ʃ i n a n,,zariquiey2017,1295,,,,0,ʃ i n a n,think,
Chakobo-149_think-1,,Chakobo,149_think,ʃina,ʃina,ʃ i n a,,zingg1998,1295,,,,0,ʃ i n a -,think,
Kakataibo-149_think-1,,Kakataibo,149_think,sinan,sinan,s i n a n,,zariquiey2017,1295,,,,0,s i n a n,think,
Kaxarari-149_think-1,,Kaxarari,149_think,ʂinã,ʂinã,ʂ i n ã,,couto2005,1295,,,,0,ʂ i n ã -,think,
Mastanawa-149_think-1,,Mastanawa,149_think,ʃina,ʃina,ʃ i n a,,zariquiey2017,1295,,,,0,ʃ i n a -,think,
Chaninawa-149_think-1,,Chaninawa,149_think,ʃinaj,ʃinan,ʃ i n a n,,zariquiey2017,1295,,,,0,ʃ i n a n,think,
Sharanawa-149_think-1,,Sharanawa,149_think,ʃinain,ʃinan,ʃ i n a n,,zariquiey2017,1295,,,,0,ʃ i n a n,think,
Amawaka-149_think-1,,Amawaka,149_think,ʃinan,ʃinan,ʃ i n a n,,zariquiey2017,1295,,,,0,ʃ i n a n,think,
Nawa-149_think-1,,Nawa,149_think,ʃina,ʃina,ʃ i n a,,zariquiey2017,1295,,,,0,ʃ i n a -,think,
Marinawa-149_think-1,,Marinawa,149_think,ʃina,ʃina,ʃ i n a,,zariquiey2017,1295,,,,0,ʃ i n a -,think,
Yaminawa-149_think-1,,Yaminawa,149_think,ʃina,ʃina,ʃ i n a,,zariquiey2017,1295,,,,0,ʃ i n a -,think,
Kashinawa_P-149_think-1,,Kashinawa_P,149_think,ʃina,ʃina,ʃ i n a,,zariquiey2017,1295,,,,0,ʃ i n a -,think,
Kashinawa_B-149_think-1,,Kashinawa_B,149_think,ʃinã,ʃinã,ʃ i n ã,,camargo1995,1295,,,,0,ʃ i n ã -,think,
Matses-42_fearverb-1,,Matses,42_fearverb,dakuɨden,dakuɨden,d a kʷ ɨ d e n,,fleck2005,366,,,,0,- - d a kʷ ɨ d e n,fear/rakuɨ _den,
Matis-42_fearverb-1,,Matis,42_fearverb,dakuden,dakuden,d a k u d e n,,fleck2005,366,,,,0,- - d a k u d e n,fear/rakuɨ _den,
Marubo-42_fearverb-1,,Marubo,42_fearverb,rakɨʂun,rakɨʂun,r a k ɨ ʂ u n,,fleck2005,366,,,,0,- - r a k ɨ ʂ u n,fear/rakuɨ,
Shipibo_Konibo-42_fearverb-1,,Shipibo_Konibo,42_fearverb,rakɨ,rakɨ,r a k ɨ,,fleck2005,366,,,,0,- - r a k ɨ - - -,fear/ratɨ,
Kapanawa-42_fearverb-1,,Kapanawa,42_fearverb,rakɨti,rakɨ,r a k ɨ,,loos1998,366,,,,0,- - r a k ɨ - - -,fear/rakuɨ,
Arara-42_fearverb-1,,Arara,42_fearverb,bɨsɨai,bɨsɨai,b ɨ s ɨ a,,cunha1993,368,,,,0,b ɨ s ɨ a i,?,
Shanenawa-42_fearverb-1,,Shanenawa,42_fearverb,ratɨ,ratɨ,r a t ɨ,,lanes2005,563,,,,0,r a t ɨ,fear/ratɨ,
Yawanawa-42_fearverb-1,,Yawanawa,42_fearverb,ratɨ,ratɨ,r a t ɨ,,paula1992,563,,,,0,r a t ɨ,fear/ratɨ,
Nukini-42_fearverb-1,,Nukini,42_fearverb,ʃirakɨ,ʃirakɨ,ʃ i r a k ɨ,,aguiar2004,366,,,,0,ʃ i r a k ɨ - - -,_ʃi fear/rakuɨ,
Poyanawa-42_fearverb-1,,Poyanawa,42_fearverb,raki,raki,r a k i,,paula1992,366,,,,0,- - r a k i - - -,fear/rakuɨ,
Chakobo-42_fearverb-1,,Chakobo,42_fearverb,rakɨ,rakɨ,r a k ɨ,,zingg1998,366,,,,0,- - r a k ɨ - - -,fear/rakuɨ,
Chakobo-42_fearverb-2,,Chakobo,42_fearverb,ratɨ,ratɨ,r a t ɨ,,zingg1998,563,,,,0,r a t ɨ,fear/ratɨ,
Kakataibo-42_fearverb-1,,Kakataibo,42_fearverb,rakwɨ,rakwɨ,r a kʷ ɨ,,zariquiey2017,366,,,,0,- - r a kʷ ɨ - - -,fear/rakuɨ,
Kaxarari-42_fearverb-1,,Kaxarari,42_fearverb,tʂakɨta,tʂakɨta,ʈʂ a k ɨ t a,,couto2005,366,,,,0,- - ʈʂ a k ɨ t a -,fear/ratɨ,
Mastanawa-42_fearverb-1,,Mastanawa,42_fearverb,bɨsa,bɨsa,b ɨ s a,,zariquiey2017,368,,,,0,b ɨ s a,?,
Chaninawa-42_fearverb-1,,Chaninawa,42_fearverb,ɾatɨ,ɾatɨ,ɾ a t ɨ,,zariquiey2017,563,,,,0,ɾ a t ɨ,fear/ratɨ,
Sharanawa-42_fearverb-1,,Sharanawa,42_fearverb,ɾatɨ,ɾatɨ,ɾ a t ɨ,,zariquiey2017,563,,,,0,ɾ a t ɨ,fear/ratɨ,
Amawaka-42_fearverb-1,,Amawaka,42_fearverb,ɾakɨ,ɾakɨ,ɾ a k ɨ,,zariquiey2017,366,,,,0,- - ɾ a k ɨ - - -,fear/rakuɨ,
Nawa-42_fearverb-1,,Nawa,42_fearverb,bɨsɨ,bɨsɨ,b ɨ s ɨ,,zariquiey2017,368,,,,0,b ɨ s ɨ,?,
Nawa-42_fearverb-2,,Nawa,42_fearverb,ɾatɨ,ɾatɨ,ɾ a t ɨ,,zariquiey2017,563,,,,0,ɾ a t ɨ,fear/ratɨ,
Marinawa-42_fearverb-1,,Marinawa,42_fearverb,ɾatɨ,ɾatɨ,ɾ a t ɨ,,zariquiey2017,563,,,,0,ɾ a t ɨ,fear/ratɨ,
Marinawa-42_fearverb-2,,Marinawa,42_fearverb,kuwɨi,kuwɨi,k u w ɨ,,zariquiey2017,373,,,,0,k u w ɨ i,?,
Yaminawa-42_fearverb-1,,Yaminawa,42_fearverb,ɾatɨ,ɾatɨ,ɾ a t ɨ,,zariquiey2017,563,,,,0,ɾ a t ɨ,fear/ratɨ,
Yaminawa-42_fearverb-2,,Yaminawa,42_fearverb,latɨ,latɨ,l a t ɨ,,zariquiey2017,563,,,,0,l a t ɨ,fear/ratɨ,
Kashinawa_P-42_fearverb-1,,Kashinawa_P,42_fearverb,datɨ,datɨ,d a t ɨ,,zariquiey2017,563,,,,0,d a t ɨ,fear/ratɨ,
Kashinawa_B-42_fearverb-1,,Kashinawa_B,42_fearverb,datɨi,datɨ,d a t ɨ,,camargo1995,563,,,,0,d a t ɨ,fear/ratɨ,
Matses-76_laugh-1,,Matses,76_laugh,mamɨn,mamɨn,m a m ɨ n,,fleck2005,669,,,,0,m a m ɨ n,laugh,
Matis-76_laugh-1,,Matis,76_laugh,den,den,d e n,,fleck2005,670,,,,0,d e n,?,
Marubo-76_laugh-1,,Marubo,76_laugh,usan,usan,u s a n,,fleck2005,661,,,,0,u s a n -,play,
Katukina-76_laugh-1,,Katukina,76_laugh,hiwer,hiwer,h i w e r,,aguiar1994,671,,,,0,h i w e r,?,
Shipibo_Konibo-76_laugh-1,,Shipibo_Konibo,76_laugh,usan,usan,u s a n,,fleck2005,661,,,,0,u s a n -,laugh,
Kapanawa-76_laugh-1,,Kapanawa,76_laugh,usan,usan,u s a n,,loos1998,661,,,,0,u s a n -,laugh,
Kapanawa-76_laugh-2,,Kapanawa,76_laugh,βitsati,βitsati,β i ts a t i,,loos1998,663,,,,0,β i ts a t i,?,
Arara-76_laugh-1,,Arara,76_laugh,ʃɨtʃa,ʃɨtʃa,ʃ ɨ tʃ a,,cunha1993,662,,,,0,ʃ ɨ tʃ a,?,
Shanenawa-76_laugh-1,,Shanenawa,76_laugh,ʂutʃi,ʂutʃi,ʂ u tʃ i,,lanes2005,662,,,,0,ʂ u tʃ i,?,
Yawanawa-76_laugh-1,,Yawanawa,76_laugh,uʃan,uʃan,u ʃ a n,,paula1992,661,,,,0,u ʃ a n -,laugh,
Poyanawa-76_laugh-1,,Poyanawa,76_laugh,βitsa,βitsa,β i ts a,,paula1992,663,,,,0,β i ts a,?,
Chakobo-76_laugh-1,,Chakobo,76_laugh,usa,usa,u s a,,zingg1998,661,,,,0,u s a - -,laugh,
Chakobo-76_laugh-2,,Chakobo,76_laugh,tsiri,tsiri,ts i r i,,zingg1998,667,,,,0,ts i r i,?,
Kakataibo-76_laugh-1,,Kakataibo,76_laugh,usan,usan,u s a n,,zariquiey2017,661,,,,0,u s a n -,laugh,
Kaxarari-76_laugh-1,,Kaxarari,76_laugh,usan,usan,u s a n,,couto2005,661,,,,0,u s a n -,laugh,
Mastanawa-76_laugh-1,,Mastanawa,76_laugh,ɸitsa,ɸitsa,ɸ i ts a,,zariquiey2017,663,,,,0,ɸ i ts - - a,?,
Chaninawa-76_laugh-1,,Chaninawa,76_laugh,ʂɨt͡ʃi,ʂɨt͡ʃi,ʂ ɨ tʃ i,,zariquiey2017,662,,,,0,ʂ ɨ tʃ i,?,
Sharanawa-76_laugh-1,,Sharanawa,76_laugh,ʂɨt͡ʃi,ʂɨt͡ʃi,ʂ ɨ tʃ i,,zariquiey2017,662,,,,0,ʂ ɨ tʃ i,?,
Amawaka-76_laugh-1,,Amawaka,76_laugh,mɨka,mɨka,m ɨ k a,,zariquiey2017,666,,,,0,m ɨ k a,?,
Nawa-76_laugh-1,,Nawa,76_laugh,sɨʧi,sɨʧi,s ɨ tʃ i,,zariquiey2017,662,,,,0,s ɨ tʃ i,?,
Nawa-76_laugh-2,,Nawa,76_laugh,ɸitsa,ɸitsa,ɸ i ts a,,zariquiey2017,663,,,,0,ɸ i ts - - a,?,
Marinawa-76_laugh-1,,Marinawa,76_laugh,sɨʧi,sɨʧi,s ɨ tʃ i,,zariquiey2017,662,,,,0,s ɨ tʃ i,?,
Yaminawa-76_laugh-1,,Yaminawa,76_laugh,ɸitsaj,ɸitsa,ɸ i ts a,,zariquiey2017,663,,,,0,ɸ i ts - - a,?,
Kashinawa_P-76_laugh-1,,Kashinawa_P,76_laugh,usa,usa,u s a,,zariquiey2017,661,,,,0,u s a - -,laugh,
Kashinawa_B-76_laugh-1,,Kashinawa_B,76_laugh,uʂɨĩ,uʂɨĩ,u ʂ ɨ ĩ,,camargo1995,661,,,,0,u ʂ ɨ - ĩ,laugh,
Matses-71_hunt-1,,Matses,71_hunt,kapu,kapu,k a p u,,fleck2005,619,,,,0,k a p u,go _pu,
Matis-71_hunt-1,,Matis,71_hunt,kapo,kapo,k a + p o,,fleck2005,619,,,,0,k a + p o,go _po,
Marubo-71_hunt-1,,Marubo,71_hunt,nika,nika,n i k a,,fleck2005,629,,,,0,n i - k a,forest go,
Katukina-71_hunt-1,,Katukina,71_hunt,nii,nii,n iː,,aguiar1994,629,,,,0,n iː - - -,forest,
Shipibo_Konibo-71_hunt-1,,Shipibo_Konibo,71_hunt,yumera,yumera,j u m e r a,,fleck2005,620,,,,0,j u m e r a,thing find,
Kapanawa-71_hunt-1,,Kapanawa,71_hunt,yumɨra,yumɨra,j u m ɨ r a,,loos1998,620,,,,0,j u m ɨ r a,?,
Arara-71_hunt-1,,Arara,71_hunt,di,di,d i,,cunha1993,616,,,,0,- - d i,?,
Shanenawa-71_hunt-1,,Shanenawa,71_hunt,ni,ni,n i,,lanes2005,629,,,,0,n i - - -,forest,
Nukini-71_hunt-1,,Nukini,71_hunt,aiβũ,aiβũ,a j β ũ,,aguiar2004,630,,,,0,a i β ũ,?,
Chakobo-71_hunt-1,,Chakobo,71_hunt,pasu,pasu,p a s u,,zingg1998,547,,,,0,p a s u,?,
Kakataibo-71_hunt-1,,Kakataibo,71_hunt,ɲu ʔa,ɲu ʔa,ɲ u + ʔ a,,zariquiey2017,625,,,,0,ɲ u # ʔ a,thing do,
Kaxarari-71_hunt-1,,Kaxarari,71_hunt,utʃa,utʃa,u tʃ a,,couto2005,627,,,,0,u tʃ a,?,
Mastanawa-71_hunt-1,,Mastanawa,71_hunt,dja,di,d i,,zariquiey2017,628,,,,0,d i,forest,
Chaninawa-71_hunt-1,,Chaninawa,71_hunt,di:ka,dika,d i + k a,,zariquiey2017,629,,,,0,d i + k a,forest go,
Sharanawa-71_hunt-1,,Sharanawa,71_hunt,ɾɨtɨ,ɾɨtɨ,ɾ ɨ t ɨ,,zariquiey2017,616,,,,0,ɾ ɨ t ɨ,kill,
Amawaka-71_hunt-1,,Amawaka,71_hunt,bi ʔana,biʔana,b i ʔ a n a,,zariquiey2017,621,,,,0,b i ʔ a n a,grap,
Amawaka-71_hunt-2,,Amawaka,71_hunt,ɾɨtɨ,ɾɨtɨ,ɾ ɨ t ɨ,,zariquiey2017,616,,,,0,ɾ ɨ t ɨ,kill,
Nawa-71_hunt-1,,Nawa,71_hunt,di ka,di ka,d i + k a,,zariquiey2017,629,,,,0,d i + k a,forest go,
Marinawa-71_hunt-1,,Marinawa,71_hunt,ɾɨtɨ,ɾɨtɨ,ɾ ɨ t ɨ,,zariquiey2017,616,,,,0,ɾ ɨ t ɨ,kill,
Yaminawa-71_hunt-1,,Yaminawa,71_hunt,mɨpɨnaj,mɨpɨna,m ɨ p ɨ n a,,zariquiey2017,632,,,,0,m ɨ p ɨ n a,?,
Kashinawa_P-71_hunt-1,,Kashinawa_P,71_hunt,tsaka,tsaka,ts a k a,,zariquiey2017,668,,,,0,ts a k a,throw_at,
Kashinawa_B-71_hunt-1,,Kashinawa_B,71_hunt,piajaka,piajaka,p i a j a k a,,camargo1995,626,,,,0,p i a j a k a,?,
Matses-29_drinkverb-1,,Matses,29_drinkverb,ak,ak,a k,,fleck2005,274,,,,0,a k,do,
Matis-29_drinkverb-1,,Matis,29_drinkverb,ak,ak,a k,,fleck2005,274,,,,0,a k,do,
Marubo-29_drinkverb-1,,Marubo,29_drinkverb,a,a,a,,fleck2005,274,,,,0,a,do,
Katukina-29_drinkverb-1,,Katukina,29_drinkverb,aka,aka,a k a,,aguiar1994,274,,,,0,a k a,do,
Shipibo_Konibo-29_drinkverb-1,,Shipibo_Konibo,29_drinkverb,ʂɨa,ʂɨa,ʂ ɨ a,,fleck2005,272,,,,0,ʂ ɨ a,drink/ʂɨa,
Kapanawa-29_drinkverb-1,,Kapanawa,29_drinkverb,ʂɨa,ʂɨa,ʂ ɨ a,,loos1998,272,,,,0,ʂ ɨ a,drink/ʂɨa,
Arara-29_drinkverb-1,,Arara,29_drinkverb,numã,numã,n u m ã,,cunha1993,282,,,,0,n u m ã,?,
Shanenawa-29_drinkverb-1,,Shanenawa,29_drinkverb,aja,aja,a j a,,lanes2005,277,,,,0,a j a,drink/aja,
Yawanawa-29_drinkverb-1,,Yawanawa,29_drinkverb,aia,aja,a j a,,paula1992,277,,,,0,a j a,drink/aja,
Nukini-29_drinkverb-1,,Nukini,29_drinkverb,aya,aya,a j a,,aguiar2004,277,,,,0,a j a,drink/aja,
Poyanawa-29_drinkverb-1,,Poyanawa,29_drinkverb,aja,aja,a j a,,paula1992,277,,,,0,a j a,drink/aja,
Iskonawa-29_drinkverb-1,,Iskonawa,29_drinkverb,aja,aja,a j a,,zariquiey2017,277,,,,0,a j a,drink/aja,
Chakobo-29_drinkverb-1,,Chakobo,29_drinkverb,a,a,a,,zingg1998,274,,,,0,a,do,
Kakataibo-29_drinkverb-1,,Kakataibo,29_drinkverb,ʂɨa,kwaʂkati,kʷ a ʂ k a + t i,,zariquiey2017,105,,,,0,kʷ a ʂ k a + t i,drink/kʷaʂka,
Kaxarari-29_drinkverb-1,,Kaxarari,29_drinkverb,kula,kula,k u l a,,couto2005,278,,,,0,k u l a,?,
Mastanawa-29_drinkverb-1,,Mastanawa,29_drinkverb,aja,aja,a j a,,zariquiey2017,277,,,,0,a j a,drink/aja,
Chaninawa-29_drinkverb-1,,Chaninawa,29_drinkverb,aja,aja,a j a,,zariquiey2017,277,,,,0,a j a,drink/aja,
Sharanawa-29_drinkverb-1,,Sharanawa,29_drinkverb,aja,aja,a j a,,zariquiey2017,277,,,,0,a j a,drink/aja,
Amawaka-29_drinkverb-1,,Amawaka,29_drinkverb,aja,aja,a j a,,zariquiey2017,277,,,,0,a j a,drink/aja,
Nawa-29_drinkverb-1,,Nawa,29_drinkverb,aja,aja,a j a,,zariquiey2017,277,,,,0,a j a,drink/aja,
Marinawa-29_drinkverb-1,,Marinawa,29_drinkverb,aja,aja,a j a,,zariquiey2017,277,,,,0,a j a,drink/aja,
Yaminawa-29_drinkverb-1,,Yaminawa,29_drinkverb,ajaj,aja,a j a,,zariquiey2017,277,,,,0,a j a,drink/aja,
Kashinawa_P-29_drinkverb-1,,Kashinawa_P,29_drinkverb,nuʂwa,nuʂwa,n u ʂʷ a,,zariquiey2017,279,,,,0,n u ʂʷ a,?,
Kashinawa_B-29_drinkverb-1,,Kashinawa_B,29_drinkverb,aya,aya,a j a,,camargo1995,277,,,,0,a j a,drink/aja,
Matses-35_eat-1,,Matses,35_eat,pe,pe,p e,,fleck2005,322,,,,0,p e - -,eat,
Matis-35_eat-1,,Matis,35_eat,pe,pe,p e,,fleck2005,322,,,,0,p e - -,eat,
Marubo-35_eat-1,,Marubo,35_eat,pi,pi,p i,,fleck2005,322,,,,0,p i - -,eat,
Katukina-35_eat-1,,Katukina,35_eat,pipa,pi,p i,,aguiar1994,322,,,,0,p i - -,eat,
Shipibo_Konibo-35_eat-1,,Shipibo_Konibo,35_eat,pi,pi,p i,,fleck2005,322,,,,0,p i - -,eat,
Kapanawa-35_eat-1,,Kapanawa,35_eat,pi,pi,p i,,loos1998,322,,,,0,p i - -,eat,
Arara-35_eat-1,,Arara,35_eat,pi,pi,p i,,cunha1993,322,,,,0,p - - i,?,
Shanenawa-35_eat-1,,Shanenawa,35_eat,pi,pi,p i,,lanes2005,322,,,,0,p i - -,eat,
Yawanawa-35_eat-1,,Yawanawa,35_eat,pi,pi,p i,,paula1992,322,,,,0,p i - -,eat,
Nukini-35_eat-1,,Nukini,35_eat,pi,pi,p i,,aguiar2004,322,,,,0,p i - -,eat,
Poyanawa-35_eat-1,,Poyanawa,35_eat,pi,pi,p i,,paula1992,322,,,,0,p i - -,eat,
Iskonawa-35_eat-1,,Iskonawa,35_eat,pi,pi,p i,,zariquiey2017,322,,,,0,p i - -,eat,
Chakobo-35_eat-1,,Chakobo,35_eat,pi,pi,p i,,zingg1998,322,,,,0,p i - -,eat,
Pakawara-35_eat-1,,Pakawara,35_eat,pi,pi,p i,,key2000,322,,,,0,p i - -,eat,
Kakataibo-35_eat-1,,Kakataibo,35_eat,pi,pi,p i,,zariquiey2017,322,,,,0,p i - -,eat,
Kaxarari-35_eat-1,,Kaxarari,35_eat,pi,pi,p i,,couto2005,322,,,,0,p i - -,eat,
Mastanawa-35_eat-1,,Mastanawa,35_eat,pi,pi,p i,,zariquiey2017,322,,,,0,p i - -,eat,
Chaninawa-35_eat-1,,Chaninawa,35_eat,pi:,pi:,p iː,,zariquiey2017,322,,,,0,p iː - -,eat,
Sharanawa-35_eat-1,,Sharanawa,35_eat,pi,pi,p i,,zariquiey2017,322,,,,0,p i - -,eat,
Amawaka-35_eat-1,,Amawaka,35_eat,hiɾi,pi,p i,,zariquiey2017,322,,,,0,p i - -,eat,
Nawa-35_eat-1,,Nawa,35_eat,pi,pi,p i,,zariquiey2017,322,,,,0,p i - -,eat,
Marinawa-35_eat-1,,Marinawa,35_eat,pi,pi,p i,,zariquiey2017,322,,,,0,p i - -,eat,
Yaminawa-35_eat-1,,Yaminawa,35_eat,piʔi,piʔi,p i ʔ i,,zariquiey2017,322,,,,0,p i ʔ i,eat,
Kashinawa_P-35_eat-1,,Kashinawa_P,35_eat,pja,pi,p i,,zariquiey2017,322,,,,0,p i - -,eat,
Kashinawa_B-35_eat-1,,Kashinawa_B,35_eat,pi,pi,p i,,camargo1995,322,,,,0,p i - -,eat,
Matses-141_suck-1,,Matses,141_suck,tʃiʃ,tʃiʃ,tʃ i ʃ,,fleck2005,1220,,,,0,tʃ i ʃ,?,
Matis-141_suck-1,,Matis,141_suck,tʃiʃ,tʃiʃ,tʃ i ʃ,,fleck2005,1220,,,,0,tʃ i ʃ,?,
Marubo-141_suck-1,,Marubo,141_suck,ujua,ujua,u j u,,fleck2005,1218,,,,0,u j u,?,
Katukina-141_suck-1,,Katukina,141_suck,aki,aki,a k i,,aguiar1994,1223,,,,0,a k i,?,
Katukina-141_suck-2,,Katukina,141_suck,kuku,kuku,k u k u,,aguiar1994,1217,,,,0,k u - k u,suck suck,
Shipibo_Konibo-141_suck-1,,Shipibo_Konibo,141_suck,βia,βia,β i a,,fleck2005,1222,,,,0,β i a,?,
Shipibo_Konibo-141_suck-2,,Shipibo_Konibo,141_suck,uyu,uyu,u j u,,fleck2005,1218,,,,0,u j u,?,
Kapanawa-141_suck-1,,Kapanawa,141_suck,kuku,kuku,k u + k u,,loos1998,1217,,,,0,k u + k u,suck suck,
Kapanawa-141_suck-2,,Kapanawa,141_suck,uyu,uyu,u j u,,loos1998,1218,,,,0,u j u,?,
Shanenawa-141_suck-1,,Shanenawa,141_suck,kuku,kuku,k u k u,,lanes2005,1217,,,,0,k u - k u,suck suck,
Yawanawa-141_suck-1,,Yawanawa,141_suck,kuku,kuku,k u k u,,paula1992,1217,,,,0,k u - k u,suck suck,
Poyanawa-141_suck-1,,Poyanawa,141_suck,kuku,kuku,k u k u,,paula1992,1217,,,,0,k u - k u,suck suck,
Iskonawa-141_suck-1,,Iskonawa,141_suck,kuku,kuku,k u k u,,zariquiey2017,1217,,,,0,k u - k u,suck suck,
Chakobo-141_suck-1,,Chakobo,141_suck,tsupa?a,tsupaʔa,ts u p a ʔ a,,zingg1998,1610,,,,0,ts u p a ʔ a,?,
Kakataibo-141_suck-1,,Kakataibo,141_suck,uɲu,ku,k u,,zariquiey2017,1217,,,,0,k u - - -,suck,
Mastanawa-141_suck-1,,Mastanawa,141_suck,kuʔu,kuʔu,k u ʔ u,,zariquiey2017,1217,,,,0,k u ʔ - u,suck suck,
Chaninawa-141_suck-1,,Chaninawa,141_suck,kukuj,kuku,k u k u,,zariquiey2017,1217,,,,0,k u - k u,suck suck,
Sharanawa-141_suck-1,,Sharanawa,141_suck,kuku(w)i,kukui,k u k u,,zariquiey2017,1217,,,,0,k u - k u,suck suck,
Amawaka-141_suck-1,,Amawaka,141_suck,kuʔku,kuku,k u k u,,zariquiey2017,1217,,,,0,k u - k u,suck,
Nawa-141_suck-1,,Nawa,141_suck,kuku,kuku,k u k u,,zariquiey2017,1217,,,,0,k u - k u,suck suck,
Marinawa-141_suck-1,,Marinawa,141_suck,kuku,kuku,k u k u,,zariquiey2017,1217,,,,0,k u - k u,suck suck,
Yaminawa-141_suck-1,,Yaminawa,141_suck,kuʔuwi,kuʔuwi,k u ʔ u,,zariquiey2017,1217,,,,0,k u ʔ - u,suck suck,
Kashinawa_P-141_suck-1,,Kashinawa_P,141_suck,kuku,kuku,k u k u,,zariquiey2017,1217,,,,0,k u - k u,suck suck,
Matses-159_vomitverb-1,,Matses,159_vomitverb,uk,uk,u k,,fleck2005,1363,,,,0,u k,?,
Matis-159_vomitverb-1,,Matis,159_vomitverb,uk,uk,u k,,fleck2005,1363,,,,0,u k,?,
Marubo-159_vomitverb-1,,Marubo,159_vomitverb,anan,anan,a n a n,,fleck2005,1361,,,,0,- a n a n,vomit,
Katukina-159_vomitverb-1,,Katukina,159_vomitverb,βupi,βupi,β u p i,,aguiar1994,1365,,,,0,β u p i,?,
Shipibo_Konibo-159_vomitverb-1,,Shipibo_Konibo,159_vomitverb,kinan,kinan,k i n a n,,fleck2005,1332,,,,0,k i n a n,vomit/kinan,
Kapanawa-159_vomitverb-1,,Kapanawa,159_vomitverb,hanaiki,hana,h a n a,,loos1998,1361,,,,0,h a n a -,vomit,
Kapanawa-159_vomitverb-2,,Kapanawa,159_vomitverb,kinani,kinan,k i n a n,,loos1998,1332,,,,0,k i n a n,vomit/kinan,
Arara-159_vomitverb-1,,Arara,159_vomitverb,anã,anã,a n ã,,cunha1993,1361,,,,0,- a n ã - - - -,?,
Shanenawa-159_vomitverb-1,,Shanenawa,159_vomitverb,anan,anan,a n a n,,lanes2005,1361,,,,0,- a n a n,vomit,
Yawanawa-159_vomitverb-1,,Yawanawa,159_vomitverb,anan,anan,a n a n,,paula1992,1361,,,,0,- a n a n,vomit,
Nukini-159_vomitverb-1,,Nukini,159_vomitverb,anan,anan,a n a n,,aguiar2004,1361,,,,0,- a n a n,vomit,
Poyanawa-159_vomitverb-1,,Poyanawa,159_vomitverb,anan,anan,a n a n,,paula1992,1361,,,,0,- a n a n,vomit,
Iskonawa-159_vomitverb-1,,Iskonawa,159_vomitverb,anan,anan,a n a n,,zariquiey2017,1361,,,,0,- a n a n,vomit,
Chakobo-159_vomitverb-1,,Chakobo,159_vomitverb,hana,hana,h a n a,,zingg1998,1361,,,,0,h a n a -,vomit,
Kakataibo-159_vomitverb-1,,Kakataibo,159_vomitverb,ana,ana,a n a,,zariquiey2017,1361,,,,0,- a n a -,vomit,
Kaxarari-159_vomitverb-1,,Kaxarari,159_vomitverb,hilũ,hilũ,h i l ũ,,couto2005,1364,,,,0,h i l ũ,?,
Mastanawa-159_vomitverb-1,,Mastanawa,159_vomitverb,ana,ana,a n a,,zariquiey2017,1361,,,,0,- a n a -,vomit,
Chaninawa-159_vomitverb-1,,Chaninawa,159_vomitverb,anaj,ana,a n a,,zariquiey2017,1361,,,,0,- a n a -,vomit,
Sharanawa-159_vomitverb-1,,Sharanawa,159_vomitverb,anaj,anaj,a n a dʒ,,zariquiey2017,1361,,,,0,- a n a dʒ,vomit,
Amawaka-159_vomitverb-1,,Amawaka,159_vomitverb,hana,hana,h a n a,,zariquiey2017,1361,,,,0,h a n a -,vomit,
Nawa-159_vomitverb-1,,Nawa,159_vomitverb,ana,ana,a n a,,zariquiey2017,1361,,,,0,- a n a -,vomit,
Marinawa-159_vomitverb-1,,Marinawa,159_vomitverb,ana,ana,a n a,,zariquiey2017,1361,,,,0,- a n a -,vomit,
Kashinawa_P-159_vomitverb-1,,Kashinawa_P,159_vomitverb,hana,hana,h a n a,,zariquiey2017,1361,,,,0,h a n a -,vomit,
Kashinawa_B-159_vomitverb-1,,Kashinawa_B,159_vomitverb,hanaĩ,hanaĩ,h a n a,,camargo1995,1361,,,,0,h a n a -,vomit,
Matses-132_spitverb-1,,Matses,132_spitverb,piʃtuka,piʃtuka,p i ʃ t u + k a,,fleck2005,1136,,,,0,p i ʃ t u + k a,spit/bɨʧu _-:suffix/ka,
Matis-132_spitverb-1,,Matis,132_spitverb,pid,pid,p i d,,fleck2005,325,,,,0,p i d -,spit/pid,
Marubo-132_spitverb-1,,Marubo,132_spitverb,tuʃpa,tuʃpa,t u ʃ p a,,fleck2005,1137,,,,0,t u ʃ p a,spit/tuʂβan,
Katukina-132_spitverb-1,,Katukina,132_spitverb,kemu,kemu,k e m u,,aguiar1994,1135,,,,0,k e m u,spit/kemu,
Shipibo_Konibo-132_spitverb-1,,Shipibo_Konibo,132_spitverb,tuʃβa,tuʃβa,t u ʃ β a,,fleck2005,1137,,,,0,t u ʃ β a,spit/tuʃβa,
Kapanawa-132_spitverb-1,,Kapanawa,132_spitverb,tuʂβan,tuʂβan,t u ʂ β a + n,,loos1998,1137,,,,0,t u ʂ β a + n,spit/tuʂβan,
Poyanawa-132_spitverb-1,,Poyanawa,132_spitverb,kunβu,kunβu,k u n β u,,paula1992,1130,,,,0,k u n β u,spit/kunβu,
Iskonawa-132_spitverb-1,,Iskonawa,132_spitverb,kuʃβu ik,kuʃβu ik,k u ʃ β u + i k,,zariquiey2017,1321,,,,0,k u ʃ β u # i k,spit/kuʃβu AUX,
Chakobo-132_spitverb-1,,Chakobo,132_spitverb,kuʃu,kuʃu,k u ʃ u,,zingg1998,1132,,,,0,k u ʃ u,spit/kuʃu,
Kakataibo-132_spitverb-1,,Kakataibo,132_spitverb,tuʃuki,tuʃuki,t u ʃ u + k i,,zariquiey2017,97,,,,0,t u ʃ u k i,spit/tuʃu,
Mastanawa-132_spitverb-1,,Mastanawa,132_spitverb,bɨʧu,bɨʧu,b ɨ tʃ u,,zariquiey2017,1129,,,,0,b ɨ tʃ u,spit/bɨʧu,
Chaninawa-132_spitverb-1,,Chaninawa,132_spitverb,bit͡ʃuj,bit͡ʃu,b i tʃ u,,zariquiey2017,1129,,,,0,b i tʃ u,spit/bɨʧu,
Sharanawa-132_spitverb-1,,Sharanawa,132_spitverb,bichu(w)i,bichu,b i tʃ u,,zariquiey2017,1129,,,,0,b i tʃ u,spit/bɨʧu,
Amawaka-132_spitverb-1,,Amawaka,132_spitverb,kuçtu,kuçu,k u ç u,,zariquiey2017,1132,,,,0,k u ç u,spit/kuʃu,
Nawa-132_spitverb-1,,Nawa,132_spitverb,bɨʧuɸi,bɨʧu,b ɨ tʃ u,,zariquiey2017,1129,,,,0,b ɨ tʃ u,spit/bɨʧu,
Marinawa-132_spitverb-1,,Marinawa,132_spitverb,bɨʧu,bɨʧu,b ɨ tʃ u,,zariquiey2017,1129,,,,0,b ɨ tʃ u,spit/bɨʧu,
Yaminawa-132_spitverb-1,,Yaminawa,132_spitverb,bɨʧuwi,bɨʧu,b ɨ tʃ u,,zariquiey2017,1129,,,,0,b ɨ tʃ u,spit/bɨʧu,
Kashinawa_P-132_spitverb-1,,Kashinawa_P,132_spitverb,miʧwa,miʧu,m i ʧ u,,zariquiey2017,1134,,,,0,m i ʧ u,spit/miʧu,
Matses-125_sleep-1,,Matses,125_sleep,uʂ,uʂ,u ʂ,,fleck2005,1073,,,,0,u ʂ -,sleep,
Matis-125_sleep-1,,Matis,125_sleep,uʂ,uʂ,u ʂ,,fleck2005,1073,,,,0,u ʂ -,sleep,
Marubo-125_sleep-1,,Marubo,125_sleep,uʂa,uʂa,u ʂ a,,fleck2005,1073,,,,0,u ʂ a,sleep,
Katukina-125_sleep-1,,Katukina,125_sleep,uxa,uxa,u x/ʂ a,,aguiar1994,1073,,,,0,u x/ʂ a,sleep,
Shipibo_Konibo-125_sleep-1,,Shipibo_Konibo,125_sleep,uʂa,uʂa,u ʂ a,,fleck2005,1073,,,,0,u ʂ a,sleep,
Kapanawa-125_sleep-1,,Kapanawa,125_sleep,uʂai,uʂa,u ʂ a,,loos1998,1073,,,,0,u ʂ a,sleep,
Arara-125_sleep-1,,Arara,125_sleep,uʃa,uʃa,u ʃ a,,cunha1993,1073,,,,0,u ʃ a,?,
Shanenawa-125_sleep-1,,Shanenawa,125_sleep,uʂa,uʂa,u ʂ a,,lanes2005,1073,,,,0,u ʂ a,sleep,
Yawanawa-125_sleep-1,,Yawanawa,125_sleep,uʃa,uʃa,u ʃ a,,paula1992,1073,,,,0,u ʃ a,sleep,
Nukini-125_sleep-1,,Nukini,125_sleep,uha,uha,u h a,,aguiar2004,1073,,,,0,u h a,sleep,
Poyanawa-125_sleep-1,,Poyanawa,125_sleep,uhu,uhu,u h u,,paula1992,1073,,,,0,u h u,sleep,
Iskonawa-125_sleep-1,,Iskonawa,125_sleep,uhu,uhu,u h u,,zariquiey2017,1073,,,,0,u h u,sleep,
Chakobo-125_sleep-1,,Chakobo,125_sleep,uʂa,uʂa,u ʂ a,,zingg1998,1073,,,,0,u ʂ a,sleep,
Pakawara-125_sleep-1,,Pakawara,125_sleep,uʃa,uʃa,u ʃ a,,key2000,1073,,,,0,u ʃ a,sleep,
Kakataibo-125_sleep-1,,Kakataibo,125_sleep,uʂ,uʂ,u ʂ,,zariquiey2017,1073,,,,0,u ʂ -,sleep,
Kaxarari-125_sleep-1,,Kaxarari,125_sleep,uʂa,uʂa,u ʂ a,,couto2005,1073,,,,0,u ʂ a,sleep,
Mastanawa-125_sleep-1,,Mastanawa,125_sleep,uʂa,uʂa,u ʂ a,,zariquiey2017,1073,,,,0,u ʂ a,sleep,
Chaninawa-125_sleep-1,,Chaninawa,125_sleep,uʂaj,uʂa,u ʂ a,,zariquiey2017,1073,,,,0,u ʂ a,sleep,
Sharanawa-125_sleep-1,,Sharanawa,125_sleep,uʂaj,uʂa,u ʂ a,,zariquiey2017,1073,,,,0,u ʂ a,sleep,
Amawaka-125_sleep-1,,Amawaka,125_sleep,uça,uça,u ç a,,zariquiey2017,1073,,,,0,u ç a,sleep,
Nawa-125_sleep-1,,Nawa,125_sleep,uʂa,uʂa,u ʂ a,,zariquiey2017,1073,,,,0,u ʂ a,sleep,
Marinawa-125_sleep-1,,Marinawa,125_sleep,uʂa,uʂa,u ʂ a,,zariquiey2017,1073,,,,0,u ʂ a,sleep,
Yaminawa-125_sleep-1,,Yaminawa,125_sleep,uʂa,uʂa,u ʂ a,,zariquiey2017,1073,,,,0,u ʂ a,sleep,
Kashinawa_P-125_sleep-1,,Kashinawa_P,125_sleep,uʂa,uʂa,u ʂ a,,zariquiey2017,1073,,,,0,u ʂ a,sleep,
Kashinawa_B-125_sleep-1,,Kashinawa_B,125_sleep,uʂa,uʂa,u ʂ a,,camargo1995,1073,,,,0,u ʂ a,sleep,
Matses-16_breathe-1,,Matses,16_breathe,tiβoke,tiβoke,t i β o k e,,fleck2005,136,,,,0,t i β o k e,? _ke,
Matis-16_breathe-1,,Matis,16_breathe,ʂakanke,ʂakanke,ʂ a k a n + k e,,fleck2005,127,,,,0,ʂ a k a - n - - + k e,breathe/ʂakan _-:suffix/ke,
Marubo-16_breathe-1,,Marubo,16_breathe,ʃinanβi,ʃinan,ʃ i n a n,,fleck2005,135,,,,0,ʃ i n a n,think,
Katukina-16_breathe-1,,Katukina,16_breathe,atix,atix,a t i x/ʂ,,aguiar1994,134,,,,0,a t i x,?,
Shipibo_Konibo-16_breathe-1,,Shipibo_Konibo,16_breathe,huin,huin,h u i n,,fleck2005,128,,,,0,h u i n - -,breathe/hu,
Kapanawa-16_breathe-1,,Kapanawa,16_breathe,huini,huin,h u i n,,loos1998,128,,,,0,h u i n - -,breathe/hu,
Kapanawa-16_breathe-2,,Kapanawa,16_breathe,tɨβai,tɨβai,t ɨ β a,,loos1998,139,,,,0,t ɨ β a i,?,
Arara-16_breathe-1,,Arara,16_breathe,sakã,sakã,s a k ã,,cunha1993,127,,,,0,s a k ã - - - -,?,
Shanenawa-16_breathe-1,,Shanenawa,16_breathe,ʂakan,ʂakan,ʂ a k a n,,lanes2005,127,,,,0,ʂ a k a - n - -,breathe/ʂakan,
Iskonawa-16_breathe-1,,Iskonawa,16_breathe,huan,huan,h u a n,,zariquiey2017,128,,,,0,h u a n - -,breathe/hu,
Chakobo-16_breathe-1,,Chakobo,16_breathe,ʂaka,ʂaka,ʂ a k a,,zingg1998,127,,,,0,ʂ a k a - - - -,breathe/ʂakan,
Chakobo-16_breathe-2,,Chakobo,16_breathe,ʂɨo,ʂɨo,ʂ ɨ o,,zingg1998,138,,,,0,ʂ ɨ o,?,
Kakataibo-16_breathe-1,,Kakataibo,16_breathe,oin,oin,o i n,,zariquiey2017,128,,,,0,- o i n - -,breathe/hu,
Kaxarari-16_breathe-1,,Kaxarari,16_breathe,huinwa,huinwa,h u i n w a,,couto2005,128,,,,0,h u i n w a,breathe/hu _wa,
Mastanawa-16_breathe-1,,Mastanawa,16_breathe,ʂaʔa,ʂaʔa,ʂ a ʔ a,,zariquiey2017,127,,,,0,ʂ a ʔ a - - - -,breathe/ʂakan,
Chaninawa-16_breathe-1,,Chaninawa,16_breathe,ʂakaiki,ʂakan iki,ʂ a k a n + i k i,,zariquiey2017,127,,,,0,ʂ a k a - n - - + i k i,breathe/ʂakan AUX,
Sharanawa-16_breathe-1,,Sharanawa,16_breathe,ʂakainki,ʂakainki,ʂ a k a j n k i,,zariquiey2017,127,,,,0,ʂ a k a i n k i,breathe/ʂakan _AUX,
Amawaka-16_breathe-1,,Amawaka,16_breathe,çakan,çakan,ç a k a n,,zariquiey2017,127,,,,0,ç a k a - n - -,breathe/ʂakan,
Nawa-16_breathe-1,,Nawa,16_breathe,ʂaka,ʂaka,ʂ a k a,,zariquiey2017,127,,,,0,ʂ a k a - - - -,breathe/ʂakan,
Marinawa-16_breathe-1,,Marinawa,16_breathe,ʂakainki,ʂakainki,ʂ a k a j n k i,,zariquiey2017,127,,,,0,ʂ a k a i n k i,breathe/ʂakan,
Yaminawa-16_breathe-1,,Yaminawa,16_breathe,ʂaʔaʔi,ʂaʔan,ʂ a ʔ a n,,zariquiey2017,127,,,,0,ʂ a ʔ a - n - -,breathe/ʂakan,
Kashinawa_P-16_breathe-1,,Kashinawa_P,16_breathe,ʂɨtɨa,ʂɨtɨa,ʂ ɨ t ɨ a,,zariquiey2017,133,,,,0,ʂ ɨ t ɨ a,smell,
Kashinawa_B-16_breathe-1,,Kashinawa_B,16_breathe,ʂuĩsinɨi,ʂuĩsinɨi,ʂ u ĩ s i n ɨ i,,camargo1995,132,,,,0,ʂ u ĩ s i n ɨ i,?,
Matses-143_swell-1,,Matses,143_swell,βidiske,βidiske,β i + d i s k e,,fleck2005,1232,,,,0,β i + d i s k e,?,
Matis-143_swell-1,,Matis,143_swell,βidiske,βidiske,β i + d i s k e,,fleck2005,1232,,,,0,β i + d i s k e,?,
Marubo-143_swell-1,,Marubo,143_swell,suru,suru,s u r u,,fleck2005,1234,,,,0,s u r u,swell/suru,
Shipibo_Konibo-143_swell-1,,Shipibo_Konibo,143_swell,ɨstɨa,ɨstɨa,ɨ s t ɨ a,,fleck2005,1615,,,,0,ɨ s t ɨ a,?,
Shipibo_Konibo-143_swell-2,,Shipibo_Konibo,143_swell,suika,suika,s u i k a,,fleck2005,1231,,,,0,s u i k a,swell/su,
Kapanawa-143_swell-1,,Kapanawa,143_swell,suiti,sui,s u i,,loos1998,1231,,,,0,s u i - -,swell,
Kapanawa-143_swell-2,,Kapanawa,143_swell,suruti,suru,s u r u,,loos1998,1234,,,,0,s u r u,swell/suru,
Yawanawa-143_swell-1,,Yawanawa,143_swell,suika,suika,s u i k a,,paula1992,1231,,,,0,s u i k a,swell/su,
Iskonawa-143_swell-1,,Iskonawa,143_swell,suik,suik,s u i k,,zariquiey2017,1231,,,,0,s u i k -,swell,
Chakobo-143_swell-1,,Chakobo,143_swell,bai,bai,b a i,,zingg1998,1239,,,,0,b a i,swell/ba,
Kakataibo-143_swell-1,,Kakataibo,143_swell,tiskiti,tiski,t i s k i,,zariquiey2017,1232,,,,0,- - - t i s k i,?,
Mastanawa-143_swell-1,,Mastanawa,143_swell,ɸaɾaʃia,ɸaɾaʃia,ɸ a ɾ a ʃ i a,,zariquiey2017,1613,,,,0,ɸ a ɾ a ʃ i - a,swell/ba,
Chaninawa-143_swell-1,,Chaninawa,143_swell,ɸaɾaʂika,ɸaɾaʂika,ɸ a ɾ a ʂ i k a,,zariquiey2017,1613,,,,0,ɸ a ɾ a ʂ i k a,swell/ba,
Sharanawa-143_swell-1,,Sharanawa,143_swell,su:ika,suika,s u i k a,,zariquiey2017,1231,,,,0,s u i k a,swell/su,
Amawaka-143_swell-1,,Amawaka,143_swell,nuwa,nuwa,n u w a,,zariquiey2017,1237,,,,0,n u w a,?,
Nawa-143_swell-1,,Nawa,143_swell,ɸaɾaʃi,ɸaɾaʃi,ɸ a ɾ a ʃ i,,zariquiey2017,1613,,,,0,ɸ a ɾ a ʃ - - i,swell/ba,
Marinawa-143_swell-1,,Marinawa,143_swell,ɸaɾaʂɨka,ɸaɾaʂɨka,ɸ a ɾ a ʂ ɨ k a,,zariquiey2017,1613,,,,0,ɸ a ɾ a ʂ ɨ k a,swell/ba,
Yaminawa-143_swell-1,,Yaminawa,143_swell,waɾaʃiʔa,waɾaʃiʔa,w a ɾ a ʃ i ʔ a,,zariquiey2017,1613,,,,0,w a ɾ a ʃ i ʔ a,swell/ba,
Kashinawa_P-143_swell-1,,Kashinawa_P,143_swell,sujka,suika,s u i k a,,zariquiey2017,1231,,,,0,s u i k a,swell/su,
Kashinawa_P-143_swell-2,,Kashinawa_P,143_swell,ʂaʂa,ʂaʂa,ʂ a ʂ a,,zariquiey2017,1236,,,,0,ʂ a ʂ a,?,
Matses-80_live-1,,Matses,80_live,ik,ik,i k,,fleck2005,704,,,,0,i k,be,
Matis-80_live-1,,Matis,80_live,amaimen,amaimen,a m a j m e n,,fleck2005,702,,,,0,a m a i m e n,?,
Marubo-80_live-1,,Marubo,80_live,nisa,nisa,n i s a,,fleck2005,701,,,,0,n i s a,?,
Shipibo_Konibo-80_live-1,,Shipibo_Konibo,80_live,ha,ha,h a,,fleck2005,706,,,,0,h a,?,
Kapanawa-80_live-1,,Kapanawa,80_live,hiwɨti,hiwɨ,h i w ɨ,,loos1998,696,,,,0,h i w ɨ,live,
Shanenawa-80_live-1,,Shanenawa,80_live,ɨnijupa,ɨnijupa,ɨ n i j u p a,,lanes2005,705,,,,0,ɨ n i j u p a,?,
Iskonawa-80_live-1,,Iskonawa,80_live,ɨwɨ,ɨwɨ,ɨ w ɨ,,zariquiey2017,696,,,,0,- ɨ w ɨ,live,
Chakobo-80_live-1,,Chakobo,80_live,βɨsu,βɨsu,β ɨ s u,,zingg1998,699,,,,0,β ɨ s u,?,
Kakataibo-80_live-1,,Kakataibo,80_live,tso,tso,ts o,,zariquiey2017,707,,,,0,ts o,sit,
Kaxarari-80_live-1,,Kaxarari,80_live,lui,lui,l u i,,couto2005,700,,,,0,l u i,love,
Mastanawa-80_live-1,,Mastanawa,80_live,djaj,dia,d i a,,zariquiey2017,694,,,,0,d i - a,live/dia,
Chaninawa-80_live-1,,Chaninawa,80_live,dia,dia,d i a,,zariquiey2017,694,,,,0,d i - a,live/dia,
Sharanawa-80_live-1,,Sharanawa,80_live,di:a,dia,d i a,,zariquiey2017,694,,,,0,d i - a,live/dia,
Amawaka-80_live-1,,Amawaka,80_live,inu,inu,i n u,,zariquiey2017,698,,,,0,i n u,?,
Nawa-80_live-1,,Nawa,80_live,ika,ika,i k a,,zariquiey2017,704,,,,0,i k a,be,
Marinawa-80_live-1,,Marinawa,80_live,dija,dia,d i a,,zariquiey2017,694,,,,0,d i j a,live/dia,
Yaminawa-80_live-1,,Yaminawa,80_live,dija,dija,d i a,,zariquiey2017,694,,,,0,d i - a,live/dia,
Yaminawa-80_live-2,,Yaminawa,80_live,tsawa,tsawa,ts a w a,,zariquiey2017,678,,,,0,ts a w a,sit,
Kashinawa_P-80_live-1,,Kashinawa_P,80_live,hiwɨa,hiwɨ,h i w ɨ,,zariquiey2017,696,,,,0,h i w ɨ,live,
Kashinawa_B-80_live-1,,Kashinawa_B,80_live,hiwi,hiwi,h i w i,,camargo1995,696,,,,0,h i w i,live,
Matses-25_die-1,,Matses,25_die,wɨnɨs,wɨnɨs,w ɨ n ɨ s,,fleck2005,227,,,,0,w ɨ n ɨ s,?,
Matis-25_die-1,,Matis,25_die,nan,na,n a,,fleck2005,220,,,,0,n a,die/na,
Marubo-25_die-1,,Marubo,25_die,βupi,βupi,β u p i,,fleck2005,224,,,,0,β u p i,die/βupi,
Katukina-25_die-1,,Katukina,25_die,βupi,βupi,β u p i,,aguiar1994,224,,,,0,β u p i,die/βupi,
Shipibo_Konibo-25_die-1,,Shipibo_Konibo,25_die,mawat,mawat,m a w a t,,fleck2005,223,,,,0,m a w a t,die/mawa,
Kapanawa-25_die-1,,Kapanawa,25_die,mawati,mawa,m a w a,,loos1998,223,,,,0,m a w a -,die/mawa,
Arara-25_die-1,,Arara,25_die,da,da,d a,,cunha1993,220,,,,0,- - d a - -,?,
Shanenawa-25_die-1,,Shanenawa,25_die,na,na,n a,,lanes2005,220,,,,0,n a,die/na,
Yawanawa-25_die-1,,Yawanawa,25_die,na,na,n a,,paula1992,220,,,,0,n a,die/na,
Poyanawa-25_die-1,,Poyanawa,25_die,ajaka,ajaka,a j a k a,,paula1992,226,,,,0,a j a k a,?,
Iskonawa-25_die-1,,Iskonawa,25_die,mahka,mahka,m a h k a,,zariquiey2017,231,,,,0,m a h k a,die/mahka,
Chakobo-25_die-1,,Chakobo,25_die,na,na,n a,,zingg1998,220,,,,0,n a,die,
Chakobo-25_die-2,,Chakobo,25_die,rɨso,rɨso,r ɨ s o,,zingg1998,225,,,,0,r ɨ s o,?,
Kakataibo-25_die-1,,Kakataibo,25_die,βama,βama,β a m a,,zariquiey2017,230,,,,0,β a m a,die/mawa,
Kaxarari-25_die-1,,Kaxarari,25_die,hɨtʃi,hɨtʃi,h ɨ tʃ i,,couto2005,228,,,,0,h ɨ tʃ i,?,
Mastanawa-25_die-1,,Mastanawa,25_die,mɨdaj,mɨda,m ɨ d a,,zariquiey2017,220,,,,0,m ɨ d a,?,
Chaninawa-25_die-1,,Chaninawa,25_die,da,da,d a,,zariquiey2017,220,,,,0,d a,die,
Sharanawa-25_die-1,,Sharanawa,25_die,da:i,da,d a,,zariquiey2017,220,,,,0,d a,die/na,
Amawaka-25_die-1,,Amawaka,25_die,naʔi,na,n a,,zariquiey2017,220,,,,0,n a,die,
Nawa-25_die-1,,Nawa,25_die,daj,da,d a,,zariquiey2017,220,,,,0,d a,die/na,
Marinawa-25_die-1,,Marinawa,25_die,daj,da,d a,,zariquiey2017,220,,,,0,d a,die/na,
Yaminawa-25_die-1,,Yaminawa,25_die,daj,da,d a,,zariquiey2017,220,,,,0,d a,die/na,
Kashinawa_P-25_die-1,,Kashinawa_P,25_die,mawa,mawa,m a w a,,zariquiey2017,223,,,,0,m a w a -,die/mawa,
Kashinawa_B-25_die-1,,Kashinawa_B,25_die,dɨβu,dɨβu,d ɨ β u,,camargo1995,229,,,,0,d ɨ β u,?,
Matses-114_say-1,,Matses,114_say,ke,ke,k e,,fleck2005,981,,,,0,- k e,be,
Matis-114_say-1,,Matis,114_say,ke,ke,k e,,fleck2005,981,,,,0,- k e,be,
Marubo-114_say-1,,Marubo,114_say,iki,iki,i k i,,fleck2005,981,,,,0,i k i,be,
Shipibo_Konibo-114_say-1,,Shipibo_Konibo,114_say,yui,yui,j u i,,fleck2005,971,,,,0,j u - i,tell,
Kapanawa-114_say-1,,Kapanawa,114_say,yui,yui,j u i,,loos1998,971,,,,0,j u - i,tell,
Arara-114_say-1,,Arara,114_say,tsã,tsã,ts ã,,cunha1993,980,,,,0,ts ã,?,
Shanenawa-114_say-1,,Shanenawa,114_say,ju,ju,j u,,lanes2005,971,,,,0,j u - -,tell,
Yawanawa-114_say-1,,Yawanawa,114_say,jui,jui,j u i,,paula1992,971,,,,0,j u - i,tell,
Iskonawa-114_say-1,,Iskonawa,114_say,βana,βana,β a n a,,zariquiey2017,974,,,,0,β a n a,word,
Chakobo-114_say-1,,Chakobo,114_say,i,i,i,,zingg1998,981,,,,0,i - -,be,
Kakataibo-114_say-1,,Kakataibo,114_say,ka,ka,k a,,zariquiey2017,981,,,,0,- k a,do,
Kaxarari-114_say-1,,Kaxarari,114_say,huya,huya,h u j a,,couto2005,1588,,,,0,h u j a,?,
Mastanawa-114_say-1,,Mastanawa,114_say,juwja,juwi,j u w i,,zariquiey2017,977,,,,0,j u w i,tell,
Chaninawa-114_say-1,,Chaninawa,114_say,juwi,jui,j u,,zariquiey2017,971,,,,0,j u - -,tell,
Sharanawa-114_say-1,,Sharanawa,114_say,juwi,juwi,j u w i,,zariquiey2017,971,,,,0,j u w i,tell,
Amawaka-114_say-1,,Amawaka,114_say,juʔi,jui,j u i,,zariquiey2017,971,,,,0,j u - i,tell,
Nawa-114_say-1,,Nawa,114_say,juwi,juwi,j u w i,,zariquiey2017,971,,,,0,j u w i,tell,
Marinawa-114_say-1,,Marinawa,114_say,juwi,jui,j u i,,zariquiey2017,971,,,,0,j u - i,tell,
Yaminawa-114_say-1,,Yaminawa,114_say,juwi,juwi,j u w i,,zariquiey2017,971,,,,0,j u w i,tell,
Kashinawa_P-114_say-1,,Kashinawa_P,114_say,juj,jui,j u i,,zariquiey2017,971,,,,0,j u - i,tell,
Kashinawa_P-114_say-2,,Kashinawa_P,114_say,ʧanja,ʧani,tʃ a n i,,zariquiey2017,975,,,,0,tʃ a n i,tell.new,
Kashinawa_B-114_say-1,,Kashinawa_B,114_say,hãtʃa,hãtʃa,h ã tʃ a,,camargo1995,973,,,,0,h ã tʃ a,?,
Matses-121_sing-1,,Matses,121_sing,kuɨdɨn,kuɨdɨn,kʷ ɨ d ɨ n,,fleck2005,1045,,,,0,k u ɨ d ɨ n,sing,
Matis-121_sing-1,,Matis,121_sing,noman,noman,n o m a n,,fleck2005,1050,,,,0,n o m a n,?,
Marubo-121_sing-1,,Marubo,121_sing,kukai,kuka,k u k a,,fleck2005,1395,,,,0,k u k a,?,
Katukina-121_sing-1,,Katukina,121_sing,kanta,kanta,k a n t a,,aguiar1994,1331,,,,0,k a n t a,sing/SPANISH,
Shipibo_Konibo-121_sing-1,,Shipibo_Konibo,121_sing,βɨwa,βɨwa,β ɨ w a,,fleck2005,1336,,,,0,β ɨ w - a,sing/βɨwa,
Kapanawa-121_sing-1,,Kapanawa,121_sing,βɨwai,βɨwai,β ɨ w a,,loos1998,1336,,,,0,β ɨ w a i,sing/βɨwa,
Arara-121_sing-1,,Arara,121_sing,ki,ki,k i,,cunha1993,1342,,,,0,k i - - - -,?,
Shanenawa-121_sing-1,,Shanenawa,121_sing,ka,ka,k a,,lanes2005,1352,,,,0,k a,do,
Poyanawa-121_sing-1,,Poyanawa,121_sing,rɨwɨ,rɨwɨ,r ɨ w ɨ,,paula1992,1043,,,,0,r ɨ w ɨ - - - -,sing/rɨwɨ,
Iskonawa-121_sing-1,,Iskonawa,121_sing,rɨwin ik,rɨwin ik,r ɨ w i n + i k,,zariquiey2017,1043,,,,0,r ɨ w i n # i k,sing/rɨwin AUX,
Chakobo-121_sing-1,,Chakobo,121_sing,kɨkɨ,kɨkɨ,k ɨ k ɨ,,zingg1998,1044,,,,0,k ɨ k ɨ,?,
Kakataibo-121_sing-1,,Kakataibo,121_sing,tupu,tupu,t u p u,,zariquiey2017,1596,,,,0,t u p u,count,
Mastanawa-121_sing-1,,Mastanawa,121_sing,ɸanaj,ɸana,ɸ a n a,,zariquiey2017,1042,,,,0,ɸ a n a - - - -,word,
Chaninawa-121_sing-1,,Chaninawa,121_sing,ɸana,ɸana,ɸ a n a,,zariquiey2017,1042,,,,0,ɸ a n a - - - -,word,
Sharanawa-121_sing-1,,Sharanawa,121_sing,ɸana,ɸana,ɸ a n a,,zariquiey2017,1042,,,,0,ɸ a n a - - - -,word,
Amawaka-121_sing-1,,Amawaka,121_sing,wɨa,wɨa,w ɨ a,,zariquiey2017,1595,,,,0,- - w ɨ a,sing/βɨwa,
Nawa-121_sing-1,,Nawa,121_sing,ɸana iki,ɸana iki,ɸ a n a + i k i,,zariquiey2017,1042,,,,0,ɸ a n a # i k i,word AUX,
Marinawa-121_sing-1,,Marinawa,121_sing,ɸanajki,ɸana iki,ɸ a n a + i k i,,zariquiey2017,1042,,,,0,ɸ a n a - - - - + - i k i,word AUX,
Yaminawa-121_sing-1,,Yaminawa,121_sing,wana ik,wana ik,w a n a + i k,,zariquiey2017,1042,,,,0,w a n a # i k,word AUX,
Kashinawa_P-121_sing-1,,Kashinawa_P,121_sing,nawa,nawa,n a w a,,zariquiey2017,1049,,,,0,n a w a,?,
Matses-66_heavy-1,,Matses,66_heavy,iwɨ,iwɨ,i w ɨ,,fleck2005,573,,,,0,i w ɨ,heavy,
Matis-66_heavy-1,,Matis,66_heavy,iwɨ,iwɨ,i w ɨ,,fleck2005,573,,,,0,i w ɨ,heavy,
Marubo-66_heavy-1,,Marubo,66_heavy,ɨwɨ,ɨwɨ,ɨ w ɨ,,fleck2005,573,,,,0,ɨ w ɨ,heavy,
Katukina-66_heavy-1,,Katukina,66_heavy,ewe,ewe,e w e,,aguiar1994,573,,,,0,e w e,heavy,
Shipibo_Konibo-66_heavy-1,,Shipibo_Konibo,66_heavy,ɨwɨ,ɨwɨ,ɨ w ɨ,,fleck2005,573,,,,0,ɨ w ɨ,heavy,
Kapanawa-66_heavy-1,,Kapanawa,66_heavy,iwɨ,iwɨ,i w ɨ,,loos1998,573,,,,0,i w ɨ,heavy,
Arara-66_heavy-1,,Arara,66_heavy,juitapa,juitapa,j u i t a p a,,cunha1993,576,,,,0,j u i t a p a,?,
Shanenawa-66_heavy-1,,Shanenawa,66_heavy,juitapa,juitapa,j u i t a p a,,lanes2005,576,,,,0,j u i t a p a,?,
Yawanawa-66_heavy-1,,Yawanawa,66_heavy,iwɨ,iwɨ,i w ɨ,,paula1992,573,,,,0,i w ɨ,heavy,
Iskonawa-66_heavy-1,,Iskonawa,66_heavy,hakama,hakama,h a k a m a,,zariquiey2017,575,,,,0,h a - k a m a,? _NEG,
Chakobo-66_heavy-1,,Chakobo,66_heavy,iwɨ,iwɨ,i w ɨ,,zingg1998,573,,,,0,i w ɨ,heavy,
Pakawara-66_heavy-1,,Pakawara,66_heavy,iwɨ,iwɨ,i w ɨ,,key2000,573,,,,0,i w ɨ,heavy,
Kakataibo-66_heavy-1,,Kakataibo,66_heavy,iɨ,iɨ,i ɨ,,zariquiey2017,573,,,,0,i ɨ,heavy,
Kaxarari-66_heavy-1,,Kaxarari,66_heavy,naiwɨ,naiwɨ,n a j w ɨ,,couto2005,573,,,,0,n a i w ɨ,_na heavy,
Mastanawa-66_heavy-1,,Mastanawa,66_heavy,ɨwɨ,ɨwɨ,ɨ w ɨ,,zariquiey2017,573,,,,0,ɨ w ɨ,heavy,
Chaninawa-66_heavy-1,,Chaninawa,66_heavy,ɨwɨ,ɨwɨ,ɨ w ɨ,,zariquiey2017,573,,,,0,ɨ w ɨ,heavy,
Sharanawa-66_heavy-1,,Sharanawa,66_heavy,ɨwɨ,ɨwɨ,ɨ w ɨ,,zariquiey2017,573,,,,0,ɨ w ɨ,heavy,
Amawaka-66_heavy-1,,Amawaka,66_heavy,ijɨ,ijɨ,i j ɨ,,zariquiey2017,573,,,,0,i j ɨ,heavy,
Nawa-66_heavy-1,,Nawa,66_heavy,ɨwɨ,ɨwɨ,ɨ w ɨ,,zariquiey2017,573,,,,0,ɨ w ɨ,heavy,
Marinawa-66_heavy-1,,Marinawa,66_heavy,iwɨ,iwɨ,i w ɨ,,zariquiey2017,573,,,,0,i w ɨ,heavy,
Yaminawa-66_heavy-1,,Yaminawa,66_heavy,ɨwɨ,ɨwɨ,ɨ w ɨ,,zariquiey2017,573,,,,0,ɨ w ɨ,heavy,
Kashinawa_P-66_heavy-1,,Kashinawa_P,66_heavy,ʂankama,ʂankama,ʂ a n k a m a,,zariquiey2017,575,,,,0,ʂ a n k a m a,? _NEG,
Kashinawa_B-66_heavy-1,,Kashinawa_B,66_heavy,ʂãkama,ʂãkama,ʂ ã k a m a,,camargo1995,575,,,,0,ʂ ã - k a m a,? _NEG,
Matses-129_smooth-1,,Matses,129_smooth,ise,ise,i s e,,fleck2005,1102,,,,0,i s e,smooth/ise,
Matis-129_smooth-1,,Matis,129_smooth,ise,ise,i s e,,fleck2005,1102,,,,0,i s e,smooth/ise,
Marubo-129_smooth-1,,Marubo,129_smooth,majun,majun,m a j u n,,fleck2005,1098,,,,0,m a - j u n,smooth/mayun,
Katukina-129_smooth-1,,Katukina,129_smooth,manyu,manyu,m a n j u,,aguiar1994,1098,,,,0,m a n j u -,smooth/mayun,
Shipibo_Konibo-129_smooth-1,,Shipibo_Konibo,129_smooth,yɨnkɨn,yɨnkɨn,j ɨ n k ɨ n,,fleck2005,1100,,,,0,j ɨ n k ɨ n -,smooth/yɨnkɨn,
Kapanawa-129_smooth-1,,Kapanawa,129_smooth,yɨnkɨni,yɨnkɨni,j ɨ n k ɨ n i,,loos1998,1100,,,,0,j ɨ n k ɨ n i,smooth/jɨɸa,
Arara-129_smooth-1,,Arara,129_smooth,maĩũ,maĩũ,m a ĩ ũ,,cunha1993,1098,,,,0,m a - ĩ ũ -,?,
Yawanawa-129_smooth-1,,Yawanawa,129_smooth,mayun,mayun,m a j u n,,paula1992,1098,,,,0,m a - j u n,smooth/mayun,
Iskonawa-129_smooth-1,,Iskonawa,129_smooth,βara,βara,β a r a,,zariquiey2017,1101,,,,0,β a r a -,smooth/bara,
Chakobo-129_smooth-1,,Chakobo,129_smooth,para,para,p a r a,,zingg1998,1101,,,,0,p a r a -,smooth/bara,
Kakataibo-129_smooth-1,,Kakataibo,129_smooth,βaran,βaran,β a r a n,,zariquiey2017,1101,,,,0,β a r a n,smooth/bara,
Kaxarari-129_smooth-1,,Kaxarari,129_smooth,isuwi,isuwi,i s u w i,,couto2005,1106,,,,0,i s u w i,?,
Mastanawa-129_smooth-1,,Mastanawa,129_smooth,ɲinɸa,ɲinɸa,ɲ i n ɸ a,,zariquiey2017,1099,,,,0,ɲ i n ɸ a,ɲinɸa,
Mastanawa-129_smooth-2,,Mastanawa,129_smooth,maɲu,maɲu,m a ɲ u,,zariquiey2017,1098,,,,0,m a ɲ - u -,smooth/mayun,
Chaninawa-129_smooth-1,,Chaninawa,129_smooth,jɨɸa,jɨɸa,j ɨ ɸ a,,zariquiey2017,1099,,,,0,j ɨ ɸ a,smooth/jɨɸa,
Sharanawa-129_smooth-1,,Sharanawa,129_smooth,jɨɸa,jɨɸa,j ɨ ɸ a,,zariquiey2017,1099,,,,0,j ɨ ɸ a,smooth/jɨɸa,
Amawaka-129_smooth-1,,Amawaka,129_smooth,junkun,junkun,j u n k u n,,zariquiey2017,1100,,,,0,j u n k u n -,smooth/junkun,
Nawa-129_smooth-1,,Nawa,129_smooth,ʂaɾawa,ʂaɾawa,ʂ a ɾ a w a,,zariquiey2017,1107,,,,0,ʂ a ɾ a w a,smooth/ʂaɾawa,
Marinawa-129_smooth-1,,Marinawa,129_smooth,jɨɸa,jɨɸa,j ɨ ɸ a,,zariquiey2017,1099,,,,0,j ɨ ɸ a,smooth/jɨɸa,
Yaminawa-129_smooth-1,,Yaminawa,129_smooth,ɲinwa,ɲinwa,ɲ i n w a,,zariquiey2017,1099,,,,0,ɲ i n w a,smooth/ɲinwa,
Kashinawa_P-129_smooth-1,,Kashinawa_P,129_smooth,majwa,maju,m a j u,,zariquiey2017,1098,,,,0,m a - j u -,smooth/mayun,
Kashinawa_P-129_smooth-2,,Kashinawa_P,129_smooth,jinkɨwa,jinkɨwa,j i n k ɨ w a,,zariquiey2017,1100,,,,0,j i n k ɨ w a,smooth/jɨɸa,
Kashinawa_B-129_smooth-1,,Kashinawa_B,129_smooth,mayũ,maju,m a j u,,camargo1995,1098,,,,0,m a - j u -,smooth/mayun,
Matses-161_warmhotweather-1,,Matses,161_warmhotweather,tʃu,tʃu,tʃ u,,fleck2005,1378,,,,0,tʃ u,?,
Matses-161_warmhotweather-2,,Matses,161_warmhotweather,itsis,itsis,i ts i s,,fleck2005,1375,,,,0,i ts i s -,warm/itsis,
Matis-161_warmhotweather-1,,Matis,161_warmhotweather,itis,itis,i t i s,,fleck2005,1375,,,,0,i t i s -,warm/itsis,
Marubo-161_warmhotweather-1,,Marubo,161_warmhotweather,ʂana,ʂana,ʂ a n a,,fleck2005,1374,,,,0,ʂ a n a -,warm/ʂana,
Katukina-161_warmhotweather-1,,Katukina,161_warmhotweather,xana,xana,x/ʂ a n a,,aguiar1994,1374,,,,0,x a n a -,warm/ʂana,
Shipibo_Konibo-161_warmhotweather-1,,Shipibo_Konibo,161_warmhotweather,ʂana,ʂana,ʂ a n a,,fleck2005,1374,,,,0,ʂ a n a -,warm/ʂana,
Kapanawa-161_warmhotweather-1,,Kapanawa,161_warmhotweather,ʂana,ʂana,ʂ a n a,,loos1998,1374,,,,0,ʂ a n a -,warm/ʂana,
Arara-161_warmhotweather-1,,Arara,161_warmhotweather,ʃada,ʃada,ʃ a d a,,cunha1993,1374,,,,0,- ʃ a - - d a -,?,
Shanenawa-161_warmhotweather-1,,Shanenawa,161_warmhotweather,ʂana,ʂana,ʂ a n a,,lanes2005,1374,,,,0,ʂ a n a -,warm/ʂana,
Yawanawa-161_warmhotweather-1,,Yawanawa,161_warmhotweather,ʂana,ʂana,ʂ a n a,,paula1992,1374,,,,0,ʂ a n a -,warm/ʂana,
Poyanawa-161_warmhotweather-1,,Poyanawa,161_warmhotweather,ũtisi,ũtisi,ũ t i s i,,paula1992,1375,,,,0,ũ t i s i,?,
Iskonawa-161_warmhotweather-1,,Iskonawa,161_warmhotweather,hana,hana,h a n a,,zariquiey2017,1374,,,,0,h a n a -,warm/ʂana,
Chakobo-161_warmhotweather-1,,Chakobo,161_warmhotweather,itsisa,itsisa,i ts i s a,,zingg1998,1375,,,,0,i ts i s a,warm/itsis,
Chakobo-161_warmhotweather-2,,Chakobo,161_warmhotweather,wa?a,waʔa,w a ʔ a,,zingg1998,1376,,,,0,w a ʔ a,?,
Pakawara-161_warmhotweather-1,,Pakawara,161_warmhotweather,ikini,ikini,i k i n i,,key2000,1377,,,,0,i k i n i,?,
Kakataibo-161_warmhotweather-1,,Kakataibo,161_warmhotweather,itsis,itsis,i ts i s,,zariquiey2017,1375,,,,0,i ts i s -,warm/itsis,
Kaxarari-161_warmhotweather-1,,Kaxarari,161_warmhotweather,itsisi,itsisi,i ts i s i,,couto2005,1375,,,,0,i ts i s i,warm/itsis,
Mastanawa-161_warmhotweather-1,,Mastanawa,161_warmhotweather,ʂada,ʂada,ʂ a d a,,zariquiey2017,1374,,,,0,ʂ a d a -,warm/ʂana,
Chaninawa-161_warmhotweather-1,,Chaninawa,161_warmhotweather,ʂada,ʂada,ʂ a d a,,zariquiey2017,1374,,,,0,ʂ a d a -,warm/ʂana,
Sharanawa-161_warmhotweather-1,,Sharanawa,161_warmhotweather,ʂada,ʂada,ʂ a d a,,zariquiey2017,1374,,,,0,ʂ a d a -,warm/ʂana,
Amawaka-161_warmhotweather-1,,Amawaka,161_warmhotweather,it͡sis,it͡sis,i ts i s,,zariquiey2017,1375,,,,0,i ts i s -,warm/itsis,
Nawa-161_warmhotweather-1,,Nawa,161_warmhotweather,ʂada,ʂada,ʂ a d a,,zariquiey2017,1374,,,,0,ʂ a d a -,warm/ʂana,
Marinawa-161_warmhotweather-1,,Marinawa,161_warmhotweather,ʂanda,ʂanda,ʂ a ⁿd a,,zariquiey2017,1374,,,,0,ʂ a ⁿd a -,warm/ʂana,
Yaminawa-161_warmhotweather-1,,Yaminawa,161_warmhotweather,ʂadaʔ,ʂadaʔ,ʂ a d a ʔ,,zariquiey2017,1374,,,,0,ʂ a d a ʔ,warm/ʂana,
Kashinawa_P-161_warmhotweather-1,,Kashinawa_P,161_warmhotweather,kuwaj,kuwa,k u w a,,zariquiey2017,1379,,,,0,k u w a,burn,
Kashinawa_B-161_warmhotweather-1,,Kashinawa_B,161_warmhotweather,kuĩ,kuĩ,k u ĩ,,camargo1995,1380,,,,0,k u ĩ,burn,
Matses-20_coldweather-1,,Matses,20_coldweather,iken,iken,i k e n,,fleck2005,171,,,,0,i k e n - - -,cold/ikin,
Matses-20_coldweather-2,,Matses,20_coldweather,dawɨβud,dawɨβud,d a w ɨ + β u d,,fleck2005,173,,,,0,d a w ɨ + β u d,?,
Matis-20_coldweather-1,,Matis,20_coldweather,iken,iken,i k e n,,fleck2005,171,,,,0,i k e n - - -,cold/ikin,
Marubo-20_coldweather-1,,Marubo,20_coldweather,matsi,matsi,m a ts i,,fleck2005,170,,,,0,m a ts i,cold,
Katukina-20_coldweather-1,,Katukina,20_coldweather,mati,mati,m a t i,,aguiar1994,170,,,,0,m a t i,cold,
Shipibo_Konibo-20_coldweather-1,,Shipibo_Konibo,20_coldweather,matsi,matsi,m a ts i,,fleck2005,170,,,,0,m a ts i,cold,
Kapanawa-20_coldweather-1,,Kapanawa,20_coldweather,matsi,matsi,m a ts i,,loos1998,170,,,,0,m a ts i,cold,
Arara-20_coldweather-1,,Arara,20_coldweather,batsi,batsi,b a ts i,,cunha1993,170,,,,0,b a - - ts - i,?,
Shanenawa-20_coldweather-1,,Shanenawa,20_coldweather,matsi,matsi,m a ts i,,lanes2005,170,,,,0,m a ts i,cold,
Yawanawa-20_coldweather-1,,Yawanawa,20_coldweather,matsi,matsi,m a ts i,,paula1992,170,,,,0,m a ts i,cold,
Nukini-20_coldweather-1,,Nukini,20_coldweather,matsi,matsi,m a ts i,,aguiar2004,170,,,,0,m a ts i,cold,
Nukini-20_coldweather-2,,Nukini,20_coldweather,ikiniki,ikiniki,i k i n i k i,,aguiar2004,171,,,,0,i k i n i k i,cold/ikin,
Poyanawa-20_coldweather-1,,Poyanawa,20_coldweather,basi,basi,b a s i,,paula1992,170,,,,0,b a s i,cold,
Iskonawa-20_coldweather-1,,Iskonawa,20_coldweather,matsi,ikiniki,i k i n i k i,,zariquiey2017,171,,,,0,i k i n i k i,cold/ikin,
Chakobo-20_coldweather-1,,Chakobo,20_coldweather,ʂupi,ʂupi,ʂ u p i,,zingg1998,175,,,,0,ʂ u p i,?,
Chakobo-20_coldweather-2,,Chakobo,20_coldweather,matsi,matsi,m a ts i,,zingg1998,170,,,,0,m a ts i,cold,
Kakataibo-20_coldweather-1,,Kakataibo,20_coldweather,matsi,matsi,m a ts i,,zariquiey2017,170,,,,0,m a ts i,cold,
Kaxarari-20_coldweather-1,,Kaxarari,20_coldweather,ikani,ikani,i k a n i,,couto2005,171,,,,0,i k a n - - i,cold/ikin,
Mastanawa-20_coldweather-1,,Mastanawa,20_coldweather,batsi,batsi,b a ts i,,zariquiey2017,170,,,,0,b a ts i,cold,
Chaninawa-20_coldweather-1,,Chaninawa,20_coldweather,bat͡si,bat͡si,b a ts i,,zariquiey2017,170,,,,0,b a ts i,cold,
Sharanawa-20_coldweather-1,,Sharanawa,20_coldweather,bat͡si,bat͡si,b a ts i,,zariquiey2017,170,,,,0,b a ts i,cold,
Amawaka-20_coldweather-1,,Amawaka,20_coldweather,mat͡si,mat͡si,m a ts i,,zariquiey2017,170,,,,0,m a ts i,cold,
Nawa-20_coldweather-1,,Nawa,20_coldweather,batsi,batsi,b a ts i,,zariquiey2017,170,,,,0,b a ts i,cold,
Marinawa-20_coldweather-1,,Marinawa,20_coldweather,batsi,batsi,b a ts i,,zariquiey2017,170,,,,0,b a ts i,cold,
Yaminawa-20_coldweather-1,,Yaminawa,20_coldweather,batsi,batsi,b a ts i,,zariquiey2017,170,,,,0,b a ts i,cold,
Kashinawa_P-20_coldweather-1,,Kashinawa_P,20_coldweather,matsi,matsi,m a ts i,,zariquiey2017,170,,,,0,m a ts i,cold,
Kashinawa_B-20_coldweather-1,,Kashinawa_B,20_coldweather,matʂi,matʂi,m a ʈʂ i,,camargo1995,170,,,,0,m a ʈʂ i,cold,
Matses-119_sharpknife-1,,Matses,119_sharpknife,kuɨnu,kuɨnu,kʷ ɨ n u,,fleck2005,1014,,,,0,k u ɨ n - u,sharp/kɨnu,
Matis-119_sharpknife-1,,Matis,119_sharpknife,tʃimu,tʃimu,tʃ i m u,,fleck2005,1018,,,,0,tʃ i m u,?,
Marubo-119_sharpknife-1,,Marubo,119_sharpknife,kɨwan,kɨwan,k ɨ w a n,,fleck2005,1019,,,,0,k ɨ w a n,sharp/kɨwan,
Katukina-119_sharpknife-1,,Katukina,119_sharpknife,riski,riski,r i s k i,,aguiar1994,1020,,,,0,r i s k i,?,
Shipibo_Konibo-119_sharpknife-1,,Shipibo_Konibo,119_sharpknife,kɨnʂu,kɨnʂu,k ɨ n ʂ u,,fleck2005,1589,,,,0,k ɨ - n ʂ u,sharp/kɨnʂu,
Kapanawa-119_sharpknife-1,,Kapanawa,119_sharpknife,kɨʂu,kɨʂu,k ɨ ʂ u,,loos1998,1589,,,,0,k ɨ - - ʂ u,sharp/kɨʂu,
Arara-119_sharpknife-1,,Arara,119_sharpknife,duanipa,duanipa,d u a n i p a,,cunha1993,1022,,,,0,d u a n i p a,?,
Iskonawa-119_sharpknife-1,,Iskonawa,119_sharpknife,kɨntu,kɨntu,k ɨ n t u,,zariquiey2017,1014,,,,0,k ɨ - n t u,sharp/kɨnu,
Chakobo-119_sharpknife-1,,Chakobo,119_sharpknife,kɨnu,kɨnu,k ɨ n u,,zingg1998,1014,,,,0,k ɨ - n - u,sharp/kɨnu,
Pakawara-119_sharpknife-1,,Pakawara,119_sharpknife,ɨika,ɨika,ɨ j k a,,key2000,1017,,,,0,ɨ i k a,?,
Kakataibo-119_sharpknife-1,,Kakataibo,119_sharpknife,kwɨnu,kwɨnu,kʷ ɨ n u,,zariquiey2017,1014,,,,0,kʷ ɨ - n - u,sharp/kɨnu,
Mastanawa-119_sharpknife-1,,Mastanawa,119_sharpknife,kɨdu,kɨdu,k ɨ d u,,zariquiey2017,1014,,,,0,k ɨ - - d u,sharp/kɨnu,
Chaninawa-119_sharpknife-1,,Chaninawa,119_sharpknife,kɨdu,kɨdu,k ɨ d u,,zariquiey2017,1014,,,,0,k ɨ - - d u,sharp/kɨnu,
Sharanawa-119_sharpknife-1,,Sharanawa,119_sharpknife,kɨdu,kɨdu,k ɨ d u,,zariquiey2017,1014,,,,0,k ɨ - - d u,sharp/kɨnu,
Amawaka-119_sharpknife-1,,Amawaka,119_sharpknife,kɨndu,kɨndu,k ɨ ⁿd u,,zariquiey2017,1014,,,,0,k ɨ - - ⁿd u,sharp/kɨnu,
Nawa-119_sharpknife-1,,Nawa,119_sharpknife,kɨdu,kɨdu,k ɨ d u,,zariquiey2017,1014,,,,0,k ɨ - - d u,sharp/kɨnu,
Marinawa-119_sharpknife-1,,Marinawa,119_sharpknife,kɨndu,kɨndu,k ɨ ⁿd u,,zariquiey2017,1014,,,,0,k ɨ - - ⁿd u,sharp/kɨnu,
Yaminawa-119_sharpknife-1,,Yaminawa,119_sharpknife,kɨdu,kɨdu,k ɨ d u,,zariquiey2017,1014,,,,0,k ɨ - - d u,sharp/kɨnu,
Kashinawa_P-119_sharpknife-1,,Kashinawa_P,119_sharpknife,kɨnu,kɨnu,k ɨ n u,,zariquiey2017,1014,,,,0,k ɨ - n - u,sharp/kɨnu,
Matses-31_dullknife-1,,Matses,31_dullknife,kuɨnma,kuɨnma,kʷ ɨ n + m a,,fleck2005,297,,,,51 0,k u ɨ n + m a - -,sharp _NEG,
Matis-31_dullknife-1,,Matis,31_dullknife,kuɨnma,kuɨnma,kʷ ɨ n + m a,,fleck2005,297,,,,51 71,k u ɨ n + m a - -,sharp _NEG,
Marubo-31_dullknife-1,,Marubo,31_dullknife,kɨntu,kɨntu,k ɨ n t u,,fleck2005,296,,,,0,k ɨ n t u,sharp,
Shipibo_Konibo-31_dullknife-1,,Shipibo_Konibo,31_dullknife,ʂɨntu,ʂɨntu,ʂ ɨ n t u,,fleck2005,296,,,,0,ʂ ɨ n t u,dull,
Kapanawa-31_dullknife-1,,Kapanawa,31_dullknife,xintu,xintu,x i n t u,,loos1998,296,,,,0,x i n t u,dull,
Iskonawa-31_dullknife-1,,Iskonawa,31_dullknife,hɨntu,hɨntu,h ɨ n t u,,zariquiey2017,296,,,,0,h ɨ n t u,dull,
Chakobo-31_dullknife-1,,Chakobo,31_dullknife,tʃipu,tʃipu,tʃ i p u,,zingg1998,298,,,,0,tʃ i p u,?,
Kakataibo-31_dullknife-1,,Kakataibo,31_dullknife,ʂɨntu,ʂɨntu,ʂ ɨ n t u,,zariquiey2017,296,,,,0,ʂ ɨ n t u,dull,
Mastanawa-31_dullknife-1,,Mastanawa,31_dullknife,ʃitu,ʃitu,ʃ i t u,,zariquiey2017,296,,,,0,ʃ i - t u,dull,
Chaninawa-31_dullknife-1,,Chaninawa,31_dullknife,ʂɨtu,ʂɨtu,ʂ ɨ t u,,zariquiey2017,296,,,,0,ʂ ɨ - t u,dull,
Sharanawa-31_dullknife-1,,Sharanawa,31_dullknife,ʂɨtu,ʂɨtu,ʂ ɨ t u,,zariquiey2017,296,,,,0,ʂ ɨ - t u,dull,
Amawaka-31_dullknife-1,,Amawaka,31_dullknife,çɨntu,çɨntu,ç ɨ n t u,,zariquiey2017,296,,,,0,ç ɨ n t u,dull,
Nawa-31_dullknife-1,,Nawa,31_dullknife,ʂɨtu,ʂɨtu,ʂ ɨ t u,,zariquiey2017,296,,,,0,ʂ ɨ - t u,dull,
Marinawa-31_dullknife-1,,Marinawa,31_dullknife,ʂɨtu,ʂɨtu,ʂ ɨ t u,,zariquiey2017,296,,,,0,ʂ ɨ - t u,dull,
Yaminawa-31_dullknife-1,,Yaminawa,31_dullknife,mata,mata,m a t a,,zariquiey2017,299,,,,0,m a t a,?,
Kashinawa_P-31_dullknife-1,,Kashinawa_P,31_dullknife,ʃintu,ʃintu,ʃ i n t u,,zariquiey2017,296,,,,0,ʃ i n t u,dull,
Matses-140_straight-1,,Matses,140_straight,kue,kue,k u e,,fleck2005,1210,,,,0,k u e,straight/kue,
Matis-140_straight-1,,Matis,140_straight,kue,kue,k u e,,fleck2005,1210,,,,0,k u e,straight/kue?,
Marubo-140_straight-1,,Marubo,140_straight,mɨki,mɨki,m ɨ k i,,fleck2005,1212,,,,0,m ɨ k i,?,
Katukina-140_straight-1,,Katukina,140_straight,muki,muki,m u k i,,aguiar1994,1212,,,,0,m u k i,?,
Shipibo_Konibo-140_straight-1,,Shipibo_Konibo,140_straight,puntɨ,puntɨ,p u n t ɨ,,fleck2005,1208,,,,0,p u n t ɨ,straight/puntɨ,
Kapanawa-140_straight-1,,Kapanawa,140_straight,puntɨ,puntɨ,p u n t ɨ,,loos1998,1208,,,,0,p u n t ɨ,straight/puntɨ,
Arara-140_straight-1,,Arara,140_straight,kaiakaβi,kaiakaβi,k a i a k a β i,,cunha1993,1207,,,,0,k a i a k a β i,?,
Shanenawa-140_straight-1,,Shanenawa,140_straight,mɨstɨn,mɨstɨ,m ɨ s t ɨ,,lanes2005,1206,,,,0,m ɨ s t ɨ -,straight/mɨstɨ,
Yawanawa-140_straight-1,,Yawanawa,140_straight,mistan,mistan,m i s t a n,,paula1992,1206,,,,0,m i s t a n,straight/mɨstɨ,
Chakobo-140_straight-1,,Chakobo,140_straight,mɨstɨ,mɨstɨ,m ɨ s t ɨ,,zingg1998,1206,,,,0,m ɨ s t ɨ -,straight/mɨstɨ,
Kakataibo-140_straight-1,,Kakataibo,140_straight,puntɨ,puntɨ,p u n t ɨ,,zariquiey2017,1208,,,,0,p u n t ɨ,straight/puntɨ,
Kaxarari-140_straight-1,,Kaxarari,140_straight,kayakã,kayakã,k a j a k ã,,couto2005,1207,,,,0,k a j - - a k ã,?,
Mastanawa-140_straight-1,,Mastanawa,140_straight,kajaʔaɸi,kajaʔaɸi,k a j a ʔ a ɸ i,,zariquiey2017,1207,,,,0,k a j a ʔ a ɸ i,?,
Chaninawa-140_straight-1,,Chaninawa,140_straight,bɨstɨ,bɨstɨ,b ɨ s t ɨ,,zariquiey2017,1206,,,,0,b ɨ s t ɨ -,straight/mɨstɨ,
Sharanawa-140_straight-1,,Sharanawa,140_straight,kajaka,kajaka,k a j a k a,,zariquiey2017,1207,,,,0,k a j - - a k a,?,
Amawaka-140_straight-1,,Amawaka,140_straight,mɨstɨ,mɨstɨ,m ɨ s t ɨ,,zariquiey2017,1206,,,,0,m ɨ s t ɨ -,straight/mɨstɨ,
Nawa-140_straight-1,,Nawa,140_straight,wɨsti,wɨsti,w ɨ s t i,,zariquiey2017,1206,,,,0,w ɨ s t i -,straight/mɨstɨ,
Marinawa-140_straight-1,,Marinawa,140_straight,bɨstɨ,bɨstɨ,b ɨ s t ɨ,,zariquiey2017,1206,,,,0,b ɨ s t ɨ -,straight/mɨstɨ,
Yaminawa-140_straight-1,,Yaminawa,140_straight,mɨstɨj,mɨstɨj,m ɨ s t ɨ,,zariquiey2017,1206,,,,0,m ɨ s t ɨ -,straight/mɨstɨ,
Kashinawa_P-140_straight-1,,Kashinawa_P,140_straight,justuma,justuma,j u s t u m a,,zariquiey2017,1211,,,,0,j u s t u m a,juʂtu _NEG,
Kashinawa_B-140_straight-1,,Kashinawa_B,140_straight,yuʂtuma,juʂtuma,j u ʂ t u m a,,camargo1995,1211,,,,0,j u ʂ t u m a,juʂtu _NEG,
Matses-12_black-1,,Matses,12_black,tʂɨʂɨ,tʂɨʂɨ,ʈʂ ɨ ʂ ɨ,,fleck2005,99,,,,0,ʈʂ - ɨ - ʂ ɨ,black/tʃɨʂɨ,
Matis-12_black-1,,Matis,12_black,wisu,wisu,w i s u,,fleck2005,98,,,,0,w i s - - u,black/wisu,
Marubo-12_black-1,,Marubo,12_black,tʂɨʂɨ,tʂɨʂɨ,ʈʂ ɨ ʂ ɨ,,fleck2005,99,,,,0,ʈʂ - ɨ - ʂ ɨ,black/tʃɨʂɨ,
Marubo-12_black-2,,Marubo,12_black,isu,isu,i s u,,fleck2005,98,,,,0,- i s - - u,black/wisu,
Katukina-12_black-1,,Katukina,12_black,txeshe,txeshe,tx/ʈʂ e ʃ e,,aguiar1994,99,,,,0,t x e - ʃ e,black/tʃɨʂɨ,
Shipibo_Konibo-12_black-1,,Shipibo_Konibo,12_black,wisu,wisu,w i s u,,fleck2005,98,,,,0,w i s - - u,black/wisu,
Kapanawa-12_black-1,,Kapanawa,12_black,wisu,wisu,w i s u,,loos1998,98,,,,0,w i s - - u,black/wisu,
Arara-12_black-1,,Arara,12_black,tɨʃɨ,tɨʃɨ,t ɨ ʃ ɨ,,cunha1993,1563,,,,0,t - ɨ - ʃ ɨ,?,
Shanenawa-12_black-1,,Shanenawa,12_black,tuʂu,tɨʂɨ,t ɨ ʂ ɨ,,lanes2005,1563,,,,0,t - ɨ - ʂ ɨ,black/tʃɨʂɨ,
Yawanawa-12_black-1,,Yawanawa,12_black,tʃɨhʃɨ,tʃɨhʃɨ,tʃ ɨ h ʃ ɨ,,paula1992,99,,,,0,tʃ - ɨ h ʃ ɨ,black/tʃɨʂɨ,
Nukini-12_black-1,,Nukini,12_black,βisu,βisu,β i s u,,aguiar2004,98,,,,0,β i s - - u,black/wisu,
Poyanawa-12_black-1,,Poyanawa,12_black,ʧɨhɨ,ʧɨhɨ,tʃ ɨ h ɨ,,paula1992,99,,,,0,tʃ - ɨ h - ɨ,black/tʃɨʂɨ,
Iskonawa-12_black-1,,Iskonawa,12_black,ʧɨhɨ,ʧɨhɨ,tʃ ɨ h ɨ,,zariquiey2017,99,,,,0,tʃ - ɨ h - ɨ,black/tʃɨhɨ,
Chakobo-12_black-1,,Chakobo,12_black,tʃɨkɨ,tʃɨkɨ,tʃ ɨ k ɨ,,zingg1998,1562,,,,0,tʃ - ɨ - k ɨ,black/tʃɨkɨ,
Pakawara-12_black-1,,Pakawara,12_black,tʃɨkɨ,tʃɨkɨ,tʃ ɨ k ɨ,,key2000,1562,,,,0,tʃ - ɨ - k ɨ,black/tʃɨkɨ,
Kakataibo-12_black-1,,Kakataibo,12_black,tunan,tunan,t u n a n,,zariquiey2017,102,,,,0,t u n a n,?,
Kaxarari-12_black-1,,Kaxarari,12_black,tʃɨʂɨ,tʃɨʂɨ,tʃ ɨ ʂ ɨ,,couto2005,99,,,,0,tʃ - ɨ - ʂ ɨ,black/tʃɨʂɨ,
Mastanawa-12_black-1,,Mastanawa,12_black,ɸɨsu(pa),ɸɨsu,ɸ ɨ s u,,zariquiey2017,98,,,,0,ɸ ɨ s - - u,black/wisu,
Chaninawa-12_black-1,,Chaninawa,12_black,ɸisu,ɸisu,ɸ i s u,,zariquiey2017,98,,,,0,ɸ i s - - u,black/wisu,
Sharanawa-12_black-1,,Sharanawa,12_black,ɸisu,ɸisu,ɸ i s u,,zariquiey2017,98,,,,0,ɸ i s - - u,black/wisu,
Amawaka-12_black-1,,Amawaka,12_black,t͡ʃaʔu,t͡ʃaʔu,tʃ a ʔ u,,zariquiey2017,103,,,,0,tʃ a ʔ u,?,
Nawa-12_black-1,,Nawa,12_black,ɸisu,ɸisu,ɸ i s u,,zariquiey2017,98,,,,0,ɸ i s - - u,black/wisu,
Marinawa-12_black-1,,Marinawa,12_black,ɸisu,ɸisu,ɸ i s u,,zariquiey2017,98,,,,0,ɸ i s - - u,black/wisu,
Marinawa-12_black-2,,Marinawa,12_black,ʧɨʂɨ,ʧɨʂɨ,tʃ ɨ ʂ ɨ,,zariquiey2017,99,,,,0,tʃ - ɨ - ʂ ɨ,black/tʃɨʂɨ,
Yaminawa-12_black-1,,Yaminawa,12_black,ɸɨsu,ɸɨsu,ɸ ɨ s u,,zariquiey2017,98,,,,0,ɸ ɨ s - - u,black/wisu,
Kashinawa_P-12_black-1,,Kashinawa_P,12_black,mɨʂu,mɨʂu,m ɨ ʂ u,,zariquiey2017,1561,,,,0,m ɨ ʂ - - u,?,
Kashinawa_B-12_black-1,,Kashinawa_B,12_black,mɨʂupa,mɨʂupa,m ɨ ʂ u p a,,camargo1995,1561,,,,0,m ɨ ʂ u p a,?,
Matses-169_white-1,,Matses,169_white,uʂu,uʂu,u ʂ u,,fleck2005,1439,,,,0,- u ʂ - - u,white,
Matis-169_white-1,,Matis,169_white,wasa,wasa,w a s a,,fleck2005,1624,,,,0,w a s a,?,
Marubo-169_white-1,,Marubo,169_white,uʂu,uʂu,u ʂ u,,fleck2005,1439,,,,0,- u ʂ - - u,white,
Katukina-169_white-1,,Katukina,169_white,uxu,uxu,u x/ʂ u,,aguiar1994,1439,,,,0,- u x - - u,white,
Shipibo_Konibo-169_white-1,,Shipibo_Konibo,169_white,huʂu,huʂu,h u ʂ u,,fleck2005,1439,,,,0,h u ʂ - - u,white,
Kapanawa-169_white-1,,Kapanawa,169_white,huʂu,huʂu,h u ʂ u,,loos1998,1439,,,,0,h u ʂ - - u,white,
Arara-169_white-1,,Arara,169_white,oʃɨpa,oʃɨpa,o ʃ ɨ p a,,cunha1993,1621,,,,0,- o ʃ ɨ p a,?,
Yawanawa-169_white-1,,Yawanawa,169_white,uʃu,uʃu,u ʃ u,,paula1992,1439,,,,0,- u ʃ - - u,white,
Nukini-169_white-1,,Nukini,169_white,uhu,uhu,u h u,,aguiar2004,1439,,,,0,- u h - - u,white,
Poyanawa-169_white-1,,Poyanawa,169_white,uhu,uhu,u h u,,paula1992,1439,,,,0,- u h - - u,white,
Iskonawa-169_white-1,,Iskonawa,169_white,rauh,rauh,r a u h,,zariquiey2017,1396,,,,0,r a u h,_ra withe,
Chakobo-169_white-1,,Chakobo,169_white,huʂu,huʂu,h u ʂ u,,zingg1998,1439,,,,0,h u ʂ - - u,white,
Pakawara-169_white-1,,Pakawara,169_white,huʂu,huʂu,h u ʂ u,,key2000,1439,,,,0,h u ʂ - - u,white,
Kakataibo-169_white-1,,Kakataibo,169_white,uʂu,uʂu,u ʂ u,,zariquiey2017,1439,,,,0,- u ʂ - - u,white,
Kaxarari-169_white-1,,Kaxarari,169_white,wakuʂu,wakuʂu,w a k u ʂ u,,couto2005,1623,,,,0,w a k u ʂ u,_wak white,
Mastanawa-169_white-1,,Mastanawa,169_white,uʂu(pa),uʂu,u ʂ u,,zariquiey2017,1439,,,,0,- u ʂ - - u,white,
Chaninawa-169_white-1,,Chaninawa,169_white,uʂu,uʂu,u ʂ u,,zariquiey2017,1439,,,,0,- u ʂ - - u,white,
Sharanawa-169_white-1,,Sharanawa,169_white,uʂu,uʂu,u ʂ u,,zariquiey2017,1439,,,,0,- u ʂ - - u,white,
Amawaka-169_white-1,,Amawaka,169_white,huçu,huçu,h u ç u,,zariquiey2017,1439,,,,0,h u ç - - u,white,
Nawa-169_white-1,,Nawa,169_white,uʂu,uʂu,u ʂ u,,zariquiey2017,1439,,,,0,- u ʂ - - u,white,
Marinawa-169_white-1,,Marinawa,169_white,uʂu,uʂu,u ʂ u,,zariquiey2017,1439,,,,0,- u ʂ - - u,white,
Yaminawa-169_white-1,,Yaminawa,169_white,uʂu,uʂu,u ʂ u,,zariquiey2017,1439,,,,0,- u ʂ - - u,white,
Kashinawa_P-169_white-1,,Kashinawa_P,169_white,huʂu,huʂu,h u ʂ u,,zariquiey2017,1439,,,,0,h u ʂ - - u,white,
Kashinawa_B-169_white-1,,Kashinawa_B,169_white,huʂupa,huʂupa,h u ʂ u p a,,camargo1995,1439,,,,0,h u ʂ u p a,white _pa,
Matses-105_red-1,,Matses,105_red,piu,piu,p i u,,fleck2005,904,,,,0,p i u,?,
Matis-105_red-1,,Matis,105_red,pɨd,pɨd,p ɨ d,,fleck2005,904,,,,0,p ɨ d,?,
Marubo-105_red-1,,Marubo,105_red,unʃin,unʃin,u n ʃ i n,,fleck2005,875,,,,0,- u n ʃ i n,red,
Katukina-105_red-1,,Katukina,105_red,unji,unji,u n j i,,aguiar1994,875,,,,0,- u n j i -,red,
Shipibo_Konibo-105_red-1,,Shipibo_Konibo,105_red,huʃin,huʃin,h u ʃ i n,,fleck2005,875,,,,0,h u - ʃ i n,red,
Kapanawa-105_red-1,,Kapanawa,105_red,huʃin,huʃin,h u ʃ i n,,loos1998,875,,,,0,h u - ʃ i n,red,
Arara-105_red-1,,Arara,105_red,uʃinipa,uʃinipa,u ʃ i n i p a,,cunha1993,875,,,,0,- u - ʃ i n i p a,?,
Shanenawa-105_red-1,,Shanenawa,105_red,uʂuni,uʂuni,u ʂ u n i,,lanes2005,875,,,,0,u ʂ u n i,red,
Yawanawa-105_red-1,,Yawanawa,105_red,uʃin,uʃin,u ʃ i n,,paula1992,875,,,,0,- u - ʃ i n,red,
Poyanawa-105_red-1,,Poyanawa,105_red,taʃi,taʃi,t a ʃ i,,paula1992,903,,,,0,t a ʃ - - i,?,
Iskonawa-105_red-1,,Iskonawa,105_red,uʃin,uʃin,u ʃ i n,,zariquiey2017,875,,,,0,- u - ʃ i n,red,
Chakobo-105_red-1,,Chakobo,105_red,piʃi,piʃi,p i ʃ i,,zingg1998,895,,,,0,p i - ʃ i -,?,
Pakawara-105_red-1,,Pakawara,105_red,ʃini,ʃini,ʃ i n i,,key2000,875,,,,0,- ʃ i n i,red,
Kakataibo-105_red-1,,Kakataibo,105_red,tʃɨʂka,tʃɨʂka,tʃ ɨ ʂ k a,,zariquiey2017,897,,,,0,tʃ ɨ ʂ k a,?,
Kaxarari-105_red-1,,Kaxarari,105_red,puʂɨ,puʂɨ,p u ʂ ɨ,,couto2005,902,,,,0,p u - ʂ ɨ -,?,
Mastanawa-105_red-1,,Mastanawa,105_red,unʃi,unʃi,u n ʃ i,,zariquiey2017,875,,,,0,- u n ʃ i -,red,
Chaninawa-105_red-1,,Chaninawa,105_red,uʃin,uʃin,u ʃ i n,,zariquiey2017,875,,,,0,- u - ʃ i n,red,
Sharanawa-105_red-1,,Sharanawa,105_red,uʃin,uʃin,u ʃ i n,,zariquiey2017,875,,,,0,- u - ʃ i n,red,
Amawaka-105_red-1,,Amawaka,105_red,winʃi,winʃi,w i n ʃ i,,zariquiey2017,853,,,,0,w i n ʃ i -,?,
Nawa-105_red-1,,Nawa,105_red,uʃi,uʃi,u ʃ i,,zariquiey2017,875,,,,0,- u - ʃ i -,red,
Marinawa-105_red-1,,Marinawa,105_red,uʃi,uʃi,u ʃ i,,zariquiey2017,875,,,,0,- u - ʃ i -,red,
Yaminawa-105_red-1,,Yaminawa,105_red,ũʃi,ũʃi,ũ ʃ i,,zariquiey2017,875,,,,0,- ũ - ʃ i -,red,
Kashinawa_P-105_red-1,,Kashinawa_P,105_red,taʂi,taʂi,t a ʂ i,,zariquiey2017,903,,,,0,t a ʂ - - i,red,
Kashinawa_B-105_red-1,,Kashinawa_B,105_red,taʂipa,taʂipa,t a ʂ i p a,,camargo1995,903,,,,0,t a ʂ i p a,? _pa,
Matses-181_yellow-1,,Matses,181_yellow,βɨʂpiu,βɨʂpiu,β ɨ ʂ p i u,,fleck2005,1537,,,,0,β ɨ ʂ p i u,?,
Matis-181_yellow-1,,Matis,181_yellow,ʃin,ʃin,ʃ i n,,fleck2005,1531,,,,0,ʃ i n -,?,
Marubo-181_yellow-1,,Marubo,181_yellow,kaʂta,kaʂta,k a ʂ t a,,fleck2005,1533,,,,0,k a ʂ t a,?,
Katukina-181_yellow-1,,Katukina,181_yellow,manjin,manjin,m a n j i n,,aguiar1994,1531,,,,0,m a n j i n,?,
Shipibo_Konibo-181_yellow-1,,Shipibo_Konibo,181_yellow,panʃin,panʃin,p a n ʃ i n,,fleck2005,1531,,,,0,p a n ʃ i n -,yellow/paʃin,
Kapanawa-181_yellow-1,,Kapanawa,181_yellow,paʃin,paʃin,p a ʃ i n,,loos1998,1531,,,,0,p a - ʃ i n -,yellow/paʃin,
Arara-181_yellow-1,,Arara,181_yellow,pãʃi,pãʃi,p ã ʃ i,,cunha1993,1531,,,,0,p ã - ʃ i - -,?,
Shanenawa-181_yellow-1,,Shanenawa,181_yellow,paʂini,paʂini,p a ʂ i n i,,lanes2005,1531,,,,0,p a - ʂ i n i,yellow/paʃin,
Yawanawa-181_yellow-1,,Yawanawa,181_yellow,paʃin,paʃin,p a ʃ i n,,paula1992,1531,,,,0,p a - ʃ i n -,yellow/paʃin,
Nukini-181_yellow-1,,Nukini,181_yellow,pãʃi,pãʃi,p ã ʃ i,,aguiar2004,1531,,,,0,p ã - ʃ i - -,yellow/paʃin,
Poyanawa-181_yellow-1,,Poyanawa,181_yellow,panxin,panxin,p a n x/ʂ i n,,paula1992,1531,,,,0,p a n x i n -,yellow/paʃin,
Iskonawa-181_yellow-1,,Iskonawa,181_yellow,taʃi,taʃi,t a ʃ i,,zariquiey2017,1531,,,,0,t a - ʃ i - -,?,
Chakobo-181_yellow-1,,Chakobo,181_yellow,ʃini,ʃini,ʃ i n i,,zingg1998,1531,,,,0,ʃ i n i,?,
Kakataibo-181_yellow-1,,Kakataibo,181_yellow,panʃin,panʃin,p a n ʃ i n,,zariquiey2017,1531,,,,0,p a n ʃ i n -,yellow/paʃin,
Kaxarari-181_yellow-1,,Kaxarari,181_yellow,ʂini,ʂini,ʂ i n i,,couto2005,1531,,,,0,ʂ i n i,?,
Mastanawa-181_yellow-1,,Mastanawa,181_yellow,aɾawa,aɾawa,a ɾ a w a,,zariquiey2017,1532,,,,0,a ɾ a w a,?,
Chaninawa-181_yellow-1,,Chaninawa,181_yellow,aɾawa,aɾawa,a ɾ a w a,,zariquiey2017,1532,,,,0,a ɾ a w a,?,
Sharanawa-181_yellow-1,,Sharanawa,181_yellow,aɾawa,aɾawa,a ɾ a w a,,zariquiey2017,1532,,,,0,a ɾ a w a,?,
Amawaka-181_yellow-1,,Amawaka,181_yellow,nawa,nawa,n a w a,,zariquiey2017,1532,,,,0,n a w a,?,
Nawa-181_yellow-1,,Nawa,181_yellow,aɾawã,aɾawã,a ɾ a w ã,,zariquiey2017,1532,,,,0,a ɾ a w ã,?,
Marinawa-181_yellow-1,,Marinawa,181_yellow,ʧasda,ʧasda,tʃ a s d a,,zariquiey2017,1533,,,,0,tʃ a s d a,?,
Yaminawa-181_yellow-1,,Yaminawa,181_yellow,ʧaʂta,ʧaʂta,tʃ a ʂ t a,,zariquiey2017,1533,,,,0,tʃ a ʂ t a,?,
Kashinawa_P-181_yellow-1,,Kashinawa_P,181_yellow,paʃin,paʃin,p a ʃ i n,,zariquiey2017,1531,,,,0,p a - ʃ i n -,yellow/paʃin,
Kashinawa_B-181_yellow-1,,Kashinawa_B,181_yellow,paʃin,paʃin,p a ʃ i n,,camargo1995,1531,,,,0,p a - ʃ i n -,yellow/paʃin,
Matses-58_greencolor-1,,Matses,58_greencolor,umu,umu,u m u,,fleck2005,517,,,,0,u m u,?,
Matis-58_greencolor-1,,Matis,58_greencolor,ɨmu,ɨmu,ɨ m u,,fleck2005,517,,,,0,ɨ m u,?,
Marubo-58_greencolor-1,,Marubo,58_greencolor,ʂanɨ,ʂanɨ,ʂ a n ɨ,,fleck2005,526,,,,0,ʂ a n ɨ,?,
Katukina-58_greencolor-1,,Katukina,58_greencolor,shau,shau,ʃ a u,,aguiar1994,530,,,,0,ʃ a - u,small/unripe,
Shipibo_Konibo-58_greencolor-1,,Shipibo_Konibo,58_greencolor,yankun,yankun,j a n k u n,,fleck2005,518,,,,0,j a n k u n,?,
Kapanawa-58_greencolor-1,,Kapanawa,58_greencolor,yankun,yankun,j a n k u n,,loos1998,518,,,,0,j a n k u n,?,
Arara-58_greencolor-1,,Arara,58_greencolor,ʃininipa,ʃininipa,ʃ i n i n i p a,,cunha1993,533,,,,0,ʃ i n i n i p a,?,
Shanenawa-58_greencolor-1,,Shanenawa,58_greencolor,ʂu,ʂu,ʂ u,,lanes2005,530,,,,0,ʂ u - -,small/unripe,
Yawanawa-58_greencolor-1,,Yawanawa,58_greencolor,ʂuku,ʂuku,ʂ u k u,,paula1992,530,,,,0,ʂ u k u,small/unripe,
Nukini-58_greencolor-1,,Nukini,58_greencolor,huku,huku,h u k u,,aguiar2004,530,,,,0,h u k u,small/unripe,
Poyanawa-58_greencolor-1,,Poyanawa,58_greencolor,ikamba,ikamba,i k a m b a,,paula1992,524,,,,0,i k a m b a,?,
Iskonawa-58_greencolor-1,,Iskonawa,58_greencolor,ho,ho,h o,,zariquiey2017,530,,,,0,h o,small/unripe,
Chakobo-58_greencolor-1,,Chakobo,58_greencolor,niaβa,niaβa,n i a β a,,zingg1998,516,,,,0,n i a β a,?,
Kakataibo-58_greencolor-1,,Kakataibo,58_greencolor,kurua,ʂu,ʂ u,,zariquiey2017,530,,,,0,ʂ u - -,small/unripe,
Kaxarari-58_greencolor-1,,Kaxarari,58_greencolor,yara,yara,j a r a,,couto2005,527,,,,0,j a r a,?,
Mastanawa-58_greencolor-1,,Mastanawa,58_greencolor,ʂu,ʂu,ʂ u,,zariquiey2017,530,,,,0,ʂ u - -,small/unripe,
Chaninawa-58_greencolor-1,,Chaninawa,58_greencolor,ʂu,ʂu,ʂ u,,zariquiey2017,530,,,,0,ʂ u - -,small/unripe,
Sharanawa-58_greencolor-1,,Sharanawa,58_greencolor,ʂu,ʂu,ʂ u,,zariquiey2017,530,,,,0,ʂ u - -,small/unripe,
Amawaka-58_greencolor-1,,Amawaka,58_greencolor,nawa,nawa,n a w a,,zariquiey2017,492,,,,0,n a - w a,?,
Nawa-58_greencolor-1,,Nawa,58_greencolor,tuna,tuna,t u n a,,zariquiey2017,525,,,,0,t u n a,?,
Marinawa-58_greencolor-1,,Marinawa,58_greencolor,ʂu,ʂu,ʂ u,,zariquiey2017,530,,,,0,ʂ u - -,small/unripe,
Yaminawa-58_greencolor-1,,Yaminawa,58_greencolor,paʂa,paʂa,p a ʂ a,,zariquiey2017,522,,,,0,p a ʂ a,?,
Yaminawa-58_greencolor-2,,Yaminawa,58_greencolor,ʂu,ʂu,ʂ u,,zariquiey2017,530,,,,0,ʂ u - -,small/unripe,
Kashinawa_P-58_greencolor-1,,Kashinawa_P,58_greencolor,nankɨ,nankɨ,n a n k ɨ,,zariquiey2017,528,,,,0,n a n k ɨ,?,
Kashinawa_B-58_greencolor-1,,Kashinawa_B,58_greencolor,huʂiama,huʂiama,h u ʂ i a m a,,camargo1995,529,,,,0,h u ʂ i a m a,red _neg,
Matses-94_new-1,,Matses,94_new,tʃuka,tʃuka,tʃ u k a,,fleck2005,818,,,,0,tʃ u k a,new,
Matis-94_new-1,,Matis,94_new,paʂa,paʂa,p a ʂ a,,fleck2005,813,,,,0,p a ʂ a,unripe,
Marubo-94_new-1,,Marubo,94_new,βɨna,βɨna,β ɨ n a,,fleck2005,812,,,,0,β ɨ n a,new,
Katukina-94_new-1,,Katukina,94_new,βena,βena,β e n a,,aguiar1994,812,,,,0,β e n a,new,
Shipibo_Konibo-94_new-1,,Shipibo_Konibo,94_new,βɨna,βɨna,β ɨ n a,,fleck2005,812,,,,0,β ɨ n a,new,
Kapanawa-94_new-1,,Kapanawa,94_new,βɨna,βɨna,β ɨ n a,,loos1998,812,,,,0,β ɨ n a,new,
Arara-94_new-1,,Arara,94_new,βɨnda,βɨnda,β ɨ ⁿd a,,cunha1993,812,,,,0,β ɨ n d a,?,
Arara-94_new-2,,Arara,94_new,pɨʃkɨ,pɨʃkɨ,p ɨ ʃ k ɨ,,cunha1993,817,,,,0,p ɨ ʃ k ɨ,?,
Shanenawa-94_new-1,,Shanenawa,94_new,fɨna,fɨna,f ɨ n a,,lanes2005,812,,,,0,f ɨ n a,new,
Yawanawa-94_new-1,,Yawanawa,94_new,βɨna,βɨna,β ɨ n a,,paula1992,812,,,,0,β ɨ n a,new,
Poyanawa-94_new-1,,Poyanawa,94_new,βɨhu,βɨhu,β ɨ h u,,paula1992,812,,,,0,β ɨ h u,new,
Iskonawa-94_new-1,,Iskonawa,94_new,βɨna,βɨna,β ɨ n a,,zariquiey2017,812,,,,0,β ɨ n a,new,
Chakobo-94_new-1,,Chakobo,94_new,paʂa,paʂa,p a ʂ a,,zingg1998,813,,,,0,p a ʂ a,unripe,
Kakataibo-94_new-1,,Kakataibo,94_new,io,io,i o,,zariquiey2017,820,,,,0,i o,new/io,
Kaxarari-94_new-1,,Kaxarari,94_new,xawɨlakɨ,xawɨlakɨ,x/ʂ a w ɨ l a k ɨ,,couto2005,819,,,,0,x a w ɨ l a k ɨ,?,
Mastanawa-94_new-1,,Mastanawa,94_new,ɸɨda,ɸɨda,ɸ ɨ d a,,zariquiey2017,812,,,,0,ɸ ɨ d a,new,
Chaninawa-94_new-1,,Chaninawa,94_new,ɸɨda,ɸɨda,ɸ ɨ d a,,zariquiey2017,812,,,,0,ɸ ɨ d a,new,
Sharanawa-94_new-1,,Sharanawa,94_new,ɸɨda,ɸɨda,ɸ ɨ d a,,zariquiey2017,812,,,,0,ɸ ɨ d a,new,
Amawaka-94_new-1,,Amawaka,94_new,wɨnda,wɨnda,w ɨ ⁿd a,,zariquiey2017,812,,,,0,w ɨ ⁿd a,new,
Nawa-94_new-1,,Nawa,94_new,ɸɨda,ɸɨda,ɸ ɨ d a,,zariquiey2017,812,,,,0,ɸ ɨ d a,new,
Marinawa-94_new-1,,Marinawa,94_new,ɸɨnda,ɸɨnda,ɸ ɨ ⁿd a,,zariquiey2017,812,,,,0,ɸ ɨ ⁿd a,new,
Yaminawa-94_new-1,,Yaminawa,94_new,ɸɨda,ɸɨda,ɸ ɨ d a,,zariquiey2017,812,,,,0,ɸ ɨ d a,new,
Kashinawa_P-94_new-1,,Kashinawa_P,94_new,βɨna,βɨna,β ɨ n a,,zariquiey2017,812,,,,0,β ɨ n a,new,
Kashinawa_B-94_new-1,,Kashinawa_B,94_new,βɨna,βɨna,β ɨ n a,,camargo1995,812,,,,0,β ɨ n a,new,
Matses-97_oldadj-1,,Matses,97_oldadj,ʂɨni,ʂɨni,ʂ ɨ n i,,fleck2005,833,,,,0,ʂ ɨ n i -,old/ʂɨni,
Matis-97_oldadj-1,,Matis,97_oldadj,ʂɨni,ʂɨni,ʂ ɨ n i,,fleck2005,833,,,,0,ʂ ɨ n i -,old/ʂɨni,
Marubo-97_oldadj-1,,Marubo,97_oldadj,ʂɨni,ʂɨni,ʂ ɨ n i,,fleck2005,833,,,,0,ʂ ɨ n i -,old/ʂɨni,
Katukina-97_oldadj-1,,Katukina,97_oldadj,sheni-a,shenia,ʃ e n i a,,aguiar1994,833,,,,0,ʃ e n i a,old/ʂɨni _a,
Shipibo_Konibo-97_oldadj-1,,Shipibo_Konibo,97_oldadj,payu,payu,p a j u,,fleck2005,837,,,,0,p a j u,old,
Kapanawa-97_oldadj-1,,Kapanawa,97_oldadj,ʂɨni,ʂɨni,ʂ ɨ n i,,loos1998,833,,,,0,ʂ ɨ n i -,old/ʂɨni,
Arara-97_oldadj-1,,Arara,97_oldadj,ãdihɨ,ãdihɨ,ã d i h ɨ,,cunha1993,842,,,,0,ã d i h ɨ,?,
Shanenawa-97_oldadj-1,,Shanenawa,97_oldadj,ani,ani,a n i,,lanes2005,805,,,,0,a n i,big,
Yawanawa-97_oldadj-1,,Yawanawa,97_oldadj,ʃini,ʃini,ʃ i n i,,paula1992,833,,,,0,ʃ i n i -,old/ʂɨni,
Nukini-97_oldadj-1,,Nukini,97_oldadj,nusi,nusi,n u s i,,aguiar2004,834,,,,0,n u s i,old_man,
Poyanawa-97_oldadj-1,,Poyanawa,97_oldadj,iwa,iwa,i w a,,paula1992,838,,,,0,i w a,old_woman,
Iskonawa-97_oldadj-1,,Iskonawa,97_oldadj,hɨni,hɨni,h ɨ n i,,zariquiey2017,833,,,,0,h ɨ n i -,old/ʂɨni,
Chakobo-97_oldadj-1,,Chakobo,97_oldadj,yusi,yusi,j u s i,,zingg1998,834,,,,0,j u s i,old_man,
Pakawara-97_oldadj-1,,Pakawara,97_oldadj,nui,nui,n u i,,key2000,834,,,,0,n u i,old_man,
Kakataibo-97_oldadj-1,,Kakataibo,97_oldadj,ʂɨni,ʂɨni,ʂ ɨ n i,,zariquiey2017,833,,,,0,ʂ ɨ n i -,old/ʂɨni,
Kaxarari-97_oldadj-1,,Kaxarari,97_oldadj,tʃapawɨ,tʃapawɨ,tʃ a p a w ɨ,,couto2005,839,,,,0,tʃ a p a w ɨ,?,
Mastanawa-97_oldadj-1,,Mastanawa,97_oldadj,ʂɨdi,ʂɨdi,ʂ ɨ d i,,zariquiey2017,833,,,,0,ʂ ɨ d i -,old/ʂɨni,
Chaninawa-97_oldadj-1,,Chaninawa,97_oldadj,ʂɨdi,ʂɨdi,ʂ ɨ d i,,zariquiey2017,833,,,,0,ʂ ɨ d i -,old/ʂɨni,
Sharanawa-97_oldadj-1,,Sharanawa,97_oldadj,ʂɨdi,ʂɨdi,ʂ ɨ d i,,zariquiey2017,833,,,,0,ʂ ɨ d i -,old/ʂɨni,
Amawaka-97_oldadj-1,,Amawaka,97_oldadj,çɨndi,çɨndi,ç ɨ ⁿd i,,zariquiey2017,833,,,,0,ç ɨ ⁿd i -,old/ʂɨni,
Nawa-97_oldadj-1,,Nawa,97_oldadj,ʂɨdi,ʂɨdi,ʂ ɨ d i,,zariquiey2017,833,,,,0,ʂ ɨ d i -,old/ʂɨni,
Marinawa-97_oldadj-1,,Marinawa,97_oldadj,ʂɨndi,ʂɨndi,ʂ ɨ ⁿd i,,zariquiey2017,833,,,,0,ʂ ɨ ⁿd i -,old/ʂɨni,
Yaminawa-97_oldadj-1,,Yaminawa,97_oldadj,ʂɨdi,ʂɨdi,ʂ ɨ d i,,zariquiey2017,833,,,,0,ʂ ɨ d i -,old/ʂɨni,
Kashinawa_P-97_oldadj-1,,Kashinawa_P,97_oldadj,ʂɨni,ʂɨni,ʂ ɨ n i,,zariquiey2017,833,,,,0,ʂ ɨ n i -,old/ʂɨni,
Kashinawa_B-97_oldadj-1,,Kashinawa_B,97_oldadj,mɨstɨβu,mɨstɨβu,m ɨ s t ɨ β u,,camargo1995,840,,,,0,m ɨ s t ɨ β u,?,
Matses-56_good-1,,Matses,56_good,βɨda,βɨda,β ɨ d a,,fleck2005,503,,,,0,β ɨ d a,new,
Matis-56_good-1,,Matis,56_good,βɨda,βɨda,β ɨ d a,,fleck2005,503,,,,0,β ɨ d a,new,
Marubo-56_good-1,,Marubo,56_good,rua,rua,r u a,,fleck2005,499,,,,0,- r u - - a,?,
Katukina-56_good-1,,Katukina,56_good,rua-pa,ruapa,r u a p a,,aguiar1994,499,,,,0,- r u a p a,?,
Shipibo_Konibo-56_good-1,,Shipibo_Konibo,56_good,hakun,hakun,h a k u n,,fleck2005,502,,,,0,h a k u n,good/hakun,
Kapanawa-56_good-1,,Kapanawa,56_good,siri,siri,s i r i,,loos1998,498,,,,0,s i r - - i,?,
Kapanawa-56_good-2,,Kapanawa,56_good,hakun,hakun,h a k u n,,loos1998,502,,,,0,h a k u n,good,
Arara-56_good-1,,Arara,56_good,ʃara,ʃara,ʃ a r a,,cunha1993,498,,,,0,ʃ a r - - a,?,
Shanenawa-56_good-1,,Shanenawa,56_good,ʂaraka,ʃaraka,ʃ a r a k a,,lanes2005,498,,,,0,ʃ a r a k a,good/ʃara _ka,
Yawanawa-56_good-1,,Yawanawa,56_good,ʃara,ʃara,ʃ a r a,,paula1992,498,,,,0,ʃ a r - - a,good/ʃara,
Nukini-56_good-1,,Nukini,56_good,iru,iru,i r u,,aguiar2004,499,,,,0,i r u - - -,good/iru,
Poyanawa-56_good-1,,Poyanawa,56_good,iru,iru,i r u,,paula1992,499,,,,0,i r u - - -,good/iru,
Iskonawa-56_good-1,,Iskonawa,56_good,iru,iru,i r u,,zariquiey2017,499,,,,0,i r u - - -,good/iru,
Chakobo-56_good-1,,Chakobo,56_good,hia,hia,h i a,,zingg1998,506,,,,0,h i a,?,
Kakataibo-56_good-1,,Kakataibo,56_good,upi,upi,u p i,,zariquiey2017,500,,,,0,u p i,upi,
Kaxarari-56_good-1,,Kaxarari,56_good,tsuwi,tsuwi,ts u w i,,couto2005,505,,,,0,ts u w i,?,
Mastanawa-56_good-1,,Mastanawa,56_good,ʂaɾa,ʃaɾa,ʂ a ɾ a,,zariquiey2017,498,,,,0,ʂ a ɾ - - a,good/ʃara,
Chaninawa-56_good-1,,Chaninawa,56_good,ʃaɾa,ʃaɾa,ʃ a ɾ a,,zariquiey2017,498,,,,0,ʃ a ɾ - - a,good/ʃara,
Sharanawa-56_good-1,,Sharanawa,56_good,ʃaɾa,ʃaɾa,ʃ a ɾ a,,zariquiey2017,498,,,,0,ʃ a ɾ - - a,good/ʃara,
Amawaka-56_good-1,,Amawaka,56_good,ʃaɾa,ʃaɾa,ʃ a ɾ a,,zariquiey2017,498,,,,0,ʃ a ɾ - - a,good/ʃara,
Nawa-56_good-1,,Nawa,56_good,ʃaɾa,ʃaɾa,ʃ a ɾ a,,zariquiey2017,498,,,,0,ʃ a ɾ - - a,good/ʃara,
Marinawa-56_good-1,,Marinawa,56_good,ʂaɾa,ʃaɾa,ʂ a ɾ a,,zariquiey2017,498,,,,0,ʂ a ɾ - - a,good/ʃara,
Yaminawa-56_good-1,,Yaminawa,56_good,ʂaɾa,ʃaɾa,ʃ a ɾ a,,zariquiey2017,498,,,,0,ʃ a ɾ - - a,good/ʃara,
Yaminawa-56_good-2,,Yaminawa,56_good,ʂala,ʃala,ʃ a l a,,zariquiey2017,498,,,,0,ʃ a l - - a,good/ʃara,
Kashinawa_P-56_good-1,,Kashinawa_P,56_good,pɨ,pɨ,p ɨ,,zariquiey2017,500,,,,0,- p ɨ,?,
Kashinawa_B-56_good-1,,Kashinawa_B,56_good,pi,pi,p i,,camargo1995,500,,,,0,- p i,?,
Matses-6_bad-1,,Matses,6_bad,iksa,iksa,i k s a,,fleck2005,1550,,,,0,i k s a,iksa,
Matis-6_bad-1,,Matis,6_bad,iksama,iksama,i k s a + m a,,fleck2005,1550,,,,0,i k s a + m - a,iksa _NEG,
Marubo-6_bad-1,,Marubo,6_bad,iʃna,iʃna,i ʃ n a,,fleck2005,46,,,,0,i ʃ n a,isna,
Shipibo_Konibo-6_bad-1,,Shipibo_Konibo,6_bad,hakun-ma,hakunma,h a k u n + m a,,fleck2005,41,,,,0,h a k u n + m - a,good/hakun _ma,
Kapanawa-6_bad-1,,Kapanawa,6_bad,tiruma,iruma,i r u + m a,,loos1998,33,,,,0,i r u + m a,good _NEG,
Kapanawa-6_bad-2,,Kapanawa,6_bad,hakunma,hakunma,h a k u n + m a,,loos1998,41,,,,0,h a k u n + m - a,good/hakun _NEG,
Arara-6_bad-1,,Arara,6_bad,ʃaramba,ʃaramba,ʃ a r a m b a,,cunha1993,37,,,,0,ʃ a r a m b a,?,
Shanenawa-6_bad-1,,Shanenawa,6_bad,ʂarama,ʃarama,ʃ a r a + m a,,lanes2005,37,,,,0,ʃ a r a + m - a,good/ʃara _NEG,
Yawanawa-6_bad-1,,Yawanawa,6_bad,tʃaka,tʃaka,tʃ a k a,,paula1992,38,,,,0,tʃ a k - - a,ugly,
Nukini-6_bad-1,,Nukini,6_bad,iruma,iruma,i r u + m a,,aguiar2004,33,,,,0,i r - - u + m - a,good _NEG,
Poyanawa-6_bad-1,,Poyanawa,6_bad,irumba,irumba,i r u + ⁿb a,,paula1992,33,,,,0,i r u + ⁿb a,good _NEG,
Iskonawa-6_bad-1,,Iskonawa,6_bad,miʧa,miʧa,m i tʃ a,,zariquiey2017,1551,,,,0,m i tʃ a,ugly,
Iskonawa-6_bad-2,,Iskonawa,6_bad,iruma,iruma,i r u + m a,,zariquiey2017,33,,,,0,i r u + m a,good _NEG,
Chakobo-6_bad-1,,Chakobo,6_bad,kaʂaʂɨni,kaʂaʂɨni,k a ʂ a ʂ ɨ n i,,zingg1998,43,,,,0,k a ʂ a ʂ ɨ n i,?kasasini,
Kakataibo-6_bad-1,,Kakataibo,6_bad,aisama,aisama,a j + s a + m a,,zariquiey2017,39,,,,0,a i + s a + m a,that _COMP _NEG,
Kaxarari-6_bad-1,,Kaxarari,6_bad,tsɨwɨma,tsɨwɨma,ts ɨ w ɨ + m a,,couto2005,35,,,,0,ts ɨ w ɨ + m a,tsɨwɨ _NEG,
Mastanawa-6_bad-1,,Mastanawa,6_bad,ʧaʔa,ʧaʔa,tʃ a ʔ a,,zariquiey2017,38,,,,0,tʃ a ʔ - - a,ugly,
Chaninawa-6_bad-1,,Chaninawa,6_bad,t͡ʃaka,t͡ʃaka,tʃ a k a,,zariquiey2017,38,,,,0,tʃ a k - - a,ugly,
Sharanawa-6_bad-1,,Sharanawa,6_bad,t͡ʃaka,t͡ʃaka,tʃ a k a,,zariquiey2017,38,,,,0,tʃ a k - - a,ugly,
Amawaka-6_bad-1,,Amawaka,6_bad,iɾuma,iɾuma,i ɾ u + m a,,zariquiey2017,33,,,,0,i ɾ u + m a,good _NEG,
Nawa-6_bad-1,,Nawa,6_bad,ʧaka,ʧaka,tʃ a k a,,zariquiey2017,38,,,,0,tʃ a k - - a,ugly,
Marinawa-6_bad-1,,Marinawa,6_bad,ʧaka,ʧaka,tʃ a k a,,zariquiey2017,38,,,,0,tʃ a k - - a,ugly,
Yaminawa-6_bad-1,,Yaminawa,6_bad,ʧaʔa,ʧaʔa,tʃ a ʔ a,,zariquiey2017,38,,,,0,tʃ a ʔ - - a,ugly,
Kashinawa_P-6_bad-1,,Kashinawa_P,6_bad,ʧakaβu,ʧakaβu,tʃ a k a + β u,,zariquiey2017,38,,,,0,tʃ a k a + β u,ugly _COL,
Kashinawa_B-6_bad-1,,Kashinawa_B,6_bad,tʃakaβu,tʃakaβu,tʃ a k a + β u,,camargo1995,38,,,,0,tʃ a k a + β u,ugly _COL,
Matses-165_wet-1,,Matses,165_wet,tʂuku,tʂuku,ʈʂ u k u,,fleck2005,1406,,,,0,ʈʂ u k u,?,
Matis-165_wet-1,,Matis,165_wet,tʂuβɨd,tʂuβɨd,ʈʂ u β ɨ d,,fleck2005,1406,,,,0,ʈʂ u β ɨ d,?,
Marubo-165_wet-1,,Marubo,165_wet,mɨtʃa,mɨtʃa,m ɨ tʃ a,,fleck2005,1404,,,,0,m ɨ tʃ a,wet/mɨtʃa,
Katukina-165_wet-1,,Katukina,165_wet,metxa,metxa,m e ʈʂ a,,aguiar1994,1404,,,,0,m e ʈʂ a,wet/mɨtʃa,
Shipibo_Konibo-165_wet-1,,Shipibo_Konibo,165_wet,mɨtʃa,mɨtʃa,m ɨ tʃ a,,fleck2005,1404,,,,0,m ɨ tʃ a,wet/mɨtʃa,
Kapanawa-165_wet-1,,Kapanawa,165_wet,mɨtʃa,mɨtʃa,m ɨ tʃ a,,loos1998,1404,,,,0,m ɨ tʃ a,wet/mɨtʃa,
Arara-165_wet-1,,Arara,165_wet,bɨtʃa,bɨtʃa,b ɨ tʃ a,,cunha1993,1404,,,,0,- - b ɨ tʃ - a,?,
Shanenawa-165_wet-1,,Shanenawa,165_wet,mutʃia,mɨtʃa,m ɨ tʃ a,,lanes2005,1404,,,,0,m ɨ tʃ a,wet/mɨtʃa,
Poyanawa-165_wet-1,,Poyanawa,165_wet,bɨʃa,bɨʃa,b ɨ ʃ a,,paula1992,1404,,,,0,b ɨ ʃ a,wet/mɨtʃa,
Iskonawa-165_wet-1,,Iskonawa,165_wet,mɨʧa,mɨʧa,m ɨ tʃ a,,zariquiey2017,1404,,,,0,m ɨ tʃ a,wet/mɨtʃa,
Chakobo-165_wet-1,,Chakobo,165_wet,tʃaaʂa,tʃaʂa,tʃ a ʂ a,,zingg1998,1400,,,,0,tʃ a ʂ a,wet_short _ʂa,
Chakobo-165_wet-2,,Chakobo,165_wet,musa,mɨsa,m ɨ s a,,zingg1998,1404,,,,0,m ɨ s a,wet/mɨtʃa,
Kakataibo-165_wet-1,,Kakataibo,165_wet,tʃaβa,tʃaβa,tʃ a β a,,zariquiey2017,1403,,,,0,tʃ a β a,wet_short _βa,
Kaxarari-165_wet-1,,Kaxarari,165_wet,hɨnla,hɨnla,h ɨ n l a,,couto2005,1411,,,,0,h ɨ n l a,?,
Mastanawa-165_wet-1,,Mastanawa,165_wet,bɨʧa,bɨʧa,b ɨ tʃ a,,zariquiey2017,1404,,,,0,b ɨ tʃ a,wet/mɨtʃa,
Chaninawa-165_wet-1,,Chaninawa,165_wet,bɨt͡ʃa,bɨt͡ʃa,b ɨ tʃ a,,zariquiey2017,1404,,,,0,b ɨ tʃ a,wet/mɨtʃa,
Sharanawa-165_wet-1,,Sharanawa,165_wet,bɨt͡ʃa,bɨt͡ʃa,b ɨ tʃ a,,zariquiey2017,1404,,,,0,b ɨ tʃ a,wet/mɨtʃa,
Amawaka-165_wet-1,,Amawaka,165_wet,mɨt͡ʃa,mɨt͡ʃa,m ɨ tʃ a,,zariquiey2017,1404,,,,0,m ɨ tʃ a,wet/mɨtʃa,
Nawa-165_wet-1,,Nawa,165_wet,bɨʧa,bɨʧa,b ɨ tʃ a,,zariquiey2017,1404,,,,0,b ɨ tʃ a,wet/mɨtʃa,
Marinawa-165_wet-1,,Marinawa,165_wet,bɨʧa,bɨʧa,b ɨ tʃ a,,zariquiey2017,1404,,,,0,b ɨ tʃ a,wet/mɨtʃa,
Yaminawa-165_wet-1,,Yaminawa,165_wet,bɨʧa,bɨʧa,b ɨ tʃ a,,zariquiey2017,1404,,,,0,b ɨ tʃ a,wet/mɨtʃa,
Kashinawa_P-165_wet-1,,Kashinawa_P,165_wet,ʧajka,ʧajka,tʃ a j k a,,zariquiey2017,1410,,,,0,tʃ a j k a,wet_short _ika,
Kashinawa_B-165_wet-1,,Kashinawa_B,165_wet,mɨtʃa,mɨtʃa,m ɨ tʃ a,,camargo1995,1404,,,,0,m ɨ tʃ a,wet/mɨtʃa,
Matses-30_dryadjv-1,,Matses,30_dryadjv,tanun,tanun,t a n u n,,fleck2005,290,,,,0,t a n u n,?,
Matis-30_dryadjv-1,,Matis,30_dryadjv,kudu,kudu,k u d u,,fleck2005,168,,,,0,k u d u,?,
Marubo-30_dryadjv-1,,Marubo,30_dryadjv,ɨʂta,ɨʂta,ɨ ʂ t a,,fleck2005,289,,,,0,ɨ ʂ t a,?,
Katukina-30_dryadjv-1,,Katukina,30_dryadjv,putu,putu,p u t u,,aguiar1994,163,,,,0,p u t - - u,dust,
Shipibo_Konibo-30_dryadjv-1,,Shipibo_Konibo,30_dryadjv,tʃuʃia,tʃuʃia,tʃ u ʃ i a,,fleck2005,285,,,,0,tʃ u ʃ i a,?,
Shipibo_Konibo-30_dryadjv-2,,Shipibo_Konibo,30_dryadjv,mɨtʃama,mɨtʃama,m ɨ tʃ a m a,,fleck2005,182,,,,0,m ɨ tʃ a m a,wet _NEG,
Kapanawa-30_dryadjv-1,,Kapanawa,30_dryadjv,putuni,putuni,p u t u + n i,,loos1998,163,,,,0,p u t - - u + n i,dust _ni,
Kapanawa-30_dryadjv-2,,Kapanawa,30_dryadjv,tʃuʃi,tʃuʃi,tʃ u ʃ i,,loos1998,285,,,,0,tʃ u ʃ i -,?,
Arara-30_dryadjv-1,,Arara,30_dryadjv,ʃaka,ʃaka,ʃ a k a,,cunha1993,286,,,,0,ʃ a k a,?,
Shanenawa-30_dryadjv-1,,Shanenawa,30_dryadjv,mɨtu,mɨtu,m ɨ t u,,lanes2005,284,,,,0,m ɨ t - - u,dry/mɨtu,
Yawanawa-30_dryadjv-1,,Yawanawa,30_dryadjv,ʂaka,ʂaka,ʂ a k a,,paula1992,286,,,,0,ʂ a k a,bark,
Poyanawa-30_dryadjv-1,,Poyanawa,30_dryadjv,basku,basku,b a s k u,,paula1992,288,,,,0,b a s k u,?,
Chakobo-30_dryadjv-1,,Chakobo,30_dryadjv,ʃina,ʃina,ʃ i n a,,zingg1998,181,,,,0,ʃ i n a,?,
Chakobo-30_dryadjv-2,,Chakobo,30_dryadjv,hanu,hanu,h a n u,,zingg1998,293,,,,0,h a n u,?,
Kakataibo-30_dryadjv-1,,Kakataibo,30_dryadjv,ɨski,ɨski,ɨ s k i,,zariquiey2017,185,,,,0,ɨ s k i,?,
Kaxarari-30_dryadjv-1,,Kaxarari,30_dryadjv,pu,pu,p u,,couto2005,163,,,,0,p u,dust,
Mastanawa-30_dryadjv-1,,Mastanawa,30_dryadjv,bɨtu,bɨtu,b ɨ t u,,zariquiey2017,284,,,,0,b ɨ t - - u,dry/mɨtu,
Mastanawa-30_dryadjv-2,,Mastanawa,30_dryadjv,ʃina,ʃina,ʃ i n a,,zariquiey2017,181,,,,0,ʃ i n a,?,
Chaninawa-30_dryadjv-1,,Chaninawa,30_dryadjv,bɨtu,bɨtu,b ɨ t u,,zariquiey2017,284,,,,0,b ɨ t - - u,dry/mɨtu,
Sharanawa-30_dryadjv-1,,Sharanawa,30_dryadjv,bɨtu,bɨtu,b ɨ t u,,zariquiey2017,284,,,,0,b ɨ t - - u,dry/mɨtu,
Amawaka-30_dryadjv-1,,Amawaka,30_dryadjv,mɨtu,mɨtu,m ɨ t u,,zariquiey2017,284,,,,0,m ɨ t - - u,dry/mɨtu,
Nawa-30_dryadjv-1,,Nawa,30_dryadjv,bɨtu,bɨtu,b ɨ t u,,zariquiey2017,284,,,,0,b ɨ t - - u,dry/mɨtu,
Marinawa-30_dryadjv-1,,Marinawa,30_dryadjv,bɨtu,bɨtu,b ɨ t u,,zariquiey2017,284,,,,0,b ɨ t - - u,dry/mɨtu,
Yaminawa-30_dryadjv-1,,Yaminawa,30_dryadjv,bɨtu,bɨtu,b ɨ t u,,zariquiey2017,284,,,,0,b ɨ t - - u,dry/mɨtu,
Kashinawa_P-30_dryadjv-1,,Kashinawa_P,30_dryadjv,mɨtu,mɨtu,m ɨ t u,,zariquiey2017,284,,,,0,m ɨ t - - u,dry/mɨtu,
Kashinawa_B-30_dryadjv-1,,Kashinawa_B,30_dryadjv,mɨtu,mɨtu,m ɨ t u,,camargo1995,284,,,,0,m ɨ t - - u,dry/mɨtu,
Matses-67_here-1,,Matses,67_here,nɨ,nɨ,n ɨ,,fleck2005,577,,,,0,n ɨ -,here,
Matis-67_here-1,,Matis,67_here,nɨ,nɨ,n ɨ,,fleck2005,577,,,,0,n ɨ -,here,
Marubo-67_here-1,,Marubo,67_here,nɨnu,nɨnu,n ɨ n u,,fleck2005,577,,,,0,n ɨ n u,here _LOC,
Katukina-67_here-1,,Katukina,67_here,nenu,nɨnu,n ɨ n u,,aguiar1994,577,,,,0,n ɨ n u,here _LOC,
Katukina-67_here-2,,Katukina,67_here,ninu,ninu,n i n u,,aguiar1994,577,,,,0,n i n u,here _LOC,
Shipibo_Konibo-67_here-1,,Shipibo_Konibo,67_here,nɨ,nɨ,n ɨ,,fleck2005,577,,,,0,n ɨ - -,here,
Kapanawa-67_here-1,,Kapanawa,67_here,nɨnu,nɨnu,n ɨ n u,,loos1998,577,,,,0,n ɨ n u,here _LOC,
Kapanawa-67_here-2,,Kapanawa,67_here,nɨaβi,nɨaβi,n ɨ a + β i,,loos1998,577,,,,0,n ɨ a + β i,here _a _EMP,
Arara-67_here-1,,Arara,67_here,nandu,nandu,n a ⁿd u,,cunha1993,577,,,,0,n a n - d u,?,
Shanenawa-67_here-1,,Shanenawa,67_here,nɨnu,nɨnu,n ɨ n u,,lanes2005,577,,,,0,n ɨ n u,here _LOC,
Yawanawa-67_here-1,,Yawanawa,67_here,nɨnu,nɨnu,n ɨ n u,,paula1992,577,,,,0,n ɨ n u,here _LOC,
Poyanawa-67_here-1,,Poyanawa,67_here,nĩdu,nindu,n i nd u,,paula1992,577,,,,0,n i nd u,here _LOC,
Iskonawa-67_here-1,,Iskonawa,67_here,ninu,ninu,n i n u,,zariquiey2017,577,,,,0,n i n u,here _LOC,
Chakobo-67_here-1,,Chakobo,67_here,nëa,nɨa,n ɨ a,,zingg1998,577,,,,0,n ɨ a,here _a,
Chakobo-67_here-2,,Chakobo,67_here,nëbi,nɨbi,n ɨ b i,,zingg1998,577,,,,0,n ɨ b i,here _EMP,
Chakobo-67_here-3,,Chakobo,67_here,nëri,nɨri,n ɨ r i,,zingg1998,577,,,,0,n ɨ r i,here _ri,
Kakataibo-67_here-1,,Kakataibo,67_here,ɨnu,ɨnu,ɨ n u,,zariquiey2017,577,,,,0,- ɨ n u,I _LOC,
Mastanawa-67_here-1,,Mastanawa,67_here,dɨdu,dɨdu,d ɨ d u,,zariquiey2017,577,,,,0,d ɨ d u,here _LOC,
Chaninawa-67_here-1,,Chaninawa,67_here,tɨdu,tɨdu,t ɨ d u,,zariquiey2017,577,,,,0,t ɨ d u,?,
Sharanawa-67_here-1,,Sharanawa,67_here,dɨdu,dɨdu,d ɨ d u,,zariquiey2017,577,,,,0,d ɨ d u,here _LOC,
Amawaka-67_here-1,,Amawaka,67_here,nɨndu,nɨndu,n ɨ ⁿd u,,zariquiey2017,577,,,,0,n ɨ ⁿd u,here _LOC,
Nawa-67_here-1,,Nawa,67_here,dɨdu,dɨdu,d ɨ d u,,zariquiey2017,577,,,,0,d ɨ d u,here _LOC,
Marinawa-67_here-1,,Marinawa,67_here,dɨndu,dɨndu,d ɨ ⁿd u,,zariquiey2017,577,,,,0,d ɨ ⁿd u,here _LOC,
Yaminawa-67_here-1,,Yaminawa,67_here,dɨdu,dɨdu,d ɨ d u,,zariquiey2017,577,,,,0,d ɨ d u,here _LOC,
Kashinawa_P-67_here-1,,Kashinawa_P,67_here,nɨnu,nɨnu,n ɨ n u,,zariquiey2017,577,,,,0,n ɨ n u,here _LOC,
Matses-92_near-1,,Matses,92_near,nɨβi,nɨβi,n ɨ β i,,fleck2005,792,,,,0,n ɨ β i,here _EMP,
Matis-92_near-1,,Matis,92_near,nɨ,nɨ,n ɨ,,fleck2005,792,,,,0,n ɨ,here,
Marubo-92_near-1,,Marubo,92_near,urama,urama,u r a + m a,,fleck2005,790,,,,0,u r - - a + m a,far/ura _ma,
Katukina-92_near-1,,Katukina,92_near,rami,rami,r a m i,,aguiar1994,1579,,,,0,- r a m i,?,
Katukina-92_near-2,,Katukina,92_near,tuke-ma,tukema,t u k e m a,,aguiar1994,1577,,,,0,t u k e m - - - a,? _NEG,
Shipibo_Konibo-92_near-1,,Shipibo_Konibo,92_near,utʃu-ma,utʃuma,u tʃ u + m a,,fleck2005,1578,,,,0,u tʃ u + m a,far/utʃu _NEG,
Kapanawa-92_near-1,,Kapanawa,92_near,utʃuma,utʃuma,u tʃ u + m a,,loos1998,1578,,,,0,u tʃ u + m a,far _not,
Kapanawa-92_near-2,,Kapanawa,92_near,pataʂ,pataʂ,p a t a ʂ,,loos1998,800,,,,0,p a t a ʂ,?,
Arara-92_near-1,,Arara,92_near,tʃaimba,tʃaimba,tʃ a i mb a,,cunha1993,796,,,,0,- - tʃ a - i m b a,?,
Shanenawa-92_near-1,,Shanenawa,92_near,tʃjama,tʃaima,tʃ a j m a,,lanes2005,796,,,,0,tʃ a - i m - - - a,far/chai _NEG,
Yawanawa-92_near-1,,Yawanawa,92_near,tʃaima,tʃaima,tʃ a j m a,,paula1992,796,,,,0,tʃ a - i m - - - a,far/chai _NEG,
Iskonawa-92_near-1,,Iskonawa,92_near,ninuhuku,ninuhuku,n i + n u + h u k u,,zariquiey2017,795,,,,0,n i + n u + h u k u,here _LOC _DIM,
Chakobo-92_near-1,,Chakobo,92_near,βasima,βasima,β a s i m a,,zingg1998,791,,,,0,β a s i m a,delay _NEG,
Chakobo-92_near-2,,Chakobo,92_near,βika,βika,β i k a,,zingg1998,799,,,,0,β i k a,?,
Kakataibo-92_near-1,,Kakataibo,92_near,urama,urama,u r a m a,,zariquiey2017,790,,,,0,u r a m a,far _NEG,
Kaxarari-92_near-1,,Kaxarari,92_near,utʂama,utʂama,u ʈʂ a m a,,couto2005,1495,,,,0,u ʈʂ a m a,far _NEG,
Mastanawa-92_near-1,,Mastanawa,92_near,ʧaj baʂta,ʧajbaʂta,tʃ a j b a ʂ t a,,zariquiey2017,796,,,,0,tʃ a j - b a ʂ t a,far/chai _DIM,
Chaninawa-92_near-1,,Chaninawa,92_near,t͡ʃajba,t͡ʃajba,tʃ a j b a,,zariquiey2017,796,,,,0,tʃ a j - b - - - a,far _NEG,
Sharanawa-92_near-1,,Sharanawa,92_near,t͡ʃai baʃta,t͡ʃaibaʃta,tʃ a j b a ʃ t a,,zariquiey2017,796,,,,0,tʃ a - i b a ʃ t a,far/chai _DIM,
Amawaka-92_near-1,,Amawaka,92_near,uɾama,uɾama,u ɾ a m a,,zariquiey2017,790,,,,0,u ɾ a m a,far _NEG,
Nawa-92_near-1,,Nawa,92_near,ʧajba,ʧaiba,tʃ a i b a,,zariquiey2017,796,,,,0,tʃ a - i b - - - a,far/chai _NEG,
Marinawa-92_near-1,,Marinawa,92_near,ʧaj baʂta,ʧajbaʂta,tʃ a j b a ʂ t a,,zariquiey2017,796,,,,0,tʃ a j - b a ʂ t a,far/chai _DIM,
Yaminawa-92_near-1,,Yaminawa,92_near,ʧajba,ʧajba,tʃ a i b a,,zariquiey2017,796,,,,0,tʃ a - i b - - - a,far/chai _NEG,
Kashinawa_P-92_near-1,,Kashinawa_P,92_near,ʧajma,ʧajma,tʃ a j m a,,zariquiey2017,796,,,,0,tʃ a j - m - - - a,far/chai _NEG,
Kashinawa_B-92_near-1,,Kashinawa_B,92_near,tʃajma,tʃajma,tʃ a j m a,,camargo1995,796,,,,0,tʃ a j - m - - - a,far/chai _NEG,
Matses-39_far-1,,Matses,39_far,u,u,u,,fleck2005,349,,,,0,u,far/u,
Matis-39_far-1,,Matis,39_far,mɨduk,mɨduk,m ɨ d u k,,fleck2005,350,,,,0,m ɨ d u k,?,
Marubo-39_far-1,,Marubo,39_far,ura,ura,u r a,,fleck2005,345,,,,0,u r a,far/ura,
Katukina-39_far-1,,Katukina,39_far,tuke,tuke,t u k e,,aguiar1994,352,,,,0,t u k e,?,
Shipibo_Konibo-39_far-1,,Shipibo_Konibo,39_far,utʃu,utʃu,u tʃ u,,fleck2005,343,,,,0,u tʃ u,far/utʃu,
Kapanawa-39_far-1,,Kapanawa,39_far,nɨnoma,nɨnoma,n ɨ n o m a,,loos1998,354,,,,0,n ɨ n o m a,here _NEG,
Kapanawa-39_far-2,,Kapanawa,39_far,utʃu,utʃu,u tʃ u,,loos1998,343,,,,0,u tʃ u,far/utʃu,
Arara-39_far-1,,Arara,39_far,tʃai,tʃai,tʃ a j,,cunha1993,342,,,,0,tʃ a i -,?,
Shanenawa-39_far-1,,Shanenawa,39_far,tʃaj,tʃai,tʃ a j,,lanes2005,342,,,,0,tʃ a i,far,
Yawanawa-39_far-1,,Yawanawa,39_far,tʃai,tʃai,tʃ a j,,paula1992,342,,,,0,tʃ a i,far,
Iskonawa-39_far-1,,Iskonawa,39_far,ʧituma,ʧituma,tʃ i t u m a,,zariquiey2017,347,,,,0,tʃ i t u m a,? _NEG,
Chakobo-39_far-1,,Chakobo,39_far,βasi,βasi,β a s i,,zingg1998,356,,,,0,β a s i,delay,
Chakobo-39_far-2,,Chakobo,39_far,nɨama,nɨama,n ɨ a m a,,zingg1998,344,,,,0,n ɨ a m a,here _NEG,
Pakawara-39_far-1,,Pakawara,39_far,nɨama,nɨama,n ɨ a m a,,key2000,344,,,,0,n ɨ a m a,here _NEG,
Kakataibo-39_far-1,,Kakataibo,39_far,ura,ura,u r a,,zariquiey2017,345,,,,0,u r a,far/ura,
Kaxarari-39_far-1,,Kaxarari,39_far,wautʃi,wautʃi,w a u tʃ i,,couto2005,351,,,,0,w a u tʃ i,?,
Mastanawa-39_far-1,,Mastanawa,39_far,ʧaj,ʧai,tʃ a j,,zariquiey2017,342,,,,0,tʃ a i,far,
Chaninawa-39_far-1,,Chaninawa,39_far,t͡ʃai,t͡ʃai,tʃ a j,,zariquiey2017,342,,,,0,tʃ a i,far,
Sharanawa-39_far-1,,Sharanawa,39_far,t͡ʃai,t͡ʃai,tʃ a j,,zariquiey2017,342,,,,0,tʃ a i,far,
Amawaka-39_far-1,,Amawaka,39_far,t͡ʃai,t͡ʃai,tʃ a j,,zariquiey2017,342,,,,0,tʃ a i,far,
Nawa-39_far-1,,Nawa,39_far,ʧaj,ʧai,tʃ a j,,zariquiey2017,342,,,,0,tʃ a i,far,
Marinawa-39_far-1,,Marinawa,39_far,ʧaj,ʧai,tʃ a j,,zariquiey2017,342,,,,0,tʃ a i,far,
Yaminawa-39_far-1,,Yaminawa,39_far,ʧaj,ʧai,tʃ a j,,zariquiey2017,342,,,,0,tʃ a i,far,
Kashinawa_P-39_far-1,,Kashinawa_P,39_far,ʧaj,ʧai,tʃ a j,,zariquiey2017,342,,,,0,tʃ a i,far,
Kashinawa_B-39_far-1,,Kashinawa_B,39_far,tʃaj,tʃai,tʃ a j,,camargo1995,353,,,,0,tʃ a i,far,
Matses-9_big-1,,Matses,9_big,nua,nua,n u a,,fleck2005,66,,,,0,n u a,?,
Matis-9_big-1,,Matis,9_big,noa,noa,n o a,,fleck2005,66,,,,0,n o a,?,
Marubo-9_big-1,,Marubo,9_big,ani,ani,a n i,,fleck2005,64,,,,0,a n - - i,large/ani,
Katukina-9_big-1,,Katukina,9_big,ani-pa,anipa,a n i p a,,aguiar1994,64,,,,0,a n i p a,big _pa,
Shipibo_Konibo-9_big-1,,Shipibo_Konibo,9_big,ani,ani,a n i,,fleck2005,64,,,,0,a n - - i,big/ani,
Kapanawa-9_big-1,,Kapanawa,9_big,ani,ani,a n i,,loos1998,64,,,,0,a n - - i,big/ani,
Arara-9_big-1,,Arara,9_big,iwapa,iwapa,i w a p a,,cunha1993,63,,,,0,i w a p a,?,
Shanenawa-9_big-1,,Shanenawa,9_big,ɨwapa,ɨwapa,ɨ w a p a,,lanes2005,63,,,,0,ɨ w a p a,mother _pa,
Yawanawa-9_big-1,,Yawanawa,9_big,iwapa,iwapa,i w a p a,,paula1992,63,,,,0,i w a p a,mother _pa,
Nukini-9_big-1,,Nukini,9_big,rɨpa,rɨpa,r ɨ p a,,aguiar2004,1555,,,,0,r ɨ p a,?,
Poyanawa-9_big-1,,Poyanawa,9_big,hukumba,hukumba,h u k u m b a,,paula1992,70,,,,0,h u k u m b a,?,
Iskonawa-9_big-1,,Iskonawa,9_big,mihira,mihira,m i h i r a,,zariquiey2017,73,,,,0,m i h i r a,?,
Chakobo-9_big-1,,Chakobo,9_big,tʃa?ita,tʃaʔita,tʃ a ʔ i t a,,zingg1998,67,,,,0,tʃ a ʔ i t a,big/cha _ita,
Kakataibo-9_big-1,,Kakataibo,9_big,tʃa,tʃa,tʃ a,,zariquiey2017,72,,,,0,tʃ a,big/cha,
Kaxarari-9_big-1,,Kaxarari,9_big,laki,laki,l a k i,,couto2005,71,,,,0,l a k i,?,
Mastanawa-9_big-1,,Mastanawa,9_big,ɨwapa,ɨwapa,ɨ w a p a,,zariquiey2017,63,,,,0,ɨ w a p a,mother _pa,
Chaninawa-9_big-1,,Chaninawa,9_big,iwapa,iwapa,i w a p a,,zariquiey2017,63,,,,0,i w a p a,mother _pa,
Sharanawa-9_big-1,,Sharanawa,9_big,ɨwapa,ɨwapa,ɨ w a p a,,zariquiey2017,63,,,,0,ɨ w a p a,mother _pa,
Amawaka-9_big-1,,Amawaka,9_big,tuʔa,tuʔa,t u ʔ a,,zariquiey2017,67,,,,0,t u ʔ a,give_birth,
Nawa-9_big-1,,Nawa,9_big,ɨwapa,ɨwapa,ɨ w a p a,,zariquiey2017,63,,,,0,ɨ w a p a,mother _pa,
Marinawa-9_big-1,,Marinawa,9_big,ɨwapa,ɨwapa,ɨ w a p a,,zariquiey2017,63,,,,0,ɨ w a p a,mother _pa,
Yaminawa-9_big-1,,Yaminawa,9_big,ɨwapa,ɨwapa,ɨ w a p a,,zariquiey2017,63,,,,0,ɨ w a p a,mother _pa,
Kashinawa_P-9_big-1,,Kashinawa_P,9_big,ɨwapa,ɨwapa,ɨ w a p a,,zariquiey2017,63,,,,0,ɨ w a p a,mother _pa,
Kashinawa_B-9_big-1,,Kashinawa_B,9_big,iwapa,iwapa,i w a p a,,camargo1995,63,,,,0,i w a p a,mother _pa,
Matses-171_wide-1,,Matses,171_wide,nua,nua,n u a,,fleck2005,1452,,,,0,n u a,big/noa,
Matis-171_wide-1,,Matis,171_wide,noa,noa,n o a,,fleck2005,1452,,,,0,n o a,big/noa,
Marubo-171_wide-1,,Marubo,171_wide,ani,ani,a n i,,fleck2005,1451,,,,0,a n i,big,
Shipibo_Konibo-171_wide-1,,Shipibo_Konibo,171_wide,ani,ani,a n i,,fleck2005,1451,,,,0,a n i,big,
Shipibo_Konibo-171_wide-2,,Shipibo_Konibo,171_wide,naʂβa,naʂβa,n a ʂ β a,,fleck2005,1449,,,,0,n a ʂ β a,clear,
Kapanawa-171_wide-1,,Kapanawa,171_wide,pɨʂtin,pɨʂtin,p ɨ ʂ t i n,,loos1998,1459,,,,0,p ɨ ʂ t i n,?,
Kapanawa-171_wide-2,,Kapanawa,171_wide,naʂβa,naʂβa,n a ʂ β a,,loos1998,1449,,,,0,n a ʂ β a,clear,
Iskonawa-171_wide-1,,Iskonawa,171_wide,nahβa,nahβa,n a h β a,,zariquiey2017,1449,,,,0,n a h β a,clear,
Chakobo-171_wide-1,,Chakobo,171_wide,tʃa?ita,tʃaʔita,tʃ a ʔ i t a,,zingg1998,1454,,,,0,tʃ a ʔ i t a,large/cha _ita,
Mastanawa-171_wide-1,,Mastanawa,171_wide,pɨta,pɨta,p ɨ t a,,zariquiey2017,1450,,,,0,p ɨ t a,?,
Chaninawa-171_wide-1,,Chaninawa,171_wide,pɨta,pɨta,p ɨ t a,,zariquiey2017,1450,,,,0,p ɨ t a,?,
Sharanawa-171_wide-1,,Sharanawa,171_wide,aʂɸa,aʂɸa,a ʂ ɸ a,,zariquiey2017,1449,,,,0,- a ʂ ɸ a,open,
Amawaka-171_wide-1,,Amawaka,171_wide,tuʔa,tuʔa,t u ʔ a,,zariquiey2017,1454,,,,0,t u ʔ a,given_birth,
Nawa-171_wide-1,,Nawa,171_wide,ɨwapa,ɨwapa,ɨ w a p a,,zariquiey2017,1453,,,,0,ɨ w a p a,mother _pa,
Nawa-171_wide-2,,Nawa,171_wide,aʂpa,aʂpa,a ʂ p a,,zariquiey2017,1449,,,,0,- a ʂ p a,open,
Marinawa-171_wide-1,,Marinawa,171_wide,aʂɸa,aʂɸa,a ʂ ɸ a,,zariquiey2017,1449,,,,0,- a ʂ ɸ a,open,
Yaminawa-171_wide-1,,Yaminawa,171_wide,pɨta,pɨta,p ɨ t a,,zariquiey2017,1450,,,,0,p ɨ t a,?,
Kashinawa_P-171_wide-1,,Kashinawa_P,171_wide,ɨwapa,ɨwapa,ɨ w a p a,,zariquiey2017,1453,,,,0,ɨ w a p a,mother _pa,
Matses-147_thick-1,,Matses,147_thick,nua,nua,n u a,,fleck2005,1268,,,,0,n u a,big,
Matis-147_thick-1,,Matis,147_thick,noa,noa,n o a,,fleck2005,1268,,,,0,n o a,big,
Marubo-147_thick-1,,Marubo,147_thick,ani,ani,a n i,,fleck2005,1274,,,,0,a n i,big,
Shipibo_Konibo-147_thick-1,,Shipibo_Konibo,147_thick,kɨʂtu,kɨʂtu,k ɨ ʂ t u,,fleck2005,1266,,,,0,k ɨ ʂ t u,think,
Kapanawa-147_thick-1,,Kapanawa,147_thick,kɨʂtu,kɨʂtu,k ɨ ʂ t u,,loos1998,1266,,,,0,k ɨ ʂ t u,think,
Arara-147_thick-1,,Arara,147_thick,iwapa ʃandi,iwapa ʃandi,i w a p a + ʃ a ⁿd i,,cunha1993,1276,,,,0,i w a p a # ʃ a n d i,?,
Shanenawa-147_thick-1,,Shanenawa,147_thick,kɨʂtu,kɨʂtu,k ɨ ʂ t u,,lanes2005,1266,,,,0,k ɨ ʂ t u,think,
Yawanawa-147_thick-1,,Yawanawa,147_thick,ɨwapa,ɨwapa,ɨ w a p a,,paula1992,1267,,,,0,ɨ w a p - - - - a,mother _pa,
Poyanawa-147_thick-1,,Poyanawa,147_thick,hukumba,hukumba,h u k u m b a,,paula1992,1273,,,,0,h u k u m b a,small _NEG,
Chakobo-147_thick-1,,Chakobo,147_thick,uti,uti,u t i,,zingg1998,1260,,,,0,u t i,?,
Kakataibo-147_thick-1,,Kakataibo,147_thick,kɨʃto,kɨʃto,k ɨ ʃ t o,,zariquiey2017,1266,,,,0,k ɨ ʃ t o,think,
Kaxarari-147_thick-1,,Kaxarari,147_thick,lakĩ,lakĩ,l a k ĩ,,couto2005,1275,,,,0,l a k ĩ,?,
Mastanawa-147_thick-1,,Mastanawa,147_thick,ɨwapa,ɨwapa,ɨ w a p a,,zariquiey2017,1267,,,,0,ɨ w a p - - - - a,mother _pa,
Chaninawa-147_thick-1,,Chaninawa,147_thick,iwapa,iwapa,i w a p a,,zariquiey2017,1267,,,,0,i w a p - - - - a,mother _pa,
Sharanawa-147_thick-1,,Sharanawa,147_thick,kɨʂtu,kɨʂtu,k ɨ ʂ t u,,zariquiey2017,1266,,,,0,k ɨ ʂ t u,think,
Amawaka-147_thick-1,,Amawaka,147_thick,kɨçtu,kɨçtu,k ɨ ç t u,,zariquiey2017,1266,,,,0,k ɨ ç t u,think,
Nawa-147_thick-1,,Nawa,147_thick,kɨʂtu,kɨʂtu,k ɨ ʂ t u,,zariquiey2017,1266,,,,0,k ɨ ʂ t u,think,
Marinawa-147_thick-1,,Marinawa,147_thick,kɨʂtu,kɨʂtu,k ɨ ʂ t u,,zariquiey2017,1266,,,,0,k ɨ ʂ t u,think,
Yaminawa-147_thick-1,,Yaminawa,147_thick,ɨwapa,ɨwapa,ɨ w a p a,,zariquiey2017,1267,,,,0,ɨ w a p - - - - a,mother _pa,
Kashinawa_P-147_thick-1,,Kashinawa_P,147_thick,kɨʂtu,kɨʂtu,k ɨ ʂ t u,,zariquiey2017,1266,,,,0,k ɨ ʂ t u,think,
Kashinawa_B-147_thick-1,,Kashinawa_B,147_thick,iwapaʂani,iwapaʂani,i w a p a ʂ a n i,,camargo1995,1267,,,,0,i w a p a ʂ a n i,?,
Matses-126_small-1,,Matses,126_small,pistsɨk,pistsɨk,p i s + ts ɨ k,,fleck2005,1075,,,,0,- - - - - p i s + ts ɨ k - -,small _tsik,
Matis-126_small-1,,Matis,126_small,papitsɨk,papitsɨk,p a p i + ts ɨ k,,fleck2005,1060,,,,0,p a p i + ts ɨ k,small _tsik,
Marubo-126_small-1,,Marubo,126_small,iʃtuʃta,iʃtuʃta,i ʃ t u ʃ + t a,,fleck2005,1077,,,,0,i ʃ t u ʃ + t a,thin _ta,
Marubo-126_small-2,,Marubo,126_small,anima,anima,a n i + m a,,fleck2005,1066,,,,0,- a n i + m a -,big _ma/NEG,
Katukina-126_small-1,,Katukina,126_small,pixtxa,pixtxa,p i x/ʂ ʈʂ a,,aguiar1994,1075,,,,0,- - - - - p i x/ʂ - - - - ʈʂ a,small/piʃta,
Shipibo_Konibo-126_small-1,,Shipibo_Konibo,126_small,maʂku,maʂku,m a ʂ + k u,,fleck2005,1082,,,,0,m a ʂ + k u,small/maʂku,
Kapanawa-126_small-1,,Kapanawa,126_small,piʃka,piʃka,p i ʃ k a,,loos1998,1075,,,,0,- - - - - p i ʃ k a - - - -,small/piʃta,
Kapanawa-126_small-2,,Kapanawa,126_small,hanima,hanima,h a n i + m a,,loos1998,1066,,,,0,h a n i + m a -,big _not,
Arara-126_small-1,,Arara,126_small,iwapamba,iwapamba,i w a p a m b a,,cunha1993,1076,,,,0,i w a p a m b - - - a,?,
Shanenawa-126_small-1,,Shanenawa,126_small,ɨwapama,ɨwapama,ɨ w a p a m a,,lanes2005,1076,,,,0,ɨ w - - a p a - m a,mother _pa _NEG,
Yawanawa-126_small-1,,Yawanawa,126_small,iwapama,iwapama,i w a p a m a,,paula1992,1076,,,,0,i w - - a p a - m a,mother _pa _NEG,
Nukini-126_small-1,,Nukini,126_small,piʃta,piʃta,p i ʃ t a,,aguiar2004,1075,,,,0,- - - - - p i ʃ t a - - - -,small,
Chakobo-126_small-1,,Chakobo,126_small,miʃni,miʃni,m i ʃ n i,,zingg1998,1079,,,,0,m i ʃ n i,?,
Chakobo-126_small-2,,Chakobo,126_small,pistia,pista,p i s t a,,zingg1998,1075,,,,0,- - - - - p i s t a - - - -,small/piʃta,
Pakawara-126_small-1,,Pakawara,126_small,miʃni,miʃni,m i ʃ n i,,key2000,1079,,,,0,m i ʃ n i,?,
Kakataibo-126_small-1,,Kakataibo,126_small,tʃukuma,tʃukuma,tʃ u k u m a,,zariquiey2017,1059,,,,0,tʃ u k u m a,small/tʃukuma,
Kaxarari-126_small-1,,Kaxarari,126_small,lakima,lakima,l a k i m a,,couto2005,1061,,,,0,l a k i m a,?,
Mastanawa-126_small-1,,Mastanawa,126_small,ʧuʧuʂta,ʧuʧuʂta,tʃ u tʃ u ʂ t a,,zariquiey2017,1078,,,,0,tʃ u tʃ u ʂ t a,? _DIM,
Chaninawa-126_small-1,,Chaninawa,126_small,t͡ʃut͡ʃuʃta,t͡ʃut͡ʃuʃta,tʃ u tʃ u ʃ t a,,zariquiey2017,1078,,,,0,tʃ u tʃ u ʃ t a,small/ut͡ʃuʃta,
Sharanawa-126_small-1,,Sharanawa,126_small,ɨwapaba,ɨwapaba,ɨ w a p a b a,,zariquiey2017,1076,,,,0,ɨ w a p a b - - - a,mother _pa _NEG,
Amawaka-126_small-1,,Amawaka,126_small,piʃta,piʃta,p i ʃ t a,,zariquiey2017,1075,,,,0,- - - - - p i ʃ t a - - - -,small/piʃta,
Nawa-126_small-1,,Nawa,126_small,ɨwapabaʃta,ɨwapabaʃta,ɨ w a p a b a ʃ t a,,zariquiey2017,1076,,,,0,ɨ w a p a b a ʃ t a,mother _pa _NEG _DIM,
Marinawa-126_small-1,,Marinawa,126_small,ɨwapa baʂta,ɨwapa baʂta,ɨ w a p a b a ʂ t a,,zariquiey2017,1081,,,,0,ɨ w a p a b a ʂ t a,mother _pa _NEG _DIM,
Yaminawa-126_small-1,,Yaminawa,126_small,piʃta,piʃta,p i ʃ t a,,zariquiey2017,1075,,,,0,- - - - - p i ʃ t a - - - -,small/piʃta,
Kashinawa_P-126_small-1,,Kashinawa_P,126_small,pɨʃi,pɨʃi,p ɨ ʃ i,,zariquiey2017,1075,,,,0,- - - - - p ɨ ʃ - i - - - -,?,
Kashinawa_B-126_small-1,,Kashinawa_B,126_small,ɨpamapiʂta,ɨpamapiʂta,ɨ p a m a p i ʂ t a,,camargo1995,1075,,,,0,ɨ p a m a p i ʂ t a - - - -,mother _pa _NEG _DIM,
Matses-148_thin-1,,Matses,148_thin,kasi,kasi,k a s i,,fleck2005,1279,,,,0,k a s i,thin/kasi,
Matis-148_thin-1,,Matis,148_thin,kasi,kasi,k a s i,,fleck2005,1279,,,,0,k a s i,thin/kasi,
Marubo-148_thin-1,,Marubo,148_thin,iʃtuʃta,iʃtuʃta,i ʃ t u ʃ t a,,fleck2005,1277,,,,0,i ʃ t u ʃ t a,thin/iʃtu _ta,
Marubo-148_thin-2,,Marubo,148_thin,anima,anima,a n i + m a,,fleck2005,1284,,,,0,a n i + m a,big _ma/NEG,
Katukina-148_thin-1,,Katukina,148_thin,txuu,txuu,tx/ʈʂ uː,,aguiar1994,1292,,,,0,t x uː,small,
Shipibo_Konibo-148_thin-1,,Shipibo_Konibo,148_thin,wiriʃ,wiriʃ,w i r i ʃ,,fleck2005,1278,,,,0,w i r i ʃ,?,
Kapanawa-148_thin-1,,Kapanawa,148_thin,paʂβi,paʂβi,p a ʂ β i,,loos1998,1290,,,,0,p a ʂ β i,thin/paʂβi,
Kapanawa-148_thin-2,,Kapanawa,148_thin,wiriʃ,wiriʃ,w i r i ʃ,,loos1998,1278,,,,0,w i r i ʃ,wiriʃ,
Arara-148_thin-1,,Arara,148_thin,βɨʃna,βɨʃna,β ɨ ʃ n a,,cunha1993,1280,,,,0,β ɨ ʃ n a,?,
Shanenawa-148_thin-1,,Shanenawa,148_thin,maina,maina,m a j n a,,lanes2005,1283,,,,0,m a i n a,?,
Yawanawa-148_thin-1,,Yawanawa,148_thin,maina,maina,m a j n a,,paula1992,1283,,,,0,m a i n a,?,
Nukini-148_thin-1,,Nukini,148_thin,pahna,pahna,p a h n a,,aguiar2004,1288,,,,0,p a h n a,thin/pahna,
Poyanawa-148_thin-1,,Poyanawa,148_thin,imbata,imbata,i m b a t a,,paula1992,1285,,,,0,i - m b a t a,thin/imata,
Iskonawa-148_thin-1,,Iskonawa,148_thin,imata,imata,i m a t a,,zariquiey2017,1285,,,,0,i - - m a t a,thin/imata,
Chakobo-148_thin-1,,Chakobo,148_thin,siwiki,siwiki,s i w i k i,,zingg1998,1294,,,,0,s i w i k i,thin/siwiki,
Chakobo-148_thin-2,,Chakobo,148_thin,βɨʂpa,βɨʂpa,β ɨ ʂ p a,,zingg1998,1286,,,,0,β ɨ ʂ p a,thin/βɨʂpa,
Kakataibo-148_thin-1,,Kakataibo,148_thin,βɨntsin,βɨntsin,β ɨ n ts i n,,zariquiey2017,1516,,,,0,β ɨ n ts i n,thin/βɨntsin,
Kaxarari-148_thin-1,,Kaxarari,148_thin,lakima,lakima,l a k i m a,,couto2005,1524,,,,0,l a k i m a,?,
Mastanawa-148_thin-1,,Mastanawa,148_thin,iɾabada,iɾabada,i ɾ a b a d a,,zariquiey2017,1285,,,,0,i ɾ a b a d a,?,
Chaninawa-148_thin-1,,Chaninawa,148_thin,ʂauʂta,ʂauʂta,ʂ a u ʂ t a,,zariquiey2017,1619,,,,0,ʂ a u ʂ t a,thin/ʂau _DIM,
Sharanawa-148_thin-1,,Sharanawa,148_thin,ʂauʂta,ʂauʂta,ʂ a u ʂ t a,,zariquiey2017,1619,,,,0,ʂ a u ʂ t a,thin/ʂau _DIM,
Amawaka-148_thin-1,,Amawaka,148_thin,wɨçna,wɨçna,w ɨ ç n a,,zariquiey2017,1280,,,,0,w ɨ ç n a,thin/wɨçna,
Nawa-148_thin-1,,Nawa,148_thin,kawaʃaɾa,kawaʃaɾa,k a w a ʃ a ɾ a,,zariquiey2017,1289,,,,0,k a w a ʃ a ɾ a,?,
Marinawa-148_thin-1,,Marinawa,148_thin,ʂauʂta,ʂauʂta,ʂ a u ʂ t a,,zariquiey2017,1619,,,,0,ʂ a u ʂ t a,thin/ʂau _DIM,
Marinawa-148_thin-2,,Marinawa,148_thin,ɸuʂnaʂta,ɸuʂnaʂta,ɸ ɨ ʂ n a ʂ t a,,zariquiey2017,1502,,,,0,ɸ ɨ ʂ n a ʂ t a,thin/ɸɨʂna _DIM,
Yaminawa-148_thin-1,,Yaminawa,148_thin,iɾabada,iɾabada,i ɾ a b a d a,,zariquiey2017,1285,,,,0,i ɾ a b a d a,?,
Kashinawa_P-148_thin-1,,Kashinawa_P,148_thin,mɨsi,mɨsi,m ɨ s i,,zariquiey2017,1508,,,,0,m ɨ s i,thin/mɨsi,
Kashinawa_B-148_thin-1,,Kashinawa_B,148_thin,mɨsipiʂta,mɨsipiʂta,m ɨ s i p i ʂ t a,,camargo1995,1508,,,,0,m ɨ s i p i ʂ t a,thin/mɨsi _DIM,
Matses-91_narrow-1,,Matses,91_narrow,ania,ania,a n i a,,fleck2005,781,,,,0,a n i a,big _a,
Matis-91_narrow-1,,Matis,91_narrow,papitsɨk,papitsɨk,p a p i + ts ɨ k,,fleck2005,780,,,,0,p a p i + ts ɨ k,small _tsik,
Marubo-91_narrow-1,,Marubo,91_narrow,iʃtuʃta,iʃtuʃta,i ʃ t u ʃ + t a,,fleck2005,1539,,,,0,i ʃ t u ʃ + t a,thin _ta,
Shipibo_Konibo-91_narrow-1,,Shipibo_Konibo,91_narrow,hɨstɨ,hɨstɨ,h ɨ s t ɨ,,fleck2005,782,,,,0,h ɨ s t ɨ,?,
Kapanawa-91_narrow-1,,Kapanawa,91_narrow,kuntsu,kuntsu,k u n ts u,,loos1998,777,,,,0,k u n ts u,?,
Kapanawa-91_narrow-2,,Kapanawa,91_narrow,naʂβama,naʂβama,n a ʂ β a + m a,,loos1998,785,,,,0,n a ʂ β a + m a,clear _ma,
Arara-91_narrow-1,,Arara,91_narrow,pasĩ,pasĩ,p a s ĩ,,cunha1993,1574,,,,0,p a s ĩ,?,
Shanenawa-91_narrow-1,,Shanenawa,91_narrow,siku,siku,s i k u,,lanes2005,1571,,,,0,s i k u,?,
Yawanawa-91_narrow-1,,Yawanawa,91_narrow,iɨrɨika,iɨrɨika,i ɨ r ɨ j k a,,paula1992,784,,,,0,i ɨ r ɨ i k a,?,
Poyanawa-91_narrow-1,,Poyanawa,91_narrow,iruiʃta,iruiʃta,i r u i ʃ t a,,paula1992,1573,,,,0,i r u i ʃ t a,?,
Chakobo-91_narrow-1,,Chakobo,91_narrow,yamaria,yamaria,j a m a r i a,,zingg1998,789,,,,0,j a m a r i a,?,
Kakataibo-91_narrow-1,,Kakataibo,91_narrow,antsukus,antsukus,a n ts u k u s,,zariquiey2017,92,,,,0,a n ts u k u s,narrow/atsu _kus,
Kaxarari-91_narrow-1,,Kaxarari,91_narrow,inikɨma,inikɨma,i n i k ɨ m a,,couto2005,779,,,,0,i n i k ɨ m a,?,
Mastanawa-91_narrow-1,,Mastanawa,91_narrow,ʧuʧuʂta,ʧuʧuʂta,tʃ u tʃ u ʂ t a,,zariquiey2017,775,,,,0,tʃ u tʃ u ʂ t a,small _DIM,
Chaninawa-91_narrow-1,,Chaninawa,91_narrow,at͡suʂta,at͡suʂta,a ts u ʂ t a,,zariquiey2017,1570,,,,0,- a ts u ʂ t a,narrow/atsu _DIM,
Sharanawa-91_narrow-1,,Sharanawa,91_narrow,at͡suʂta,at͡suʂta,a ts u ʂ t a,,zariquiey2017,1570,,,,0,- a ts u ʂ t a,narrow/atsu _DIM,
Amawaka-91_narrow-1,,Amawaka,91_narrow,piʃta,piʃta,p i ʃ t a,,zariquiey2017,1567,,,,0,p i ʃ t a,small,
Nawa-91_narrow-1,,Nawa,91_narrow,aʦuʃta,aʦuʃta,a ts u ʃ t a,,zariquiey2017,1570,,,,0,- a ts u ʃ t a,narrow/atsu _DIM,
Marinawa-91_narrow-1,,Marinawa,91_narrow,atsuʂta,atsuʂta,a ts u ʂ t a,,zariquiey2017,1570,,,,0,- a ts u ʂ t a,narrow/atsu _DIM,
Yaminawa-91_narrow-1,,Yaminawa,91_narrow,kɨtsu,kɨtsu,k ɨ ts u,,zariquiey2017,1572,,,,0,k ɨ - ts u,?,
Kashinawa_P-91_narrow-1,,Kashinawa_P,91_narrow,haʂu,haʂu,h a ʂ u,,zariquiey2017,776,,,,0,h a ʂ u,?,
Kashinawa_B-91_narrow-1,,Kashinawa_B,91_narrow,mɨsi,mɨsi,m ɨ s i,,camargo1995,1575,,,,0,m ɨ s i,?,
Matses-82_long-1,,Matses,82_long,ɨnapen,ɨnapen,ɨ n a p e n,,fleck2005,720,,,,0,ɨ n a p e n,?,
Matis-82_long-1,,Matis,82_long,ʂunu,ʂunu,ʂ u n u,,fleck2005,719,,,,0,ʂ u n u,?,
Marubo-82_long-1,,Marubo,82_long,kɨja,kɨja,k ɨ j a,,fleck2005,718,,,,0,k ɨ j a,?,
Shipibo_Konibo-82_long-1,,Shipibo_Konibo,82_long,nɨnkɨ,nɨnkɨ,n ɨ n k ɨ,,fleck2005,713,,,,0,n ɨ n k ɨ,long/nɨnkɨ,
Kapanawa-82_long-1,,Kapanawa,82_long,nɨnkɨ,nɨnkɨ,n ɨ n k ɨ,,loos1998,713,,,,0,n ɨ n k ɨ,long/nɨnkɨ,
Kapanawa-82_long-2,,Kapanawa,82_long,tʃai,tʃai,tʃ a j,,loos1998,681,,,,0,tʃ a j - - - - -,long,
Arara-82_long-1,,Arara,82_long,tʃajnipa,tʃajnipa,tʃ a j n i p a,,cunha1993,681,,,,0,tʃ a j n i p a -,?,
Yawanawa-82_long-1,,Yawanawa,82_long,ɨwapa,ɨwapa,ɨ w a p a,,paula1992,711,,,,0,ɨ w a p a,mother _pa,
Nukini-82_long-1,,Nukini,82_long,ʃai,ʃai,ʃ a j,,aguiar2004,681,,,,0,ʃ a j - - - - -,long,
Poyanawa-82_long-1,,Poyanawa,82_long,hukumba,hukumba,h u k u m b a,,paula1992,721,,,,0,h u k u m b a,small _NEG,
Iskonawa-82_long-1,,Iskonawa,82_long,ʧainɨwan,ʧainɨwan,tʃ a j n ɨ w a n,,zariquiey2017,681,,,,0,tʃ a j n ɨ w a n,long _GEN _mother,
Chakobo-82_long-1,,Chakobo,82_long,tɨtɨka,tɨtɨka,t ɨ t ɨ k a,,zingg1998,722,,,,0,t ɨ t ɨ k a,?,
Kakataibo-82_long-1,,Kakataibo,82_long,tʃaʂkɨ,tʃaʂkɨ,tʃ a ʂ k ɨ,,zariquiey2017,1540,,,,0,tʃ a ʂ k ɨ,long/tʃaʂkɨ,
Kaxarari-82_long-1,,Kaxarari,82_long,pala,pala,p a l a,,couto2005,717,,,,0,p a l a,?,
Mastanawa-82_long-1,,Mastanawa,82_long,ʧaj,ʧai,tʃ a j,,zariquiey2017,681,,,,0,tʃ a j - - - - -,long,
Chaninawa-82_long-1,,Chaninawa,82_long,t͡ʃaj,t͡ʃai,tʃ a j,,zariquiey2017,681,,,,0,tʃ a j - - - - -,long,
Sharanawa-82_long-1,,Sharanawa,82_long,t͡ʃai,t͡ʃai,tʃ a j,,zariquiey2017,681,,,,0,tʃ a j - - - - -,long,
Amawaka-82_long-1,,Amawaka,82_long,t͡ʃai,t͡ʃai,tʃ a j,,zariquiey2017,681,,,,0,tʃ a j - - - - -,long,
Nawa-82_long-1,,Nawa,82_long,ʧaj,ʧai,tʃ a j,,zariquiey2017,681,,,,0,tʃ a j - - - - -,long,
Marinawa-82_long-1,,Marinawa,82_long,ʧajdipa,ʧaidipa,tʃ a j d i p a,,zariquiey2017,681,,,,0,tʃ a j d i p a -,long _ni _pa,
Yaminawa-82_long-1,,Yaminawa,82_long,ʧajdipa,ʧajdipa,tʃ a j d i p a,,zariquiey2017,681,,,,0,tʃ a j d i p a -,long _ni _pa,
Kashinawa_P-82_long-1,,Kashinawa_P,82_long,ʧajpa,ʧaipa,tʃ a j p a,,zariquiey2017,681,,,,0,tʃ a j p a - - -,long _pa,
Kashinawa_B-82_long-1,,Kashinawa_B,82_long,iwapa,iwapa,i w a p a,,camargo1995,711,,,,0,i w a p a,mother _pa,
Matses-120_short-1,,Matses,120_short,βuʂku,βuʂku,β u ʂ k u,,fleck2005,1594,,,,0,β u ʂ k u,?,
Matis-120_short-1,,Matis,120_short,tuku,tuku,t u k u,,fleck2005,1593,,,,0,t u k u -,?,
Marubo-120_short-1,,Marubo,120_short,tukuʂta,tukuʂta,t u k u + ʂ t a,,fleck2005,1542,,,,0,t u k u ʂ + t a,short _ʂta,
Shipibo_Konibo-120_short-1,,Shipibo_Konibo,120_short,maʂku,maʂku,m a ʂ k u,,fleck2005,1028,,,,0,m a ʂ k u,small,
Kapanawa-120_short-1,,Kapanawa,120_short,kɨyatama,kɨyatama,k ɨ j a t a + m a,,loos1998,1041,,,,0,k ɨ j a t a + m a,? _ma,
Kapanawa-120_short-2,,Kapanawa,120_short,maʂku,maʂku,m a ʂ k u,,loos1998,1028,,,,0,m a ʂ k u,small,
Arara-120_short-1,,Arara,120_short,hutu,hutu,h u t u,,cunha1993,1591,,,,0,h u - t u,?,
Shanenawa-120_short-1,,Shanenawa,120_short,ɸuti,ɸuti,ɸ u t i,,lanes2005,1023,,,,0,ɸ u - t i,?,
Yawanawa-120_short-1,,Yawanawa,120_short,hutu,hutu,h u t u,,paula1992,1023,,,,0,h u - t u,?,
Nukini-120_short-1,,Nukini,120_short,βũtu,βũtu,β ũ t u,,aguiar2004,1023,,,,0,β ũ - t u,?,
Poyanawa-120_short-1,,Poyanawa,120_short,naman,naman,n a m a n,,paula1992,1026,,,,0,n a m a n -,?,
Iskonawa-120_short-1,,Iskonawa,120_short,βustu,βustu,β u s t u,,zariquiey2017,1023,,,,0,β u s t u,?,
Chakobo-120_short-1,,Chakobo,120_short,namanu,namanu,n a m a n u,,zingg1998,1026,,,,0,n a m a n u,?,
Kakataibo-120_short-1,,Kakataibo,120_short,mɨtu,mɨtu,m ɨ t u,,zariquiey2017,1040,,,,0,m ɨ - t u,small,
Kaxarari-120_short-1,,Kaxarari,120_short,tɨtɨkama,tɨtɨkama,t ɨ t ɨ k a m a,,couto2005,1029,,,,0,t ɨ t ɨ k a m a,small _NEG,
Mastanawa-120_short-1,,Mastanawa,120_short,ɨʂtɨiʃta,ɨʂtɨiʃta,ɨ ʂ t ɨ i ʃ t a,,zariquiey2017,1024,,,,0,ɨ ʂ t ɨ i ʃ t a,?,
Chaninawa-120_short-1,,Chaninawa,120_short,ʂatɨ,ʂatɨ,ʂ a t ɨ,,zariquiey2017,1027,,,,0,ʂ a t ɨ,cut,
Sharanawa-120_short-1,,Sharanawa,120_short,ʂatɨ,ʂatɨ,ʂ a t ɨ,,zariquiey2017,1027,,,,0,ʂ a t ɨ,cut,
Amawaka-120_short-1,,Amawaka,120_short,tuɾu,tuɾu,t u ɾ u,,zariquiey2017,1541,,,,0,t u ɾ u,round,
Nawa-120_short-1,,Nawa,120_short,kɨjabaʃta,kɨjabaʃta,k ɨ j a b a ʃ t a,,zariquiey2017,1031,,,,0,k ɨ j a b a ʃ t a,?,
Marinawa-120_short-1,,Marinawa,120_short,ɨʂtɨiʃta,ɨʂtɨiʃta,ɨ ʂ t ɨ i ʃ t a,,zariquiey2017,1024,,,,0,ɨ ʂ t ɨ i ʃ t a,?,
Yaminawa-120_short-1,,Yaminawa,120_short,tiʂu piʃta,tiʂu piʃta,t i ʂ u p i ʃ t a,,zariquiey2017,1033,,,,0,t i ʂ u p i ʃ t a,? _DIM,
Yaminawa-120_short-2,,Yaminawa,120_short,ʧajbaʃta,ʧajbaʃta,tʃ a j b a ʃ t a,,zariquiey2017,1036,,,,0,tʃ a j b a ʃ t a,long _NEG _DIM,
Kashinawa_P-120_short-1,,Kashinawa_P,120_short,ʧɨsti,ʧɨsti,tʃ ɨ s t i,,zariquiey2017,1592,,,,0,tʃ ɨ s t - - i,?,
Kashinawa_B-120_short-1,,Kashinawa_B,120_short,tʃistɨpi,tʃistɨpi,tʃ i s t ɨ p i,,camargo1995,1592,,,,0,tʃ i s t ɨ p i,?,
Matses-98_one-1,,Matses,98_one,aβentsɨk,aβentsɨk,a + β e n + ts ɨ k,,fleck2005,846,,,,0,a + β e n + ts ɨ k,that_close _ben _tsɨk,
Matis-98_one-1,,Matis,98_one,epapa,epapa,e p a p a,,fleck2005,847,,,,0,e p a p a,?,
Marubo-98_one-1,,Marubo,98_one,wɨstiʃta,wɨstiʃta,w ɨ s t i ʃ t a,,fleck2005,850,,,,0,w ɨ s t i ʃ t - a,one/wɨsti _DIM,
Katukina-98_one-1,,Katukina,98_one,westi,westi,w e s t i,,aguiar1994,850,,,,0,w e s t i - - - -,one/wɨsti,
Katukina-98_one-2,,Katukina,98_one,wistxi,wistxi,w i s ʈʂ i,,aguiar1994,850,,,,0,w i s ʈʂ i - - - -,one/wɨsti,
Kanamari-98_one-1,,Kanamari,98_one,wɨste,wɨste,w ɨ s t e,,aguiar1994,850,,,,0,w ɨ s t e - - - -,one/wɨsti,
Shipibo_Konibo-98_one-1,,Shipibo_Konibo,98_one,wɨstiura,wɨstiura,w ɨ s t i + u r a,,fleck2005,850,,,,0,w ɨ s t i + u r a,one/wɨsti far,
Kapanawa-98_one-1,,Kapanawa,98_one,wɨsti,wɨsti,w ɨ s t i,,loos1998,850,,,,0,w ɨ s t i - - - -,one,
Arara-98_one-1,,Arara,98_one,βiʃti,βiʃti,β i ʃ t i,,cunha1993,850,,,,0,β i ʃ t i - - - -,?,
Shanenawa-98_one-1,,Shanenawa,98_one,wistisi,wistisi,w i s t i s i,,lanes2005,850,,,,0,w i s t i s i - -,one/wɨsti,
Yawanawa-98_one-1,,Yawanawa,98_one,wɨsti,wɨsti,w ɨ s t i,,paula1992,850,,,,0,w ɨ s t i - - - -,one/wɨsti,
Poyanawa-98_one-1,,Poyanawa,98_one,raβukamba,raβukamba,r a β u k a m b a,,paula1992,845,,,,0,r a β u k a m b a,two _NEG,
Iskonawa-98_one-1,,Iskonawa,98_one,wistɨwan,wistɨwan,w i s t ɨ w a n,,zariquiey2017,850,,,,0,w i s t ɨ w a n -,one/wɨsti mother,
Chakobo-98_one-1,,Chakobo,98_one,wɨsti-ta,wɨstita,w ɨ s t i t a,,zingg1998,850,,,,0,w ɨ s t i t a - -,one/wɨsti,
Pakawara-98_one-1,,Pakawara,98_one,wistiʃna,wistiʃna,w i s t i ʃ n a,,key2000,850,,,,0,w i s t i ʃ n - a,one/wɨsti _DIM,
Kakataibo-98_one-1,,Kakataibo,98_one,atʃuʃi,atʃuʃi,a tʃ u ʃ i,,zariquiey2017,848,,,,0,a tʃ u ʃ i,?,
Kaxarari-98_one-1,,Kaxarari,98_one,wɨspi,wɨspi,w ɨ s p i,,couto2005,850,,,,0,w ɨ s p i - - - -,one/wɨsti,
Mastanawa-98_one-1,,Mastanawa,98_one,ɸɨsti,ɸɨsti,ɸ ɨ s t i,,zariquiey2017,850,,,,0,ɸ ɨ s t i - - - -,one/wɨsti,
Chaninawa-98_one-1,,Chaninawa,98_one,ɸɨsti,ɸɨsti,ɸ ɨ s t i,,zariquiey2017,850,,,,0,ɸ ɨ s t i - - - -,one/wɨsti,
Sharanawa-98_one-1,,Sharanawa,98_one,ɸɨsti,ɸɨsti,ɸ ɨ s t i,,zariquiey2017,850,,,,0,ɸ ɨ s t i - - - -,one/wɨsti,
Amawaka-98_one-1,,Amawaka,98_one,ti,ti,t i,,zariquiey2017,850,,,,0,- - - t i - - - -,one/wɨsti,
Nawa-98_one-1,,Nawa,98_one,ɸɨsti,ɸɨsti,ɸ ɨ s t i,,zariquiey2017,850,,,,0,ɸ ɨ s t i - - - -,one/wɨsti,
Marinawa-98_one-1,,Marinawa,98_one,ɸɨsti,ɸɨsti,ɸ ɨ s t i,,zariquiey2017,850,,,,0,ɸ ɨ s t i - - - -,one/wɨsti,
Yaminawa-98_one-1,,Yaminawa,98_one,ɸisti,ɸisti,ɸ i s t i,,zariquiey2017,850,,,,0,ɸ i s t i - - - -,one/wɨsti,
Kashinawa_P-98_one-1,,Kashinawa_P,98_one,βɨstiʧa,βɨstiʧa,β ɨ s t i tʃ a,,zariquiey2017,850,,,,0,β ɨ s t i tʃ a - -,one/wɨsti _tʃa,
Kashinawa_B-98_one-1,,Kashinawa_B,98_one,βɨʂtitʃa,βɨʂtitʃa,β ɨ ʂ t i tʃ a,,camargo1995,850,,,,0,β ɨ ʂ t i tʃ a - -,one/wɨsti _tʃa,
Matses-158_two-1,,Matses,158_two,daɨd,daɨd,d a ɨ d,,fleck2005,1358,,,,0,- - d a - ɨ d -,?,
Matis-158_two-1,,Matis,158_two,daβɨdpa,daβɨdpa,d a β ɨ d + p a,,fleck2005,1358,,,,0,- - d a β ɨ d - + p a,two _pa,
Marubo-158_two-1,,Marubo,158_two,raβɨβakin,raβɨβakin,r a β ɨ + β a k i n,,fleck2005,1358,,,,0,- - r a β ɨ - - + β a k i n,two bakin,
Katukina-158_two-1,,Katukina,158_two,niska-βuis-kuin,niskaβuiskuin,n i s k a β u i s k u i n,,aguiar1994,1360,,,,0,n i s k a β u i s k u i n,?,
Kanamari-158_two-1,,Kanamari,158_two,raβɨ,raβɨ,r a β ɨ,,aguiar1994,1358,,,,0,- - r a β ɨ - -,two,
Shipibo_Konibo-158_two-1,,Shipibo_Konibo,158_two,raβɨ,raβɨ,r a β ɨ,,fleck2005,1358,,,,0,- - r a β ɨ - -,two,
Kapanawa-158_two-1,,Kapanawa,158_two,raβɨ,raβɨ,r a β ɨ,,loos1998,1358,,,,0,- - r a β ɨ - -,two,
Arara-158_two-1,,Arara,158_two,ravɨnɨ,ravɨnɨ,r a v ɨ n ɨ,,cunha1993,1358,,,,0,- - r a v - - - - ɨ n - ɨ,?,
Shanenawa-158_two-1,,Shanenawa,158_two,raɸu,raɸu,r a ɸ u,,lanes2005,1358,,,,0,- - r a ɸ u - -,two,
Yawanawa-158_two-1,,Yawanawa,158_two,raβɨ,raβɨ,r a β ɨ,,paula1992,1358,,,,0,- - r a β ɨ - -,two,
Poyanawa-158_two-1,,Poyanawa,158_two,raβɨ,raβɨ,r a β ɨ,,paula1992,1358,,,,0,- - r a β ɨ - -,two,
Iskonawa-158_two-1,,Iskonawa,158_two,naɾaβɨ,naɾaβɨ,n a ɾ a β ɨ,,zariquiey2017,1358,,,,0,n a ɾ a β ɨ - -,_na two,
Chakobo-158_two-1,,Chakobo,158_two,rabɨta,rabɨta,r a b ɨ t a,,zingg1998,1358,,,,0,r a b ɨ t a,two,
Pakawara-158_two-1,,Pakawara,158_two,rawɨ,rawɨ,r a w ɨ,,key2000,1358,,,,0,- - r a w ɨ - -,two,
Kakataibo-158_two-1,,Kakataibo,158_two,raβɨ,raβɨ,r a β ɨ,,zariquiey2017,1358,,,,0,- - r a β ɨ - -,two,
Kaxarari-158_two-1,,Kaxarari,158_two,tʃawɨta,tʃawɨta,tʃ a w ɨ t a,,couto2005,1358,,,,0,- - tʃ a w ɨ t a,two,
Mastanawa-158_two-1,,Mastanawa,158_two,ɾahɨ,ɾahɨ,ɾ a h ɨ,,zariquiey2017,1358,,,,0,- - ɾ a h ɨ - -,two,
Chaninawa-158_two-1,,Chaninawa,158_two,ɾaɸɨ,ɾaɸɨ,ɾ a ɸ ɨ,,zariquiey2017,1358,,,,0,- - ɾ a ɸ ɨ - -,two,
Sharanawa-158_two-1,,Sharanawa,158_two,ɾaɸɨ,ɾaɸɨ,ɾ a ɸ ɨ,,zariquiey2017,1358,,,,0,- - ɾ a ɸ ɨ - -,two,
Amawaka-158_two-1,,Amawaka,158_two,ɾawɨ,ɾawɨ,ɾ a w ɨ,,zariquiey2017,1358,,,,0,- - ɾ a w ɨ - -,two,
Nawa-158_two-1,,Nawa,158_two,ɾaɸɨ,ɾaɸɨ,ɾ a ɸ ɨ,,zariquiey2017,1358,,,,0,- - ɾ a ɸ ɨ - -,two,
Marinawa-158_two-1,,Marinawa,158_two,ɾaɸɨ,ɾaɸɨ,ɾ a ɸ ɨ,,zariquiey2017,1358,,,,0,- - ɾ a ɸ ɨ - -,two,
Yaminawa-158_two-1,,Yaminawa,158_two,ɾawɨ,ɾawɨ,ɾ a w ɨ,,zariquiey2017,1358,,,,0,- - ɾ a w ɨ - -,two,
Yaminawa-158_two-2,,Yaminawa,158_two,lawɨ,lawɨ,l a w ɨ,,zariquiey2017,1358,,,,0,- - l a w ɨ - -,two,
Kashinawa_P-158_two-1,,Kashinawa_P,158_two,dawɨ,dawɨ,d a w ɨ,,zariquiey2017,1358,,,,0,- - d a w ɨ - -,two,
Kashinawa_B-158_two-1,,Kashinawa_B,158_two,daβɨ,daβɨ,d a β ɨ,,camargo1995,1358,,,,0,- - d a β ɨ - -,two,
Matses-85_many-1,,Matses,85_many,dadpen,dadpen,d a d p e n,,fleck2005,729,,,,0,d a d p e n,?,
Matis-85_many-1,,Matis,85_many,dadempa,dadempa,d a d e m p a,,fleck2005,729,,,,0,d a d e m p a,?,
Marubo-85_many-1,,Marubo,85_many,antsa,antsa,a n ts a,,fleck2005,715,,,,0,a n ts a,many,
Katukina-85_many-1,,Katukina,85_many,uti,uti,u t i,,aguiar1994,725,,,,0,- u t i,?,
Shipibo_Konibo-85_many-1,,Shipibo_Konibo,85_many,itʃa,itʃa,i tʃ a,,fleck2005,735,,,,0,i tʃ a - -,many,
Kapanawa-85_many-1,,Kapanawa,85_many,aʃua,aʃua,a ʃ w a,,loos1998,738,,,,0,a ʃ u a,?,
Kapanawa-85_many-2,,Kapanawa,85_many,itʃa,itʃa,i tʃ a,,loos1998,735,,,,0,i tʃ a - -,many,
Arara-85_many-1,,Arara,85_many,itʃapa,itʃapa,i tʃ a p a,,cunha1993,735,,,,0,i tʃ a p a,?,
Shanenawa-85_many-1,,Shanenawa,85_many,itʃa,itʃa,i tʃ a,,lanes2005,735,,,,0,i tʃ a - -,many,
Yawanawa-85_many-1,,Yawanawa,85_many,itʃa,itʃa,i tʃ a,,paula1992,735,,,,0,i tʃ a - -,many,
Poyanawa-85_many-1,,Poyanawa,85_many,rumba,rumba,r u m b a,,paula1992,742,,,,0,r u m b a,?,
Iskonawa-85_many-1,,Iskonawa,85_many,hɨtʃuma,hɨtʃuma,h ɨ tʃ u m a,,zariquiey2017,710,,,,0,h ɨ tʃ u m a,few _NEG,
Chakobo-85_many-1,,Chakobo,85_many,wɨstima,wɨstima,w ɨ s t i m a,,zingg1998,693,,,,0,w ɨ s t i m a,few _NEG,
Pakawara-85_many-1,,Pakawara,85_many,kütʃa,kütʃa,k y tʃ a,,key2000,723,,,,0,k y tʃ a,?,
Kakataibo-85_many-1,,Kakataibo,85_many,itsa,itsa,i ts a,,zariquiey2017,735,,,,0,i ts a - -,many,
Kaxarari-85_many-1,,Kaxarari,85_many,naki,naki,n a k i,,couto2005,739,,,,0,n a k i,?,
Mastanawa-85_many-1,,Mastanawa,85_many,iʧapa,iʧapa,i tʃ a p a,,zariquiey2017,735,,,,0,i tʃ a p a,many _pa,
Chaninawa-85_many-1,,Chaninawa,85_many,it͡ʃapa,it͡ʃapa,i tʃ a p a,,zariquiey2017,735,,,,0,i tʃ a p a,many _pa,
Sharanawa-85_many-1,,Sharanawa,85_many,it͡ʃapa,it͡ʃapa,i tʃ a p a,,zariquiey2017,735,,,,0,i tʃ a p a,many _pa,
Amawaka-85_many-1,,Amawaka,85_many,it͡ʃa,it͡ʃa,i tʃ a,,zariquiey2017,735,,,,0,i tʃ a - -,many,
Nawa-85_many-1,,Nawa,85_many,iʧapa,iʧapa,i tʃ a p a,,zariquiey2017,735,,,,0,i tʃ a p a,many _pa,
Marinawa-85_many-1,,Marinawa,85_many,iʧapa,iʧapa,i tʃ a p a,,zariquiey2017,735,,,,0,i tʃ a p a,many _pa,
Yaminawa-85_many-1,,Yaminawa,85_many,iʧapa,iʧapa,i tʃ a p a,,zariquiey2017,735,,,,0,i tʃ a p a,many _pa,
Kashinawa_P-85_many-1,,Kashinawa_P,85_many,iʧapa,iʧapa,i tʃ a p a,,zariquiey2017,735,,,,0,i tʃ a p a,many _pa,
Matses-44_few-1,,Matses,44_few,daɨdpaktsɨk,daɨdpaktsɨk,d a ɨ d + p a k + ts ɨ k,,fleck2005,388,,,,0,d a - ɨ d + p a k + ts ɨ k,two _pak _tsɨk,
Matses-44_few-2,,Matses,44_few,tɨma,tɨma,t ɨ m a,,fleck2005,384,,,,0,- - t ɨ m a - - - - - - -,? _ma,
Matis-44_few-1,,Matis,44_few,daβɨdtsɨk,daβɨdtsɨk,d a β ɨ d + ts ɨ k,,fleck2005,388,,,,0,d a β ɨ d + ts ɨ k,two _tsik,
Marubo-44_few-1,,Marubo,44_few,antsa miʃta,antsa miʃta,a n ts a m i ʃ t a,,fleck2005,1559,,,,0,- a n ts - a - m i - ʃ t a,?,
Katukina-44_few-1,,Katukina,44_few,uti-ma,utima,u t i m a,,aguiar1994,1552,,,,0,- u t i m a - - - - - - -,?,
Shipibo_Konibo-44_few-1,,Shipibo_Konibo,44_few,itʃayama,itʃayama,i tʃ a j a m a,,fleck2005,384,,,,0,- i tʃ a j a - m a - - - -,many _NEG,
Shipibo_Konibo-44_few-2,,Shipibo_Konibo,44_few,wɨsti,wɨsti,w ɨ s t i,,fleck2005,385,,,,0,w ɨ s t i,few,
Kapanawa-44_few-1,,Kapanawa,44_few,itʃayama,itʃayama,i tʃ a + j a + m a,,loos1998,384,,,,0,- i tʃ a + j - - a + m - a,many _ja _ma,
Kapanawa-44_few-2,,Kapanawa,44_few,wɨsti,wɨsti,w ɨ s t i,,loos1998,385,,,,0,w ɨ s t i,one,
Arara-44_few-1,,Arara,44_few,itʃapama,itʃapama,i tʃ a p a m a,,cunha1993,384,,,,0,- i tʃ a p a - m a - - - -,?,
Shanenawa-44_few-1,,Shanenawa,44_few,itʃa,itʃa,i tʃ a,,lanes2005,384,,,,0,- i tʃ a - - - - - - - - -,many,
Yawanawa-44_few-1,,Yawanawa,44_few,itʃapama,itʃapama,i tʃ a p a m a,,paula1992,384,,,,0,- i tʃ a p a - m a - - - -,many _pa _NEG,
Nukini-44_few-1,,Nukini,44_few,piʃta,piʃta,p i ʃ t a,,aguiar2004,384,,,,0,- - - - p i - - - - ʃ t a,small,
Poyanawa-44_few-1,,Poyanawa,44_few,βakiru,βakiru,β a k i r u,,paula1992,390,,,,0,β a k i r u,?,
Iskonawa-44_few-1,,Iskonawa,44_few,haranahaku,haranahaku,h a r a n a h a k u,,zariquiey2017,386,,,,0,h a r a n a h a k u,?,
Chakobo-44_few-1,,Chakobo,44_few,itʃara-ma,itʃarama,i tʃ a r a m a,,zingg1998,384,,,,0,- i tʃ a r a - m a - - - -,a lot _DIM _NEG,
Kakataibo-44_few-1,,Kakataibo,44_few,tɨʂɨ,tɨʂɨ,t ɨ ʂ ɨ,,zariquiey2017,387,,,,0,t ɨ ʂ ɨ,?,
Kaxarari-44_few-1,,Kaxarari,44_few,lakima,lakima,l a k i m a,,couto2005,1548,,,,0,- l - a k i - m a - - - -,?,
Mastanawa-44_few-1,,Mastanawa,44_few,iʧapaʂta,iʧapaʂta,i tʃ a p a ʂ t a,,zariquiey2017,384,,,,0,- i tʃ a p a - - - - ʂ t a,many _pa _DIM,
Chaninawa-44_few-1,,Chaninawa,44_few,it͡ʃapaba,it͡ʃapaba,i tʃ a p a b a,,zariquiey2017,384,,,,0,- i tʃ a p a - b a - - - -,many _pa _NEG,
Sharanawa-44_few-1,,Sharanawa,44_few,it͡ʃapaʃta,it͡ʃapaʃta,i tʃ a p a ʃ t a,,zariquiey2017,384,,,,0,- i tʃ a p a - - - - ʃ t a,many _pa _DIM,
Amawaka-44_few-1,,Amawaka,44_few,ɾawɨ piʃta,ɾawɨ piʃta,ɾ a w ɨ + p i ʃ t a,,zariquiey2017,1543,,,,0,- ɾ - a w ɨ + p i - ʃ t a,two _DIM,
Nawa-44_few-1,,Nawa,44_few,iʧapabaʃta,iʧapabaʃta,i tʃ a p a b a ʃ t a,,zariquiey2017,384,,,,0,- i tʃ a p a - b a - ʃ t a,many _pa _NEG _DIM,
Marinawa-44_few-1,,Marinawa,44_few,iʧapa baʂta,iʧapabaʂta,i tʃ a p a b a ʂ t a,,zariquiey2017,384,,,,0,- i tʃ a p a - b a - ʂ t a,many _pa _DIM,
Marinawa-44_few-2,,Marinawa,44_few,iʧapa baiʃta,iʧapabaiʃta,i tʃ a p a b a i ʃ t a,,zariquiey2017,384,,,,0,- i tʃ a p a - b a i ʃ t a,many _pa _DIM,
Yaminawa-44_few-1,,Yaminawa,44_few,iʧapaba,iʧapaba,i tʃ a p a b a,,zariquiey2017,384,,,,0,- i tʃ a p a - b a - - - -,many _pa _NEG,
Kashinawa_P-44_few-1,,Kashinawa_P,44_few,iʧapama,iʧapama,i tʃ a p a m a,,zariquiey2017,384,,,,0,- i tʃ a p a - m a - - - -,many _pa _NEG,
Kashinawa_B-44_few-1,,Kashinawa_B,44_few,mawɨdama,mawɨdama,m a w ɨ d a m a,,camargo1995,1545,,,,0,- m - a w ɨ - d a m - - a,?,
Matses-2_all-1,,Matses,2_all,aβitedi,aβitedi,a + β i + t e + d i,,fleck2005,11,,,,0,a + β i + t e + d i,that _bi _te _di,
Matis-2_all-1,,Matis,2_all,atʂɨwɨʂ,atʂɨwɨʂ,a ʈʂ ɨ w ɨ ʂ,,fleck2005,12,,,,0,a ʈʂ ɨ w ɨ ʂ,?,
Marubo-2_all-1,,Marubo,2_all,aʂkansɨ,aʂkansɨ,a ʂ k a n s ɨ,,fleck2005,3,,,,0,- a ʂ k a - n s ɨ,?,
Shipibo_Konibo-2_all-1,,Shipibo_Konibo,2_all,hatiβi,hatiβi,h a t i + β i,,fleck2005,6,,,,0,h a t i + β i -,that _EMP,
Kapanawa-2_all-1,,Kapanawa,2_all,hatiβi,hatiβi,h a t i + β i,,loos1998,6,,,,0,h a t i + β i -,that _EMP,
Arara-2_all-1,,Arara,2_all,βiʃtimba,βiʃtimba,β i ʃ t i + m b a,,cunha1993,14,,,,0,β i ʃ t i m b a,few _NEG,
Shanenawa-2_all-1,,Shanenawa,2_all,narama,narama,n a r a + m a,,lanes2005,1576,,,,0,n a r a m a,this _NEG?,
Iskonawa-2_all-1,,Iskonawa,2_all,hɨtʃuma,hɨtʃuma,h ɨ tʃ u + m a,,zariquiey2017,13,,,,0,h ɨ tʃ u + m a,few _NEG,
Chakobo-2_all-1,,Chakobo,2_all,hatita,hatita,h a t i t a,,zingg1998,6,,,,0,h a t i - t - a,that,
Chakobo-2_all-2,,Chakobo,2_all,tɨkɨta,tɨkɨta,t ɨ k ɨ t a,,zingg1998,10,,,,0,t ɨ k ɨ t a,tɨkɨ,
Kakataibo-2_all-1,,Kakataibo,2_all,kamaβi,kamaβi,k a m a + β i,,zariquiey2017,4,,,,0,k a m a β i,PLU _EMP,
Kaxarari-2_all-1,,Kaxarari,2_all,haʂkana,haʂkana,h a ʂ k a + n a,,couto2005,3,,,,0,h a ʂ k a + n - a,like.this _na,
Mastanawa-2_all-1,,Mastanawa,2_all,iʧapaw,iʧapaw,i tʃ a p a w,,zariquiey2017,2,,,,0,i tʃ a p a w,many _paw,
Chaninawa-2_all-1,,Chaninawa,2_all,natiβi,natiβi,n a t i + β i,,zariquiey2017,1,,,,0,n a t i ( + ) β i,this _EMP,
Sharanawa-2_all-1,,Sharanawa,2_all,natiɸi,natiɸi,n a t i + ɸ i,,zariquiey2017,1,,,,0,n a t i ( + ) ɸ i,this _EMP,
Amawaka-2_all-1,,Amawaka,2_all,it͡ʃa,it͡ʃa,i tʃ a,,zariquiey2017,2,,,,0,i tʃ a,a_lot,
Nawa-2_all-1,,Nawa,2_all,natiɸi,natiɸi,n a t i + ɸ i,,zariquiey2017,1,,,,0,n a t i ( + ) ɸ i,this _EMP,
Marinawa-2_all-1,,Marinawa,2_all,natiɸi,natiɸi,n a t i + ɸ i,,zariquiey2017,1,,,,0,n a t i ( + ) ɸ i,all/na _EMP,
Yaminawa-2_all-1,,Yaminawa,2_all,kɨju,kɨju,k ɨ j u,,zariquiey2017,9,,,,0,k ɨ j u,?,
Kashinawa_P-2_all-1,,Kashinawa_P,2_all,dasiβi,dasiβi,d a s i + β i,,zariquiey2017,1,,,,0,d a s i ( + ) β i,this _EMP,
Kashinawa_B-2_all-1,,Kashinawa_B,2_all,daʂiβi,daʂiβi,d a ʃ i + β i,,camargo1995,1,,,,0,d a ʃ i ( + ) β i,this _EMP,
Marubo-131_some-1,,Marubo,131_some,unshi,unshi,u n ʃ i,,fleck2005,1126,,,,0,u n ʃ i,?,
Kapanawa-131_some-1,,Kapanawa,131_some,tɨʂɨ,tɨʂɨ,t ɨ ʂ ɨ,,loos1998,1127,,,,0,t ɨ ʂ ɨ,?,
Chakobo-131_some-1,,Chakobo,131_some,wɨsti wɨsti,wɨsti wɨsti,w ɨ s t i + w ɨ s t i,,zingg1998,1118,,,,0,w ɨ s t i + w ɨ s t i,one one,
Kakataibo-131_some-1,,Kakataibo,131_some,rairi,rairi,r a i r i,,zariquiey2017,1120,,,,0,r a i r i,other,
Chaninawa-131_some-1,,Chaninawa,131_some,ɸɨt͡sa,ɸɨt͡sa,ɸ ɨ ts a,,zariquiey2017,1598,,,,0,ɸ ɨ ts - a - - - - - -,?,
Sharanawa-131_some-1,,Sharanawa,131_some,ɸɨt͡sa,ɸɨt͡sa,ɸ ɨ ts a,,zariquiey2017,1598,,,,0,ɸ ɨ ts - a - - - - - -,?,
Amawaka-131_some-1,,Amawaka,131_some,haɨwu,haɨwu,h a ɨ w u,,zariquiey2017,1123,,,,0,h a ɨ w u,?,
Nawa-131_some-1,,Nawa,131_some,ɸɨstiʃta,ɸɨstiʃta,ɸ ɨ s t i ʃ t a,,zariquiey2017,1118,,,,0,ɸ ɨ s t i - - - ʃ t a,one_DIM,
Marinawa-131_some-1,,Marinawa,131_some,ɾatuɾa,ɾatuɾa,ɾ a t u ɾ a,,zariquiey2017,1119,,,,0,ɾ a t u ɾ a,?,
Yaminawa-131_some-1,,Yaminawa,131_some,ɸɨstiɾasi,ɸɨstiɾasi,ɸ ɨ s t i ɾ a s i,,zariquiey2017,1118,,,,0,ɸ ɨ s t i ɾ - a s - i,one _rasi,
Kashinawa_P-131_some-1,,Kashinawa_P,131_some,βɨstiβu,βɨstiβu,β ɨ s t i β u,,zariquiey2017,1118,,,,0,β ɨ s t i β - u - - -,one_PLU,
Matses-99_other-1,,Matses,99_other,utsi,utsi,u ts i,,fleck2005,852,,,,0,u ts i,other,
Matis-99_other-1,,Matis,99_other,wɨtsi,wɨtsi,w ɨ + ts i,,fleck2005,852,,,,0,w ɨ + - ts i,other/i,
Marubo-99_other-1,,Marubo,99_other,wɨtsa,wɨtsa,w ɨ ts a,,fleck2005,852,,,,0,w ɨ ts a,other,
Katukina-99_other-1,,Katukina,99_other,witsan,witsan,w i ts a n,,aguiar1994,852,,,,0,w i ts a n,other,
Shipibo_Konibo-99_other-1,,Shipibo_Konibo,99_other,wɨtsa,wɨtsa,w ɨ ts a,,fleck2005,852,,,,0,w ɨ ts a,other,
Kapanawa-99_other-1,,Kapanawa,99_other,wɨtsa,wɨtsa,w ɨ ts a,,loos1998,852,,,,0,w ɨ ts a,other,
Arara-99_other-1,,Arara,99_other,βɨtsa,βɨtsa,β ɨ ts a,,cunha1993,852,,,,0,β ɨ - ts a,?,
Iskonawa-99_other-1,,Iskonawa,99_other,witsa,witsa,w i ts a,,zariquiey2017,852,,,,0,w i ts a,other,
Chakobo-99_other-1,,Chakobo,99_other,wɨsta,wɨsta,w ɨ s t a,,zingg1998,852,,,,0,w ɨ s t a,other,
Kakataibo-99_other-1,,Kakataibo,99_other,βɨtsi,βɨtsi,β ɨ ts i,,zariquiey2017,852,,,,0,β ɨ ts i,other/i,
Mastanawa-99_other-1,,Mastanawa,99_other,ɸɨtsa,ɸɨtsa,ɸ ɨ ts a,,zariquiey2017,852,,,,0,ɸ ɨ ts a,other,
Chaninawa-99_other-1,,Chaninawa,99_other,ɸɨt͡sa,ɸɨt͡sa,ɸ ɨ ts a,,zariquiey2017,852,,,,0,ɸ ɨ ts a,other,
Sharanawa-99_other-1,,Sharanawa,99_other,ɸɨt͡sa,ɸɨt͡sa,ɸ ɨ ts a,,zariquiey2017,852,,,,0,ɸ ɨ ts a,other,
Amawaka-99_other-1,,Amawaka,99_other,wɨt͡sa,wɨt͡sa,w ɨ ts a,,zariquiey2017,852,,,,0,w ɨ ts a,other,
Nawa-99_other-1,,Nawa,99_other,wɨtsa,wɨtsa,w ɨ ts a,,zariquiey2017,852,,,,0,w ɨ ts a,other,
Marinawa-99_other-1,,Marinawa,99_other,ɸɨtsa,ɸɨtsa,ɸ ɨ ts a,,zariquiey2017,852,,,,0,ɸ ɨ ts a,other,
Yaminawa-99_other-1,,Yaminawa,99_other,wɨtsa,wɨtsa,w ɨ ts a,,zariquiey2017,852,,,,0,w ɨ ts a,other,
Kashinawa_P-99_other-1,,Kashinawa_P,99_other,βɨtsa,βɨtsa,β ɨ ts a,,zariquiey2017,852,,,,0,β ɨ ts a,other,
Matses-168_whereinterr-1,,Matses,168_whereinterr,mida,mida,m i d a,,fleck2005,1433,,,,0,m i d a,?,
Matis-168_whereinterr-1,,Matis,168_whereinterr,mida,mida,m i d a,,fleck2005,1433,,,,0,m i d a,?,
Marubo-168_whereinterr-1,,Marubo,168_whereinterr,atu,atu,a t u,,fleck2005,1436,,,,0,a t u,?,
Katukina-168_whereinterr-1,,Katukina,168_whereinterr,handu-ra,handura,h a n d u r a,,aguiar1994,1434,,,,0,h a n d u r a,that _LOC/nu _ra,
Shipibo_Konibo-168_whereinterr-1,,Shipibo_Konibo,168_whereinterr,hawɨranu,hawɨranu,h a w ɨ + r a n u,,fleck2005,1431,,,,0,h a w ɨ + r a n u,what ranu,
Kapanawa-168_whereinterr-1,,Kapanawa,168_whereinterr,hawɨranu,hawɨranu,h a w ɨ + r a n u,,loos1998,1431,,,,0,h a w ɨ + r a n u,what ra _LOC/nu,
Arara-168_whereinterr-1,,Arara,168_whereinterr,aunĩ,aunĩ,a u n ĩ,,cunha1993,1633,,,,0,- a u n ĩ,?,
Shanenawa-168_whereinterr-1,,Shanenawa,168_whereinterr,haki,haki,h a k i,,lanes2005,1635,,,,0,h a k - - i -,that _LOC/ki,
Yawanawa-168_whereinterr-1,,Yawanawa,168_whereinterr,anu,anu,a n u,,paula1992,1429,,,,0,- a - n u,there,
Iskonawa-168_whereinterr-1,,Iskonawa,168_whereinterr,uani,uani,u a n i,,zariquiey2017,1614,,,,0,- u - a n i -,that _LOC/ni,
Chakobo-168_whereinterr-1,,Chakobo,168_whereinterr,hawɨnia,hawɨnia,h a w ɨ n i a,,zingg1998,1431,,,,0,h a w ɨ n - i - a,?,
Kakataibo-168_whereinterr-1,,Kakataibo,168_whereinterr,uinu,uinu,u i n u,,zariquiey2017,1620,,,,0,- u i n u,that _LOC/ni,
Kaxarari-168_whereinterr-1,,Kaxarari,168_whereinterr,haɨnkɨ̃,haɨnkɨ̃,h a ɨ n k ɨ̃,,couto2005,1435,,,,0,h a ɨ n k ɨ̃,?,
Mastanawa-168_whereinterr-1,,Mastanawa,168_whereinterr,ɸajmɨ,ɸajmɨ,ɸ a j m ɨ,,zariquiey2017,1601,,,,0,ɸ a j m ɨ,?,
Chaninawa-168_whereinterr-1,,Chaninawa,168_whereinterr,ɾadi,ɾadi,ɾ a d i,,zariquiey2017,1428,,,,0,ɾ a d - - i,ra _LOC/ni,
Sharanawa-168_whereinterr-1,,Sharanawa,168_whereinterr,ɾadi,ɾadi,ɾ a d i,,zariquiey2017,1428,,,,0,ɾ a d - - i,where_raki,
Amawaka-168_whereinterr-1,,Amawaka,168_whereinterr,ɾaki,ɾaki,ɾ a k i,,zariquiey2017,1428,,,,0,ɾ a k - - i,ra _LOC/ni,
Nawa-168_whereinterr-1,,Nawa,168_whereinterr,ɾaki,ɾaki,ɾ a k i,,zariquiey2017,1428,,,,0,ɾ a k - - i,ra _LOC/ki,
Marinawa-168_whereinterr-1,,Marinawa,168_whereinterr,ɾandimɨ,ɾandimɨ,ɾ a ⁿd i m ɨ,,zariquiey2017,1428,,,,0,ɾ a ⁿd i m ɨ,where_raki,
Marinawa-168_whereinterr-2,,Marinawa,168_whereinterr,ɾadimɨ,ɾadimɨ,ɾ a d i m ɨ,,zariquiey2017,1428,,,,0,ɾ a d i m ɨ,where_raki,
Yaminawa-168_whereinterr-1,,Yaminawa,168_whereinterr,waʔi,waʔi,w a ʔ i,,zariquiey2017,1432,,,,0,- - w a ʔ i -,?,
Kashinawa_P-168_whereinterr-1,,Kashinawa_P,168_whereinterr,hani,hani,h a n i,,zariquiey2017,1634,,,,0,h a - - n i -,that _LOC/ni,
Kashinawa_B-168_whereinterr-1,,Kashinawa_B,168_whereinterr,hani,hani,h a n i,,camargo1995,1634,,,,0,h a - - n i -,that _LOC/ni,
Matis-167_wheninterr-1,,Matis,167_wheninterr,miste kuɨnɨʂta,miste kuɨnɨʂta,m i s t e + kʷ ɨ n ɨ ʂ t a,,fleck2005,1424,,,,0,m i s t e + k u ɨ n ɨ ʂ t a,?,
Marubo-167_wheninterr-1,,Marubo,167_wheninterr,awɨtian,awɨtian,a w ɨ + t i a n,,fleck2005,1420,,,,0,- a w ɨ + t i a n -,what when,
Shipibo_Konibo-167_wheninterr-1,,Shipibo_Konibo,167_wheninterr,hawɨtian,hawɨtian,h a w ɨ + t i a n,,fleck2005,1420,,,,0,h a w ɨ + t i a n -,what _TEMP,
Kapanawa-167_wheninterr-1,,Kapanawa,167_wheninterr,hawɨtian,hawɨtian,h a w ɨ + t i a n,,loos1998,1420,,,,0,h a w ɨ + t i a n -,what tian,
Arara-167_wheninterr-1,,Arara,167_wheninterr,aũtia,aũtia,a ũ t i a,,cunha1993,1420,,,,0,- a - ũ - t i a - -,?,
Shanenawa-167_wheninterr-1,,Shanenawa,167_wheninterr,hatian,hatian,h a t i a n,,lanes2005,1420,,,,0,h a - - - t i a n -,that _TEMP,
Yawanawa-167_wheninterr-1,,Yawanawa,167_wheninterr,awɨtian,awɨtian,a w ɨ + t i a n,,paula1992,1420,,,,0,- a w ɨ + t i a n -,what _TEMP,
Nukini-167_wheninterr-1,,Nukini,167_wheninterr,pãnui,pãnui,p ã n u i,,aguiar2004,1425,,,,0,p ã n u i,?,
Chakobo-167_wheninterr-1,,Chakobo,167_wheninterr,hɨninu,hɨninu,h ɨ n i n u,,zingg1998,1427,,,,0,h ɨ n i n u,?,
Kakataibo-167_wheninterr-1,,Kakataibo,167_wheninterr,uisaran,uisaran,u i s a r a n,,zariquiey2017,1423,,,,0,u i s a r a n,?,
Kaxarari-167_wheninterr-1,,Kaxarari,167_wheninterr,hawɨini,hawɨini,h a w ɨ i n i,,couto2005,1420,,,,0,h a w ɨ - - i - n i,?,
Mastanawa-167_wheninterr-1,,Mastanawa,167_wheninterr,awɨtja,awɨtia,a w ɨ t i a,,zariquiey2017,1420,,,,0,- a w ɨ - t i a - -,what _TEMP,
Chaninawa-167_wheninterr-1,,Chaninawa,167_wheninterr,awɨtian,awɨtian,a w ɨ t i a n,,zariquiey2017,1420,,,,0,- a w ɨ - t i a n -,what _TEMP,
Sharanawa-167_wheninterr-1,,Sharanawa,167_wheninterr,awɨtian,awɨtian,a w ɨ t i a n,,zariquiey2017,1420,,,,0,- a w ɨ - t i a n -,what _TEMP,
Amawaka-167_wheninterr-1,,Amawaka,167_wheninterr,kɨt͡satian,kɨt͡satian,k ɨ ts a t i a n,,zariquiey2017,1340,,,,0,k ɨ ts a t i a n,? _TEMP,
Nawa-167_wheninterr-1,,Nawa,167_wheninterr,awɨtjan,awɨtjan,a w ɨ t j a n,,zariquiey2017,1420,,,,0,- a w ɨ - t j a n -,what _TEMP,
Marinawa-167_wheninterr-1,,Marinawa,167_wheninterr,awɨtjamɨ,awɨtiamɨ,a w ɨ t i a m ɨ,,zariquiey2017,1420,,,,0,- a w ɨ - t i a m ɨ,what _TEMP _INT,
Yaminawa-167_wheninterr-1,,Yaminawa,167_wheninterr,awɨtjan,awɨtian,a w ɨ + t i a n,,zariquiey2017,1420,,,,0,- a w ɨ + t i a n -,what _TEMP,
Kashinawa_P-167_wheninterr-1,,Kashinawa_P,167_wheninterr,hatja,hatia,h a t i a,,zariquiey2017,1420,,,,0,h a - - - t i a - -,that _TEMP,
Kashinawa_B-167_wheninterr-1,,Kashinawa_B,167_wheninterr,hatiamɨ,hatiamɨ,h a t i a m ɨ,,camargo1995,1420,,,,0,h a - - - t i a m ɨ,what _TEMP _INT,
Matses-70_howinterr-1,,Matses,70_howinterr,midapad,midapad,m i d a + p a d,,fleck2005,606,,,,0,m i d a + p a d,where _pad,
Matis-70_howinterr-1,,Matis,70_howinterr,mitsipadentsi,mitsipadentsi,m i ts i + p a d e n ts i,,fleck2005,1638,,,,0,m i ts i + p a d e n ts i,?,
Marubo-70_howinterr-1,,Marubo,70_howinterr,awɨ,awɨ,a w ɨ,,fleck2005,610,,,,0,- a w ɨ - - - - - - - - -,what,
Shipibo_Konibo-70_howinterr-1,,Shipibo_Konibo,70_howinterr,hawɨkɨska,hawɨkɨska,h a w ɨ + k ɨ s k a,,fleck2005,610,,,,0,h a w ɨ + k ɨ s k a - - -,what kiska,
Kapanawa-70_howinterr-1,,Kapanawa,70_howinterr,hɨnkɨtsa,hɨnkɨtsa,h ɨ n k ɨ + ts a,,loos1998,611,,,,0,h ɨ n k ɨ + ts a,how _tsa,
Shanenawa-70_howinterr-1,,Shanenawa,70_howinterr,haska,haska,h a s k a,,lanes2005,610,,,,0,h a - - - - - s k a - - -,that _COMP,
Yawanawa-70_howinterr-1,,Yawanawa,70_howinterr,auɨsa,awɨsa,a w ɨ s a,,paula1992,610,,,,0,- a w ɨ - - - s - a - - -,what _COMP,
Poyanawa-70_howinterr-1,,Poyanawa,70_howinterr,auarra,auarra,a w a r a,,paula1992,613,,,,0,- - - a w a r a,?,
Iskonawa-70_howinterr-1,,Iskonawa,70_howinterr,ahujakɨsa,ahujakɨsa,a h u j a k ɨ s a,,zariquiey2017,607,,,,0,a h u j a k ɨ s a,what _COMP,
Chakobo-70_howinterr-1,,Chakobo,70_howinterr,hɨnawa,hɨnawa,h ɨ n a w a,,zingg1998,613,,,,0,h ɨ n a w a - -,like.this,
Kakataibo-70_howinterr-1,,Kakataibo,70_howinterr,uisao,uisao,u i s a o,,zariquiey2017,1636,,,,0,- - u i - - - s - a o - -,INT _COMP,
Mastanawa-70_howinterr-1,,Mastanawa,70_howinterr,awɨskaj,awɨska,a w ɨ s k a,,zariquiey2017,610,,,,0,- a w ɨ - - - s k a - - -,what _COMP,
Chaninawa-70_howinterr-1,,Chaninawa,70_howinterr,awɨska,awɨska,a w ɨ s k a,,zariquiey2017,610,,,,0,- a w ɨ - - - s k a - - -,what _COMP,
Sharanawa-70_howinterr-1,,Sharanawa,70_howinterr,awɨska,awɨska,a w ɨ s k a,,zariquiey2017,610,,,,0,- a w ɨ - - - s k a - - -,what _COMP,
Amawaka-70_howinterr-1,,Amawaka,70_howinterr,kɨsa,kɨsa,k ɨ s a,,zariquiey2017,544,,,,0,k ɨ s - a,_COMP,
Nawa-70_howinterr-1,,Nawa,70_howinterr,awɨska,awɨska,a w ɨ s k a,,zariquiey2017,610,,,,0,- a w ɨ - - - s k a - - -,what _COMP,
Marinawa-70_howinterr-1,,Marinawa,70_howinterr,awɨskamɨ,awɨskamɨ,a w ɨ s k a m ɨ,,zariquiey2017,610,,,,0,- a w ɨ - - - s k a m - ɨ,what _COMP _INT,
Marinawa-70_howinterr-2,,Marinawa,70_howinterr,awɨskaki,awɨskaki,a w ɨ s k a k i,,zariquiey2017,610,,,,0,- a w ɨ - - - s k a - k i,what _COMP _INT,
Yaminawa-70_howinterr-1,,Yaminawa,70_howinterr,awɨkaʂu,awɨkaʂu,a w ɨ k a ʂ u,,zariquiey2017,610,,,,0,- a w ɨ - k a ʂ - u - - -,what _COMP,
Kashinawa_P-70_howinterr-1,,Kashinawa_P,70_howinterr,haska,haska,h a s k a,,zariquiey2017,610,,,,0,h a - - - - - s k a - - -,?,
Kakataibo-152_throw-2,,Kakataibo,152_throw,puta,puta,p u t a,,zariquiey2017,1314,,,,0,p u t a,throw_away,
Kakataibo-160_walk-2,,Kakataibo,160_walk,ka,ka,k a,,zariquiey2017,1368,,,,0,k a,go,
Kakataibo-73_kill-2,,Kakataibo,73_kill,ati,ati,a + t i,,zariquiey2017,639,,,,0,a + t i,do,
Matses-176_woman-2,,Matses,176_woman,ʂanu,ʂanu,ʂ a n u,,fleck2005,1496,,,,0,ʂ a n u,woman/wife/ʂanu,
Kakataibo-163_water-2,,Kakataibo,163_water,baka,baka,β a k a,,zariquiey2017,1391,,,,0,β a k a,river/βaka,
Mastanawa-24_daydaytime-2,,Mastanawa,24_daydaytime,pɨda ʂaɸa,pɨda ʂaɸa,p ɨ d a + ʂ a ɸ a,,zariquiey2017,210,,,,0,p ɨ d a + ʂ a ɸ a,? clear,
